wafer,split,seed,temperature_c,pressure_torr,flow_sccm,deposition_s,state,fault,cycle_s,truth_thickness_nm,measured_thickness_nm,temperature_mean,temperature_std,pressure_mean,pressure_std,flow_mean,flow_std,heater_mean,deposition_time,thermal_dose,flow_dose,predicted_nm,lower_nm,upper_nm,nominal_kinetics_nm
1,train,61000,446.23122848632926,3.2175484945538133,105.13429310501695,124.18309673081316,COMPLETE,NONE,424.5,105.37481840570535,105.40922027807225,446.3857109496955,0.29142171873822176,3.2175497376663094,0.0028597290966324296,105.13637562230734,0.13886474092885742,0.4428137149295775,124.25,122.36574515927629,13063.194671071687,105.99337248297334,104.38764981375395,107.59909515219273,105.02008460896926
2,train,61001,448.01258379481783,3.3978148543881304,114.94278568569675,128.95465602768948,COMPLETE,NONE,430.0,113.83007338701421,114.06944862666721,448.1540974837037,0.28165470805593734,3.3978135932309574,0.0030731584366524753,114.93432252045274,0.14171390598743205,0.44477071583333333,129.0,127.99960547410903,14826.527605138403,114.76032464139261,113.15460197217323,116.366047310612,114.39792590533824
3,train,61002,440.76893123927704,3.1483624739899545,105.0437756076137,122.09301384434981,COMPLETE,NONE,419.5,99.15610583718448,99.39034919127458,440.93494792096214,0.3070531009295488,3.1483412139519222,0.0031859694751374466,105.0406415972476,0.15376086905649425,0.43700910214723926,122.25,117.61872142462263,12841.21843526352,100.22305938217164,98.61733671295225,101.82878205139103,100.39305596592425
4,train,61003,452.19382139347056,3.1245080471351603,92.16711600537181,119.30042745414829,COMPLETE,NONE,421.5,97.05217726016092,96.96277022384028,452.3523401839019,0.2884372706454955,3.1245049986054956,0.0031069929539542995,92.18100700830448,0.15496959484135034,0.44908968173640174,119.5,120.68461754511902,11015.630337492385,98.22665445055065,96.62093178133127,99.83237711977004,98.39414547576656
5,train,61004,437.33407495291465,3.2712710494325608,85.59508570423843,110.4480780971482,COMPLETE,NONE,410.25,84.26014868555153,84.27871431022173,437.49020688866204,0.2806283866147684,3.2712858631000246,0.003196109421885246,85.60410354351583,0.1534070493163792,0.4334446147737557,110.5,104.73794293969208,9459.2534415585,83.76127867759962,82.15555600838023,85.36700134681901,84.06084247908146
6,train,61005,463.0947500376455,3.3761371641909053,110.7608310499368,123.80826456513971,COMPLETE,NONE,429.75,115.49881925869502,115.53661133381388,463.2452798932672,0.29128779131691623,3.3761550039409434,0.003098322995538842,110.77213901902894,0.15346156925574994,0.4605857434274193,124.0,130.97436117646157,13735.745238359588,115.07308537448601,113.46736270526662,116.6788080437054,115.5696532199297
7,train,61006,439.7216098526222,3.326028176202093,100.14476119047906,124.00702816030392,COMPLETE,NONE,422.0,101.98533948731176,101.81347958357723,439.8780136198543,0.29374624461725074,3.326030262373951,0.003010436222099879,100.1502370113832,0.14747148662528034,0.4359292404627767,124.25,118.99826442345807,12443.666948664362,101.3800633972125,99.7743407279931,102.98578606643188,101.30043677400322
8,train,61007,435.6974908197942,2.6940115699279077,105.85051885120039,128.97575152300502,COMPLETE,NONE,428.25,100.9940550590287,100.44778466600205,435.8274193376859,0.2695304696720351,2.6940151980822313,0.003036767652436544,105.8425124043078,0.15288000011308897,0.4318166048255814,129.0,121.3886808409449,13653.684100155706,100.29605719170516,98.69033452248577,101.90177986092455,99.80719324569942
9,train,61008,442.3175328998368,2.7545751756055172,93.19595808309587,121.29800273136372,COMPLETE,NONE,421.75,93.19571700303824,93.03978494769876,442.4655008486845,0.28147470956412707,2.7545713489037915,0.0029009942338970272,93.1976066670099,0.15214058601819666,0.438732427654321,121.5,117.66994547044995,11323.509210041702,92.67380436072526,91.06808169150587,94.27952702994465,93.26878187077342
10,train,61009,440.57047683986366,2.6669090617703075,100.96980894070639,122.52558434032098,COMPLETE,NONE,423.75,96.42364696931836,96.17176356552774,440.7055765535602,0.26567514204425424,2.6668913253456776,0.002921149365066997,100.97092737031656,0.14683811315814485,0.4369335744806517,122.75,117.98291861451435,12394.181334706358,95.4542578863137,93.84853521709431,97.05998055553309,95.26591110683648
11,train,61010,450.230343221207,3.3165552049613956,92.90295443528217,119.56703660950073,COMPLETE,NONE,423.0,100.30597614306822,99.91957199891078,450.3736917044078,0.2775973384743317,3.3165454016680096,0.003099439168099889,92.91092720591507,0.15007804858320928,0.4471054868475991,119.75,119.93833721825342,11126.08353290833,99.23601941396291,97.63029674474352,100.8417420831823,99.45282011258843
12,train,61011,453.9520318286888,3.274005859801925,114.27006261650901,122.20095193531957,COMPLETE,NONE,425.0,110.81711196946243,110.90546882262862,454.1102296835573,0.29066416756844915,3.2739760851667454,0.002996963353071079,114.28445914267677,0.1498711456452721,0.450928210408998,122.25,124.37014049643787,13971.275130192234,109.95781077376361,108.35208810454422,111.563533442983,110.01662629101709
13,train,61012,457.9894278374917,3.117779489174701,88.3447969113989,126.2721349245474,COMPLETE,NONE,430.75,105.35515130227132,105.41744987500898,458.13777947541894,0.2856452631138607,3.117746028014312,0.0030247803327336817,88.34379899712602,0.1418509521791017,0.45520436976284584,126.5,130.85589606432904,11175.490573136442,105.47058482863382,103.86486215941443,107.07630749785321,105.02651018133359
14,train,61013,438.8933055755841,3.0868844695131714,95.99771440747081,127.81747421135805,COMPLETE,NONE,426.5,101.47288231212791,101.3300921402037,439.041170660049,0.2836492406300014,3.0868982841954615,0.0031043689206512104,95.98949761456916,0.1430093271414985,0.4351618415625,128.0,122.14611926856908,12286.655694664852,100.74729986969787,99.14157720047848,102.35302253891726,100.69742301071604
15,train,61014,464.6569508670872,2.817873489238914,112.82260315383661,128.31201149254792,COMPLETE,NONE,434.5,116.74048963580849,116.43095359492132,464.805157905318,0.2882015425982219,2.81786844343949,0.00299560132362881,112.82072363888543,0.14468121012429802,0.4622503213035019,128.5,136.5872909273347,14497.462987596777,116.18728785805176,114.58156518883237,117.79301052727115,115.95709693197533
16,train,61015,441.8756916956728,2.9767410809257155,108.7505614313174,129.30994646099353,COMPLETE,NONE,429.5,107.0765499541619,106.41946902121808,442.0140392103855,0.2771359545680783,2.9767565190786303,0.0032136444596442926,108.75225159927288,0.14273581794697604,0.438317754980695,129.5,125.17459788223073,14083.416582105838,106.92492347341283,105.31920080419344,108.53064614263222,106.55086220429747
17,train,61016,443.59694583454524,3.3805756757026013,106.45589229469874,117.63114372497844,COMPLETE,NONE,417.5,99.10145088699133,98.97699688736388,443.7559599911737,0.2948059467067247,3.3805736332241745,0.0031148930524610035,106.44823446888266,0.15613637582352508,0.44001094662420387,117.75,114.67097546579421,12534.279608710933,99.77597704134857,98.17025437212918,101.38169971056796,99.95138266626037
18,train,61017,435.933569039006,2.7991088441285044,85.40359297369922,112.18513696546928,COMPLETE,NONE,411.25,80.72286638623166,80.52203519262315,436.09050235082276,0.2810468331691036,2.7991103459977436,0.0030992837234487193,85.39617654796875,0.15643207274180165,0.43196869694877504,112.25,105.7486251317747,9585.720817509493,81.59091488608631,79.98519221686692,83.1966375553057,81.57422477165666
19,train,61018,447.3043165947979,3.2256051113218103,110.47144068384813,124.83812527673784,COMPLETE,NONE,427.25,107.56943652889754,107.83179693998892,447.4452695762549,0.27802851114425214,3.225614681043579,0.003056323975836581,110.47390957852922,0.1542193256429649,0.44397591218000004,125.0,123.65906286224526,13809.238697316152,108.18701359456828,106.5812909253489,109.79273626378767,107.87279302669604
20,train,61019,437.4262910391996,3.169948362340637,108.17211647092735,121.7759871177586,COMPLETE,NONE,420.5,99.89429802336369,100.1860773965206,437.5789040128498,0.2920472544378303,3.1699265747933763,0.003079687133611124,108.16684578423194,0.1497160511775232,0.433579838647541,122.0,115.68295958320928,13196.355185676297,99.94135563882428,98.33563296960489,101.54707830804367,99.8336582679545
21,train,61020,443.27521235497824,3.348654252006922,109.08181167112173,115.63493096441637,COMPLETE,NONE,417.0,97.74237919152517,97.94600429581077,443.4227893118584,0.2776425394991501,3.348654698492653,0.003187444102915433,109.09097535782588,0.14473750888634732,0.43974422390928725,115.75,112.56254936804044,12627.280397668346,97.69829221332468,96.09256954410529,99.30401488254407,98.66445735625794
22,train,61021,460.4026594576077,2.8307774217838673,85.58448385706744,118.094599913265,COMPLETE,NONE,421.75,95.46192391419862,95.83646185989164,460.5687167215329,0.30136667510449705,2.8308071945737723,0.0029859806560529442,85.58114969648173,0.14701947842627114,0.45771429951374204,118.25,123.54713591543276,10119.970951608964,95.65309564861498,94.04737297939559,97.25881831783437,95.6620251402882
23,train,61022,444.6922009774905,2.8210905517630147,96.79513695923947,124.43053189124004,COMPLETE,NONE,425.5,98.19733325630305,97.98917429219127,444.8302513496622,0.26631605435729666,2.82110539516932,0.003099141278239661,96.79898335817039,0.1606364701340238,0.44128164720883534,124.5,121.80245834320655,12051.473428092213,98.78635903480317,97.18063636558378,100.39208170402256,98.43333163547138
24,train,61023,456.01999831901463,2.601508912043683,109.08559809671286,115.67003498852657,COMPLETE,NONE,420.0,97.16237707189298,97.5809292273752,456.173613329933,0.28225554125472235,2.601484969951756,0.003196321036935372,109.07816737144161,0.1553798569744762,0.4531177066522678,115.75,118.76955099833191,12625.797873244366,97.37347779820907,95.76775512898968,98.97920046742846,97.65178150037637
25,train,61024,463.124246340274,3.1622725441031667,87.19063492893439,124.96436530329184,COMPLETE,NONE,431.5,105.9504475275461,105.66784361716593,463.26834886722753,0.2809801540288829,3.162281864553538,0.0028678623387831605,87.19549905723414,0.15958542745304077,0.46060593156000007,125.0,132.0429608247993,10899.437382154269,105.8737613581656,104.2680386889462,107.47948402738498,105.83922146791262
26,train,61025,457.552717048497,3.0134890032733828,87.16271617475333,121.56783436756372,COMPLETE,NONE,425.5,99.39675533188023,99.0623689928497,457.70898618052877,0.2913334052545502,3.0134647801457626,0.0030100468455113755,87.1570185813875,0.14331534683722916,0.45467380447638606,121.75,125.72024178885403,10611.367012283928,99.84576923161198,98.24004656239259,101.45149190083137,99.57361834935993
27,train,61026,463.56761502114273,3.257500224277281,107.86456431831205,113.51776399277762,COMPLETE,NONE,420.0,104.15413610342695,104.21550205641945,463.73513754692476,0.2907633235107241,3.257484297200063,0.0029495315781819837,107.86067050532924,0.1466720220071116,0.4610038884835165,113.75,120.38670340475153,12269.151269981201,104.04411054518486,102.43838787596547,105.64983321440425,104.47323885709004
28,train,61027,463.55437683509865,3.2423713370778673,89.76899928753615,119.72458228467795,COMPLETE,NONE,425.0,103.55617510491324,103.61020429215333,463.7193169575232,0.30001162080766036,3.2423431535331884,0.0031820902143204206,89.77346001381771,0.14819526237148273,0.46100839210855954,119.75,126.72864964204771,10750.371836654671,103.30110078555097,101.69537811633158,104.90682345477036,103.26646843473658
29,train,61028,453.2086530784808,3.194665027747089,114.00296855696098,115.13219627845965,COMPLETE,NONE,417.75,104.34301643935537,104.37351157062247,453.372574314775,0.2992235714743471,3.1946238134884473,0.0031038395173863405,114.02160694580353,0.1447039500813426,0.4501027822559653,115.25,116.88917774631975,13140.990200503857,102.2264871447381,100.62076447551871,103.83220981395749,102.72950445831661
30,train,61029,448.8535860111591,3.105583500747779,95.01136408488338,113.35001554916992,COMPLETE,NONE,415.0,94.9134501178955,94.77890728320239,449.01908184395,0.3024929203056184,3.1055968283941886,0.00297858164460383,95.01965714778225,0.16628379918596833,0.4454852525770925,113.5,113.03198721568896,10784.731086273287,93.98857469091472,92.38285202169533,95.5942973601341,92.99611617737656
31,train,61030,440.4992406012183,2.786942349518363,104.71231337332229,129.51440708734833,COMPLETE,NONE,429.0,103.21901456057759,103.30552870032676,440.6397312967048,0.28050953516310045,2.7869567772788852,0.0029720873935864542,104.71848761701722,0.16360282893036293,0.4368507545472062,129.75,124.67562260494941,13587.223768307984,103.483848059217,101.8781253899976,105.08957072843639,103.08860638022641
32,train,61031,445.9568313839603,2.867568581610689,100.83761829987618,116.46499850300961,COMPLETE,NONE,416.5,94.0301707189166,94.03082806077902,446.1202064655539,0.2949407865034065,2.8675402099150715,0.0029993260068445727,100.82836378419049,0.13960450659471524,0.44250171285407724,116.5,114.6038570090171,11746.504380858192,94.61939859600932,93.01367592678993,96.22512126522871,94.29348797566735
33,train,61032,446.52093540753833,2.7999514631369413,99.35572075151904,121.5534541834093,COMPLETE,NONE,422.25,97.89028621608504,97.44711877047045,446.6760871158799,0.28632451430533273,2.7999767487382083,0.0031698006513338865,99.35501084255134,0.15430177383003804,0.4431159101232033,121.75,120.0516368890259,12096.472570080625,97.49369775552378,95.8879750863044,99.09942042474317,97.68314576161625
34,train,61033,461.7084906251616,2.740383011433118,113.70831399312796,122.12374731222178,COMPLETE,NONE,429.5,108.06989874578858,108.1217948409929,461.84828766004466,0.26391745932191213,2.7404007382416653,0.0029003678484536086,113.70717588876838,0.15572404570841214,0.4592020728425358,122.25,128.394787956328,13900.702252401934,108.48747477705024,106.88175210783085,110.09319744626963,108.46049468254074
35,train,61034,445.9828357656785,2.6325681611893725,100.21125711115849,113.08284285053342,COMPLETE,NONE,415.5,88.91150922632748,88.86957253585024,446.1352600091106,0.27452621039296293,2.6325853526192358,0.0030782536637402095,100.22142138372342,0.15339148441333797,0.4425538674834438,113.25,111.41388135713261,11350.075971706678,89.30352473232324,87.69780206310385,90.90924740154263,89.42165762885273
36,train,61035,447.51785635767453,2.6918591550875828,111.92267991998507,129.9524296329072,COMPLETE,NONE,429.75,106.22130819648406,106.16869781296424,447.67222764742024,0.30106613870279336,2.6918834632431423,0.0030196057552640556,111.92354040684427,0.1505045883425835,0.4441557320192308,130.0,128.7291155493057,14550.060252889754,107.06190625811519,105.4561835888958,108.66762892733458,107.69724472639611
37,train,61036,462.1138960877919,3.1984215398786824,93.33901106581952,113.54945874539477,COMPLETE,NONE,418.5,99.64192884661163,99.48465124840435,462.27891599710244,0.29227708972432864,3.198437203628846,0.00299674537687516,93.33683899687466,0.1576277891922622,0.4595070106813187,113.75,119.6771179414124,10617.065435894492,98.67917860588132,97.07345593666193,100.28490127510071,98.55181855478942
38,train,61037,450.4587782172892,3.1628666297807917,85.08213057893896,120.87423871410057,COMPLETE,NONE,424.5,96.96286721039715,96.9563075637397,450.60299420345484,0.2710703256879083,3.1628997125658596,0.00318929331096555,85.07899891981477,0.14809339191284585,0.44730256142561986,121.0,121.30710786813862,10294.558869297587,96.06854460712704,94.46282193790765,97.67426727634643,96.36478298461738
39,train,61038,444.7166712975258,2.835448929056376,112.93006799008717,122.92037708546002,COMPLETE,NONE,424.75,102.39759219853518,102.65705543371665,444.85778816965325,0.2745391222200557,2.8354586994814426,0.0030945781410296946,112.9386873556395,0.14276098533045645,0.4412621105284553,123.0,120.34910257337066,13891.458544743658,102.81615660562889,101.2104339364095,104.42187927484828,102.3706549773979
40,train,61039,435.3922192157004,3.0277968982413292,110.92202434685184,128.397193820645,COMPLETE,NONE,424.0,103.38917263210394,103.72078214646208,435.55697168974945,0.3183548118661998,3.0277697945349664,0.003030247728476538,110.9245967912725,0.15801102247777887,0.43140894536964974,128.5,120.77509342060634,14253.810687678517,103.51037086352109,101.9046481943017,105.11609353274048,103.88410693903296
41,train,61040,438.65639174033646,3.188164623326271,90.34699502356032,122.51095068115409,COMPLETE,NONE,419.5,96.31311918873408,96.1625807182553,438.81530401722057,0.3017612819578499,3.188182444099791,0.0032382699593461496,90.33970763617391,0.14730458612585368,0.43484438902240324,122.75,117.02148852729215,11089.199112340348,94.69627615714049,93.0905534879211,96.30199882635988,95.18957622814754
42,train,61041,464.62063504590617,2.8591900245581554,87.81485936841824,113.46104134149483,COMPLETE,NONE,421.25,94.65571300032403,94.74627171308185,464.77443103587484,0.275398976529472,2.859163467919714,0.0033480198247037404,87.82128895313028,0.14905164222807557,0.46220557559471365,113.5,120.62827156691412,9967.716296180286,94.33379157187161,92.72806890265223,95.939514241091,94.5336668347007
43,train,61042,440.09223874099894,2.76299485342376,90.35239327994168,115.48339983948706,COMPLETE,NONE,414.75,87.60545018655894,87.17548213667648,440.2538836654253,0.2979251616238716,2.762994906155033,0.0030169543583606472,90.35457632707796,0.16143501288522494,0.43630286158008663,115.5,110.79807471720265,10435.953565777505,86.89718305211377,85.29146038289439,88.50290572133316,86.93813752360046
44,train,61043,452.266325727693,2.7315822197027275,89.3676235215938,116.69431014293676,COMPLETE,NONE,419.25,90.74331771121507,90.8403270507272,452.42733631152333,0.28288625528510786,2.7315966103074407,0.0029974671837510367,89.3740534266575,0.15701132753042926,0.4491537952248394,116.75,117.94431670499104,10434.420737562263,91.46567981995001,89.85995715073062,93.0714024891694,91.90444278462306
45,train,61044,435.1764445295609,3.3926668246377942,98.65672256455115,116.12600685506807,COMPLETE,NONE,412.25,92.12516254010917,92.53370996046127,435.349233312534,0.3073877735000549,3.392647565867397,0.003203016688847867,98.65559578763862,0.15081171572174723,0.43109266417204306,116.25,109.162108200177,11468.71301031299,92.45583260795637,90.85010993873698,94.06155527717576,92.88227644917767
46,train,61045,446.3976403147885,2.686728231275011,104.86530779680447,111.38593923546831,COMPLETE,NONE,413.0,88.74054115847339,88.7994294977442,446.5534630836137,0.2814123964169145,2.6867385949481215,0.002946199837341007,104.86782920050705,0.15349521940050512,0.4430062942600897,111.5,109.88738215349264,11692.762955856535,89.72147950272122,88.11575683350183,91.32720217194061,90.01607060874001
47,train,61046,448.29982668645823,3.361696125072003,103.5474285346254,111.21425025400117,COMPLETE,NONE,411.5,93.71192785853577,93.63018457111113,448.4790950049186,0.3102983656123423,3.361696418039383,0.003097515034082158,103.54276059210996,0.15088661862882477,0.4448806427865169,111.25,110.53899795904215,11519.132115872233,95.18950727785959,93.5837846086402,96.79522994707898,95.37115961145567
48,train,61047,460.22719269280486,3.226699468507915,86.48528589036866,116.64631899806314,COMPLETE,NONE,422.0,97.86115610662483,97.98544602240202,460.3870517740137,0.29394661641752917,3.226727043905608,0.003017021142304446,86.49345268236961,0.1452343119112833,0.4575027622698073,116.75,121.88939433367858,10098.110600666652,98.4217936820959,96.8160710128765,100.02751635131528,97.88213817065692
49,train,61048,461.24547496179076,3.087710849613434,92.21356248593554,127.91483241748772,COMPLETE,NONE,434.75,109.2100277869874,109.35227638003762,461.3788058829149,0.2633660377157761,3.0877230052670948,0.003046670676763867,92.22938108784957,0.14785173070277613,0.45867828783203124,128.0,134.17686206472956,11805.360779244746,109.3305979552906,107.72487528607121,110.93632062450999,109.09945157334398
50,train,61049,441.34257218220847,2.807141293321438,109.46052949122783,118.11169244044778,COMPLETE,NONE,418.25,96.34083709710191,96.65664842191616,441.49130221035983,0.27154324399457797,2.8071764796313574,0.0031136390162849917,109.46610837820519,0.1494959873156864,0.4377161063636364,118.25,114.0434515397538,12944.367315722764,96.08201735440765,94.47629468518826,97.68774002362704,95.82005845978881
51,train,61050,463.3470316394573,3.220052573486969,87.22164164540932,117.51556471590253,COMPLETE,NONE,423.5,100.10245934945858,99.9611620261989,463.5071434282469,0.29752811126539563,3.2200565373088486,0.003181690927062746,87.21531269016828,0.15055026488092219,0.46080075522292996,117.75,124.50498518706772,10269.603069267314,100.28856688999234,98.68284422077295,101.89428955921173,100.23749832602726
52,train,61051,443.69863777883523,2.7401499415069948,89.6419035485379,122.12574487260268,COMPLETE,NONE,423.5,93.07158437534714,93.28257055837594,443.84334825825994,0.2721940556230733,2.7401095462130187,0.00313091270194967,89.64889562212748,0.14494011846696783,0.4401619409815951,122.25,119.09783787215562,10959.577489805084,92.82358547194315,91.21786280272376,94.42930814116254,92.98288279527252
53,train,61052,452.0385028960297,3.079951200702224,108.14120846100008,110.7506379520861,COMPLETE,NONE,413.0,96.4985674591921,96.43538906010087,452.21222054415443,0.308726009401135,3.0799441086107584,0.003092612461339629,108.14389958087308,0.15400600261385114,0.448838621509009,111.0,112.03471419513959,12003.972853476913,96.01184914298474,94.40612647376535,97.61757181220413,96.0061165050362
54,train,61053,443.4072242171576,3.0511462039720043,108.09162599728522,123.83368743619002,COMPLETE,NONE,425.75,103.5479509966871,103.57552122128105,443.53872525910697,0.26157899051046735,3.051150379655385,0.003133919660535239,108.09763227269644,0.14711481624304418,0.4399482979637097,124.0,120.64526621722928,13404.106401814359,103.63338372462553,102.02766105540614,105.23910639384492,103.13223701888572
55,train,61054,459.46173914405796,3.2958655776918624,98.33309894685449,114.90445163974645,COMPLETE,NONE,420.75,99.40736315392891,99.59039225011368,459.61377674949915,0.27844512523183595,3.2958623953426964,0.0031830372157775214,98.33183982488556,0.149200407929397,0.4567606993913043,115.0,119.68296170255036,11308.16157986184,100.14747876016114,98.54175609094175,101.75320142938052,101.04594900127834
56,train,61055,451.14752803090977,2.7654701244549456,106.81912210984308,128.41491639028874,COMPLETE,NONE,429.25,108.26579042127842,108.15844728807822,451.3009563033576,0.29756814449579716,2.765510907526154,0.0030742878747364176,106.8147839328881,0.13883668445705796,0.4480061641439689,128.5,129.20397811848719,13725.699735376122,107.70490814156142,106.09918547234203,109.31063081078081,107.2950784608771
57,train,61056,444.96271524235755,3.3889747274917816,87.30416353633791,116.04718556434241,COMPLETE,NONE,417.75,92.84419285942748,92.62780929288418,445.1092988769869,0.2718969980662688,3.3889780945844827,0.0030241095703058708,87.3064788626158,0.15262544172114242,0.44153430043010755,116.25,113.86668279830113,10149.378167779087,92.74759451993879,91.1418718507194,94.35331718915818,92.80375488214636
58,train,61057,436.72320563415616,2.9429633777029487,108.91602305317296,110.20941721964918,COMPLETE,NONE,410.0,89.2088815489401,89.44045437649787,436.8755768013497,0.2793990379749433,2.9429272327191125,0.002872770918100572,108.91940038721006,0.1592548488221077,0.4328077293877551,110.25,104.22130568097873,12008.36389268991,89.1040474092074,87.498324739988,90.70977007842679,88.50212191737054
59,train,61058,450.698113955618,3.091936702867864,99.51242472953928,113.74938182850028,COMPLETE,NONE,416.75,94.79422437229307,94.69681477536263,450.8537893781506,0.2809138164385387,3.0919489823294786,0.002786831126078765,99.50527122911261,0.1507179694330522,0.4475083144615385,113.75,114.15884968931768,11318.724602311559,95.31871415347847,93.71299148425908,96.92443682269786,95.30361265709494
60,train,61059,437.7352344572525,3.0157428681668326,109.44995579791438,120.93020947895174,COMPLETE,NONE,418.75,98.35399463463237,98.12559540074473,437.8917742564566,0.296012648846884,3.015793699804216,0.003149013742523257,109.46004335060138,0.151874488291729,0.43385400847107436,121.0,114.89111846505804,13244.665245422768,98.39923863586273,96.79351596664334,100.00496130508212,98.31697751581767
61,train,61060,442.5844413063934,3.043958331622943,93.7315849924634,119.2066988530431,COMPLETE,NONE,418.5,95.26659139091413,95.1039753634634,442.7315366946731,0.2781008486961375,3.0439559378423264,0.0031624829362984583,93.73548634090254,0.15230556883568472,0.4390282238784068,119.25,115.62289102529945,11177.956746152628,94.10764413124775,92.50192146202836,95.71336680046714,94.2158332019549
62,train,61061,437.9275882942008,2.674631850380947,105.17934700071757,115.02476217874899,COMPLETE,NONE,413.0,89.38286058523053,89.29337642306952,438.09052296590914,0.2955760782922403,2.6746082811605594,0.0031698113286320875,105.1715726025452,0.14948361018346054,0.4340462579609544,115.25,109.52607175990943,12121.023742443334,89.84196153280948,88.23623886359009,91.44768420202887,89.69349384306351
63,train,61062,447.269129326997,3.39757747923258,107.2607062468382,112.51078365253025,COMPLETE,NONE,413.75,97.61218590482935,97.45329046686578,447.4415940300099,0.30274767658184076,3.3976079039769598,0.0030597305741758146,107.26203790163362,0.1521887339131572,0.4438067945232816,112.75,111.53874268358184,12093.79477340919,97.19075775742597,95.58503508820658,98.79648042664536,97.56919709941764
64,train,61063,458.4994564601515,3.002590077364532,104.78478880481435,121.37548789912518,COMPLETE,NONE,426.25,107.01801143124693,107.26850991475601,458.65196001802417,0.28957403839867707,3.0026170351212667,0.0029502004986394657,104.78920281563383,0.14808552523085883,0.45573353378600817,121.5,125.94967361376607,12731.88814209951,106.20081711822269,104.5950944490033,107.80653978744208,106.17857981211164
65,train,61064,449.1929892418021,2.7761889107516398,105.36026007494759,111.66861722248447,COMPLETE,NONE,412.75,91.97450417941464,92.29326730532483,449.3637013404859,0.2968183966953621,2.776208013080526,0.0030004781608356066,105.3625655632783,0.14961896498889393,0.4458412453467561,111.75,111.45102722505442,11774.26670169635,92.03807380033997,90.43235113112058,93.64379646955936,92.24189372066432
66,train,61065,444.4620135492519,3.176736377861274,93.12335708967704,120.51765136975573,COMPLETE,NONE,421.75,97.2437828837574,97.41660522600489,444.6124856717981,0.28554857274862355,3.176750154712137,0.00315674530962243,93.12106349124109,0.1539910756538263,0.44094657819875777,120.75,118.02394179543771,11244.368416567362,96.72145161707125,95.11572894785186,98.32717428629064,96.95431406805531
67,train,61066,447.46123932474444,3.29478717709313,95.06913365054999,122.65829178906573,COMPLETE,NONE,423.75,101.3498449232532,101.18522496725454,447.60872291532024,0.28451650072996165,3.2948107705709955,0.00303751338205325,95.08247767113862,0.14781700370810205,0.44414760254582486,122.75,121.51730628335243,11671.374134132266,101.46524521164115,99.85952254242176,103.07096788086054,101.41873555980791
68,train,61067,458.0417743464434,2.9494891837189052,101.44834696970051,120.30702227706149,COMPLETE,NONE,427.25,103.52078787892225,103.51199239953029,458.1753322847127,0.265805247388999,2.949473514419354,0.0030226450431059724,101.4413201661002,0.1479656832222348,0.45533847186721993,120.5,124.66854546788727,12223.679080015074,103.52320087770623,101.91747820848684,105.12892354692562,103.52393731507206
69,train,61068,460.7702369321201,2.807306243147449,113.07908597609074,126.39310659643957,COMPLETE,NONE,430.5,111.88563620954419,111.97849532094723,460.9198443298664,0.2890640544158012,2.8073105875379394,0.003213301723040474,113.09448309472204,0.14500714559562736,0.45815754480237153,126.5,132.3563950489948,14306.452111482338,112.21101607172848,110.60529340250909,113.81673874094787,112.33816466801176
70,train,61069,448.80794104997506,2.665728623705485,98.7270018909552,123.66831934390491,COMPLETE,NONE,426.25,98.37559362733181,98.41889999859545,448.9536370052547,0.277504208386047,2.665739615352023,0.003000430688490742,98.71839487107582,0.1511861528427339,0.44554315820202023,123.75,123.20569504325888,12216.401365295633,98.32446976366808,96.71874709444869,99.93019243288747,98.72528134565151
71,train,61070,449.71951533976323,2.8024399817763697,105.80140937666698,112.05675690680808,COMPLETE,NONE,412.25,93.84173206963611,94.01593451219988,449.90097431974635,0.310720469389214,2.802480412048932,0.003169671493767042,105.80115089167084,0.147398969218116,0.44636516877505567,112.25,112.2032734355976,11876.179187590053,93.48171157863004,91.87598890941065,95.08743424784943,93.21996725556623
72,train,61071,461.9612020168093,3.3735411674954245,109.61515199293993,128.5245090154528,COMPLETE,NONE,433.0,118.54133420944287,118.35180378676938,462.11509583387055,0.2934190962931041,3.373530372449248,0.0032575329584218424,109.60508138098383,0.1555119555300268,0.459396016407767,128.75,135.36846196050618,14111.654227801668,118.07302029970404,116.46729763048465,119.67874296892343,119.03153526202168
73,train,61072,451.1668587271292,3.3956698409400623,111.1515772347893,126.7696702502408,COMPLETE,NONE,431.0,113.06118971929794,113.4713010033806,451.30239575205064,0.26429784135621975,3.3956849300745704,0.003188458131012507,111.14569154505965,0.15028886914729056,0.4480667621456693,127.0,127.69652382815823,14115.502826222575,112.64984881202498,111.0441261428056,114.25557148124437,112.94367847759747
74,train,61073,448.5275722837592,2.8695761962266317,98.97423218933888,126.46954668689881,COMPLETE,NONE,426.75,102.17332746630785,101.74435099977893,448.6881280992422,0.3010716014245974,2.8695713638584754,0.003155856396412867,98.96284851025288,0.15209189534758327,0.4452212184387352,126.5,125.802547508754,12518.80033654699,102.27739610692021,100.67167343770082,103.8831187761396,102.88354308066367
75,train,61074,457.4276099287359,2.8273999860324035,95.3166673642751,117.05723181706776,COMPLETE,NONE,420.5,96.4071523267332,96.61191046299224,457.5907165081641,0.29409595099876085,2.827407299675158,0.002885819571466832,95.3150722324769,0.1467532461128089,0.45459579844349685,117.25,121.01452678440934,11175.692219257915,97.11794027935998,95.5122176101406,98.72366294857937,97.33750459560875
76,train,61075,445.9986330190947,2.8892855683834218,86.9792980876315,122.47671336255439,COMPLETE,NONE,422.25,93.52227843972223,93.5056503498243,446.15106402654175,0.2879617358535786,2.8893064565428874,0.0031510310628715334,86.97942702745495,0.14699144591475302,0.4425872478571428,122.5,120.52201322039977,10654.979810863231,93.97671258936182,92.37098992014243,95.58243525858121,94.37503078574778
77,train,61076,461.07157720591397,3.306989775623694,111.51783899031521,118.13217048096465,COMPLETE,NONE,424.25,108.03996407104462,107.97314685573309,461.2214825769253,0.2861333673696355,3.3069774792911995,0.003056489720424281,111.53130685975461,0.1515662462373039,0.4584426234460888,118.25,123.87685342571572,13188.577036165982,108.32863869783647,106.72291602861708,109.93436136705586,109.01768969474551
78,train,61077,454.15557779838986,2.933828356711816,89.3006428505909,119.30671408183088,COMPLETE,NONE,422.25,95.63708971088994,95.82139101090694,454.3109742244183,0.2920576967319869,2.9338318792318283,0.0030109202387347826,89.2901424631154,0.14951159364743646,0.4511903722384937,119.5,121.67397583059054,10670.17202434229,96.36509351639212,94.75937084717273,97.97081618561151,96.56246608139259
79,train,61078,459.3718950334273,3.0025905435275515,98.31709575471666,118.83824400859592,COMPLETE,NONE,422.75,101.70460195320345,101.35407618372626,459.5335012348044,0.2946893854384171,3.0026030897573937,0.0028882111769977805,98.31342856973329,0.15196268638533136,0.45663780735294124,119.0,123.80511860509013,11699.297999798262,102.10818797112566,100.50246530190627,103.71391064034505,102.19613156400798
80,train,61079,452.66320830970506,2.707293662836015,89.47851193724341,120.39592192991,COMPLETE,NONE,423.5,95.39115472435915,95.16044132033066,452.8183569952304,0.2943811216981878,2.7072897957876774,0.002958421176276985,89.47735245679507,0.1465636515419923,0.449577783879668,120.5,121.9316481889949,10782.020971043807,94.20273833880901,92.59701566958962,95.8084610080284,94.8226685176733
81,train,61080,450.2677896545433,2.6000298078870534,100.67041077113154,119.51181082432748,COMPLETE,NONE,422.5,96.4807658903857,96.54142591667177,450.4123124242981,0.27065931273610816,2.6000303420772424,0.003014916857531171,100.66458491390583,0.14703462995425398,0.4471015365970772,119.75,119.9578032160369,12054.584043440223,95.91591877403162,94.31019610481223,97.52164144325101,96.08915509078881
82,train,61081,456.73900736660346,3.066301381979577,111.29713543172456,124.89385330620287,COMPLETE,NONE,429.75,110.15754474174689,109.97174805328535,456.885650734608,0.27730948723468146,3.0663203055636665,0.003067163474967945,111.29512199881273,0.14542898137326846,0.45392242682,125.0,128.63876816929985,13911.89024985159,111.2816728462277,109.67595017700832,112.8873955154471,111.10939709483944
83,train,61082,441.1856858133356,2.8265667910002867,105.9028964624525,127.74997424938562,COMPLETE,NONE,426.25,102.96978161410478,103.10613377041079,441.3342318276939,0.2840482625951972,2.8266021904272454,0.0029642988397192843,105.92093590477818,0.14503958890382743,0.4375586071037182,127.75,123.12215490254567,13531.399561835411,102.71936519519541,101.11364252597602,104.3250878644148,102.558827693161
84,train,61083,452.63880271878287,2.920496699844705,109.47519098582266,123.77335454901763,COMPLETE,NONE,426.5,106.9863166884285,107.09327719189082,452.7888406688084,0.27956461226370616,2.9205275326992837,0.0030061426459826145,109.46970448627698,0.15736474474683104,0.4495687398387097,124.0,125.45776881741355,13574.243356298346,106.71179902989329,105.1060763606739,108.31752169911267,106.49720271866394
85,train,61084,458.46781493916546,2.7604844914180617,86.24418785457746,124.90128660659175,COMPLETE,NONE,430.25,99.22523823603277,98.69845701467655,458.61065913747626,0.2786786628401449,2.760455058726628,0.0031728595731137753,86.24818328930711,0.14235889308664687,0.45573735794,125.0,129.5558669244356,10781.022911163389,99.83733288744673,98.23161021822735,101.44305555666612,99.9366268938083
86,train,61085,441.99145796702226,3.1988055772062727,85.39462939180338,124.07593501420004,COMPLETE,NONE,425.25,95.35949483760122,95.30637001327567,442.12860102012684,0.26810694896047066,3.198804857857629,0.00295637614888135,85.39344185776434,0.14997135503381676,0.4384298037826962,124.25,120.15913778600043,10610.13515082722,95.94734880408663,94.34162613486724,97.55307147330602,95.84155185861137
87,train,61086,455.39481916216926,3.391776371975257,97.54167172295037,123.78685954978494,COMPLETE,NONE,427.5,107.17232966622257,107.05866802676732,455.54572185801953,0.28412680414910435,3.3917691582370573,0.0030023382302115076,97.54001066468554,0.15105467902098316,0.45244826820564515,124.0,126.90448791042024,12094.961322421006,107.6743030487866,106.06858037956721,109.28002571800599,107.55852539358054
88,train,61087,438.86590705151997,2.95109685470553,110.85578952425139,115.91706658213029,COMPLETE,NONE,415.5,95.6584442608667,95.84671010223187,439.0206668347839,0.2819227198291333,2.9511212271276968,0.0030173275426273144,110.85422015247998,0.1611562384023003,0.43503363064655176,116.0,110.6850759226034,12859.089537687678,95.5024662670685,93.89674359784911,97.10818893628789,94.57658364858074
89,train,61088,445.93573647284467,2.825969512209478,87.38306119896812,117.76298027327394,COMPLETE,NONE,418.0,90.22526893033698,89.8553318826383,446.0908177268807,0.28613648294260124,2.8259869121133017,0.002888959505820054,87.38289837001832,0.1512151189531985,0.4425349180932203,118.0,116.06493470905993,10311.182007662163,89.91471131470882,88.30898864548944,91.52043398392821,90.51687598243208
90,train,61089,453.9581450702149,3.206206304334327,90.9328994910766,121.94332807611121,COMPLETE,NONE,425.75,99.85452853439088,99.82260803259615,454.1043095055843,0.27674350659046904,3.2062304757317825,0.0032509981404800453,90.93990750459884,0.14353213118661554,0.45099448497950817,122.0,124.11274561034361,11094.668715561058,101.0551705566187,99.44944788739932,102.6608932258381,101.33201280608861
91,train,61090,459.8871356600225,2.9411616952687845,88.60750808299034,125.22986211920788,COMPLETE,NONE,432.75,102.97671855591197,102.87383149779394,460.01511826609345,0.2563443676241654,2.9411499424696057,0.003127412344737059,88.60689943167868,0.15545936573018715,0.45731539892215567,125.25,130.56475929443383,11098.014153817756,103.0637825660666,101.45805989684722,104.669505235286,103.39771928493577
92,train,61091,450.750229150854,2.733064869124455,107.74829809659855,121.455584045823,COMPLETE,NONE,422.75,100.38904849700653,100.62597772301606,450.9073388349829,0.2872583166095431,2.733061018859932,0.0029278513509761977,107.74897332596625,0.15071812659335046,0.44752958687242794,121.5,121.96411278878318,13091.5002591049,100.98138252369377,99.37565985447438,102.58710519291316,101.24439451431917
93,train,61092,446.9138012244159,3.3204544458932626,97.42693030954992,114.60454896253593,COMPLETE,NONE,416.0,95.44233703710294,95.62656726428426,447.0709550255279,0.28694610676801635,3.3204473933138106,0.003036997268690897,97.43646265814505,0.14704918847758483,0.4435431929847494,114.75,113.3390406899218,11180.834090022145,95.37046400151716,93.76474133229777,96.97618667073655,95.55911287496508
94,train,61093,437.06276638982274,2.653803851267349,104.21733682300885,114.78995111883503,COMPLETE,NONE,414.75,88.24424109259941,88.32744419355264,437.2100496558245,0.27379199336707993,2.6538087744596495,0.0030567035397756647,104.21706454820247,0.1471131803092634,0.43322754471739133,115.0,108.87028186874042,11984.962423043284,88.8073402641521,87.20161759493271,90.41306293337149,88.70490819256692
95,train,61094,461.49211085996325,2.719991733472438,88.76373481491818,122.99172363645701,COMPLETE,NONE,427.5,99.51451616709807,99.42410564686723,461.64837917345966,0.29843324630650053,2.720031155122855,0.0031415098317813233,88.76971539763679,0.15751462458364587,0.4588927681300813,123.0,129.07733888111773,10918.674993909324,99.28636788497502,97.68064521575563,100.89209055419441,100.22025940331511
96,train,61095,441.6294497822908,2.6205099590175087,85.69849075110652,128.61006652574503,COMPLETE,NONE,428.5,92.42747115184851,92.10450022744362,441.7739075579649,0.2836768834495147,2.620500224730138,0.002968625450420385,85.7059830055254,0.14498876745313924,0.4379798423106796,128.75,124.32112847007548,11034.645311961394,92.71249290047902,91.10677023125963,94.31821556969841,94.33672589756483
97,train,61096,463.680372706463,2.634051117916393,105.21251684821388,120.96408896869039,COMPLETE,NONE,428.0,102.89559167771331,103.4729351076792,463.8208179818126,0.2700750223909167,2.6340775764373054,0.0030420938575738835,105.21308904163118,0.15580788787388689,0.4613146150206612,121.0,128.10415524355741,12730.783774037372,103.98968023547283,102.38395756625344,105.59540290469222,104.48335310133817
98,train,61097,463.8860603610909,2.6925785890258416,111.34440585815979,129.38153354384013,COMPLETE,NONE,435.5,115.1151212871159,114.70069840529047,464.02924066261767,0.28330372656934316,2.692582417555471,0.003223043793190125,111.34411416380499,0.1619059302479114,0.4614548534942085,129.5,137.2189745737492,14419.062784212747,114.23935449909561,112.63363182987622,115.845077168315,114.62390586843048
99,train,61098,450.05339034024985,2.6118783432944346,112.85230119345653,115.88631509053577,COMPLETE,NONE,418.5,95.9593491218728,95.88993921718051,450.20848797587877,0.28843742171057685,2.6118811992736384,0.0031637038300903497,112.84530259802321,0.15251350994066,0.4468390778232758,116.0,116.10178758703252,13090.055101370692,96.45154981967782,94.84582715045843,98.05727248889721,96.57733265199612
100,train,61099,451.4492500285244,2.8176101110390435,97.76387216514377,124.85527675625772,COMPLETE,NONE,427.5,101.8604363372725,102.21741306875366,451.5957672741017,0.28384800747154454,2.8176237636631454,0.0029732179818274243,97.75642913853234,0.14716519901509256,0.44835316996,125.0,125.84015462306633,12219.553642316543,101.78777115821671,100.18204848899732,103.3934938274361,102.00375271024514
101,train,61100,453.483218010401,2.7330507844082494,86.33935733721066,117.53725691670724,COMPLETE,NONE,420.25,90.8799676919778,91.0185501256835,453.64919880947116,0.3010416415214201,2.733038192429933,0.0029930714319802427,86.33185757227207,0.15261400737676656,0.4503722578768577,117.75,119.56245421013739,10165.576229135037,91.40875007987596,89.80302741065657,93.01447274909535,92.01527110439727
102,train,61101,445.5598137404005,3.150290702523518,86.44013461678101,115.99987249525218,COMPLETE,NONE,417.0,89.88870588851246,89.91262659942022,445.7090737278103,0.2717435986492087,3.150313754477648,0.0031351244882195386,86.4408524638441,0.1458510094222063,0.44211321422413796,116.0,113.91254663051501,10027.138885805914,90.82958991148419,89.2238672422648,92.43531258070358,90.93417810007101
103,train,61102,435.87342188378483,3.187142952120832,85.23936687774501,116.27553280290032,COMPLETE,NONE,413.25,87.40532297756893,87.56129371521992,436.03922665771813,0.30983700525632085,3.187168598521562,0.002967849720192331,85.23300268520569,0.1472558803983812,0.4318889589914163,116.5,109.7278651325909,9929.644812826464,87.24833010880042,85.64260743958103,88.8540527780198,87.38456016744121
104,train,61103,455.94233671868085,3.2514216479102993,94.31365931240731,122.28442385192403,COMPLETE,NONE,426.5,105.33623213150273,106.31193106570336,456.0909977937874,0.2849496882008359,3.251408911374989,0.0028107608771254476,94.3185732267892,0.15003233893779003,0.4530551219387755,122.5,125.6526900840214,11554.025220281677,104.74462584937963,103.13890318016024,106.35034851859902,104.25420666777819
105,train,61104,463.5289965070665,3.0345503152816,109.96419544699582,124.12669310206331,COMPLETE,NONE,430.5,112.12596605032283,111.34499417053722,463.68190553847694,0.2868162836768848,3.0345223977454663,0.002905656092192752,109.9674916402559,0.15385419538005718,0.4610258195774648,124.25,131.4709615263861,13663.460836301796,112.8932833555407,111.28756068632131,114.49900602476009,112.84146808690988
106,train,61105,440.12709815410363,2.730726987983476,86.45082174346679,122.56544268469796,COMPLETE,NONE,422.25,90.35678102870895,90.23169598688935,440.273407063889,0.27871006798399717,2.7307288190150425,0.0029192679788473145,86.46046678914381,0.14230666298700181,0.43643480052953154,122.75,117.76286562079719,10613.022298367403,90.07283145960578,88.46710879038639,91.67855412882517,90.6592388066404
107,train,61106,442.3718503202311,2.6607304624151857,105.62616344711353,125.20708951056508,COMPLETE,NONE,425.0,99.45683406704782,99.42331362947903,442.5149869528086,0.27795531176677457,2.660758056952617,0.003094666689612735,105.6173227852119,0.1511538532633878,0.43878766766467064,125.25,121.32752183645148,13228.56967884779,99.40867324558458,97.80295057636519,101.01439591480397,99.35254336682591
108,train,61107,462.07506019005797,3.079957242637203,114.24381660849734,121.62974393437901,COMPLETE,NONE,426.5,110.86362825634744,110.80552612467856,462.23820463072275,0.29827466182859175,3.079968285529787,0.0030141076552804673,114.24246570296795,0.1506348679848594,0.45945173852156057,121.75,128.07275982714452,13909.020199336348,111.36729517184223,109.76157250262284,112.97301784106162,111.6339842795384
109,train,61108,440.60957725725825,3.308461902904586,92.99265641082548,126.08329641280133,COMPLETE,NONE,427.5,100.83040103068963,100.78938305099246,440.74203056411284,0.262823257392898,3.3084638152390373,0.00302389605340098,92.97999166439608,0.15229753827764686,0.43700073065346534,126.25,121.3660910973275,11738.723947630006,101.07345028470392,99.46772761548453,102.67917295392331,100.60594097525531
110,train,61109,456.6577537268475,2.9903275102272375,85.59690882450276,114.42051925125358,COMPLETE,NONE,420.5,92.93316220409528,93.27139835107697,456.8036128087434,0.2683781591009189,2.9903099957712764,0.0031134888067643573,85.59039598063822,0.15010163324031672,0.4538066495851529,114.5,117.79320827725148,9800.100339783075,92.38350094852251,90.77777827930312,93.9892236177419,92.49835764621922
111,train,61110,453.64421760142505,3.2621874482330875,109.74257931431386,129.8210832514063,COMPLETE,NONE,433.0,116.28150540196249,116.29317112073345,453.78930715203364,0.2879593904299058,3.262175550364537,0.0031863322562092934,109.75128624583328,0.14970609818454972,0.45065654019230766,130.0,132.07804120487117,14267.667211958327,114.97303133670749,113.3673086674881,116.57875400592688,115.28689898557809
112,train,61111,447.44674313991345,3.2631853327666973,95.8913538270941,128.95127538838787,COMPLETE,NONE,430.75,106.67272064723623,106.5075378721581,447.57692092387515,0.2603317513981631,3.2631862719880247,0.0032594574577751944,95.8887448211191,0.1530823298619848,0.4442328948255814,129.0,127.68733803341851,12369.648081924364,106.29387202309306,104.68814935387367,107.89959469231245,106.6373449834462
113,train,61112,445.2030933193856,3.094107092896108,105.81867700244513,119.54034125017144,COMPLETE,NONE,420.25,100.03816292562396,99.90332645837887,445.3617147614765,0.2961583902336589,3.0940788146711324,0.002994961534322631,105.80976371300555,0.15515134483107834,0.4417027628392484,119.75,117.4212127992768,12670.719204632414,100.20305896947053,98.59733630025114,101.80878163868992,100.03705512962229
114,train,61113,445.41171430027947,2.8613962624361386,86.18745960790294,115.85558456000739,COMPLETE,NONE,415.75,89.26174769355504,89.46682454359572,445.5702025532938,0.287943812132114,2.861388669851585,0.0032733989382117976,86.1995757589355,0.1457461557864304,0.44193838887931036,116.0,113.84520971345991,9999.150788036517,88.74453226003867,87.13880959081928,90.35025492925806,88.63098141438326
115,train,61114,460.2684748413189,2.7714661973106347,114.43490885613275,124.79696451320908,COMPLETE,NONE,429.5,110.8275998244281,111.18036196205554,460.42794900268495,0.2981066728358151,2.7714639583383103,0.0031151749137505905,114.4491704727728,0.1481263659170746,0.4575514225000001,125.0,130.52438686181756,14306.1463090966,110.49831599009615,108.89259332087676,112.10403865931553,110.8102629242687
116,train,61115,462.14444301520723,2.7828418974832627,96.47499226741857,122.16199152885419,COMPLETE,NONE,428.5,104.50709298557987,104.17969882715137,462.2928313088678,0.28231777949458364,2.782874190105254,0.002968319206250462,96.46527728399678,0.15091201752751274,0.45961112588957054,122.25,128.62730169590577,11792.880147968606,102.99402313672957,101.38830046751018,104.59974580594896,103.45447024924572
117,train,61116,448.1414453445694,2.999098005745188,97.36268521000353,113.12427451179316,COMPLETE,NONE,415.0,92.64176015252522,92.61245901612625,448.30814401099866,0.3005447563001573,2.999089562137844,0.0030078747824302332,97.351692471604,0.14232550193745303,0.44475681362030905,113.25,112.44495591467651,11025.079172409152,92.76589596962458,91.16017330040519,94.37161863884397,92.48360476332238
118,train,61117,453.3437613646071,2.901247746453776,98.49134999469793,121.85723412844685,COMPLETE,NONE,424.25,101.39399257704747,101.09879466357489,453.5050384079417,0.30358096580592653,2.9012263686845285,0.0031790679541374304,98.49607003393461,0.14476421882807827,0.4502087924385246,122.0,123.8035039334444,12016.520544140023,101.41308272191915,99.80736005269976,103.01880539113854,101.37373128725999
119,train,61118,449.5370755912022,3.072359160496194,94.50689099767726,125.65299024412965,COMPLETE,NONE,426.25,101.68839342531996,101.57738812415108,449.69641581510723,0.3029621434841127,3.0723584048673627,0.0029469748851756955,94.51341314193661,0.14956478838048243,0.4462656789662028,125.75,125.58946739316451,11885.061702598528,102.56278469466525,100.95706202544586,104.16850736388464,102.86614846846469
120,train,61119,452.1957649438434,2.650532630416006,104.9898355456155,117.2829014993361,COMPLETE,NONE,420.5,96.85028705147077,97.12189555290259,452.3525060158655,0.28432723266075294,2.650522970225816,0.0029688512420772716,104.98069809679347,0.16046348205087463,0.4491167015957447,117.5,118.66487273047545,12335.232026373233,96.75876718113055,95.15304451191116,98.36448985034994,96.88099627484738
121,train,61120,439.69377128088007,2.9154860015054496,95.2586380176926,110.8263830875225,COMPLETE,NONE,407.75,86.13267154724444,86.30233137101786,439.87670214756076,0.31929063828517623,2.9154816950055356,0.0030903272976035216,95.25769348577286,0.1526318747741632,0.4358241795045045,111.0,106.3077108368509,10573.603976920787,86.59732643141885,84.99160376219946,88.20304910063824,86.17055562262492
122,train,61121,458.3590232341048,3.2815894767031866,100.97405346610105,123.52328612634011,COMPLETE,NONE,428.5,110.49321161713333,110.32544082202463,458.5090390923148,0.2872954871531246,3.2815782814919703,0.0030514641355791714,100.97282268856831,0.14739046542276707,0.45558057092929294,123.75,128.20676418927172,12495.386807710329,109.14682422868538,107.54110155946599,110.75254689790476,109.0946942031695
123,train,61122,451.15710427918714,2.8219025525206565,104.29440011240388,123.06672454860056,COMPLETE,NONE,425.75,102.41668461369093,102.9904441808554,451.3026782512604,0.2823792487541087,2.8219009908143433,0.0030967530320491782,104.29186467402569,0.15826455021969313,0.4480188063083165,123.25,123.92610760295175,12853.972321073667,102.63911693563388,101.03339426641449,104.24483960485327,102.66930965306312
124,train,61123,448.2447881743305,2.9668477559227804,96.85395542079448,123.59056318307718,COMPLETE,NONE,423.0,101.96596712857988,101.94055009159217,448.4102066319609,0.30660702307744603,2.966841597784773,0.0030821468939696657,96.84380374814012,0.14561042960195536,0.44484669028282825,123.75,122.92332602014852,11984.42071383234,100.5154867589319,98.90976408971251,102.12120942815129,100.64868495302478
125,train,61124,459.6721660837402,2.760567417321969,112.18604860507925,115.27343741516891,COMPLETE,NONE,419.5,100.57279339576813,100.73838991272484,459.8382969422629,0.29842592362235726,2.7605425570256803,0.0031315915577467494,112.18090380386568,0.1457540491808247,0.4568507606060606,115.5,120.31392065953249,12956.894389346486,101.12140886300556,99.51568619378617,102.72713153222494,101.41148086424491
126,train,61125,449.3983605646114,3.330348927152898,85.05762953863794,123.07663115152776,COMPLETE,NONE,425.5,98.09886935483662,98.21118212720152,449.5413662010569,0.28295885586126324,3.330372785882637,0.0032553833626324633,85.0644397629227,0.14722645751288918,0.4462277963691684,123.25,123.01230474930742,10484.192200780222,98.26489306953127,96.65917040031188,99.87061573875066,98.90795723151088
127,train,61126,441.2990957554895,3.175121600612027,106.36645555400162,114.58154543111125,COMPLETE,NONE,414.5,95.26242781849258,95.54757189152613,441.45530568180095,0.28813569628147473,3.1750825097142377,0.002983470465888188,106.38514578873662,0.14408102911738405,0.43759973130718954,114.75,110.65080161123001,12207.695479257527,95.0087894952797,93.40306682606031,96.61451216449909,95.02504836988855
128,train,61127,460.26081172648975,2.646555985528606,99.24550011680778,128.1920487551385,COMPLETE,NONE,433.5,106.78613066072651,106.70433614998767,460.4064021501555,0.2892268822646068,2.6465556993568415,0.0030322621891314193,99.24342078823372,0.14767187202389026,0.4576180954580896,128.25,133.9062226617579,12727.968716090974,106.65645766880584,105.05073499958645,108.26218033802523,107.27871549240035
129,train,61128,437.6094699988718,3.262891210538499,104.20029226745393,123.48038152305247,COMPLETE,NONE,421.5,99.09765908670204,99.13535295469532,437.7629643109819,0.2919747353633476,3.2628651219831175,0.0031515857876396854,104.20869044661693,0.15389059258344595,0.43374731425101215,123.5,117.1991796047177,12869.773270157191,100.54964120730932,98.94391853808993,102.15536387652871,100.62949165030744
130,train,61129,459.9917426445826,2.964839946514498,92.59987521873322,128.3457058526871,COMPLETE,NONE,433.75,109.72207880681664,109.72755029991906,460.13111610420117,0.2824646742931914,2.964815502582028,0.0029396706550632095,92.60033206925856,0.14587016941366265,0.45736302221789876,128.5,134.01627210719582,11899.142670899724,108.08426971986965,106.47854705065026,109.68999238908904,108.02700072075088
131,train,61130,462.1089331778102,2.7999956098131387,100.56844372762023,127.45128753914412,COMPLETE,NONE,433.25,107.66329931417371,107.84473799902247,462.25670051289194,0.29193781604584607,2.7999807786290734,0.0030700220502531345,100.57611549452277,0.14799995641729424,0.4595529578627451,127.5,134.13146106375595,12823.454725551654,109.24943617521409,107.6437135059947,110.85515884443348,109.58501271316105
132,train,61131,448.2218832834295,2.84196704138259,112.99453799510763,117.52830519636221,COMPLETE,NONE,420.0,99.63459063790387,99.37236917773792,448.3732900811922,0.2728539204275084,2.841966445173444,0.0030263743053459313,112.99111416585313,0.1431018815619127,0.44490589106157113,117.75,116.94515546191747,13304.703693029207,99.6312807765674,98.025558107348,101.23700344578678,99.54880811068251
133,train,61132,443.9666725322487,3.3211817885296453,95.95399214616391,120.46789082614336,COMPLETE,NONE,421.25,98.47632484275383,98.6813730466094,444.1087561185936,0.27215478013690386,3.3212228461203446,0.0030122481810754423,95.94706636862605,0.14540579274525098,0.4404933434232365,120.5,117.526323395281,11561.621497419439,98.78296652960859,97.1772438603892,100.38868919882798,98.57593886950525
134,train,61133,462.9094597330778,3.3705652811791853,90.10012146158408,123.80744216187973,COMPLETE,NONE,429.75,107.6010298098736,107.55801197979056,463.0624754620101,0.29043120961224567,3.3705529590806913,0.003109738705616244,90.09828273325448,0.1494650964720839,0.4603881358467742,124.0,130.87723841107635,11172.187058923555,107.61628043711535,106.01055776789596,109.22200310633474,107.75084392812023
135,train,61134,436.4289018145952,3.1257327438015254,111.68092577014808,120.58828899798223,COMPLETE,NONE,417.75,99.65544000258771,100.19583145204014,436.58607943049344,0.2975005830720203,3.125733299125605,0.0030622121668615995,111.67720131560138,0.16023130068658506,0.4324699146169772,120.75,114.00297437393093,13485.022058858867,99.73443895223672,98.12871628301733,101.3401616214561,99.03547262041882
136,train,61135,446.35050786252316,2.9814851012682952,103.74180194363433,121.77788942205581,COMPLETE,NONE,423.25,100.12968874980004,100.12006304092631,446.5015765841443,0.28584708149155713,2.9814540275716577,0.003300433301285278,103.74423576207518,0.14356210276866524,0.4429275181762295,122.0,120.20902588023597,12656.796762973172,100.72220993949739,99.116487270278,102.32793260871678,100.83161223420639
137,train,61136,435.30876652790937,3.039320133530272,93.9487566764766,120.2373056231713,COMPLETE,NONE,417.75,91.87274747421857,92.11630042734684,435.46522147263767,0.29663381836170016,3.0393303929074245,0.0029302858827264916,93.95320975334693,0.13692265647824187,0.4313039396049896,120.25,112.97562768838756,11297.873472839969,92.49197422843277,90.88625155921338,94.09769689765216,92.0983088197788
138,train,61137,445.5588008807213,2.651373976250849,110.77933355793922,121.83057862982675,COMPLETE,NONE,423.25,100.40942621613738,100.6595303584191,445.7070795777613,0.28521678386086663,2.651375958122932,0.003099044534952776,110.78984158707182,0.1573143103098534,0.44209257768442617,122.0,119.80356062054518,13516.360673622761,99.65070125258447,98.04497858336508,101.25642392180386,99.50248109333722
139,train,61138,459.5643934402401,2.6228991714390757,100.54247538125094,122.38258315800667,COMPLETE,NONE,427.25,102.74880394241933,102.97935710678239,459.7151889383427,0.2785986886430159,2.6229014742582097,0.003052613385131105,100.53234381739205,0.14202924129038896,0.45689533936734694,122.5,127.54134903437543,12315.212117630526,102.43147814170476,100.82575547248537,104.03720081092415,102.36713113104729
140,train,61139,455.62129477243315,3.2917395253105863,108.6734535408943,116.58179747143724,COMPLETE,NONE,420.5,102.02583605863423,102.17142978439651,455.77879179422223,0.29174950729401006,3.291741563605575,0.0033077923481702274,108.68002548485323,0.1574237016016332,0.45270617597430407,116.75,119.6000688291175,12688.392975356615,103.1530307565651,101.54730808734571,104.75875342578449,104.29395975417857
141,tune,61140,450.04033430188707,3.2566211019523594,105.44497747256648,115.46879646196194,COMPLETE,NONE,417.5,99.61205596988876,99.94480130276274,450.1939289857417,0.27928156721910585,3.2566832637750784,0.003247432500378632,105.43093785838286,0.1460394761598627,0.44686192274891773,115.5,115.59427075318825,12177.273322643221,98.56352534608685,96.95780267686746,100.16924801530624,99.58161979555058
142,tune,61141,458.49886247734014,3.202875655805516,97.9256105890631,119.14265802344794,COMPLETE,NONE,423.5,103.55452395632886,103.48695487259096,458.6595899459144,0.29523990434155667,3.2028443676000706,0.003004860251173252,97.91520511790485,0.15694690129715422,0.455709019475891,119.25,123.6211480992377,11676.388210310153,103.55067421984452,101.94495155062513,105.15639688906391,103.52153579214252
143,tune,61142,455.5669769879256,2.9009776296278664,92.99439055017629,116.61536534903802,COMPLETE,NONE,422.75,97.44763316317876,97.08557770996751,455.7029126869765,0.2645024580071276,2.9009885187989846,0.00315802850979285,92.99284773767458,0.14576626277510532,0.45270834912205565,116.75,119.56248998623889,10856.914973373507,95.83216900609507,94.22644633687568,97.43789167531446,95.98637908408001
144,tune,61143,445.2946297817033,3.222147181958786,102.6550184021504,125.95510243749068,COMPLETE,NONE,425.5,104.73005673216142,104.5382230401209,445.4545862341757,0.3085856853859132,3.22211295653967,0.003174422034869348,102.64947101616183,0.1521368424312677,0.44178115496031745,126.0,123.59857145489157,12933.83334803639,104.85687021072467,103.25114754150528,106.46259287994405,105.29163376405002
145,tune,61144,437.4015162197904,3.0596108150253074,89.71417573708979,127.05594158964632,COMPLETE,NONE,425.0,97.22945228066371,97.62066890219879,437.547755012787,0.292300175287615,3.0596019876924077,0.0030436540715936557,89.70188783442221,0.1558985755743081,0.43355038734774065,127.25,120.64475104000616,11414.565226930226,96.1523382315003,94.5466155622809,97.75806090071968,96.9164071495813
146,tune,61145,456.00365951109836,2.6465787089597708,95.78628129497883,112.3148476244144,COMPLETE,NONE,415.75,92.47631457882075,92.58273038185682,456.1735033708702,0.29497066030885466,2.646556741908733,0.0030890277242827504,95.78213983762343,0.14667690459443264,0.45301419740000004,112.5,115.43471873034821,10775.490731732636,91.34984806865357,89.74412539943418,92.95557073787296,91.37407333420776
147,tune,61146,450.35336801060794,2.7140484716669855,87.57934617075047,110.19214368885093,COMPLETE,NONE,414.0,84.03478006249661,84.10402501220183,450.5081247145681,0.27738334352790867,2.7140196633324054,0.003077573690414395,87.58015694620838,0.15104354486687063,0.4471575699092971,110.25,110.48578760021391,9655.712303319473,85.19084557440397,83.58512290518458,86.79656824362335,85.31653592721568
148,tune,61147,449.2506191360268,3.2269494535356418,97.80568267458467,113.06500114899893,COMPLETE,NONE,415.75,94.03098913108052,93.72205433732192,449.4004744272611,0.2741507240939447,3.226973748083744,0.003000816666665679,97.80204988853316,0.15583330979385912,0.44601551412803525,113.25,112.96451409523982,11076.08214987638,94.69294720798003,93.08722453876064,96.29866987719942,94.72912122281386
149,tune,61148,441.6608570282681,3.394412892590536,87.56501800873208,112.53842452034051,COMPLETE,NONE,413.25,89.52525991763983,89.64609910723989,441.8202906694598,0.2854371237494858,3.3944289377548857,0.003083960595134689,87.57356024526854,0.14517715941275863,0.4379443139689579,112.75,108.89324948639242,9873.918917654028,88.57612929372112,86.97040662450173,90.18185196294051,88.8814949527447
150,tune,61149,438.867444014429,3.1895841803501273,85.02963687936953,111.1029273959198,COMPLETE,NONE,409.5,84.15216874420406,84.26949313053561,439.02961357280515,0.29149563731414313,3.1895852929534128,0.003179229918562351,85.02724821705242,0.15301448628679515,0.43505718035955054,111.25,106.15683441312916,9459.281364147082,84.48104627315489,82.8753236039355,86.08676894237428,84.48039546574269
151,tune,61150,461.06750486990876,2.8074193291284706,111.90486075889221,119.83277208829982,COMPLETE,NONE,426.25,107.061476256538,106.75087741502388,461.21364174792967,0.2750742966673731,2.807418725666593,0.0029443115909063306,111.91236228040255,0.15725940176157405,0.45849143954166666,120.0,125.70610306405365,13429.483473648306,106.14349957887075,104.53777690965136,107.74922224809013,106.35038247141237
152,tune,61151,436.30404304485376,3.136137337516183,114.31167825510747,111.38133268990786,COMPLETE,NONE,407.5,92.18433084824838,92.5621234940693,436.4806076152932,0.3135833801017337,3.136129727785328,0.003163972964947242,114.31167872297937,0.15548292253483842,0.43230684829596416,111.5,105.22134285345359,12745.7521776122,92.39840576994274,90.79268310072335,94.00412843916213,92.13697836621154
153,tune,61152,453.7626789300238,3.1109383285860637,97.94403777792299,112.11209755802697,COMPLETE,NONE,416.25,94.28324729939409,94.33488050452743,453.92421564053836,0.2866229933928835,3.110931075996115,0.0028902086635647145,97.9444030565279,0.1458650795538012,0.4506880311135858,112.25,114.10836743774094,10994.259243095257,94.86894805756906,93.26322538834967,96.47467072678845,94.8979558440173
154,tune,61153,459.6007600684782,3.0900223533065194,110.66603956618957,117.20054153532776,COMPLETE,NONE,421.0,105.03424520664367,104.70801744186225,459.7652296879946,0.29300644665687214,3.090013918101631,0.002995898379567163,110.66561402967905,0.15356456811546798,0.45687259243070366,117.25,122.10031710919691,12975.543244979868,105.17711226907967,103.57138959986028,106.78283493829906,105.47518347124533
155,tune,61154,439.54097742370567,3.285951483484933,114.89655505398622,126.25930344076397,COMPLETE,NONE,424.25,107.91674059266427,107.87595297770487,439.69335123982245,0.2941632449041487,3.28597625203355,0.003132281278008495,114.90235009138797,0.14982466570215713,0.4357543185770751,126.5,121.05636578384194,14535.14728656058,107.1911022049893,105.58537953576992,108.7968248742087,107.35257013891156
156,tune,61155,461.83091167638287,3.100473288776255,98.95923487869064,114.00094783489119,COMPLETE,NONE,420.75,99.43065885831393,99.36161163251636,461.9887987694519,0.28848004790234194,3.100479384179754,0.003010451261240835,98.9592400466746,0.15508167986098936,0.4591864151203501,114.25,120.06134784699492,11306.093175332573,99.90525363388967,98.29953096467028,101.51097630310906,100.11390954781585
157,tune,61156,463.56043802432293,2.7800050420639675,112.20102523800651,114.91440245626413,COMPLETE,NONE,419.5,102.3419191729945,102.47619508781692,463.73316103094993,0.3053743667970937,2.780002374626179,0.00296804550804772,112.19744146748944,0.14442646771554862,0.46099940706521736,115.0,121.70866243360214,12902.705768761285,102.58506035265746,100.97933768343808,104.19078302187685,102.78307962080589
158,tune,61157,441.3783516759748,3.2815342319479504,113.47635700541616,116.87479948724337,COMPLETE,NONE,417.75,99.44511420951397,99.59526325612887,441.52626877412604,0.27718517034547974,3.281520611543003,0.003069676905879234,113.4664483560682,0.1525390146566315,0.43773775213675215,117.0,112.8549161029725,13275.574457659979,99.54414012537312,97.93841745615373,101.14986279459251,99.66542016129831
159,tune,61158,443.9468406253459,2.7657731292650762,106.23770820794705,115.87723667848313,COMPLETE,NONE,414.75,94.79919636356365,95.09685231886411,444.11687915036356,0.3020210739968099,2.7657524958466904,0.003063980304669319,106.2342112689514,0.15332213645644713,0.4403622223922414,116.0,113.14130977034236,12323.168507198363,93.79288998893553,92.18716731971614,95.39861265815492,93.79487068978806
160,tune,61159,450.20173043603063,2.7119680200244938,93.30231504943949,121.72992950185963,COMPLETE,NONE,422.75,96.51950395233268,96.2064372748703,450.36433485442177,0.3034033737049601,2.711955111936131,0.003168630770333674,93.30323387684535,0.1591354451209227,0.44697385788501026,121.75,121.93669317348527,11359.668724505922,95.72273412008545,94.11701145086606,97.32845678930484,96.28596509472641
161,tune,61160,462.81370647326213,2.9498610938274763,110.31115152249667,127.51693723263789,COMPLETE,NONE,433.25,114.36861622370172,113.82066086489887,462.9668866143552,0.29337048171810304,2.94987180001549,0.0032681592621323567,110.29675978580583,0.1510194583533792,0.4602382636594913,127.75,134.78290834019523,14090.411062636695,114.37914795093313,112.77342528171374,115.98487062015252,114.9743767480548
162,tune,61161,445.5490661743696,2.8566249029326527,96.82182020880938,117.15798983072749,COMPLETE,NONE,418.0,93.0405114872776,92.63914301955957,445.7035298918494,0.2858638374841764,2.856599420826394,0.0030450804471138333,96.8209370368179,0.157037272654669,0.44209910793176976,117.25,115.13733786378049,11352.254867566899,93.3636350741898,91.75791240497041,94.96935774340919,93.35774947212708
163,tune,61162,446.91677743229167,2.9514405358645996,107.63876579579644,128.4386720224211,COMPLETE,NONE,427.0,107.95166277649865,108.16106707304705,447.0780161028261,0.31209964268444224,2.9514182563677602,0.0031848569033020957,107.64468658517218,0.1546074924019825,0.44356780307392996,128.5,126.92377839111347,13832.342226194625,106.87278834856362,105.26706567934423,108.478511017783,107.45882750772194
164,tune,61163,462.89959537405394,2.959619078375819,107.42281535900298,118.38862470036524,COMPLETE,NONE,424.25,106.02894523288256,106.24014261152972,463.05358459400924,0.288980785862897,2.959617959137728,0.0029822699140787533,107.42133352712733,0.14817135084489114,0.4603667098101266,118.5,125.06768577287757,12729.428022964588,105.64699904304943,104.04127637383004,107.25272171226882,105.89184685235246
165,tune,61164,450.9120667758194,3.275520552098076,91.52945043773745,114.95159761075583,COMPLETE,NONE,416.75,94.79973477620014,94.48399527233775,451.07544477114607,0.2890202492221437,3.27551944719349,0.0030853769037500088,91.536358218672,0.15149031657459486,0.4476992981304348,115.0,115.52072927514891,10526.681195147281,94.89611292911574,93.29039025989636,96.50183559833513,95.01341308526449
166,tune,61165,463.63576819652224,3.319400885152352,113.34343942552684,128.47477364225725,COMPLETE,NONE,436.5,120.92380870509996,120.8456464476802,463.76864336944374,0.2702276001789608,3.3193760899630087,0.0030037738859297084,113.3415624391555,0.15535299098612249,0.4612113629182879,128.5,136.0157448693129,14564.390773431482,120.90260182872031,119.29687915950092,122.5083244979397,120.39964416967885
167,tune,61166,439.98588021184696,3.2378984305526126,113.07542720450076,125.74998314407121,COMPLETE,NONE,424.5,105.32560061849931,105.65078185054877,440.1297837361648,0.28221950246245847,3.2379108614276704,0.0031456521510753797,113.06468415930806,0.1472685420822027,0.436325674612326,125.75,120.56609531469515,14217.884033032988,106.06680547159051,104.46108280237112,107.6725281408099,106.02625339541056
168,tune,61167,454.9894464085348,2.9791784761024087,106.25658655612877,114.63388914394444,COMPLETE,NONE,418.0,99.34401847808996,99.3748306567692,455.1518328914663,0.29103910351354956,2.979174873405165,0.0030423125239734962,106.24916564362526,0.14872753216235063,0.4519939490196079,114.75,117.24622531625434,12192.091757605998,98.8306894522279,97.22496678300851,100.43641212144729,99.08724418905742
169,tune,61168,458.0163305370043,2.691042504306781,87.2562811114076,126.3859022562971,COMPLETE,NONE,431.5,99.94096792581176,99.71680632832188,458.15208758943953,0.2704059936134121,2.691057699304476,0.003019751516508724,87.2526022002095,0.15666092112372648,0.4553075134980237,126.5,130.86359531833534,11037.454178326501,99.58756998165019,97.9818473124308,101.19329265086958,100.68317730514345
170,tune,61169,439.4073754495699,3.334572328461578,88.31041717440634,112.54470391800126,COMPLETE,NONE,411.75,87.6959220124228,87.4660157152021,439.5681463181185,0.2881346642850001,3.334586645682456,0.0031104109793853164,88.31049595304775,0.1569261691151627,0.4355847649223947,112.75,107.83958114702068,9957.008418706133,87.92784319560971,86.32212052639032,89.5335658648291,87.93014382241535
171,tune,61170,453.15512006689187,2.8919676522760507,97.1378679568118,112.36968151938325,COMPLETE,NONE,414.5,92.57464697243418,92.7211822129435,453.3275135510383,0.2984302090691714,2.8919301767125623,0.0028102173397340437,97.14026424550853,0.14264806779561912,0.4500336228888889,112.5,114.0786362363762,10928.27972761971,92.89746526155012,91.29174259233073,94.50318793076951,92.89726338579806
172,tune,61171,438.1785318026141,2.734759018236114,94.93813021780753,126.36502136782408,COMPLETE,NONE,425.25,95.77269987388328,95.58988569669087,438.31914586830425,0.2767445187144162,2.7347820294418823,0.0028844949117371745,94.93820051309595,0.1480388983647558,0.4343782903557312,126.5,120.33688339817573,12009.682364906637,95.2815430647154,93.675820395496,96.88726573393478,95.81255803234686
173,tune,61172,463.22536174656375,2.760694581192081,96.62335990735163,122.81300701664175,COMPLETE,NONE,428.5,105.07460040586933,105.30039500996558,463.3795048334057,0.29005051643995383,2.7606924507314705,0.003007292945535456,96.62257094129465,0.14658386850847366,0.46067226278455287,123.0,129.9888686895704,11884.576225779243,104.10189564971952,102.49617298050013,105.70761831893891,104.38599137597667
174,tune,61173,464.02256104438794,2.762173701893582,113.74952357910703,111.22322858101745,COMPLETE,NONE,419.25,99.99782129483023,99.62075929295874,464.1716264938317,0.27230783213367993,2.7621658109868283,0.0032515700844107254,113.75137599169423,0.13581861419769958,0.46157348934831466,111.25,117.94911962465287,12654.840579075983,99.08897901665394,97.48325634743455,100.69470168587333,99.85879140713284
175,tune,61174,462.0682241157969,3.3305958367234254,89.28625030984772,112.45197675908474,COMPLETE,NONE,418.75,95.70371948406554,95.87240931796494,462.22646773922264,0.2865986910248069,3.330568779599297,0.0030095410799154784,89.2846991915644,0.1535222159544501,0.4594936922222222,112.5,118.33673326637842,10044.528659050995,96.9109582281086,95.30523555888921,98.51668089732799,96.84445501862676
176,tune,61175,449.4691413340434,2.725395912402501,94.74729859149745,111.04823006199152,COMPLETE,NONE,412.5,87.77850987091858,87.9716570095891,449.64677465705535,0.30421007761865926,2.7253743379631454,0.003163987771008035,94.73959754615181,0.14858385892912573,0.44609030391011234,111.25,111.08475624103525,10539.780227009389,88.6177146431909,87.0119919739715,90.22343731241028,88.30046139107932
177,tune,61176,444.83675433023734,2.6252665333756564,110.51633782134559,114.10516280825595,COMPLETE,NONE,413.25,91.4309770027876,92.01816413231056,445.01103376691293,0.3061847268199414,2.6252442548029555,0.003172944825800198,110.50805393420468,0.15158487691923578,0.44126459547045954,114.25,111.86080230051417,12625.545161982885,92.73862576480224,91.13290309558285,94.34434843402163,92.57965615714025
178,tune,61177,443.99126801264936,2.862096450261401,107.83522748246213,121.84370452211135,COMPLETE,NONE,421.75,100.82102083737209,100.37178082658923,444.1482558622255,0.29387021714079836,2.8621154568721563,0.003180862121025626,107.82891619750886,0.1545372878158153,0.4404668368852459,122.0,119.00941084444193,13155.12777609608,100.01888279514438,98.41316012592499,101.62460546436377,100.02301823733883
179,tune,61178,461.8664764858472,2.8153007162747743,105.03872688705098,115.44549756238001,COMPLETE,NONE,422.0,98.89471055541634,98.99018119123726,462.02337084007354,0.28524392221154904,2.8152948251248957,0.003202411793364626,105.03665350140933,0.15512696017491562,0.4592625699134199,115.5,121.39201108868126,12131.733479412778,100.19914571662949,98.5934230474101,101.80486838584888,100.7396561248186
180,tune,61179,446.8577893760713,2.6694152502060366,110.17806802174601,116.27051884049885,COMPLETE,NONE,417.5,96.310904417416,96.3245405852661,447.01724194645885,0.2914928427354845,2.6694524809990376,0.0030173061991166975,110.16730958821671,0.14336785582021871,0.44346791454935625,116.5,115.04131133473581,12834.491567027248,95.5186140325113,93.9128913632919,97.12433670173068,95.55682271598438
181,calibration,61180,461.6919311581302,2.7766083873012337,94.42084738409504,117.65506005040544,COMPLETE,NONE,423.0,97.88574950078358,97.98893657950661,461.8518876930961,0.29308880202151677,2.776622714183894,0.0030671125714773467,94.41085019126754,0.1502742654765876,0.45909121418259025,117.75,123.6704180460039,11116.877610021753,98.39162756285901,96.78590489363962,99.9973502320784,98.67548550299298
182,calibration,61181,457.99979130658,2.6103784256216684,90.60860365022175,125.64227115334768,COMPLETE,NONE,428.25,100.20108479329795,100.63838646755458,458.16240204726273,0.30873155556402293,2.6103480942125166,0.0031713517327110895,90.603013486704,0.14475697585960545,0.45515454508946324,125.75,130.09325207085038,11393.328945953028,100.04335719273367,98.43763452351428,101.64907986195306,100.61441827617901
183,calibration,61182,458.25179541881084,2.867873962705422,89.85328635088912,114.29451391853743,COMPLETE,NONE,418.25,92.9982521474277,93.03345534234703,458.42232949525464,0.2999236129719932,2.8678959342216404,0.002966052311658768,89.84885260679926,0.14602549546813845,0.4553771693886463,114.5,118.58136624430489,10287.693623478515,93.9531680984925,92.34744542927311,95.55889076771189,93.770616891356
184,calibration,61183,450.514533993127,3.1419139707436003,108.2998486198903,110.3623622294278,COMPLETE,NONE,414.5,96.07938906460232,95.97047618134204,450.66497484049063,0.27560033166821685,3.141954881186649,0.0030274297613564843,108.30629497439489,0.14287161920819938,0.4473591040497738,110.5,110.80929784596152,11967.845594670634,94.7256275392208,93.1199048700014,96.33135020844018,95.46284785611098
185,calibration,61184,448.07613938452727,3.295452496060248,104.89074064865125,128.9104319478792,COMPLETE,NONE,430.25,110.38887292262461,110.4715750181064,448.2210427250099,0.2857908894749476,3.2954279906288506,0.002874473052952842,104.8880749228681,0.1465968581747172,0.44477774230620154,129.0,128.03584197413545,13530.561665049985,111.2297971660581,109.62407449683872,112.8355198352775,110.42137879727845
186,calibration,61185,460.3718403000315,3.116093982008521,94.2784548640106,116.92521287912875,COMPLETE,NONE,422.75,99.46313816222651,99.13596475308677,460.51722555138514,0.27440968529245374,3.11610765436388,0.0029096543706316606,94.27828307129019,0.15406981749302504,0.4577326736111111,117.0,122.21541393542316,11030.559119340953,100.36705923801928,98.76133656879989,101.97278190723867,100.36227530253441
187,calibration,61186,461.7082810230354,3.0508176886532117,94.06669487953965,110.87051144425665,COMPLETE,NONE,416.5,95.0596953943146,94.82650012782703,461.8762102776215,0.2998144048527929,3.0507599816882767,0.0032932277442273145,94.0717662816391,0.1437936797262418,0.45902872461711713,111.0,116.59257986564282,10441.96605726194,95.51785404043855,93.91213137121916,97.12357670965794,95.17676691535749
188,calibration,61187,447.7841991871368,2.772026090449562,114.92328853847029,115.34096795982653,COMPLETE,NONE,417.5,97.49719647021458,97.71511457887073,447.93516006286234,0.27448937582925154,2.7720751119328777,0.002885379960276999,114.91511016891657,0.1472923625395583,0.4444581405194805,115.5,114.49821558373756,13272.695224509864,97.18329730030455,95.57757463108516,98.78901996952393,97.33032119461029
189,calibration,61188,453.86051910631556,3.2966140663778285,94.44429421759106,122.63575036803343,COMPLETE,NONE,428.5,103.7173638081164,103.42788726705751,453.99424297038547,0.2607528708379733,3.2966245303312522,0.002956573195746449,94.44717661908193,0.15067168695104827,0.45092074427698575,122.75,124.81856311067838,11593.390929992307,104.41339610819956,102.80767343898017,106.01911877741895,103.94635655017095
190,calibration,61189,463.6028073971577,2.6089957357952858,101.53950104303533,117.24414322691914,COMPLETE,NONE,423.25,99.03526719298341,99.2080627365417,463.76150131688564,0.2878297934307915,2.6089917195101577,0.002884183923195277,101.54523953051536,0.1421247387316646,0.4610668195522388,117.25,124.10416404002461,11906.179334952925,99.48027686122921,97.87455419200982,101.0859995304486,99.79264335323788
191,calibration,61190,440.1775799280997,3.265687408382662,113.60900465387908,129.61996197285958,COMPLETE,NONE,430.25,109.52228833514144,109.58727483192577,440.3054188384152,0.26620317448393865,3.2656862126065995,0.003066135577342792,113.60628350075496,0.14852050748303192,0.43652048755298656,129.75,124.49568846350527,14740.415284222956,110.7662937668267,109.16057109760732,112.3720164360461,109.86271314701601
192,calibration,61191,464.1290686974671,3.2027587541217475,109.1622561850061,114.77224282904871,COMPLETE,NONE,422.0,107.10101119626601,106.99502279160386,464.2860218406837,0.2851997530082086,3.202759966097477,0.0029805155952072485,109.17360276454315,0.15302928495409793,0.4615882275,115.0,121.9813822303111,12554.964317922462,105.21968137244855,103.61395870322916,106.82540404166794,105.83712621702854
193,calibration,61192,457.3379217036605,3.398337306990645,102.0573305110261,115.45931855263379,COMPLETE,NONE,418.75,102.06349603791404,102.1618757102891,457.5094816097878,0.3046663282777062,3.398326118067892,0.0030987526339726415,102.0517781216521,0.14371535774102323,0.4543882324242425,115.5,119.1684467581681,11786.980373050817,102.48991312352263,100.88419045430324,104.09563579274202,102.58315824992236
194,calibration,61193,457.84525833996304,3.177575691566465,100.60832092945473,113.81293976847184,COMPLETE,NONE,418.75,99.23839118824992,99.18775720737221,457.998218159043,0.27888293992221613,3.1775873045442538,0.003157836263994033,100.6042615235107,0.14778484131756173,0.45507642471491233,114.0,117.85777213766535,11468.88581368022,98.69981691996948,97.09409425075009,100.30553958918887,99.4070964953092
195,calibration,61194,462.54049000344,3.1972609633747107,100.78434520907899,125.72206023211693,COMPLETE,NONE,431.5,110.77685430754022,110.93970772585759,462.68568055395315,0.2765434877275766,3.197267864802896,0.0032101728746276137,100.79435273574981,0.15197566161818374,0.45998843491053676,125.75,132.5213561510563,12674.889856520538,111.42316918932137,109.81744652010198,113.02889185854076,112.01016032715953
196,calibration,61195,445.66206646816977,2.914653468643677,114.21816312560875,123.13833153988324,COMPLETE,NONE,423.75,103.06078337013918,102.92200242276273,445.8170493490394,0.29232611979101464,2.9146818310405362,0.0029998173820173705,114.21764449279333,0.14193099843115498,0.4422054039350913,123.25,121.08772630805097,14077.324683736777,104.38862600770565,102.78290333848626,105.99434867692504,104.09174211758268
197,calibration,61196,456.94470547446934,2.8351140010770592,112.40286928159725,127.32603579629516,COMPLETE,NONE,431.75,112.52012346338144,112.43344194950693,457.08687061017866,0.2811119977908542,2.8351200520000988,0.002904788944834179,112.3937428337038,0.14773469792006527,0.4541751407647059,127.5,131.32054719556825,14330.202211297234,111.76938552104033,110.16366285182094,113.37510819025972,111.53369866869774
198,calibration,61197,459.12190464668674,2.9627634264148286,91.64787087676686,123.05361725831453,COMPLETE,NONE,427.0,102.63889764504663,102.33579686149619,459.2735047147943,0.28540874854054893,2.9627664785274073,0.0029993612102912673,91.65364045890334,0.14939768510442789,0.45641661920892496,123.25,128.09012560901328,11296.311186559837,102.64360111530449,101.0378784460851,104.24932378452388,102.85955964846936
199,calibration,61198,448.6502927813579,2.8726704678232413,100.00548204329995,124.2237185322849,COMPLETE,NONE,426.5,103.09912031905537,103.52628619660891,448.79183568413424,0.2765427027576095,2.872678849186479,0.0030759826138566787,100.0035740219031,0.154442014106196,0.44541342032193165,124.25,123.61905790653256,12425.44407222146,101.43054752037774,99.82482485115835,103.03627018959713,101.48059980839875
200,calibration,61199,443.126947297522,2.814705359014889,114.00854411314444,126.05062198641708,COMPLETE,NONE,427.5,103.58085697282203,104.00732098855806,443.26030346246625,0.26706841134801945,2.814654764157518,0.0031347328448328464,114.0070342716478,0.14230546537987687,0.43962539635643566,126.25,122.68794351167354,14393.388076795534,105.25281002006122,103.64708735084183,106.85853268928061,104.45976438334328
201,calibration,61200,447.74108653131225,3.073335594434223,108.24287885550993,115.11163845117078,COMPLETE,NONE,418.0,96.77271501708601,97.04511363293881,447.88317503339437,0.26472990762210785,3.073334373348012,0.0032683810352317232,108.23277610304604,0.14676910470181045,0.4444694695444686,115.25,114.225253461991,12473.827445876055,97.02448515624395,95.41876248702457,98.63020782546334,97.85709521860868
202,calibration,61201,463.7296571170791,2.6811121352348457,103.74622622313342,127.11127860563144,COMPLETE,NONE,432.5,111.2264432703074,110.89728356093897,463.8805881107424,0.2930287092463318,2.6810942320941806,0.003185579035142681,103.74345709517411,0.15553673090345407,0.4612046279960707,127.25,134.75372825150748,13201.354915360906,109.17038727635187,107.56466460713249,110.77610994557126,109.93806650485166
203,calibration,61202,454.05191678832824,2.6411169562544865,111.6662695609499,127.75326835819806,COMPLETE,NONE,430.25,108.87403866267205,108.70066515072152,454.21067627774664,0.29960171832771154,2.6411193386502894,0.0032232756642716375,111.66068520088155,0.15450055155558795,0.45102201591796875,128.0,130.27427372366668,14292.567705712838,107.81402577339115,106.20830310417176,109.41974844261054,108.34671140685158
204,calibration,61203,440.84041146754146,2.714054434524468,99.1938725612593,122.36867087360875,COMPLETE,NONE,421.25,95.47458664532344,95.45620327638353,440.9884121171206,0.28105272025413325,2.7140748004927824,0.0029409202894560005,99.19644523129446,0.14388304620154746,0.4371852338775511,122.5,117.88643198295595,12151.564540833571,94.96299143375913,93.35726876453974,96.56871410297852,95.07814753103395
205,calibration,61204,449.2780081197722,2.892740594700328,105.37212557536026,112.28186506574072,COMPLETE,NONE,414.75,94.6048735767208,94.40944414509435,449.438784640973,0.28925629141909154,2.8927707812970977,0.0033548695830147223,105.37204894367133,0.1524671482291168,0.4459617602222223,112.5,112.23452391771073,11854.355506163025,93.57433948804429,91.9686168188249,95.18006215726368,93.89495951962876
206,calibration,61205,455.84287868115524,3.1115583583605564,89.0392414220925,114.90624336424308,COMPLETE,NONE,420.0,93.62633135526879,93.52814222478413,455.98977751071556,0.27197328276390353,3.11158290133077,0.003163023674205144,89.04082354439429,0.14864049530835025,0.45298263052173915,115.0,117.91027444964446,10239.694707605342,94.59349439446994,92.98777172525055,96.19921706368933,94.85907818501978
207,calibration,61206,437.65065896349347,3.1200582821955565,87.58275596354986,122.69709741958687,COMPLETE,NONE,420.75,93.33421003307362,93.03857056938904,437.8068634655907,0.29258003686127093,3.1200652521869197,0.0031868615057640956,87.58485787632584,0.15652141967126257,0.4337885333808554,122.75,116.50970457074465,10751.041304318996,92.73526195117712,91.12953928195773,94.34098462039651,93.23697218841964
208,calibration,61207,464.4433790919062,3.161197448326556,99.20539879891813,116.19079114216707,COMPLETE,NONE,424.5,102.67805794923503,102.72150167995726,464.5839645385247,0.2661871516826326,3.1611571753919985,0.003116501583233501,99.20746352619757,0.15204815287160506,0.4620647734408602,116.25,123.45591899566264,11532.867634920467,102.73683665698928,101.1311139877699,104.34255932620867,103.51559260391693
209,calibration,61208,445.18131606244816,2.7028495141192814,104.85092672726032,117.80315095812665,COMPLETE,NONE,418.0,95.49795557853325,95.01325668584727,445.3415853305201,0.2944323002433885,2.702855596972051,0.0029586469861907225,104.8554900267938,0.15012816813335725,0.44166459408898306,118.0,115.69531975345834,12372.947823161669,94.6140448533285,93.0083221841091,96.21976752254788,94.92366848319269
210,calibration,61209,457.60794461799605,2.7917614269198383,88.20579777134063,121.86024467560273,COMPLETE,NONE,427.5,98.40994416892376,98.75106084820806,457.74398452561707,0.26837568205762113,2.791795688580274,0.003150119333301233,88.20701287076885,0.13688612319747692,0.4548752489344262,122.0,125.99654936548082,10761.2555702338,99.03324893498689,97.4275262657675,100.63897160420628,98.28301657270235
211,calibration,61210,457.9726624343142,3.255499017494259,89.75001865142129,119.97544401877798,COMPLETE,NONE,424.0,102.17981300663749,102.40489588427074,458.13460070702365,0.30006677676694327,3.255506908589476,0.0030492140186437634,89.7460831777046,0.15536475952312873,0.4551125182916666,120.0,124.13045503020908,10769.529981324553,101.2485449879236,99.6428223187042,102.85426765714298,101.23475034163371
212,calibration,61211,463.87073680106045,2.9255600396192474,87.99444798285353,113.79676686223627,COMPLETE,NONE,422.0,95.59605811459377,95.72348586761161,464.0182755724478,0.27616717864786705,2.9255945176232347,0.0030588123066474706,88.00653290698246,0.14938651285307722,0.4614375598903509,114.0,120.78971847011884,10032.744751396,95.19113350322877,93.58541083400938,96.79685617244816,95.29322361430042
213,calibration,61212,449.3039257871283,3.1849187556869407,91.87182284372335,114.11851164290925,COMPLETE,NONE,415.0,92.47160619934762,92.29682799685854,449.4711263336019,0.30093647715512034,3.184920748965203,0.003102223261994563,91.871947681844,0.15307050203372255,0.44604243433260393,114.25,113.99592924309238,10496.370022650677,93.3807496683217,91.77502699910231,94.98647233754109,93.25995805606463
214,calibration,61213,452.97604603825954,3.0869942122856355,86.35663486563514,122.28364650377087,COMPLETE,NONE,426.25,99.34276957669364,99.17541540072916,453.1171474093508,0.2694609420016936,3.0870008342959148,0.0032708401756529233,86.35714165822944,0.14606332291807558,0.4499798620612245,122.5,124.11004107193592,10578.749853133106,98.17493055086895,96.56920788164956,99.78065322008834,98.55244384422565
215,calibration,61214,464.9935976421571,2.7889555818007863,88.31254526518443,129.8359031680564,COMPLETE,NONE,435.25,107.372094855734,107.43243431509877,465.14267028957704,0.28858982610135014,2.7889387964239774,0.003178136480499565,88.3068426549084,0.1573402329518234,0.4626232195576923,130.0,138.37014692766937,11479.88954513809,106.41560803648753,104.80988536726814,108.02133070570692,107.94998189557951
216,calibration,61215,459.2549899957466,2.6436019432190094,104.7204352147574,129.34249884354375,COMPLETE,NONE,434.0,108.64616678629672,108.81163356795284,459.3959716276911,0.2803744842678778,2.643617261404922,0.0030143698203651172,104.72484655920746,0.14381198275925597,0.45658661915057913,129.5,134.65316777685297,13561.867629417367,109.84715252576137,108.24142985654198,111.45287519498076,109.76911505428197
217,calibration,61216,454.6138265828643,3.149502672912967,111.71517119729599,112.81728514713532,COMPLETE,NONE,415.75,99.9727813959178,100.24554567603937,454.78656329842784,0.3024672363608314,3.1495136447831826,0.0030013496985016918,111.71358737675023,0.15664260440916591,0.4515261607522124,113.0,115.28328426285208,12623.635373572775,100.24214260361164,98.63641993439225,101.84786527283103,100.3414130117368
218,calibration,61217,439.5443286611098,3.108422845883135,94.60745699315946,121.48300788563805,COMPLETE,NONE,420.5,95.3806235365017,95.74393273692303,439.6918280175113,0.28064675067865263,3.108422467889347,0.003058496483581318,94.60472173530535,0.14648972788174167,0.4358135803497942,121.5,116.27075943460135,11494.473690839599,95.58633732943122,93.98061466021183,97.1920599986506,95.53750152616722
219,calibration,61218,461.4367655714437,3.0530276725259045,109.62779538817759,126.01547706665703,COMPLETE,NONE,432.0,112.56444747162254,112.45226124141978,461.5808681208748,0.2758776560417374,3.0530244824532886,0.002956988901769941,109.6175475099008,0.15047395412742007,0.45887730275247524,126.25,132.45147096765183,13839.215373124976,114.05798391063917,112.45226124141978,115.66370657985856,113.74056501427293
220,calibration,61219,459.9800235775692,2.775383107956811,94.85202598348798,127.92625361507024,COMPLETE,NONE,434.25,106.47841536068228,106.21164926816775,460.11561662103327,0.270359675564727,2.775373794966837,0.0030691827610481895,94.85326401834746,0.15089776322206508,0.4573762825195312,128.0,133.48633990611216,12141.217794348475,106.2542166836331,104.64849401441371,107.85993935285249,106.6670867419914
221,test,61220,448.1601748074179,2.7860070467841096,90.56159795352607,123.05881968772874,COMPLETE,NONE,422.75,97.21035646247942,96.5866686956037,448.32090622720517,0.30445790522569044,2.78602076401542,0.0029117216611197713,90.55028064012372,0.1427322873603322,0.4448144409127789,123.25,122.38047237382648,11160.322088895247,95.77997189332375,94.17424922410436,97.38569456254314,96.31183427688961
222,test,61221,441.7533462627939,2.8570489842272857,99.62653255880475,128.40685954639275,COMPLETE,NONE,426.5,100.98220602553683,101.17158335846044,441.9090122671968,0.3011386163124387,2.857027819202611,0.003037179267008263,99.61708471748963,0.15253913569742952,0.43810368414396883,128.5,124.15189594778202,12800.795386197418,100.83023445273079,99.2245117835114,102.43595712195018,101.64260377061109
223,test,61222,448.86869879608497,3.0267896932741025,98.86559386073023,110.05652108774127,COMPLETE,NONE,410.75,90.76619303925887,90.99025832689931,449.04663692155833,0.3102409796949026,3.026807767982212,0.003184238530335011,98.86948426893295,0.15165889879862626,0.44551367442176876,110.25,109.80815265161173,10900.360640649858,91.32723341218943,89.72151074297004,92.93295608140882,90.99618823016583
224,test,61223,436.4063690099101,3.081223004364597,101.04757309496827,120.35059907152733,COMPLETE,NONE,418.75,95.37661050446796,95.66602023358809,436.5499524229557,0.2762960829332004,3.081223275912042,0.0029458305191180966,101.04786602114373,0.15160343297933515,0.4324985305809129,120.5,113.74898868646433,12176.26785554782,95.81165882185466,94.20593615263527,97.41738149107405,95.36763208873765
225,test,61224,436.6584036541447,3.112140556596193,104.55764351658769,111.61338791396194,COMPLETE,NONE,410.25,88.52255854747439,88.76774390828575,436.81726050854166,0.2833154495752544,3.1121027858112,0.003013764947992198,104.55203609609467,0.14712914995873727,0.43272967838926174,111.75,105.61240088097634,11683.69003373858,89.57356256218735,87.96783989296796,91.17928523140674,89.75749801919343
226,test,61225,460.53265914973684,3.0501572910801946,100.48320469629942,113.15231065246344,COMPLETE,NONE,418.0,96.96340006030883,97.13593747770422,460.6997893872287,0.29783161714026096,3.050158291810847,0.0033334202855124853,100.4819694751443,0.15293653795737072,0.4577972835540839,113.25,118.38653945792211,11379.58304306009,98.33722989757585,96.73150722835646,99.94295256679524,98.82446397194545
227,test,61226,462.87755334126877,3.0576405189557754,96.61043200308437,122.35151744176153,COMPLETE,NONE,428.5,106.1496560113055,105.77427678942657,463.0300908376095,0.2839785469424779,3.0576513436906003,0.0031405828837039688,96.61822151021143,0.14474088761443663,0.46035446518367346,122.5,129.27704959262732,11835.7321350009,106.56160626461775,104.95588359539836,108.16732893383714,106.56481783798907
228,test,61227,453.16894962440415,2.9917142176990597,100.65824530089273,121.59365871522367,COMPLETE,NONE,425.75,101.73853590488997,102.32208241915913,453.30960623974073,0.27026473049298694,2.9917351387889073,0.002975373126105121,100.66910837176819,0.1435918540444907,0.4501891492197125,121.75,123.44921378027036,12256.463944262778,103.01565605783378,101.40993338861439,104.62137872705317,102.61948848460756
229,test,61228,460.072024448105,2.927908444249045,96.98158872068927,119.1084135287838,COMPLETE,NONE,423.25,101.57625930799075,101.10027087671862,460.2301335211769,0.2914605476383114,2.927889655213967,0.0030451163364455017,96.99536172861673,0.14376507992546497,0.4573825842348008,119.25,124.41957709678015,11566.696886137544,101.75690144541157,100.15117877619218,103.36262411463096,101.58733585183782
230,test,61229,439.84597018352935,3.3094838444466186,108.48841230219568,113.64312424892263,COMPLETE,NONE,412.75,94.47518445732022,94.56944122987852,440.01237329534695,0.2929572401556858,3.3094737353005828,0.0032051396394731247,108.48241976595814,0.14544430799678706,0.43601441973626376,113.75,109.00541876060896,12339.875248377739,94.32381459829543,92.71809192907604,95.92953726751482,95.11940973204965
231,test,61230,457.24635116751745,2.8374629744345494,106.44495407688825,127.47541034258616,COMPLETE,NONE,431.25,111.15267178737068,111.01713698434888,457.39755748152965,0.29255794806754476,2.8374650545711315,0.0030665783169926946,106.43980638959025,0.15762895242760272,0.4543893918235294,127.5,131.48891165476144,13571.075314672757,109.41745349105148,107.81173082183209,111.02317616027086,109.80955024719451
232,test,61231,437.88754144887827,3.117166641403578,114.65383831368204,114.7929252808567,COMPLETE,NONE,413.0,95.35042678519657,95.14343954827561,438.05449040695197,0.294160441822339,3.117169123284816,0.0031409659861172646,114.64907033338159,0.15129247353918474,0.433927654826087,115.0,109.2713621385858,13184.643088338882,95.49141515863144,93.88569248941205,97.09713782785083,95.62850319515671
233,test,61232,462.6780264673835,3.3072488778961846,107.97972824911247,115.90888074128088,COMPLETE,NONE,423.5,107.12796083669043,107.17085448417141,462.8213783963306,0.27243362623691975,3.307226871094229,0.0030617134492785204,107.97538924349992,0.15225449993553908,0.4602012956465517,116.0,122.31374737261883,12525.14515224599,105.57864733142534,103.97292466220595,107.18437000064473,106.5577261807832
234,test,61233,456.0628831618943,2.769993270024497,98.0238138206251,122.56029550280329,COMPLETE,NONE,424.75,101.31604291659372,101.29962783393927,456.2271207168875,0.30919713576348007,2.770016247740809,0.0031219502011882645,98.02708864019208,0.15124380574885019,0.4531594866395112,122.75,125.98003977884355,12032.825130583577,101.30807090709048,99.70234823787109,102.91379357630987,101.75454826491821
235,test,61234,453.8352164839617,2.9901365646108258,111.94077097740737,114.31588038757906,COMPLETE,NONE,417.25,100.34482307193734,100.37679634265051,453.99686536477043,0.2935536215439023,2.99014706205083,0.0030256632766460624,111.92809060316394,0.1482929839977112,0.45081020358078605,114.5,116.43081206216723,12815.76637406227,99.78784007807579,98.1821174088564,101.39356274729518,100.11440273204168
236,test,61235,458.21894020440374,3.235380754014383,85.26238145586501,117.74470892662183,COMPLETE,NONE,421.0,95.89344637542102,95.84861476709659,458.38351052227813,0.30120113900827405,3.2353840355259176,0.0030537748538955827,85.26787269870668,0.1449831716747911,0.4554423241401274,117.75,121.92775452086865,10040.292010272711,98.09105972372325,96.48533705450386,99.69678239294264,97.46181047652293
237,test,61236,439.7295074084431,3.043942370780589,94.45210685120611,114.86518188182096,COMPLETE,NONE,414.25,90.05077759534619,89.88302099268886,439.88246909708766,0.27809740554877205,3.043910253990435,0.0031502732239238516,94.46390548230447,0.15011282162896958,0.4359959929782608,115.0,110.14135893462935,10863.349130465014,89.89017864571788,88.28445597649849,91.49590131493727,89.99023767436172
238,test,61237,448.9783649378502,3.01825593493358,113.92924815450897,111.54543247338762,COMPLETE,NONE,412.75,96.06321040412764,96.16123626579193,449.148217707852,0.30504582996384244,3.018244480946959,0.0031448845941778486,113.92711925008616,0.15386691020707072,0.4456085783221476,111.75,111.3498334652555,12731.35557619713,96.31453406662645,94.70881139740706,97.92025673584584,96.49215976303083
239,test,61238,449.8702067118173,2.8971715592476626,85.34556095778018,123.87485850543439,COMPLETE,NONE,426.0,96.72556198187098,96.66568594566583,450.01985295513373,0.29365407222576184,2.897217190966947,0.003145595786099127,85.34565204590639,0.14666972347506263,0.4466829959274194,124.0,124.01038904084508,10582.860853692393,95.99715313195414,94.39143046273475,97.60287580117352,96.50052897147972
240,test,61239,454.96125392705164,2.963911405164131,97.9724001306054,113.63158918330866,COMPLETE,NONE,417.75,95.94504801553576,95.9006165144494,455.116645681939,0.2791580588126429,2.9639198528600286,0.0031983740457024643,97.97301178273474,0.1488001077807251,0.4520120557802198,113.75,116.20750765357234,11144.430090286078,95.1234356487299,93.5177129795105,96.72915831794928,95.50097628105927
241,test,61240,438.09342770988616,3.1032332269326877,100.0200952562799,128.95697486003246,COMPLETE,NONE,425.25,102.21872140933287,102.13543795540808,438.25153390560394,0.29916917974118395,3.103224437934605,0.003042214940461202,100.03170234212581,0.15152725464275804,0.43426807019379843,129.0,122.67902932233325,12904.08960213423,102.26308619004237,100.65736352082298,103.86880885926176,102.68829801410887
242,test,61241,454.5315149797121,3.335376542574246,101.49801383833803,127.47490639996374,COMPLETE,NONE,430.75,111.00694663524574,110.90540104373103,454.6779149495951,0.28342377693467374,3.3353575582853794,0.0030339089313913647,101.49368077204124,0.15159244068184194,0.4515948367843137,127.5,130.01759683989212,12940.444298435259,111.38172753234494,109.77600486312555,112.98745020156433,111.24286988246372
243,test,61242,446.18622419399185,3.1618479579810894,113.94467210166104,111.7387854350993,COMPLETE,NONE,413.5,96.9120058397965,96.95601511227567,446.3436404730417,0.2847503272673741,3.1618449058445015,0.003015948780560762,113.9529555807168,0.1518060224401707,0.4427504207606264,111.75,110.03563269695836,12734.242786145103,96.00440720261733,94.39868453339794,97.61012987183672,96.45004799723021
244,test,61243,451.8298309920498,3.3776734177163457,114.81620448721841,119.63343520830593,COMPLETE,NONE,420.25,107.8389466292004,107.60667749974351,451.999531706675,0.3041163593540753,3.3776767301739845,0.003208186478799774,114.81009069346719,0.13724457120111486,0.4486482491440501,119.75,120.75880616409228,13748.508360542695,107.32912087570104,105.72339820648165,108.93484354492043,107.74510644271584
245,test,61244,449.57608541636347,2.7552938447723667,110.75773096722799,117.21273342947921,COMPLETE,NONE,418.25,97.05203976563027,96.89853373993809,449.7437997757292,0.3030398831631312,2.7552857819093486,0.0029828802964045743,110.75019625989889,0.14382553480424184,0.446253290533049,117.25,117.12368184586438,12985.460511473144,98.24329385662418,96.63757118740479,99.84901652584357,98.28097473859228
246,test,61245,453.35042392048126,2.754325243302684,93.4355359186893,123.30049469656096,COMPLETE,NONE,427.25,99.11726003879868,99.37957866340754,453.49390161648347,0.28070905267932333,2.754334174243342,0.0030308556715992747,93.4266549721195,0.15131388128325368,0.45037283289473684,123.5,125.31985805841046,11538.191889056758,98.87136128222396,97.26563861300457,100.47708395144335,99.41516009648655
247,test,61246,453.5404690051399,3.075187601822428,109.9117334633172,118.26119348313294,COMPLETE,NONE,422.75,101.84555388424133,101.41852544583554,453.6879799897975,0.2753618459479676,3.07517912314977,0.003116788116129094,109.9126243930123,0.14909580605373998,0.4505135173628692,118.5,120.34342801126459,13024.645990571957,103.2242308100073,101.61850814078791,104.82995347922669,103.61413558573729
248,test,61247,447.9354699011928,3.350970860276816,93.8283986714795,112.46523387191463,COMPLETE,NONE,412.75,94.19592245755072,94.14040291516402,448.1051558923212,0.2998848689969029,3.3509566872289906,0.002939771127204293,93.82033965030996,0.15689122443045442,0.44459820637777775,112.5,111.60446614226055,10554.78821065987,93.44014789059747,91.83442522137808,95.04587055981686,93.07872112902236
249,test,61248,439.2169691886797,3.1548129602296004,85.41484602803219,125.30884672872176,COMPLETE,NONE,421.75,95.14582807658178,95.64404142223766,439.38216081795724,0.307546858202913,3.1548312090258896,0.0031276669884053067,85.41516737298247,0.14195156993857858,0.4353923611752988,125.5,119.93763155077237,10719.6035053093,94.98202953402009,93.3763068648007,96.58775220323948,95.35730864561381
250,test,61249,458.3374031916024,2.92293942233736,101.19641916198893,122.9226174351228,COMPLETE,NONE,427.5,104.51633823974376,104.46830846727542,458.49094858512217,0.28282215597441007,2.922909906680207,0.0031270035275836067,101.19935384302997,0.1521167893585916,0.45553850967479675,123.0,127.42027884366954,12447.520522692686,105.16235225057518,103.55662958135579,106.76807491979457,105.48277305475465
251,test,61250,444.0866994838169,3.083401036941414,113.41352835960713,115.176300022159,COMPLETE,NONE,416.0,97.71143485218542,97.75483861180429,444.23969962843,0.28971324946841853,3.0834518426857795,0.003156531463631464,113.41517355061403,0.14495724794364712,0.44058362731019524,115.25,112.4688340433603,13071.098751708267,97.47138273397084,95.86566006475145,99.07710540319023,97.84278250286103
252,test,61251,449.2890122658949,3.068347138593415,86.0447373138562,123.83189952690913,COMPLETE,NONE,425.5,99.45373890837581,99.42662497200939,449.435864027679,0.28593243697404924,3.068337176125157,0.003073607183418772,86.04529825743917,0.14726914071807243,0.4461045437701613,124.0,123.7058633123788,10669.616983922457,97.68179440915242,96.07607173993303,99.2875170783718,97.95534137812082
253,test,61252,441.126513374256,2.7880369566385035,96.49904936838665,128.21810282091204,COMPLETE,NONE,429.0,99.72922159818127,99.94252309029139,441.2615756926307,0.2699031825430889,2.7880075912347904,0.0029449747506781784,96.49909023814098,0.157902160965562,0.43751118643274856,128.25,123.56533820414295,12376.00832304158,99.41492094195563,97.80919827273624,101.02064361117502,99.44344309515814
254,test,61253,463.31969067938854,3.1289842140593724,98.76376148941931,124.16691134794894,COMPLETE,NONE,431.0,109.34955191934057,109.20305018370553,463.4689636201458,0.2815736519833531,3.1289994396880765,0.002914360941052582,98.7567916207755,0.1462671054567181,0.46080880919517103,124.25,131.35753390618788,12270.531358881357,110.15260003642072,108.54687736720133,111.75832270564011,109.70183830891888
255,test,61254,442.35496747826994,2.778020187245168,104.3028965684801,117.56345504002132,COMPLETE,NONE,417.25,94.41459492052883,94.37018402492427,442.50740448810086,0.2799395902045265,2.7780141978455783,0.00320874053996308,104.29576468222794,0.15836680154554897,0.43880130717622085,117.75,114.05868622194828,12280.82629133234,94.50708671891063,92.90136404969124,96.11280938813002,94.10658110150334
256,test,61255,456.4718624146526,2.858018383209712,92.49621444092216,128.98583490462454,COMPLETE,NONE,433.25,106.4648917250277,106.66617215892461,456.61503789482254,0.28455949403996367,2.858013995480518,0.0030330769655692895,92.50258948143424,0.13963195084236785,0.453600845872093,129.0,132.60694050018708,11932.834043105016,106.19483182941366,104.58910916019427,107.80055449863305,105.85369680099751
257,test,61256,437.6749446228228,3.1962212230087736,109.30768094790267,111.04428838664602,COMPLETE,NONE,410.5,92.26444799104351,92.29182573873453,437.83566549211287,0.2798164983836297,3.196227364200888,0.003176498306167211,109.31340237967251,0.1571758924047895,0.43378249031460675,111.25,105.60757011836532,12161.116014738567,91.46791841498299,89.8621957457636,93.07364108420238,91.62265897969104
258,test,61257,449.75601474270945,2.6361427700301223,95.19059502680915,126.0089127389435,COMPLETE,NONE,427.5,98.48765916488374,98.3815319859825,449.90064492518115,0.2784370627873066,2.6361737161719248,0.00311060023331168,95.18982703652557,0.14923464665137093,0.4465804043762376,126.25,126.19726341941276,12017.715663361354,98.99801096873394,97.39228829951455,100.60373363795333,99.57304254630843
259,test,61258,447.87897901588263,3.012562297253801,91.84024997852752,119.09717357297419,COMPLETE,NONE,422.25,95.05433313433693,95.35843741258992,448.01607329184196,0.26601889393850103,3.0125581083875903,0.003142092104738322,91.8388962919722,0.1442860974947664,0.44462726756813414,119.25,118.25616184258574,10951.788382817685,95.48751483259154,93.88179216337215,97.09323750181093,95.4283199204736
260,test,61259,455.7321504747182,2.8050735750481905,103.01892037345313,128.82030433290882,COMPLETE,NONE,434.25,108.36934733008206,108.32811679130091,455.8692054822647,0.2752226979345864,2.8050757740880883,0.0033207356984660645,103.01560059197206,0.1517688183269189,0.4528898269379845,129.0,132.19858300248518,13289.012476364396,108.4646216658515,106.8588989966321,110.07034433507089,108.91393859502305
261,drift,61260,443.4433392694596,3.1266047714392675,108.644139565945,111.66250873621871,COMPLETE,NONE,410.75,93.1991756233653,93.19385519002218,443.6146056910856,0.2996512958459104,3.1266393095007317,0.0030476573488424446,108.64362469618504,0.1497072694256692,0.4398305733780761,111.75,108.76202767368574,12140.92505979868,93.53004804581192,91.92432537659253,95.13577071503131,93.68030134446285
262,drift,61261,441.3828480637641,2.9355096863992642,108.59800708649993,119.66442793941462,COMPLETE,NONE,420.5,97.17676638298633,97.28675178137082,441.5244167304695,0.27222585570756713,2.9355392007028427,0.0029298106440435274,108.59680609414431,0.14134525494122782,0.4377748223173278,119.75,115.50656646222481,13004.467529773781,98.50861351812694,96.90289084890755,100.11433618734632,97.93118720712759
263,drift,61262,458.8677715190502,3.0608669447478816,89.80910738495217,110.98671686620702,COMPLETE,NONE,415.5,92.53542949420535,92.72753893624947,459.03677341876534,0.29680963976012137,3.060904277951933,0.0029167269124533717,89.81187068040715,0.15477044269660298,0.4560503103828829,111.0,115.24708196082976,9969.117645525193,92.90020096200871,91.29447829278932,94.5059236312281,92.63065126135668
264,drift,61263,436.8057171256762,3.0151217956170835,112.43340099538838,110.93891749856934,COMPLETE,NONE,410.0,91.27931323597878,90.98048167542147,436.96837133325903,0.2909454203124913,3.0150993679802216,0.0031326255960030833,112.4389373251103,0.14507660331421968,0.43283322022522525,111.0,104.97279061411783,12480.722043087244,90.28144549249716,88.67572282327777,91.88716816171655,90.57675449948668
265,drift,61264,439.3754033346964,3.2895952676373086,95.3770764328324,110.04698981479763,COMPLETE,NONE,409.25,88.15421303777077,88.18912960766046,439.53514597914346,0.2785294837466495,3.289577538171099,0.0030317777064025595,95.38300524395859,0.14976037043183635,0.4355787788435374,110.25,105.43338698209696,10515.976328146435,87.63531788479399,86.0295952155746,89.24104055401338,88.058079790322
266,drift,61265,446.2764275894066,3.0618171829129497,92.94414425804351,129.9466937000034,COMPLETE,NONE,429.75,104.28303714424271,104.4392971192468,446.4261044245869,0.29525600543700253,3.06184064391496,0.002975497824604534,92.93975480365621,0.1517032488923854,0.4428920153076923,130.0,128.05052314130253,12082.168124475307,103.48138930752567,101.87566663830628,105.08711197674506,104.18318675367749
267,drift,61266,460.5705070913956,3.2408440489982158,102.94321638147218,120.01614763318632,COMPLETE,NONE,426.0,108.8080443471976,108.84142657129706,460.7193080556216,0.2825437381013436,3.2408236366460326,0.00319338770258631,102.94467413285874,0.164321417230397,0.4579576596257796,120.25,125.71405001818377,12379.097064476264,107.09061749478421,105.48489482556482,108.6963401640036,107.34124212068969
268,drift,61267,462.2004150357972,2.654562021927777,97.16130334116461,123.49354810222304,COMPLETE,NONE,430.75,104.74292391350815,104.6878189553801,462.3365494239737,0.26276284903841773,2.6546094235474986,0.00300673739601452,97.16271547743357,0.14618015277130933,0.4596706872874494,123.5,129.965612835853,11999.595361463045,103.33591652609702,101.73019385687763,104.94163919531641,103.46609539268
269,drift,61268,441.7786828140831,3.029244945527385,114.45372677952315,122.31480609960568,COMPLETE,NONE,422.75,103.57038860071339,103.51580498380685,441.92968482874727,0.28567343044457083,3.0292612773913947,0.0032020174891563176,114.45392904164618,0.14648022775498618,0.4380879012040816,122.5,118.36544430720937,14020.606307601656,102.74246379673033,101.13674112751094,104.34818646594972,102.80891505397078
270,drift,61269,449.14552872980846,3.3650194853381596,112.12615625014513,115.41111758474295,COMPLETE,NONE,417.5,103.1452610368811,102.65735895383105,449.30394341909346,0.2842011702830307,3.365040646421739,0.0031428105058254126,112.13360591969523,0.15370854191249841,0.44588070188311685,115.5,115.16198349248039,12951.431483724798,101.03914529945163,99.43342263023224,102.64486796867102,101.9252987651229
271,drift,61270,448.21934207584866,2.6833657005835,96.43551033069168,111.94698461613032,COMPLETE,NONE,413.0,89.81243828769196,89.61450958036993,448.392575376211,0.30001497614041994,2.6834279890033677,0.0029901078307825475,96.44333525383286,0.15219356313310584,0.44486577491071433,112.0,111.24352869977866,10801.65354842928,88.34063790994932,86.73491524072993,89.94636057916871,88.59785663282398
272,drift,61271,461.42032363137974,3.2781863552074313,106.17466652545481,113.29944788784974,COMPLETE,NONE,420.0,105.82507608309082,105.81076373063324,461.57635026701263,0.28777642874352133,3.278207776734079,0.003082370980135133,106.16169721711213,0.14782486833984562,0.458776174845815,113.5,119.07299361047234,12049.352634142228,102.13976534304561,100.53404267382622,103.745488012265,102.96492236811451
273,drift,61272,438.8311462933929,2.752600578255625,85.49237086400252,128.2530727093679,COMPLETE,NONE,428.5,96.43685809198058,96.14224431982916,438.96470093692153,0.26853841577429066,2.7525838284403714,0.0030477888918604853,85.48567370096893,0.1519592487717401,0.4351014840272373,128.5,122.58257989729972,10984.909070574507,93.1751107427357,91.56938807351631,94.78083341195509,94.17745719263648
274,drift,61273,452.3664940854557,2.9933773133259165,108.26206855833351,117.35874726492337,COMPLETE,NONE,420.5,104.07292438905633,104.09433874493857,452.5140002087789,0.2705944928070994,2.9933714206004796,0.0031260618406391593,108.25517046553601,0.14797725046237514,0.4492981618085106,117.5,118.7449776262431,12719.98252970048,100.749000417224,99.1432777480046,102.35472308644339,101.07295908359201
275,drift,61274,448.28669775744197,2.825035009537553,102.35703724177688,111.15983503180541,COMPLETE,NONE,412.25,93.70364777047125,94.58559863608836,448.4558226588794,0.29063431288111774,2.825025917402977,0.003156136654027515,102.35122748135791,0.14608936846505646,0.4449314365393259,111.25,110.52812612535513,11386.574057301068,90.95940510068968,89.35368243147029,92.56512776990907,91.03660373180935
276,drift,61275,443.8752748369513,3.2951372362287583,109.60544642527165,118.73428502489871,COMPLETE,NONE,417.75,104.39448142780543,104.60249655886365,444.0379729094896,0.29701024018817945,3.2951279921315066,0.0032250876445107175,109.60855607071123,0.14333545226563843,0.44030780343157894,118.75,115.78445897986525,13016.016033396958,100.71469723492403,99.10897456570464,102.32041990414342,101.26114295981961
277,drift,61276,460.09241837510984,2.9389700815265853,111.69118302391274,112.57446025753121,COMPLETE,NONE,418.25,104.39780842628554,104.37580817254857,460.2534049706686,0.28370209514266576,2.938958362909168,0.003068176245103486,111.6826781881378,0.1462584119336951,0.4573486779379157,112.75,117.64899377631274,12592.221965712537,99.8930328216995,98.28731015248012,101.4987554909189,100.65391550676223
278,drift,61277,460.42634143474646,2.8170946742948844,113.65543674194036,124.81527510152948,COMPLETE,NONE,431.75,115.43199625965256,115.15912978623804,460.5606004507742,0.2625491322085257,2.8171133655660907,0.003085592752877307,113.66759727815925,0.14790881736802294,0.45784423326,125.0,130.59516977626194,14208.449659769905,111.2727919695536,109.6670693003342,112.87851463877298,111.11647130936908
279,drift,61278,452.8440330975924,3.2923452569119025,99.0270413146187,121.02521897752139,COMPLETE,NONE,423.0,106.9870728985086,107.04632483817753,453.0065975472397,0.30588093309349934,3.2923668031057383,0.002838760768139478,99.01990861941019,0.15120672103492797,0.4497509950927835,121.25,122.78698187481298,12006.163920103485,104.26620143314317,102.66047876392378,105.87192410236256,103.88432628274309
280,drift,61279,448.5755278477064,2.7953549746262736,109.025212643481,128.32250132130815,COMPLETE,NONE,431.0,111.30060092153498,111.48495454954545,448.7098871921881,0.27283658985938297,2.795383902407678,0.003129886961469582,109.0299316792804,0.1504432467246569,0.44537438455252926,128.5,127.8032549147432,14010.346220787531,107.3748043489916,105.76908167977221,108.98052701821099,107.12790672502162
281,drift,61280,453.5372927733644,2.7899347787000988,110.73778463794243,115.44808870364766,COMPLETE,NONE,419.0,101.93717933101665,102.02308531885181,453.69617214167573,0.2922564300741109,2.7898910884198913,0.002926447088670097,110.73827274584487,0.14294862164177016,0.4504544366450216,115.5,117.30076385314185,12790.270502145082,98.61283204952296,97.00710938030358,100.21855471874235,98.75245392226293
282,drift,61281,463.6203449193763,2.9977895371406995,105.6893272620177,125.16213616102945,COMPLETE,NONE,431.25,117.95073313509346,117.63741017159056,463.7731992909823,0.29188290943842127,2.99783652024119,0.0032824538466429873,105.69466303134791,0.14628995489068009,0.461141980758483,125.25,132.5781092513283,13238.256544676326,111.61486605445717,110.00914338523778,113.22058872367656,112.03201745344381
283,drift,61282,453.02918435545473,2.7329063515282943,110.91601598789742,119.36173163372601,COMPLETE,NONE,422.75,106.12252765807413,105.58635283442617,453.1785674801726,0.2787047340502047,2.7329099340921075,0.0029711167004391917,110.90999420454602,0.14197143568356432,0.4500055857740586,119.5,121.10163015223934,13253.74430744325,101.55432702441942,99.94860435520003,103.16004969363881,101.4433419974634
284,drift,61283,453.32015449523067,2.6950867563186462,103.52889094676681,122.27719043655334,COMPLETE,NONE,425.5,106.86078400674313,107.08311039099893,453.4732647074017,0.2888872229932439,2.695092293380803,0.002998172631213775,103.52338657536332,0.1506252888846446,0.4502671832244898,122.5,124.29443582149293,12681.614855482007,101.06124482675622,99.45552215753683,102.66696749597561,101.4780366287647
285,drift,61284,464.7372178733454,2.684541953390027,103.56621318648567,124.55355415086451,COMPLETE,NONE,431.5,115.11446766794506,114.8829617908508,464.88240797805025,0.2790412903616959,2.684563823951062,0.003062985961730128,103.57341408769534,0.15350361872219137,0.462313079498998,124.75,132.6426625464501,12920.783407439994,107.65702330418956,106.05130063497018,109.26274597340895,108.19600409632208
286,drift,61285,448.6622937525752,2.832306994790029,106.69639733941486,114.40957306743515,COMPLETE,NONE,416.0,100.23078184448732,100.64590786809063,448.8263034696021,0.29034856212017135,2.8323403781696816,0.00300655919115962,106.69475555958763,0.14782138464789044,0.4453198612882096,114.5,113.93514554307434,12216.549511572784,95.01279616058456,93.40707349136517,96.61851882980395,95.17782580680436
287,drift,61286,444.91316460276386,2.870725152948866,114.00575150088677,128.8241041268478,COMPLETE,NONE,431.25,114.82969033495058,114.96092760884362,445.04086328036607,0.26765309098102313,2.870738329559248,0.0029884074825921422,114.01240784906501,0.15266354849475383,0.4415372827325581,129.0,126.31841238217285,14707.600612529386,109.00011082020755,107.39438815098816,110.60583348942694,108.10603893084375
288,drift,61287,461.8254108305318,3.0286222685427697,100.40166452113186,123.57363943907941,COMPLETE,NONE,429.5,115.59553505291916,115.7694162822714,461.970072774615,0.2803685975540044,3.028627152819216,0.002954450755218042,100.40722605087483,0.14892918418139783,0.4592427085050505,123.75,130.0346522586068,12425.39422379576,108.42838191053228,106.82265924131289,110.03410457975167,108.33086030304156
289,drift,61288,448.90825662866985,3.382473065234993,86.14623347159247,119.86523002020265,COMPLETE,NONE,421.5,102.0426043684373,101.8477561133095,449.06339286787716,0.29009393293786495,3.382442942194625,0.0029758155740823586,86.14463515959787,0.1538534465345564,0.44563547170833334,120.0,119.52752070100345,10337.356219151745,96.97964933949754,95.37392667027815,98.58537200871693,96.89869133036414
290,drift,61289,449.1819564941834,2.9948495501269634,94.2266308621708,126.04737592547858,COMPLETE,NONE,427.25,108.9536843877179,108.71659629125446,449.33332983142174,0.28902229451851374,2.9948908451325136,0.003120753951655884,94.21823991351957,0.14773104986053912,0.4459470173267327,126.25,125.89611666549371,11895.052789081845,102.03153513931575,100.42581247009636,103.63725780853514,102.35552712373912
291,drift,61290,438.3111285470939,3.398989003359573,112.55571699120394,122.7115642989641,COMPLETE,NONE,423.5,110.5418321067548,110.43702353421693,438.4472972443703,0.2685384273261547,3.3990112350328054,0.003169747163047361,112.56325425751116,0.1479990971861128,0.43449400560081464,122.75,116.83462656347328,13817.139460109494,103.51007485894235,101.90435218972296,105.11579752816174,103.76513308936457
292,drift,61291,440.4984154397974,2.989555178507566,104.52627619816987,113.5997090376559,COMPLETE,NONE,413.0,97.08947805122638,96.70255404500203,440.660089756167,0.2899906500596433,2.9895898439808013,0.003019282729003488,104.52221680267779,0.15244324316866223,0.4367386840879121,113.75,109.31097522231948,11889.402161304599,92.03496569202119,90.4292430228018,93.64068836124058,91.97565701871021
293,drift,61292,446.1321790101059,2.73864599702649,100.29660743678954,112.03650213952828,COMPLETE,NONE,413.25,94.99129460931887,95.07397414385498,446.2981206727744,0.2917719212573865,2.7386259660363335,0.0031019487110005473,100.29025899207454,0.14656733339760744,0.4426404815812917,112.25,110.50658261837319,11257.581571860368,89.6276520839836,88.02192941476422,91.233374753203,89.66952316362004
294,drift,61293,445.6137868907953,2.8247398923727656,114.13296458336904,123.81760606685036,COMPLETE,NONE,425.5,109.72234697204756,109.92593306560259,445.7536043372163,0.2689750315750476,2.8247384720357065,0.0030904081199036623,114.12910699674995,0.15031277589108838,0.44221934018145165,124.0,121.79166946168667,14152.009267596994,104.28815897072269,102.6824363015033,105.89388163994208,103.82764053019827
295,drift,61294,436.1958236110904,3.316022562756214,99.71901184843387,115.6422626036267,COMPLETE,NONE,414.0,98.51296066128364,98.41311343247916,436.3489561879053,0.2784617383367989,3.3159872016745044,0.003246797757232564,99.72808551868108,0.14639101527156162,0.4322438147732181,115.75,109.16919545252406,11543.525898787335,91.99266836830574,90.38694569908635,93.59839103752513,92.73744053780437
296,drift,61295,437.5198140579408,2.926913829316702,108.9067289082054,123.02470391071974,COMPLETE,NONE,420.0,105.60365729690172,105.71513119063592,437.6779273813058,0.2919651660735848,2.926918745369526,0.003226209606682124,108.91082577905847,0.14409205031586053,0.4336365579310345,123.25,116.9186417401369,13423.259277268957,99.26480382615395,97.65908115693456,100.87052649537334,99.14439500621985
297,drift,61296,461.3672147800154,3.320509388834383,108.17304139639886,114.73553515396092,COMPLETE,NONE,421.5,112.12069157364459,112.40676951772447,461.51468687100987,0.2694847771585758,3.32054565242783,0.0031798138675085395,108.16822062434208,0.14940692572418457,0.4587905733115468,114.75,120.35411504972451,12412.303316643254,103.31405979561839,101.708337126399,104.91978246483778,105.00750646798657
298,drift,61297,437.5386119400474,2.7223696555101444,93.31284712377317,111.5157866312247,COMPLETE,NONE,412.75,90.4580224863756,90.69655560674458,437.68211596197915,0.26703736102016007,2.722401843713142,0.0029531999652476337,93.31881553308754,0.14763760913186272,0.4337000482997763,111.75,106.01132565987223,10428.377635822533,83.47590676559759,81.8701840963782,85.08162943481697,83.80218388630034
299,drift,61298,448.30674975334875,2.6118313104030584,90.07682827503645,129.49049886048482,COMPLETE,NONE,430.25,105.83205889428,105.64699503022719,448.4584138755007,0.2942513086542796,2.6118588994886838,0.003134271253988253,90.0744792827038,0.15403596463700658,0.44498804986486484,129.5,128.6611157419503,11664.645067110143,97.499487440119,95.89376477089961,99.10521010933839,99.31551071673766
300,drift,61299,437.2077837137981,2.868304168005843,109.46404512208379,122.54255163565777,COMPLETE,NONE,419.25,105.6454415989554,105.57143865213807,437.37062449353647,0.3036634704847315,2.8683588221021217,0.003185112177762161,109.46112292211073,0.15013674788618864,0.4332423737678207,122.75,116.28856242850826,13436.352838689092,98.22130728280032,96.61558461358094,99.82702995201971,98.25550641081452
