time_s,temperature_c,pressure_torr,flow_sccm,truth_temperature_c,truth_thickness_nm,state,fault,heater,throttle,flow_command,precursor
0.0,25.04481183062627,4.999177586433913,0.0,25.0,0.0,PUMP_DOWN,NONE,0.0,1.0,0.0,False
0.25,24.93179938222424,4.411859635206296,0.009021540389615772,25.0,0.0,PUMP_DOWN,NONE,0.0,1.0,0.0,False
0.5,25.20103228683318,3.8969512801399433,0.0,25.0,0.0,PUMP_DOWN,NONE,0.0,1.0,0.0,False
0.75,25.07347630752778,3.4437712694035234,0.01581213734968478,25.0,0.0,PUMP_DOWN,NONE,0.0,1.0,0.0,False
1.0,24.86042979329377,3.0404349299015263,0.10429547916874317,25.0,0.0,PUMP_DOWN,NONE,0.0,1.0,0.0,False
1.25,24.798367817907238,2.6842290667414526,0.0,25.0,0.0,PUMP_DOWN,NONE,0.0,1.0,0.0,False
1.5,24.806569339032254,2.3668602275368795,0.0,25.0,0.0,PUMP_DOWN,NONE,0.0,1.0,0.0,False
1.75,24.809883027783446,2.0967866510754383,0.023512662993633773,25.0,0.0,PUMP_DOWN,NONE,0.0,1.0,0.0,False
2.0,24.971960358305505,1.8444893379013227,0.0,25.0,0.0,PUMP_DOWN,NONE,0.0,1.0,0.0,False
2.25,24.99272485818984,1.6371092144025932,0.0,25.0,0.0,PUMP_DOWN,NONE,0.0,1.0,0.0,False
2.5,24.92833700859491,1.4438583311295783,0.0,25.0,0.0,PUMP_DOWN,NONE,0.0,1.0,0.0,False
2.75,25.159134793507913,1.2767185830816432,0.0,25.0,0.0,PUMP_DOWN,NONE,0.0,1.0,0.0,False
3.0,25.132658480107477,1.1294373962409519,0.0,25.0,0.0,PUMP_DOWN,NONE,0.0,1.0,0.0,False
3.25,25.016569621487424,1.0008114878396526,0.0,25.0,0.0,PUMP_DOWN,NONE,0.0,1.0,0.0,False
3.5,25.01142103455655,0.8894707086484424,0.0,25.0,0.0,PUMP_DOWN,NONE,0.0,1.0,0.0,False
3.75,25.12890740320324,0.7840657969648345,0.0,25.0,0.0,PUMP_DOWN,NONE,0.0,1.0,0.0,False
4.0,25.300062481951365,0.6962564896545862,0.0,25.0,0.0,PUMP_DOWN,NONE,0.0,1.0,0.0,False
4.25,25.01117743431572,0.6165062507192751,0.0,25.0,0.0,PUMP_DOWN,NONE,0.0,1.0,0.0,False
4.5,25.10243654007928,0.5446885863576368,0.10008713412514918,25.0,0.0,PUMP_DOWN,NONE,0.0,1.0,0.0,False
4.75,25.215778388748422,0.4811851695160879,0.030470791558441353,25.0,0.0,PUMP_DOWN,NONE,0.0,1.0,0.0,False
5.0,24.930503863519238,0.4291650983806941,0.0,25.0,0.0,PUMP_DOWN,NONE,0.0,1.0,0.0,False
5.25,24.9131047605246,0.3801614021121594,0.13481458081506115,25.0,0.0,PUMP_DOWN,NONE,0.0,1.0,0.0,False
5.5,25.17178330111812,0.3343901654319515,0.0,25.0,0.0,PUMP_DOWN,NONE,0.0,1.0,0.0,False
5.75,25.097035513386015,0.29497511537628823,0.0,25.0,0.0,PUMP_DOWN,NONE,0.0,1.0,0.0,False
6.0,24.985406961149486,0.27171064540382334,0.10341058508561334,25.0,0.0,PUMP_DOWN,NONE,0.0,1.0,0.0,False
6.25,24.95091798696667,0.23770020176226944,0.0,25.0,0.0,PUMP_DOWN,NONE,0.0,1.0,0.0,False
6.5,25.228529410068425,0.21181148017425735,0.0,25.0,0.0,PUMP_DOWN,NONE,0.0,1.0,0.0,False
6.75,25.05288836009279,0.19004391785683783,0.0,25.0,0.0,PUMP_DOWN,NONE,0.0,1.0,0.0,False
7.0,24.83288992852734,0.1703484050390308,0.0,25.0,0.0,PUMP_DOWN,NONE,0.0,1.0,0.0,False
7.25,25.174919166428534,0.1546717702431541,0.0,25.0,0.0,PUMP_DOWN,NONE,0.0,1.0,0.0,False
7.5,25.1002571534901,0.13609876570778617,0.15781895376404204,25.0,0.0,HEAT,NONE,1.0,0.0,100.0,False
7.75,27.96330622220148,0.18228526691435937,26.644803118537297,27.964116156302225,0.0,HEAT,NONE,1.0,0.0,100.0,False
8.0,30.970985915106752,0.24939787466332056,46.168557806359985,30.918983907774987,0.0,HEAT,NONE,1.0,0.0,100.0,False
8.25,33.81896057891536,0.34759259018650907,60.864045251676934,33.864632110572074,0.0,HEAT,NONE,1.0,0.0,100.0,False
8.5,37.137803024785555,0.45923596009433776,71.2559287760144,36.801089530812646,0.0,HEAT,NONE,1.0,0.0,100.0,False
8.75,39.75919543677174,0.5856573982408566,79.01240037500435,39.728384844862035,0.0,HEAT,NONE,1.0,0.0,100.0,False
9.0,42.615657090073775,0.716379816313406,84.74248946106223,42.646546639611756,0.0,HEAT,NONE,1.0,0.0,100.0,False
9.25,45.40055203794779,0.8493204216133459,88.78560397526483,45.55560341275884,0.0,HEAT,NONE,1.0,0.0,100.0,False
9.5,48.29741087977655,0.9890221127059675,91.66280666603363,48.45558357308391,0.0,HEAT,NONE,1.0,0.0,100.0,False
9.75,51.49232544691637,1.129597194220021,94.00792918333455,51.34651544072881,0.0,HEAT,NONE,1.0,0.0,100.0,False
10.0,54.13977299454462,1.27057866526436,95.3066446937232,54.228427247473064,0.0,HEAT,NONE,1.0,0.00640583,100.0,False
10.25,56.931636016431035,1.4134011300237843,96.46622021103907,57.1013471370095,0.0,HEAT,NONE,1.0,0.01436586,100.0,False
10.5,60.09229444344139,1.5469518132507651,97.76173618979873,59.96530316521921,0.0,HEAT,NONE,1.0,0.02211065,100.0,False
10.75,62.69349874551379,1.6923422943858075,98.29904763855258,62.82032330044569,0.0,HEAT,NONE,1.0,0.03475108,100.0,False
11.0,65.43591018272383,1.8280382265252737,98.95744184908499,65.66643542376755,0.0,HEAT,NONE,1.0,0.04712404,100.0,False
11.25,68.49379659337099,1.9537492322370222,99.05505179470758,68.50366732927102,0.0,HEAT,NONE,1.0,0.05904629,100.0,False
11.5,71.18577387590476,2.083796580390938,99.24477151033192,71.33204672432157,0.0,HEAT,NONE,1.0,0.07393352,100.0,False
11.75,74.14392266793048,2.198603005027398,99.41313030188746,74.15160122983423,0.0,HEAT,NONE,1.0,0.08700276,100.0,False
12.0,76.7706996077957,2.319871234710234,99.61623055041751,76.96235838054338,0.0,HEAT,NONE,1.0,0.10342363,100.0,False
12.25,79.90923386808095,2.4246963822907874,99.63197767513536,79.76434562527163,0.0,HEAT,NONE,1.0,0.11761332,100.0,False
12.5,82.50858753819755,2.525295367092451,99.80814845125495,82.55759032719789,0.0,HEAT,NONE,1.0,0.13238002,100.0,False
12.75,85.28582973817319,2.6217758991736884,99.65197875567671,85.34211976412473,0.0,HEAT,NONE,1.0,0.14768746,100.0,False
13.0,87.9969342396013,2.7163761126699266,99.79598525369747,88.11796112874447,0.0,HEAT,NONE,1.0,0.16402651,100.0,False
13.25,90.72702746076162,2.7937423534981556,100.13549315975465,90.88514152890514,0.0,HEAT,NONE,1.0,0.17757149,100.0,False
13.5,93.42558434250255,2.866793539378741,99.84988367989497,93.64368798787473,0.0,HEAT,NONE,1.0,0.19128772,100.0,False
13.75,96.12947452345628,2.9375896843313316,99.95601889528415,96.39362744460539,0.0,HEAT,NONE,1.0,0.20561393,100.0,False
14.0,99.14570303064038,2.9941607911821433,100.03861315144384,99.13498675399649,0.0,HEAT,NONE,1.0,0.21755106,100.0,False
14.25,101.7868980847338,3.050932414340254,99.81210178603509,101.8677926871569,0.0,HEAT,NONE,1.0,0.23047033,100.0,False
14.5,104.40965651763506,3.1039385578429552,99.90808816180764,104.59207193166628,0.0,HEAT,NONE,1.0,0.24337833,100.0,False
14.75,107.35160314528906,3.1421171531400476,99.92223494138184,107.30785109183569,0.0,HEAT,NONE,1.0,0.25348119,100.0,False
15.0,109.93896254341705,3.181220222463291,99.94623803579526,110.01515668896764,0.0,HEAT,NONE,1.0,0.26447081,100.0,False
15.25,112.69129861438914,3.2111264300544162,100.1702708133852,112.71401516161484,0.0,HEAT,NONE,1.0,0.27384158,100.0,False
15.5,115.50652951203347,3.23927731567009,99.91092429802076,115.4044528658385,0.0,HEAT,NONE,1.0,0.28330255,100.0,False
15.75,117.87920076746471,3.263486359909837,100.1416455403164,118.08649607546567,0.0,HEAT,NONE,1.0,0.29227639,100.0,False
16.0,120.73906472247754,3.2805311017079353,100.11478637495688,120.76017098234604,0.0,HEAT,NONE,1.0,0.29990474,100.0,False
16.25,123.55018136450691,3.296337708102873,99.92987946560626,123.42550369660717,0.0,HEAT,NONE,1.0,0.30754888,100.0,False
16.5,126.30976619430983,3.3010276321485423,100.12795773178364,126.08252024691012,0.0,HEAT,NONE,1.0,0.31273992,100.0,False
16.75,128.80533639255793,3.31615480658988,100.2808996118391,128.73124658070333,0.0,HEAT,NONE,1.0,0.32065049,100.0,False
17.0,131.59437538548266,3.315522924130613,99.74600303248748,131.37170856447585,0.0,HEAT,NONE,1.0,0.32492743,100.0,False
17.25,134.12646534286833,3.3194941788224446,99.99762981860796,134.00393198401025,0.0,HEAT,NONE,1.0,0.3303952,100.0,False
17.5,136.75390166618516,3.3189822292127826,99.68313026653638,136.62794254463438,0.0,HEAT,NONE,1.0,0.33485489,100.0,False
17.75,139.28266072452266,3.3236925675174067,99.96285689152228,139.24376587147208,0.0,HEAT,NONE,1.0,0.34063946,100.0,False
18.0,141.85720772425938,3.318483210609864,99.77277636553914,141.85142750969385,0.0,HEAT,NONE,1.0,0.34406566,100.0,False
18.25,144.42595469713413,3.31449858796608,99.75333186380325,144.45095292476617,0.0,HEAT,NONE,1.0,0.3477575,100.0,False
18.5,147.118219663409,3.312382007637954,100.06087251009392,147.04236750270002,0.0,HEAT,NONE,1.0,0.35188056,100.0,False
18.75,149.47730230908516,3.3044503390299997,99.8500654310229,149.62569655029904,0.0,HEAT,NONE,1.0,0.35455494,100.0,False
19.0,152.06796901534767,3.3001807122559006,99.88249665747239,152.20096529540638,0.0,HEAT,NONE,1.0,0.35804458,100.0,False
19.25,154.8216088304745,3.292832329944056,100.30373233614222,154.76819888715147,0.0,HEAT,NONE,1.0,0.36072419,100.0,False
19.5,157.11850403931516,3.2860959678071873,99.98654621548468,157.32742239619517,0.0,HEAT,NONE,1.0,0.3634642,100.0,False
19.75,159.87655635545522,3.2701154018410503,99.93094854779943,159.87866081497486,0.0,HEAT,NONE,1.0,0.36383356,100.0,False
20.0,162.53341864746523,3.265567600671378,100.01214178179038,162.42193905794863,0.0,HEAT,NONE,1.0,0.36682071,100.0,False
20.25,164.91367445974817,3.25997407841778,99.99676713563647,164.95728196183825,0.0,HEAT,NONE,1.0,0.36948025,100.0,False
20.5,167.15465193499955,3.244633629381049,99.70467174468975,167.48471428587186,0.0,HEAT,NONE,1.0,0.3696505,100.0,False
20.75,169.51654494970134,3.2357583097792446,100.20002756545443,170.00426071202583,0.0,HEAT,NONE,1.0,0.37121215,100.0,False
21.0,172.5230138311854,3.2243831488392876,99.85889032860561,172.51594584526583,0.0,HEAT,NONE,1.0,0.3720278,100.0,False
21.25,175.1893861983244,3.219116205709566,100.00719645410538,175.0197942137869,0.0,HEAT,NONE,1.0,0.37419103,100.0,False
21.5,177.5078110009274,3.2091982714079292,100.12080833604242,177.51583026925312,0.0,HEAT,NONE,1.0,0.37511941,100.0,False
21.75,180.08696348163994,3.2003305306590293,99.84356790927527,180.00407838703654,0.0,HEAT,NONE,1.0,0.37616414,100.0,False
22.0,182.56122918119135,3.1883436343632097,100.16407550734408,182.4845628664549,0.0,HEAT,NONE,1.0,0.37630712,100.0,False
22.25,184.76665030775052,3.1811271349029986,99.99889527373492,184.95730793100915,0.0,HEAT,NONE,1.0,0.3774575,100.0,False
22.5,187.2236408960233,3.177899708553078,100.21906029567563,187.42233772861994,0.0,HEAT,NONE,1.0,0.37948091,100.0,False
22.75,189.81013876762213,3.165982876389433,100.05680088411651,189.8796763318635,0.0,HEAT,NONE,1.0,0.37929651,100.0,False
23.0,191.9373138187048,3.15589155258512,99.99079800295081,192.3293477382066,0.0,HEAT,NONE,1.0,0.37939486,100.0,False
23.25,194.78385847326234,3.143792866616392,99.95959766134064,194.77137587024117,0.0,HEAT,NONE,1.0,0.37884988,100.0,False
23.5,197.17904576141015,3.143086554810684,100.0501638529433,197.2057845759175,0.0,HEAT,NONE,1.0,0.38094549,100.0,False
23.75,199.6317643742471,3.1362634488225014,99.91671265973824,199.6325976287775,0.0,HEAT,NONE,1.0,0.38149845,100.0,False
24.0,201.99342418245527,3.118597911154082,100.23536576661694,202.05183872818657,0.0,HEAT,NONE,1.0,0.37926926,100.0,False
24.25,204.6081813547946,3.120349303605808,100.1003346862511,204.46353149956542,0.0,HEAT,NONE,1.0,0.38159522,100.0,False
24.5,206.88422178276997,3.1113214616867806,99.96219895240687,206.8676994946204,0.0,HEAT,NONE,1.0,0.38125793,100.0,False
24.75,209.23382612771525,3.1043946852470117,100.22677438353044,209.26436619157369,0.0,HEAT,NONE,1.0,0.38130861,100.0,False
25.0,211.73690818066382,3.097933335839677,99.91309116082468,211.6535549953926,0.0,HEAT,NONE,1.0,0.3813683,100.0,False
25.25,213.9400394649061,3.097094097708091,100.07600307250857,214.03528923801787,0.0,HEAT,NONE,1.0,0.38271748,100.0,False
25.5,216.4197247623386,3.0852633708918487,99.83364197132595,216.409592178592,0.0,HEAT,NONE,1.0,0.38132359,100.0,False
25.75,218.76645777006556,3.083734655536321,99.9411194005962,218.77648700368604,0.0,HEAT,NONE,1.0,0.38231107,100.0,False
26.0,221.10191044007604,3.075194009751104,100.01643914614365,221.13599682752613,0.0,HEAT,NONE,1.0,0.38152989,100.0,False
26.25,223.24919306040712,3.070439293824378,99.87184066565133,223.48814469221895,0.0,HEAT,NONE,1.0,0.38156176,100.0,False
26.5,225.96564132286176,3.0643582452942115,100.08655700724773,225.83295356797737,0.0,HEAT,NONE,1.0,0.38119051,100.0,False
26.75,228.39911197125312,3.0616159352628562,99.90976355863508,228.17044635334412,0.0,HEAT,NONE,1.0,0.38155253,100.0,False
27.0,230.5293607142847,3.0585288655319207,99.85095754530444,230.50064587541578,0.0,HEAT,NONE,1.0,0.38178,100.0,False
27.25,232.89271280242252,3.060692841776498,99.96128319881188,232.82357489006552,0.0,HEAT,NONE,1.0,0.38325243,100.0,False
27.5,235.1088246527558,3.0473237095630235,100.04786326636419,235.1392560821655,0.0,HEAT,NONE,1.0,0.38090348,100.0,False
27.75,237.2606656321022,3.0439720730699884,100.19195008976051,237.44771206580833,0.0,HEAT,NONE,1.0,0.38085172,100.0,False
28.0,239.61314742561856,3.0475547727331938,100.22865369982405,239.74896538452776,0.0,HEAT,NONE,1.0,0.3824574,100.0,False
28.25,242.08193748014057,3.042597923771979,100.29283764100916,242.04303851151906,0.0,HEAT,NONE,1.0,0.38198663,100.0,False
28.5,244.30044458954842,3.0361232208028364,99.79701533988465,244.32995384985827,0.0,HEAT,NONE,1.0,0.3810704,100.0,False
28.75,246.61598979477318,3.0397750052490675,100.14393930691902,246.60973373272122,0.0,HEAT,NONE,1.0,0.38256513,100.0,False
29.0,248.74108673738874,3.0298334568601146,99.92437431538588,248.88240042360144,0.0,HEAT,NONE,1.0,0.38073798,100.0,False
29.25,251.19181632890192,3.029620141836674,100.03216809166064,251.14797611652762,0.0,HEAT,NONE,1.0,0.38118225,100.0,False
29.5,253.45099384298715,3.0271388660014673,99.99397390864556,253.40648293628033,0.0,HEAT,NONE,1.0,0.38105376,100.0,False
29.75,255.68893179519065,3.025741287608655,100.0755281296657,255.65794293860824,0.0,HEAT,NONE,1.0,0.38115351,100.0,False
30.0,258.1830094764426,3.025800337516043,100.00837158190026,257.90237811044335,0.0,HEAT,NONE,1.0,0.38158793,100.0,False
30.25,259.8868925766114,3.0231756671926875,99.70799823819027,260.1398103701157,0.0,HEAT,NONE,1.0,0.38135365,100.0,False
30.5,262.1589064546442,3.0227479051219235,100.10593525898783,262.3702615675676,0.0,HEAT,NONE,1.0,0.38162334,100.0,False
30.75,264.5712626348143,3.013230816166322,99.94429772244247,264.5937534845666,0.0,HEAT,NONE,1.0,0.37963711,100.0,False
31.0,266.7084970871862,3.019214953637992,100.33865957984663,266.8103078349186,0.0,HEAT,NONE,1.0,0.38135506,100.0,False
31.25,269.0524858378731,3.0133850257492085,99.82441727044171,269.0199462646799,0.0,HEAT,NONE,1.0,0.38022206,100.0,False
31.5,271.2142762102531,3.014076494024723,99.82727212606152,271.2226903523683,0.0,HEAT,NONE,1.0,0.38062254,100.0,False
31.75,273.4360148945279,3.009961280095471,100.16681609075255,273.41856160917405,0.0,HEAT,NONE,1.0,0.37983883,100.0,False
32.0,275.7669790700381,3.0158022466002663,99.9288924294037,275.6075814791699,0.0,HEAT,NONE,1.0,0.3814581,100.0,False
32.25,277.86694942401795,3.010784953022806,99.94167819078596,277.78977133952026,0.0,HEAT,NONE,1.0,0.38046361,100.0,False
32.5,279.91428065211915,3.0063220768455055,99.78342044561305,279.96515250069046,0.0,HEAT,NONE,1.0,0.37954121,100.0,False
32.75,282.25289342528583,3.0090486655926294,100.03246372766718,282.13374620665445,0.0,HEAT,NONE,1.0,0.38033487,100.0,False
33.0,284.4458301933704,3.0035879886206516,99.88238048892617,284.2955736351023,0.0,HEAT,NONE,1.0,0.3791354,100.0,False
33.25,286.47695612416703,3.0095764196945916,99.94343883243879,286.45065589764727,0.0,HEAT,NONE,1.0,0.38069229,100.0,False
33.5,288.7533909249363,3.0081399087880376,99.81799267917505,288.59901404003165,0.0,HEAT,NONE,1.0,0.3804861,100.0,False
33.75,290.60105447593384,3.0091498200552262,100.06957471846783,290.74066904233246,0.0,HEAT,NONE,1.0,0.380865,100.0,False
34.0,292.5907826333154,3.0099142679927375,100.08970405466367,292.8756418191664,0.0,HEAT,NONE,1.0,0.3811944,100.0,False
34.25,295.2054546680484,3.0037920775985727,99.95564406679985,295.0039532198939,0.0,HEAT,NONE,1.0,0.3798319,100.0,False
34.5,296.95665546611025,3.012133009993378,99.97368186618871,297.1256240288229,0.0,HEAT,NONE,1.0,0.38196443,100.0,False
34.75,299.4788049442241,3.0014641179207255,100.02457617884981,299.2406749654118,0.0,HEAT,NONE,1.0,0.37950351,100.0,False
35.0,301.09842381148627,3.0020272046073146,100.14756323625988,301.3491266844718,0.0,HEAT,NONE,1.0,0.37968399,100.0,False
35.25,303.2632382040322,3.0061136358150744,100.05058567237718,303.45099977636835,0.0,HEAT,NONE,1.0,0.38073811,100.0,False
35.5,305.389722128475,3.0007734879039867,99.93114014849414,305.5463147672226,0.0,HEAT,NONE,1.0,0.37951216,100.0,False
35.75,307.62766421842025,3.000495650887396,99.87590681487927,307.6350921191116,0.0,HEAT,NONE,1.0,0.37946941,100.0,False
36.0,309.67166407489117,2.998872684864824,99.80657101410351,309.7173522302684,0.0,HEAT,NONE,1.0,0.37908789,100.0,False
36.25,311.7858889629047,3.0045873596861346,99.77059424423238,311.7931154352808,0.0,HEAT,NONE,1.0,0.38049578,100.0,False
36.5,313.8629282280101,2.999501812240655,99.85342818442979,313.8624020052905,0.0,HEAT,NONE,1.0,0.37930562,100.0,False
36.75,316.0532477960977,2.999835560093821,100.22474525245971,315.9252321481905,0.0,HEAT,NONE,1.0,0.37939048,100.0,False
37.0,317.86465010420085,3.0024626616755907,99.9659075490164,317.9816260088228,0.0,HEAT,NONE,1.0,0.38004395,100.0,False
37.25,319.9185003978061,3.0027642131943475,99.97675261403876,320.03160366917507,0.0,HEAT,NONE,1.0,0.38015459,100.0,False
37.5,322.1656667356838,3.000535961037644,99.83712756170478,322.0751851485768,0.0,HEAT,NONE,1.0,0.37964449,100.0,False
37.75,324.0970800174161,3.0006986361002723,100.14376944308216,324.11239040389444,0.0,HEAT,NONE,1.0,0.37969714,100.0,False
38.0,326.0072989786266,3.0002790842417864,99.74171819046548,326.14323932972684,0.0,HEAT,NONE,1.0,0.37960697,100.0,False
38.25,328.26547571765065,2.997044832947339,99.72904607183744,328.16775175859914,0.0,HEAT,NONE,1.0,0.37881584,100.0,False
38.5,330.1770649360154,3.003769955757138,99.77133295776821,330.1859474611566,0.0,HEAT,NONE,1.0,0.38044313,100.0,False
38.75,332.03464080854957,2.9978314713491447,99.83057550304869,332.19784614635785,0.0,HEAT,NONE,1.0,0.37902505,100.0,False
39.0,334.2603816449169,2.997744422050274,99.89177278953096,334.2034674616667,0.0,HEAT,NONE,1.0,0.37897911,100.0,False
39.25,336.2903268030474,2.9980151515956415,100.06491701466709,336.202830993245,0.0,HEAT,NONE,1.0,0.37901889,100.0,False
39.5,338.0502484903607,2.996741077936254,99.72468260662134,338.19595626614296,0.0,HEAT,NONE,1.0,0.37867913,100.0,False
39.75,340.4620431625272,2.999621666167781,100.03659000519225,340.1828627444904,0.0,HEAT,NONE,1.0,0.37934867,100.0,False
40.0,342.15891240533966,3.001031634158273,100.00745297190615,342.1635698316868,0.0,HEAT,NONE,1.0,0.37968981,100.0,False
40.25,344.42432942647093,2.997291265787744,99.76638068408526,344.1380968705905,0.0,HEAT,NONE,1.0,0.3787767,100.0,False
40.5,345.9546691934352,2.9965744936700687,100.11204430787228,346.10646314370786,0.0,HEAT,NONE,1.0,0.3785643,100.0,False
40.75,348.191744604812,2.9979277204525876,99.79143463353054,348.06868787338135,0.0,HEAT,NONE,1.0,0.37885334,100.0,False
41.0,349.9715707240063,3.005108812177339,99.57706458733024,350.02479022197747,0.0,HEAT,NONE,1.0,0.38059751,100.0,False
41.25,352.05378330742616,2.997239450743981,100.15605507198117,351.97478929207375,0.0,HEAT,NONE,1.0,0.37871425,100.0,False
41.5,353.75701553551386,2.9997989667552294,99.77405813490405,353.91870412664537,0.0,HEAT,NONE,1.0,0.37931124,100.0,False
41.75,355.7099650316763,3.0047908137015216,100.12308680288349,355.856553709251,0.0,HEAT,NONE,1.0,0.38053998,100.0,False
42.0,357.72810674139583,2.997589198206964,99.71592892952322,357.78835696421845,0.0,HEAT,NONE,1.0,0.37881995,100.0,False
42.25,359.6550842500441,3.000273915098714,99.98739184632481,359.71413275682926,0.0,HEAT,NONE,1.0,0.37945386,100.0,False
42.5,361.61983110430646,2.996946431384692,99.99005891719514,361.63389989350287,0.0,HEAT,NONE,1.0,0.37863502,100.0,False
42.75,363.5418761150503,3.0044067380394845,100.28001001815284,363.54767712198054,0.0,HEAT,NONE,1.0,0.38043931,100.0,False
43.0,365.4349347774706,2.99784151334207,99.99025268053569,365.45548313150823,0.0,HEAT,NONE,1.0,0.37887175,100.0,False
43.25,367.2661933617309,2.9980657291770108,99.99120247721166,367.3573365530191,0.0,HEAT,NONE,1.0,0.37890077,100.0,False
43.5,369.0967602946428,3.00224624099078,99.98441266762238,369.25325595931565,0.0,HEAT,NONE,1.0,0.37990853,100.0,False
43.75,371.1807611112799,2.999668390021778,99.89091183291212,371.1432598652509,0.0,HEAT,NONE,1.0,0.37929888,100.0,False
44.0,372.8851727939469,2.9995104838480833,99.91768594938581,373.0273667279092,0.0,HEAT,NONE,1.0,0.37925579,100.0,False
44.25,374.9406801467682,3.0002283277805417,99.79565398781158,374.9055949467868,0.0,HEAT,NONE,1.0,0.3794269,100.0,False
44.5,376.7880310588851,2.996173861988168,99.9075283561721,376.77796286397086,0.0,HEAT,NONE,1.0,0.37842816,100.0,False
44.75,378.60033572293656,2.9942750174654518,100.01372611717898,378.64448876431925,0.0,HEAT,NONE,1.0,0.37791078,100.0,False
45.0,380.527838378096,3.0004834549556056,99.93635240912924,380.50519087563885,0.0,HEAT,NONE,1.0,0.37937009,100.0,False
45.25,382.3040468198472,2.997970433136986,99.95954494454067,382.36008736886345,0.0,HEAT,NONE,1.0,0.37875117,100.0,False
45.5,384.1263045877041,3.001328603536467,99.81937958656826,384.20919635823134,0.0,HEAT,NONE,1.0,0.37955207,100.0,False
45.75,386.087874387814,3.001359564846856,99.97876557517317,386.0525359014623,0.0,HEAT,NONE,1.0,0.37957293,100.0,False
46.0,387.82424327647067,3.002462737835761,99.7503097439809,387.8901239999336,0.0,HEAT,NONE,1.0,0.37986032,100.0,False
46.25,389.7910465995779,3.0013205686996924,100.04250644388017,389.72197859885614,0.0,HEAT,NONE,1.0,0.37960818,100.0,False
46.5,391.6056144763145,2.9985121699361494,99.96108099125478,391.5481175874496,0.0,HEAT,NONE,1.0,0.3789313,100.0,False
46.75,393.4641175487994,3.0018802602334382,100.03100691481639,393.36855879911695,0.0,HEAT,NONE,1.0,0.37974533,100.0,False
47.0,394.95617197485103,3.0020377358543415,100.17542064879895,395.183320011619,0.0,HEAT,NONE,1.0,0.37980803,100.0,False
47.25,397.14386967120396,3.0009489610266185,99.76634820945935,396.99241894724753,0.0,HEAT,NONE,1.0,0.37956562,100.0,False
47.5,398.93725499513295,2.999719484669776,99.62012205278994,398.79587327299873,0.0,HEAT,NONE,1.0,0.37927545,100.0,False
47.75,400.6502817112117,2.9957006274622944,99.80553391297073,400.5937006007456,0.0,HEAT,NONE,1.0,0.37828128,100.0,False
48.0,402.2906746535539,3.0043439761676933,99.94437319687323,402.38591848741,0.0,HEAT,NONE,1.0,0.38036324,100.0,False
48.25,404.21319317329426,3.0054015030761376,100.23910446439835,404.1725444351338,0.0,HEAT,NONE,1.0,0.38067829,100.0,False
48.5,405.9380928790763,2.9989778985789295,99.81086940488656,405.9535958914504,0.0,HEAT,NONE,1.0,0.3791609,100.0,False
48.75,407.6249215383272,3.001056857401305,100.05935961427143,407.72909024945443,0.0,HEAT,NONE,1.0,0.37966515,100.0,False
49.0,409.5155805826483,3.0026700495724263,99.88414479804501,409.4990448479722,0.0,HEAT,NONE,1.0,0.38007928,100.0,False
49.25,411.25506549370306,3.0016501173974808,100.08762188593417,411.2634769717306,0.0,HEAT,NONE,1.0,0.37986341,100.0,False
49.5,413.18304571788605,3.000502677371089,99.95358961666047,413.0224038515262,0.0,HEAT,NONE,1.0,0.37960411,100.0,False
49.75,414.83017150343255,2.996253704258953,99.75408110026852,414.77584266439317,0.0,HEAT,NONE,1.0,0.37856431,100.0,False
50.0,416.6109113009059,2.9993977701375703,100.04626144396254,416.5238105337713,0.0,HEAT,NONE,0.98380539,0.37929662,100.0,False
50.25,417.9636691699512,2.998507854356602,99.91002143294025,418.2183218245274,0.0,HEAT,NONE,0.96928984,0.37906976,100.0,False
50.5,419.73488843938566,2.9929522649571725,99.94976897767943,419.86452025659617,0.0,HEAT,NONE,0.94285469,0.37767878,100.0,False
50.75,421.56182113629217,3.0014357190206375,99.90985800855012,421.4272254930672,0.0,HEAT,NONE,0.91472684,0.37968493,100.0,False
51.0,422.89944928775424,3.0024345960212706,99.58593732060186,422.9016806835018,0.0,HEAT,NONE,0.89923953,0.37994592,100.0,False
51.25,424.30694872565124,3.001584311860143,100.10231929378511,424.32562920767225,0.0,HEAT,NONE,0.88102007,0.379764,100.0,False
51.5,425.9462397736478,3.003222420294861,100.04688442521193,425.6911302425963,0.0,HEAT,NONE,0.85605081,0.3801878,100.0,False
51.75,427.02365536127223,3.0019055316141157,99.91910095078863,426.9783589603549,0.0,HEAT,NONE,0.84552939,0.3799035,100.0,False
52.0,428.22435644787424,3.0021005606613693,100.29361678223425,428.23038465611575,0.0,HEAT,NONE,0.83070704,0.37997736,100.0,False
52.25,429.4106786156517,2.999057498570468,100.02977202906814,429.4345687115115,0.0,HEAT,NONE,0.81553422,0.37925422,100.0,False
52.5,430.79150211862157,2.9991848252723394,100.22040385547066,430.5900215645204,0.0,HEAT,NONE,0.79461561,0.37927677,100.0,False
52.75,431.5348654908682,2.9987793335749267,99.97027522649715,431.6798640734825,0.0,HEAT,NONE,0.79010339,0.37916801,100.0,False
53.0,432.87090725497353,3.0025682075712683,99.77358334628225,432.7529313963591,0.0,HEAT,NONE,0.76887925,0.38008956,100.0,False
53.25,433.6224721578353,3.0002235168009372,99.90119595311711,433.759739801707,0.0,HEAT,NONE,0.76282144,0.3795432,100.0,False
53.5,434.517086622888,3.0023038815549237,100.07409551262303,434.7454507892351,0.0,HEAT,NONE,0.75202643,0.38006122,100.0,False
53.75,435.77006519894013,2.99756491267822,100.15434076782509,435.696088574411,0.0,HEAT,NONE,0.7312211,0.37892097,100.0,False
54.0,436.54609683920864,3.0024765680658403,99.86325022735859,436.5820908386727,0.0,HEAT,NONE,0.7228807,0.38010566,100.0,False
54.25,437.31248643599594,2.999589198945484,99.89465017813043,437.44060675314853,0.0,HEAT,NONE,0.71405026,0.37942405,100.0,False
54.5,438.37158720293473,2.999783383504433,99.86155431732053,438.2702695431294,0.0,HEAT,NONE,0.69691207,0.3794684,100.0,False
54.75,439.05747393803586,2.9979608478831996,100.13737492437654,439.04654409789407,0.0,HEAT,NONE,0.68942029,0.37901671,100.0,False
55.0,439.7033071275187,2.9978598003556995,100.18168553580644,439.79819007499543,0.0,HEAT,NONE,0.6823076,0.37896684,100.0,False
55.25,440.8621969937873,3.005345246600994,100.00948345174908,440.5264079854009,0.0,HEAT,NONE,0.66113306,0.3807883,100.0,False
55.5,441.22241817683084,3.0034988960061053,99.98133477906329,441.1895899707706,0.0,HEAT,NONE,0.66108029,0.38039837,100.0,False
55.75,441.70409396027867,2.998953913928104,100.0677275170798,441.8505463308493,0.0,HEAT,NONE,0.65683821,0.37932135,100.0,False
56.0,442.3724939657324,2.9937464092778274,99.78449057281686,442.49686640840514,0.0,HEAT,NONE,0.64705385,0.37802468,100.0,False
56.25,443.2119823013644,2.996922932915105,99.97879793614432,443.11216790873857,0.0,HEAT,NONE,0.63250903,0.37873241,100.0,False
56.5,443.71432085985634,3.001304035920812,99.94976458019296,443.6824370572057,0.0,HEAT,NONE,0.62678795,0.37977419,100.0,False
56.75,444.3087763056154,2.9966621342146604,99.94574289614829,444.23396895054333,0.0,HEAT,NONE,0.61814019,0.37864132,100.0,False
57.0,444.6044846936381,3.002999760871103,99.99593751578993,444.7581470318063,0.0,HEAT,NONE,0.61701784,0.3801632,100.0,False
57.25,445.166466714452,2.99829414932367,99.96674072789149,445.2773628375965,0.0,HEAT,NONE,0.60823573,0.37903577,100.0,False
57.5,445.8740054011496,2.994703031746063,99.84441912375617,445.7689274324508,0.0,HEAT,NONE,0.59545429,0.37812646,100.0,False
57.75,446.1643565251273,3.00752372249877,100.14335183387979,446.2210726128609,0.0,HEAT,NONE,0.59363581,0.38122502,100.0,False
58.0,446.6496991072068,3.0014361343236935,100.30861542544454,446.66641685907643,0.0,HEAT,NONE,0.58612237,0.37981236,100.0,False
58.25,447.05303927888195,2.9980814339009165,100.18179153148327,447.0881008678983,0.0,HEAT,NONE,0.58054979,0.37900239,100.0,False
58.5,447.56607772136306,3.0013534603475134,99.9237666401079,447.4919513966431,0.0,HEAT,NONE,0.57180279,0.37978759,100.0,False
58.75,448.15724520819174,3.004355034727072,100.0848921683309,447.86861473834034,0.0,STABILIZE,NONE,0.56090605,0.38054616,100.0,False
59.0,448.31444711699396,2.9927824713030233,100.09565646902456,448.2118036412719,0.0,STABILIZE,NONE,0.56138582,0.37774318,100.0,False
59.25,448.5262275587892,3.000764143087847,100.1023689117769,448.555343846873,0.0,STABILIZE,NONE,0.55980971,0.37962641,100.0,False
59.5,448.84194662669665,2.994325486569262,100.05518118476112,448.8931403919129,0.0,STABILIZE,NONE,0.55507984,0.37804424,100.0,False
59.75,449.1046555384797,2.998875675552204,99.90932352338585,449.21586308634573,0.0,STABILIZE,NONE,0.55153139,0.37909611,100.0,False
60.0,449.4758246902496,2.9930292301870054,100.18254206908472,449.5270608285379,0.0,STABILIZE,NONE,0.5448885,0.37763444,100.0,False
60.25,449.8555992134998,3.003869791288745,100.29697627447148,449.8175972981508,0.0,STABILIZE,NONE,0.53795926,0.38022115,100.0,False
60.5,450.09007715460416,2.994806922935979,99.86591697244305,450.08668818621976,0.0,STABILIZE,NONE,0.53478526,0.37802546,100.0,False
60.75,450.16449570100167,2.9991416863004052,100.01194719670988,450.34553137313617,0.0,STABILIZE,NONE,0.53554499,0.37902792,100.0,False
61.0,450.3054907755746,3.0017484240921886,99.7734465020071,450.60581886562807,0.0,STABILIZE,NONE,0.5341191,0.37965602,100.0,False
61.25,450.90567251515205,3.000251330365384,99.9529553141211,450.861067725732,0.0,STABILIZE,NONE,0.5203997,0.37930405,100.0,False
61.5,451.0638978245973,2.9989449044776895,99.90812928348936,451.0748542829885,0.0,STABILIZE,NONE,0.51868653,0.37898208,100.0,False
61.75,451.0304823065408,3.0005687801164025,100.27683005659348,451.28289576517113,0.0,STABILIZE,NONE,0.52169317,0.379368,100.0,False
62.0,451.7962744221251,3.004581998529213,100.10587024012771,451.49920016269243,0.0,STABILIZE,NONE,0.503245,0.38036434,100.0,False
62.25,451.5586751266827,3.0045710980786158,99.99158086683384,451.66014714529473,0.0,STABILIZE,NONE,0.51179345,0.380418,100.0,False
62.5,451.8355992259243,2.998996993162094,100.01379428485274,451.8459305523887,0.0,STABILIZE,NONE,0.50599224,0.37909993,100.0,False
62.75,451.94865659701156,2.9997093496208014,99.83731013369089,452.0139388322498,0.0,STABILIZE,NONE,0.50451882,0.37926624,100.0,False
63.0,452.12100596199724,3.0068318232860847,99.9895608958057,452.1770555177083,0.0,STABILIZE,NONE,0.50127909,0.38102394,100.0,False
63.25,452.2942612384131,3.00102481818674,100.10621827325551,452.3300603231289,0.0,STABILIZE,NONE,0.49792381,0.37967714,100.0,False
63.5,452.305576966316,2.9987255023250765,100.1377413761402,452.4726422951918,0.0,STABILIZE,NONE,0.49873224,0.37912664,100.0,False
63.75,452.6576513188534,2.999821221146548,100.2331026502913,452.6171756744926,0.0,STABILIZE,NONE,0.49031591,0.37938509,100.0,False
64.0,452.6346451983022,2.999719518602129,99.92199120021172,452.7363111122482,0.0,STABILIZE,NONE,0.49196575,0.37936051,100.0,False
64.25,453.08351138463206,2.9936390455298967,99.89947874567743,452.8599651502706,0.0,STABILIZE,NONE,0.48090461,0.37785699,100.0,False
64.5,452.87107332388996,3.002012383829467,100.09094132141641,452.95044686879413,0.0,STABILIZE,NONE,0.48755283,0.37984645,100.0,False
64.75,453.2696315086411,2.9951310394288946,100.11257125135455,453.0603523696053,0.0,STABILIZE,NONE,0.47755571,0.37817032,100.0,False
65.0,453.09629034726413,2.998259477395085,100.08093528000586,453.14028232690737,0.0,STABILIZE,NONE,0.48289651,0.37888105,100.0,False
65.25,453.0977727071268,2.994169041670362,99.94446722666159,453.2357936445372,0.0,STABILIZE,NONE,0.48312359,0.37784612,100.0,False
65.5,453.1070144189284,2.998936711457157,100.05573321456265,453.33168004667465,0.0,STABILIZE,NONE,0.48297244,0.3789473,100.0,False
65.75,453.4736192071985,3.005732613129746,99.97005178795847,453.4268192453564,0.0,STABILIZE,NONE,0.47332919,0.38060729,100.0,False
66.0,453.26307814639915,2.9982297049212687,99.86209236630604,453.49307788498135,0.0,STABILIZE,NONE,0.47920377,0.37882158,100.0,False
66.25,453.39386895327,3.0019549021527787,99.9032151493052,453.5765427270387,0.0,STABILIZE,NONE,0.47563007,0.37971835,100.0,False
66.5,453.35254836417283,3.0025812061367483,99.98328601469397,453.64915428667587,0.0,STABILIZE,NONE,0.47664768,0.37989595,100.0,False
66.75,453.7780811953634,3.000597849951468,100.09474821012225,453.72455560361055,0.0,STABILIZE,NONE,0.46525311,0.37943828,100.0,False
67.0,453.77164964223834,3.003944250232673,100.06374741849658,453.765946830186,0.0,STABILIZE,NONE,0.46568677,0.38027321,100.0,False
67.25,453.8673044731942,3.0011420843107994,99.78150433861468,453.80849432968597,0.0,STABILIZE,NONE,0.46323264,0.37963184,100.0,False
67.5,453.818939386632,2.9990437038768722,100.03113200817405,453.84363474940255,0.0,STABILIZE,NONE,0.46452445,0.37913074,100.0,False
67.75,453.67869047696047,3.0048062282949246,100.01565829962347,453.8824946016049,0.0,STABILIZE,NONE,0.4679963,0.38054463,100.0,False
68.0,453.7498265418966,2.994380259684332,99.95780690594188,453.9315241729942,0.0,STABILIZE,NONE,0.46562125,0.37803168,100.0,False
68.25,453.95990953010994,2.9978198620422805,100.01381707418858,453.9733608420489,0.0,STABILIZE,NONE,0.45966052,0.37881423,100.0,False
68.5,453.9012223143986,3.0018102777929405,99.89131872724165,453.9973986794845,0.0,STABILIZE,NONE,0.46097703,0.37977254,100.0,False
68.75,454.01948877072334,3.0029410411973556,100.38575033243653,454.0252638044891,0.0,STABILIZE,NONE,0.45746097,0.38007386,100.0,False
69.0,453.89147349774953,2.998366889790169,99.87402464533,454.0426199766441,0.0,STABILIZE,NONE,0.46049055,0.37898133,100.0,False
69.25,454.18655127071,2.996451728366964,99.92734644316103,454.06890202244466,0.0,STABILIZE,NONE,0.45215995,0.37848931,100.0,False
69.5,454.0659690065115,2.997253810357159,99.85640124365361,454.07040919899714,0.0,STABILIZE,NONE,0.45509701,0.37864317,100.0,False
69.75,454.0092740267542,2.9941153400308176,99.78317826743898,454.0806174599725,0.0,STABILIZE,NONE,0.45606839,0.37783191,100.0,False
70.0,454.0317180399084,3.001348926270124,99.97213600210695,454.09367315307736,0.0,STABILIZE,NONE,0.45482712,0.37954217,100.0,False
70.25,453.8369135381362,2.9994003620658884,100.11976564607592,454.1030088423621,0.0,STABILIZE,NONE,0.45927944,0.37907304,100.0,False
70.5,454.2088924235985,3.0006064689294707,99.86689451873525,454.1255125967998,0.0,STABILIZE,NONE,0.44857839,0.37936022,100.0,False
70.75,454.2109094372206,2.999057760999677,99.82461273962889,454.11622698157777,0.0,STABILIZE,NONE,0.44812866,0.37898271,100.0,False
71.0,453.98530935137734,3.0052207798079538,100.03302700573023,454.1056372866516,0.0,STABILIZE,NONE,0.45355634,0.38049115,100.0,False
71.25,454.2850559648047,2.9990078688868596,100.14072240087776,454.1111689068476,0.0,STABILIZE,NONE,0.44483226,0.37902031,100.0,False
71.5,454.00059847469265,3.000060350136542,100.37295253899335,454.0908240812354,0.0,STABILIZE,NONE,0.45184872,0.37926856,100.0,False
71.75,454.2064126312576,2.999027942254149,99.98727714414598,454.09134033641266,0.0,STABILIZE,NONE,0.44553766,0.37901465,100.0,False
72.0,454.12208177903415,3.0042470171696145,99.92663003624946,454.0731482659013,0.0,STABILIZE,NONE,0.44714028,0.38029172,100.0,False
72.25,453.798565446018,2.9994274622352046,100.00230781857455,454.0597633087087,0.0,STABILIZE,NONE,0.45484462,0.3791544,100.0,False
72.5,454.085687368197,3.0042675299453676,100.04750306174587,454.0692566728867,0.0,STABILIZE,NONE,0.44608678,0.38034472,100.0,False
72.75,454.17469870731486,2.996662658147839,100.13018522326367,454.05276116156944,0.0,STABILIZE,NONE,0.44301649,0.37852123,100.0,False
73.0,454.3416493968193,3.0025641766252837,100.0380333579911,454.02721642207086,0.0,STABILIZE,NONE,0.43801305,0.37993972,100.0,False
73.25,454.01001883620296,3.0053952260731083,99.86092277749135,453.9869206079418,0.0,STABILIZE,NONE,0.44626503,0.38067207,100.0,False
73.5,453.9545449952261,3.000967855534725,100.11160016617197,453.9712103489192,0.0,STABILIZE,NONE,0.44673111,0.37964844,100.0,False
73.75,453.89133143722756,3.0004297837460614,99.95831177779732,453.95693062308385,0.0,STABILIZE,NONE,0.44735938,0.37953183,100.0,False
74.0,453.9626283869167,2.99907544417279,99.82876094832166,453.94455771699654,0.0,STABILIZE,NONE,0.44442237,0.37920629,100.0,False
74.25,453.92035073934335,3.002178292286781,99.85494725626873,453.9235177770969,0.0,STABILIZE,NONE,0.44461897,0.37996426,100.0,False
74.5,453.86696246730236,3.0013578083188506,99.83952023398791,453.9031262296186,0.0,STABILIZE,NONE,0.44507122,0.37979127,100.0,False
74.75,453.9115345784196,2.9960673896377426,100.17019457512505,453.8841388277934,0.0,STABILIZE,NONE,0.44291462,0.37850423,100.0,False
75.0,454.20574146336276,3.0056371395262738,99.96712289833401,453.8588182560808,0.0,STABILIZE,NONE,0.43432311,0.3808213,100.0,False
75.25,453.9191403233609,2.999460950479691,100.01531588441038,453.8081104540498,0.0,STABILIZE,NONE,0.44138084,0.37936724,100.0,False
75.5,454.01064435722174,2.9951809970395713,100.15829418961991,453.77848079808103,0.0,STABILIZE,NONE,0.43805298,0.3783063,100.0,False
75.75,453.7317330273964,3.0037589218203635,100.0280850053349,453.7390794266698,0.0,STABILIZE,NONE,0.44458743,0.38036649,100.0,False
76.0,453.61826906199354,3.0000469780689247,100.11039506425443,453.7191698611725,0.0,STABILIZE,NONE,0.44639087,0.3794964,100.0,False
76.25,453.71003257271144,3.000670734772931,99.92174872364468,453.7046680215948,0.0,STABILIZE,NONE,0.44274309,0.37965245,100.0,False
76.5,453.3593164007703,3.001845816115683,100.10487396042762,453.6793989858971,0.0,STABILIZE,NONE,0.45092075,0.37995222,100.0,False
76.75,453.70067508449927,2.9991926194426797,100.1554443654032,453.67844832680714,0.0,STABILIZE,NONE,0.44052885,0.37932138,100.0,False
77.0,453.5781318263836,2.996929537291893,99.97171751957559,453.6466978352051,0.0,STABILIZE,NONE,0.44292436,0.37875409,100.0,False
77.25,453.8005115571953,2.9951368364065183,100.17877449889208,453.62214697891255,0.0,STABILIZE,NONE,0.43612633,0.37827362,100.0,False
77.5,453.48163464560866,2.996393368213372,100.18900927542133,453.5775225737395,0.0,STABILIZE,NONE,0.44387178,0.37852197,100.0,False
77.75,453.54146230143016,2.9960881905047447,99.94619004114152,453.55599581564957,0.0,STABILIZE,NONE,0.44121856,0.37839837,100.0,False
78.0,453.66632963604184,3.003884646670761,99.93593519771183,453.52667177140876,0.0,STABILIZE,NONE,0.4370229,0.38027095,100.0,False
78.25,453.5459509120437,3.0021244704870065,99.90330602594253,453.4850027981791,0.0,STABILIZE,NONE,0.4394707,0.37987986,100.0,False
78.5,453.5039748120431,2.9997088007874484,99.91959633842902,453.45071940076815,0.0,STABILIZE,NONE,0.43969038,0.37930793,100.0,False
78.75,453.3433719384793,3.0000291497351923,100.00447802304377,453.41719412878615,0.0,STABILIZE,NONE,0.4429935,0.37938257,100.0,False
79.0,453.30874079811144,2.9985475188519963,100.16700058575104,453.39356429111007,0.0,STABILIZE,NONE,0.44281209,0.37901641,100.0,False
79.25,453.4015445313814,3.002601078692883,100.1802733347906,453.3694704611048,0.0,STABILIZE,NONE,0.43932741,0.37999864,100.0,False
79.5,453.4234491494535,3.006542679883386,99.8762043952354,453.3351228105076,0.0,STABILIZE,NONE,0.43790853,0.38100393,100.0,False
79.75,453.4179380426104,2.9982334799683423,100.27836748950568,453.29667660364805,0.0,STABILIZE,NONE,0.43727153,0.37903413,100.0,False
80.0,453.51152822987206,2.9934730281857,99.8546700636232,453.2564622116632,0.0,STABILIZE,NONE,0.4340497,0.37783955,100.0,False
80.25,453.30647035176156,3.0022465337848967,100.11048463242388,453.2068234151424,0.0,STABILIZE,NONE,0.43880072,0.37992637,100.0,False
80.5,453.16079227365105,3.001054394149955,100.09795321536794,453.1714220728771,0.0,STABILIZE,NONE,0.44169274,0.37965837,100.0,False
80.75,453.13302277990385,3.00268287070988,99.66107541263364,453.14470347033443,0.0,STABILIZE,NONE,0.44134428,0.38007379,100.0,False
81.0,453.2121043851183,2.996275822667797,100.14380167119539,453.11703535718283,0.0,STABILIZE,NONE,0.43824624,0.37852539,100.0,False
81.25,453.04596795777667,2.997020319940491,100.05608532351162,453.08027062151035,0.0,STABILIZE,NONE,0.44176351,0.37866378,100.0,False
81.5,452.9173461684646,2.9971945026647884,99.76490584660702,453.05404619314146,0.0,STABILIZE,NONE,0.44410393,0.37866891,100.0,False
81.75,453.0308347017103,3.0016548457576766,100.15345389791968,453.03484086493006,0.0,STABILIZE,NONE,0.44000503,0.37973331,100.0,False
82.0,452.98228666470953,3.0031698653124628,100.0026941462702,453.00354584397786,0.0,STABILIZE,NONE,0.44041879,0.38012553,100.0,False
82.25,452.95958162787133,3.0014843839724383,100.15875891641885,452.97357490001826,0.0,STABILIZE,NONE,0.4401379,0.37974755,100.0,False
82.5,452.8916497103125,2.998910489297806,99.975875289295,452.94286487848126,0.0,STABILIZE,NONE,0.44106603,0.37913081,100.0,False
82.75,452.9274171301432,2.9970321443345336,100.15420090900993,452.91500176109446,0.0,STABILIZE,NONE,0.4392341,0.37865419,100.0,False
83.0,452.82173408196377,3.0013676111390106,99.87617911416639,452.8817955267305,0.0,STABILIZE,NONE,0.44122153,0.37968805,100.0,False
83.25,452.90840446617176,3.0010418067719353,99.93689778898039,452.8545838732504,0.0,STABILIZE,NONE,0.43806056,0.37962355,100.0,False
83.5,453.12122105615936,3.0008944766762977,100.26653933844659,452.8180876412098,0.0,STABILIZE,NONE,0.43178104,0.37959981,100.0,False
83.75,452.90696289377445,2.9977213108762144,99.9426719776513,452.7630920551897,0.0,STABILIZE,NONE,0.43701324,0.37882759,100.0,False
84.0,452.78919222077883,3.0000816345043453,100.00741917126382,452.72377691067527,0.0,STABILIZE,NONE,0.43936895,0.37938267,100.0,False
84.25,452.64863628913315,2.9944663033088217,99.96618510348688,452.69156703228936,0.0,STABILIZE,NONE,0.44218644,0.37799596,100.0,False
84.5,452.33509080070314,3.0014669722226723,99.89109133188583,452.66780902029154,0.0,STABILIZE,NONE,0.44940091,0.37965504,100.0,False
84.75,452.5581971543564,2.9995720416532428,100.04090085194437,452.6655096632822,0.0,STABILIZE,NONE,0.4422103,0.37920246,100.0,False
85.0,452.42710275061273,2.9950209774228207,99.84009011927502,452.64190367727315,0.0,STABILIZE,NONE,0.44478772,0.37807127,100.0,False
85.25,452.31975198846055,2.997781182752148,100.23863245457844,452.62601111709034,0.0,STABILIZE,NONE,0.44662866,0.37868869,100.0,False
85.5,452.45713701616074,3.002821821742734,99.79425477876022,452.6156249036353,0.0,STABILIZE,NONE,0.44200447,0.37990222,100.0,False
85.75,452.63643248303316,2.9996768302799435,99.99102808216985,452.5915644601473,0.0,STABILIZE,NONE,0.43658674,0.37915698,100.0,False
86.0,452.6368369463165,3.005935664840661,100.02920595247498,452.5515203071614,0.0,STABILIZE,NONE,0.43615268,0.38069705,100.0,False
86.25,452.5289683352796,2.9972587335786574,100.08750094829983,452.5103144925702,0.0,STABILIZE,NONE,0.43853521,0.37862701,100.0,False
86.5,452.4393884912429,3.002907675718637,99.99344403242723,452.47629934082465,0.0,STABILIZE,NONE,0.4402708,0.37998933,100.0,False
86.75,452.70866316644276,2.994225901240304,99.95551009597672,452.4475348108713,0.0,STABILIZE,NONE,0.4325001,0.37788145,100.0,False
87.0,452.5280490181728,2.9996060988403848,99.88117403964917,452.3958267723526,0.0,STABILIZE,NONE,0.43693904,0.37913889,100.0,False
87.25,452.3175555121464,2.9965542243175256,100.01784306575345,452.3574376030073,0.0,STABILIZE,NONE,0.44185824,0.37837839,100.0,False
87.5,452.69981856878627,3.0044186063607032,99.8336486340227,452.3337492927603,0.0,STABILIZE,NONE,0.43097056,0.38027607,100.0,False
87.75,452.1468613823956,2.999406084726221,100.15066241916007,452.2778625447449,0.0,STABILIZE,NONE,0.44520261,0.37909065,100.0,False
88.0,452.14111256818353,2.9986035955245876,100.13271241502723,452.2643356195589,0.0,STABILIZE,NONE,0.44426672,0.37888487,100.0,False
88.25,452.3777746989352,2.999673190442359,99.83233548784406,452.2480768133639,0.0,STABILIZE,NONE,0.43710306,0.37913089,100.0,False
88.5,451.97817309279856,2.998729065469465,99.66542066465925,452.21063481628795,0.0,STABILIZE,NONE,0.44704782,0.37889258,100.0,False
88.75,452.3152600488939,2.9990457822848087,100.07219404963675,452.2027870666074,0.0,STABILIZE,NONE,0.43714174,0.37895389,100.0,False
89.0,452.44584976423204,3.004538368473735,99.82732977430794,452.16560103109185,0.0,STABILIZE,NONE,0.43325356,0.380297,100.0,False
89.25,452.2473933513687,3.0041208000273736,99.88804652228558,452.1170060033972,0.0,STABILIZE,NONE,0.43816996,0.38024961,100.0,False
89.5,451.9401408403407,2.9999813909403175,99.75978649757256,452.0831353788015,0.0,STABILIZE,NONE,0.44561776,0.37927988,100.0,False
89.75,452.2920568214,2.9931009913527644,99.83397888763868,452.07144657900477,0.0,STABILIZE,NONE,0.43539575,0.37758299,100.0,False
90.0,451.9890602501004,3.0002122174974306,100.02491862597138,452.02949502470176,0.0,STABILIZE,NONE,0.4429479,0.37925465,100.0,False
90.25,452.0507770995086,3.000237300216148,100.17053294781547,452.01005981420735,0.0,STABILIZE,NONE,0.44050593,0.37926191,100.0,False
90.5,451.6625405357703,3.00086066167553,99.89281233824268,451.98344696121586,0.0,STABILIZE,NONE,0.45002458,0.37941786,100.0,False
90.75,452.00500854310235,3.001454939859535,99.86322566852577,451.98513152783084,0.0,STABILIZE,NONE,0.43990384,0.37957461,100.0,False
91.0,451.86066943996394,3.0030528354678756,100.05235844029764,451.95681178944426,0.0,STABILIZE,NONE,0.44318004,0.37998741,100.0,False
91.25,451.836254183965,3.0065446171005905,100.34637664727425,451.9382914494554,0.0,STABILIZE,NONE,0.44313304,0.38088891,100.0,False
91.5,451.70032020988833,3.0007904458939185,100.37634916534485,451.91968958173237,0.0,STABILIZE,NONE,0.44603655,0.37955176,100.0,False
91.75,452.0273368893898,3.000485742028465,99.96879147499607,451.9097520950121,0.0,STABILIZE,NONE,0.43667859,0.37949127,100.0,False
92.0,451.7909283911579,2.9991461005167275,99.91739058813876,451.8721075340394,0.0,STABILIZE,NONE,0.44263022,0.3791705,100.0,False
92.25,451.9639580051228,2.9986600426605188,99.93382727319847,451.8522217513391,0.0,STABILIZE,NONE,0.43749094,0.3790432,100.0,False
92.5,451.6368404888081,2.999815655491583,99.86588174898414,451.81716459183247,0.0,STABILIZE,NONE,0.44574732,0.37931425,100.0,False
92.75,451.7795771589912,3.003103007758241,100.05488873294665,451.8066896843005,0.0,STABILIZE,NONE,0.4412198,0.38012509,100.0,False
93.0,451.85853615879864,3.000785925925195,100.00887635952871,451.78282736458084,0.0,STABILIZE,NONE,0.43865518,0.37959282,100.0,False
93.25,451.73233843203883,2.9987266887068116,100.11386755132494,451.75143766663956,0.0,STABILIZE,NONE,0.44160422,0.37909638,100.0,False
93.5,451.5662512341102,3.003774999487803,100.00511170940271,451.72888720550344,0.0,STABILIZE,NONE,0.4454188,0.38032936,100.0,False
93.75,451.6054089041842,2.997968633809798,99.89845143982177,451.7177139627708,0.0,STABILIZE,NONE,0.44366152,0.37894396,100.0,False
94.0,451.72539777473673,2.997447629127758,100.17131967981754,451.7013667998825,0.0,STABILIZE,NONE,0.43992491,0.37879239,100.0,False
94.25,451.55674904717824,2.9929909768846548,99.8903502260911,451.6739948960704,0.0,STABILIZE,NONE,0.44397296,0.37766055,100.0,False
94.5,451.3574291103565,3.0002657295922326,100.15887369675568,451.65870728635144,0.0,STABILIZE,NONE,0.44859358,0.37936889,100.0,False
94.75,451.754327400278,2.996345371735225,99.88566170776478,451.65716343023814,0.0,STABILIZE,NONE,0.43737229,0.37840017,100.0,False
95.0,451.88915821449615,3.001613359101099,100.0006178038951,451.62236318416114,0.0,STABILIZE,NONE,0.43368302,0.37965258,100.0,False
95.25,451.735145478474,3.007879310717504,100.19448599163695,451.576736094295,0.0,STABILIZE,NONE,0.43771139,0.38121666,100.0,False
95.5,451.56410421134416,3.000930139980959,100.09256196866473,451.5431919231286,0.0,STABILIZE,NONE,0.44189607,0.37959715,100.0,False
95.75,451.43025151699806,2.9966131633002666,100.0078673625234,451.5221562914746,0.0,STABILIZE,NONE,0.44485685,0.37854445,100.0,False
96.0,451.36788070497715,2.9998857927617415,100.0144184559988,451.5099623893966,0.0,STABILIZE,NONE,0.4458041,0.37931215,100.0,False
96.25,451.8517698910956,2.997525350110931,99.98173166020435,451.50061429281317,0.0,STABILIZE,NONE,0.43243218,0.37872748,100.0,False
96.5,451.42701400588356,3.0015947278985213,100.15700864973753,451.45165943932125,0.0,STABILIZE,NONE,0.4436283,0.37970147,100.0,False
96.75,451.3624714058938,2.9976851726562566,99.75389340761024,451.4360439311378,0.0,STABILIZE,NONE,0.4447046,0.37875453,100.0,False
97.0,451.2847367489478,3.0019500718028653,100.00684705627347,451.42366742346826,0.0,STABILIZE,NONE,0.44610202,0.37977856,100.0,False
97.25,451.2631565479791,2.999059953984052,100.00472094216853,451.41547164721504,0.0,STABILIZE,NONE,0.44599271,0.37908798,100.0,False
97.5,451.48252927499016,2.9984760581140617,99.9624339913513,451.4069774352488,0.0,STABILIZE,NONE,0.4396238,0.37893178,100.0,False
97.75,451.1068663272324,2.9969284749211864,100.24265734872681,451.3796315372334,0.0,STABILIZE,NONE,0.44922568,0.37852967,100.0,False
98.0,451.0526109484981,2.9996241225389793,100.03287973440162,451.38083204940233,0.0,STABILIZE,NONE,0.44986953,0.37915571,100.0,False
98.25,451.32778487521466,2.9982443188734975,99.99083822014188,451.3839372620137,0.0,STABILIZE,NONE,0.44191764,0.37880771,100.0,False
98.5,451.3627176501346,3.0005689968171736,99.71834318182717,451.3634624603599,0.0,STABILIZE,NONE,0.44075167,0.37935775,100.0,False
98.75,451.3174849278827,2.998204105067387,99.91783961877796,451.339595472076,0.0,STABILIZE,NONE,0.44173199,0.37877824,100.0,False
99.0,451.3527549485653,3.002842840072257,100.13451660013627,451.31870873406405,0.0,STABILIZE,NONE,0.44052625,0.37989969,100.0,False
99.25,451.21985125326745,3.0034591647538553,100.17605912989359,451.29431321181426,0.0,STABILIZE,NONE,0.44377968,0.3800854,100.0,False
99.5,451.450133039685,3.004572776681146,99.97814762411215,451.2796373510031,0.0,STABILIZE,NONE,0.4373232,0.3804037,100.0,False
99.75,451.21974973673025,3.002502852160475,99.79502135273079,451.24586952399125,0.0,STABILIZE,NONE,0.44329435,0.37995133,100.0,False
100.0,451.26132059600536,2.998231857001907,99.94468164237078,451.22990623891513,0.0,STABILIZE,NONE,0.44177275,0.37893117,100.0,False
100.25,450.94825539491205,2.997301070240248,99.99692591058142,451.20948256209687,0.0,STABILIZE,NONE,0.44963853,0.37868273,100.0,False
100.5,451.3457056713414,3.0031676289702456,99.9879510287506,451.2124376952274,0.0,STABILIZE,NONE,0.43846734,0.38010006,100.0,False
100.75,451.15387764963276,2.9974425066976678,100.0603534745464,451.1822709032171,0.0,STABILIZE,NONE,0.44340535,0.37872635,100.0,False
101.0,451.12969837043124,3.0019643802458873,100.26275302061887,451.1668350705074,0.0,STABILIZE,NONE,0.44364617,0.3798127,100.0,False
101.25,451.1473049743465,2.9954908418203208,99.87087243354566,451.15216121793577,0.0,STABILIZE,NONE,0.4427907,0.3782389,100.0,False
101.5,450.9162753209297,2.996764992724946,100.1957906085228,451.13499743713015,0.0,STABILIZE,NONE,0.44850782,0.37849793,100.0,False
101.75,451.1688323531975,2.996062731880924,100.0980448249045,451.13483341717875,0.0,STABILIZE,NONE,0.4412528,0.37828254,100.0,False
102.0,451.3022214181052,2.999869027142265,99.89860137412946,451.1131651869934,0.0,DEPOSITION,NONE,0.43756451,0.37917048,100.0,True
102.25,451.0300253874847,3.001812530644886,100.09599552253844,451.08063204435746,0.024494236202433017,DEPOSITION,NONE,0.44468124,0.37964508,100.0,True
102.5,451.24662774918346,3.0044462082127072,100.17781057723403,451.0692952234774,0.07060179159671455,DEPOSITION,NONE,0.43856124,0.38031507,100.0,True
102.75,451.2441415987551,3.002425731835198,99.77036400935019,451.0398533839881,0.13577428890488352,DEPOSITION,NONE,0.43853241,0.37987046,100.0,True
103.0,450.990773316742,3.0011846952240897,99.94253106024883,451.010417951169,0.21776632542159896,DEPOSITION,NONE,0.44504216,0.37959529,100.0,True
103.25,451.13705914388316,2.9990664758979637,99.86113794550543,451.0003700156479,0.31460475116045017,DEPOSITION,NONE,0.44070217,0.37908861,100.0,True
103.5,451.1941340463528,3.0022245288049727,100.03288806763004,450.977489196437,0.42453887083533104,DEPOSITION,NONE,0.43896614,0.37985912,100.0,True
103.75,451.0885403373278,3.003230533813145,100.05115537164589,450.9495339736088,0.5460214293398798,DEPOSITION,NONE,0.44157459,0.38013679,100.0,True
104.0,450.5607485104477,2.9977489063134732,99.93151313056325,450.92939772328185,0.6776942531951338,DEPOSITION,NONE,0.45508063,0.37882544,100.0,True
104.25,450.8017276376226,3.0005588882095187,100.17883031992768,450.9493577718896,0.8183853774114367,DEPOSITION,NONE,0.44772687,0.37949429,100.0,True
104.5,450.87472230609853,2.996511099180207,100.30420522163656,450.9474581438796,0.9670218082084056,DEPOSITION,NONE,0.44529727,0.37850291,100.0,True
104.75,450.8706471854133,2.996504933358291,100.03565158744276,450.93836282632793,1.1226692243527472,DEPOSITION,NONE,0.44506043,0.37845888,100.0,True
105.0,450.9924462532471,2.9983766787643082,100.11856803618822,450.92859386600867,1.2845029182134298,DEPOSITION,NONE,0.44155373,0.37887669,100.0,True
105.25,450.8353632041717,2.99785558681297,100.02678863027872,450.9084611199147,1.4517860326494625,DEPOSITION,NONE,0.44555254,0.37872544,100.0,True
105.5,451.0158594743459,2.998899398767612,100.04959383340211,450.90024412777717,1.6238853273854432,DEPOSITION,NONE,0.44047051,0.37895358,100.0,True
105.75,450.86296530051925,3.0093649041055177,99.89371604782552,450.87698904643,1.8002219277040081,DEPOSITION,NONE,0.44441319,0.3815218,100.0,True
106.0,451.0731188253481,2.999957624886813,99.98098569944914,450.8654930852672,1.9802912677934061,DEPOSITION,NONE,0.43860196,0.37931334,100.0,True
106.25,450.94505759890825,3.002802233339331,100.19005234614299,450.8368078321778,2.163650327527192,DEPOSITION,NONE,0.4419727,0.38001743,100.0,True
106.5,450.8675011057484,2.9980878645560223,99.91935308437237,450.8182033454781,2.3499134764077296,DEPOSITION,NONE,0.44379491,0.37889008,100.0,True
106.75,450.8815061277853,3.001791307389152,100.20970764110446,450.8050581491528,2.5387473191461796,DEPOSITION,NONE,0.44311377,0.37978333,100.0,True
107.0,450.8526995576814,3.003080284603021,100.22751565521757,450.7899349893686,2.7298421736058276,DEPOSITION,NONE,0.44360203,0.38012553,100.0,True
107.25,450.8010263567262,2.9951871159426275,99.8231084370249,450.7763062750465,2.922929842314149,DEPOSITION,NONE,0.44466713,0.37821662,100.0,True
107.5,450.55020673386906,3.0048171287977574,99.87288871077564,450.7658771640976,3.117787350453276,DEPOSITION,NONE,0.45090114,0.38053755,100.0,True
107.75,450.9587351578214,3.0013977198472075,100.25729036902584,450.77395892300956,3.314208622572615,DEPOSITION,NONE,0.43954455,0.37975381,100.0,True
108.0,450.8988172868692,2.9992158263288977,99.969995432441,450.748353213946,3.511986636228138,DEPOSITION,NONE,0.44114181,0.37923483,100.0,True
108.25,450.74033701998934,3.000111579838978,99.92038844933147,450.7275618619974,3.7109659742866734,DEPOSITION,NONE,0.44519368,0.37944883,100.0,True
108.5,450.71395135030093,3.004401460004356,99.74467925337613,450.71884559493924,3.911012271702284,DEPOSITION,NONE,0.44554692,0.38051129,100.0,True
108.75,450.74997678902014,2.9964841675793523,100.02805556242072,450.7112035680911,4.111994140754135,DEPOSITION,NONE,0.44426603,0.37861264,100.0,True
109.0,450.82576704483887,2.9993206081579613,100.11594803797725,450.69978867855764,4.3138079155036495,DEPOSITION,NONE,0.4420326,0.3792723,100.0,True
109.25,450.44331334872066,3.002866221011219,99.90953061360277,450.6817892589283,4.516345647608249,DEPOSITION,NONE,0.45193082,0.38014025,100.0,True
109.5,450.78654668397843,2.9998502073465945,99.61216567313141,450.6931854735096,4.719540578054088,DEPOSITION,NONE,0.44227196,0.3794318,100.0,True
109.75,450.56250652931,2.9999725860525612,100.23309641223535,450.67591614753053,4.923295906191905,DEPOSITION,NONE,0.4480717,0.37946198,100.0,True
110.0,450.71898204988196,3.0000817829015296,99.78809738655558,450.6758918069964,5.127558602438208,DEPOSITION,NONE,0.44357086,0.37948984,100.0,True
110.25,450.8771985343253,3.004718327813167,100.00428625646859,450.6625265298468,5.332257416746986,DEPOSITION,NONE,0.43930117,0.38063697,100.0,True
110.5,450.6035835396516,2.994043738611577,100.13249815884346,450.6365470968846,5.537322246237479,DEPOSITION,NONE,0.44656311,0.37806078,100.0,True
110.75,451.03751585546377,3.001541827249296,100.18955552772296,450.6321739566099,5.742740369476739,DEPOSITION,NONE,0.43485052,0.37984069,100.0,True
111.0,450.6744100778726,2.996301742606847,100.20050089465296,450.5930969838164,5.9484301568700095,DEPOSITION,NONE,0.44467241,0.37856533,100.0,True
111.25,450.3980689238699,2.9989263992341755,100.04182776175037,450.5832551587904,6.1543881205231195,DEPOSITION,NONE,0.4516095,0.3791672,100.0,True
111.5,450.726442831125,3.000890074873742,100.058025175125,450.5940063820085,6.360596438821791,DEPOSITION,NONE,0.44234981,0.37963727,100.0,True
111.75,450.4630540531,2.99569547453623,100.00922210023947,450.5772772633643,6.56700036368462,DEPOSITION,NONE,0.44916937,0.3783636,100.0,True
112.0,450.4742850930042,2.9959936039406188,99.8101080292747,450.5808143095906,6.773600041869311,DEPOSITION,NONE,0.44841233,0.37838226,100.0,True
112.25,450.50857709417926,2.9946879150882832,99.79787969457333,450.58209636530523,6.980371177456102,DEPOSITION,NONE,0.44714086,0.37800637,100.0,True
112.5,450.33433509671966,3.0012302866601748,100.06119763442774,450.57960563608003,7.187293031353997,DEPOSITION,NONE,0.45143661,0.37955113,100.0,True
112.75,450.8909269246904,2.996086924418217,99.89806045616353,450.589855780213,7.394350266626067,DEPOSITION,NONE,0.43637411,0.37829041,100.0,True
113.0,450.69231865143706,3.0002542223571225,99.95095030919381,450.55542694303864,7.601496347029219,DEPOSITION,NONE,0.44195966,0.37926623,100.0,True
113.25,450.7940372025437,2.9998695141115457,99.82657076959988,450.53766174704276,7.808726501961033,DEPOSITION,NONE,0.43928658,0.3791694,100.0,True
113.5,450.3144876670354,3.0019055748512686,100.04578624051088,450.51202866101545,8.016022709900108,DEPOSITION,NONE,0.45195902,0.37966664,100.0,True
113.75,450.3182827819515,2.9977882676039695,100.08020689567233,450.5240381374944,8.223404493069928,DEPOSITION,NONE,0.45124307,0.37867023,100.0,True
114.0,450.62047799985504,2.9990035971696574,100.09333243027778,450.5338879839763,8.430866760181232,DEPOSITION,NONE,0.44282508,0.378941,100.0,True
114.25,450.6045333856638,2.9956719927807582,99.95319043743268,450.5187551975702,8.638377931734121,DEPOSITION,NONE,0.44325279,0.37810302,100.0,True
114.5,450.56720624809736,2.9996670040748805,99.67916021965483,450.5049374094292,8.845936818435359,DEPOSITION,NONE,0.44419157,0.37903283,100.0,True
114.75,450.451493179222,3.0036759927356957,100.23706083787195,450.4939453874419,9.053533869638283,DEPOSITION,NONE,0.44711547,0.38001484,100.0,True
115.0,450.16303704194854,3.0089613972222993,99.8309295503456,450.49165444113663,9.261165392933137,DEPOSITION,NONE,0.45440211,0.38136318,100.0,True
115.25,450.6545147208333,3.0040883226913695,100.14745259502006,450.5109690902131,9.468837775959628,DEPOSITION,NONE,0.44088675,0.38027153,100.0,True
115.5,450.51260515022267,2.9965710291192464,100.0939838181979,450.49016237828863,9.6765187050138,DEPOSITION,NONE,0.44477544,0.37846989,100.0,True
115.75,450.3736621381889,2.9927792409104783,100.42433479505743,450.4809471147052,9.884225253479878,DEPOSITION,NONE,0.44832741,0.37749487,100.0,True
116.0,450.58850435882874,3.006405989999273,99.86325657887582,450.48228905553464,10.091968677731984,DEPOSITION,NONE,0.44241285,0.38077195,100.0,True
116.25,450.68622079000295,3.005193181938515,100.23318242867516,450.4660953664912,10.299711106220357,DEPOSITION,NONE,0.43990994,0.38055135,100.0,True
116.5,450.43935233778694,2.9963897654599316,99.97340307897043,450.44253328776875,10.50744524588784,DEPOSITION,NONE,0.446537,0.37844415,100.0,True
116.75,450.1082727341627,2.995194834901956,100.01379081717252,450.4386881012277,10.715198633968456,DEPOSITION,NONE,0.45496547,0.37810736,100.0,True
117.0,450.3111281063735,3.0002085808388483,99.98365003728978,450.4598378762387,10.92299273782834,DEPOSITION,NONE,0.44897294,0.37928663,100.0,True
117.25,450.7527681636533,3.004578713320319,99.99326911237556,450.46315910637554,11.130802974878502,DEPOSITION,NONE,0.43713946,0.38036743,100.0,True
117.5,450.61272909474036,2.9979683306980807,99.94946544638576,450.43139416461497,11.338590850669165,DEPOSITION,NONE,0.44120433,0.37879133,100.0,True
117.75,450.5483107267145,2.9967533933646537,99.95815289075495,450.4117770801969,11.546375077996807,DEPOSITION,NONE,0.44298259,0.37846712,100.0,True
118.0,450.1993652936636,3.001101716399303,100.2448773633384,450.39749217267683,11.754160806102721,DEPOSITION,NONE,0.45208268,0.37950063,100.0,True
118.25,450.2974110262425,3.001336474021063,99.86540171475451,450.4102255596077,11.961964280608722,DEPOSITION,NONE,0.44896959,0.37957093,100.0,True
118.5,450.2412593149633,2.9968419289577923,100.21821281221142,450.4136916564494,12.169776119572342,DEPOSITION,NONE,0.45013463,0.37847717,100.0,True
118.75,450.7749655731245,3.0022624502378727,99.89255605462938,450.42060025253187,12.377604940537536,DEPOSITION,NONE,0.43581609,0.3797763,100.0,True
119.0,450.4907792223527,2.9996239187270937,100.12020975213059,450.38504547720123,12.58540511592081,DEPOSITION,NONE,0.44373099,0.37915185,100.0,True
119.25,450.4167113658123,3.001499115286518,100.09109140890628,450.3730623200824,12.793200368909087,DEPOSITION,NONE,0.44561807,0.37961022,100.0,True
119.5,450.2797860306486,2.9993242798971647,99.74181316149189,450.3667100761952,13.000992337004373,DEPOSITION,NONE,0.44903938,0.37909169,100.0,True
119.75,450.3042383961143,2.9963283828058063,99.978297820144,450.3705188123323,13.20879250489663,DEPOSITION,NONE,0.44805748,0.37834373,100.0,True
120.0,450.22776055668515,3.0012053710248536,100.06798589596235,450.3714051990931,13.416602163634822,DEPOSITION,NONE,0.4498112,0.37950221,100.0,True
120.25,450.1644686643447,2.9983628778617337,99.85850321472468,450.37748705000445,13.624418435032673,DEPOSITION,NONE,0.45115024,0.37881376,100.0,True
120.5,450.49949300865705,3.006059341276336,100.12773049230545,450.3875189948953,13.832248508677031,DEPOSITION,NONE,0.44201952,0.3806933,100.0,True
120.75,450.31804228506587,3.0048341160563266,99.77288383953379,450.37045512422077,14.040057350782396,DEPOSITION,NONE,0.44695352,0.38046568,100.0,True
121.0,450.5929731518436,2.9980719968406526,99.58295601772677,450.36806944402434,14.247859281467449,DEPOSITION,NONE,0.43962031,0.37885818,100.0,True
121.25,450.741575432066,3.0049370719610864,99.84521744093198,450.34395472120326,14.455644791456065,DEPOSITION,NONE,0.4359951,0.3805333,100.0,True
121.5,450.3345209928739,2.999150689851564,100.01533312049422,450.3091696957349,14.663394459068586,DEPOSITION,NONE,0.44705876,0.37916845,100.0,True
121.75,450.0847942115218,2.9978207035401696,100.07019419241213,450.307287177153,14.871145135166717,DEPOSITION,NONE,0.45332116,0.37883328,100.0,True
122.0,450.35737743876984,3.0036427801726657,100.01196253861406,450.3239730132765,15.078914752872217,DEPOSITION,NONE,0.44559212,0.38024668,100.0,True
122.25,450.67008026809907,2.997593591508223,100.03889985879302,450.3176970152144,15.286674729756808,DEPOSITION,NONE,0.43730763,0.37879969,100.0,True
122.5,449.99943672398786,2.9961790372214914,100.1992788941397,450.2868844083779,15.494412199565595,DEPOSITION,NONE,0.45522864,0.37842259,100.0,True
122.75,450.16786748079863,3.001844485374746,99.99073437139728,450.3092878959204,15.70217553311215,DEPOSITION,NONE,0.45013019,0.37977472,100.0,True
123.0,450.1598267401723,2.999051123053646,99.92286495480298,450.31650908382545,15.909943223831899,DEPOSITION,NONE,0.4500282,0.37910706,100.0,True
123.25,450.25030055026576,3.00243256989356,100.09785168316247,450.3234054305345,16.11771892309223,DEPOSITION,NONE,0.4473897,0.37993053,100.0,True
123.5,450.23584558482617,2.99724572745652,100.04235060017773,450.3224594393202,16.325490845209654,DEPOSITION,NONE,0.44767423,0.3786796,100.0,True
123.75,450.3073574679215,3.0032780762683284,100.39829403559199,450.3223597796841,16.533267120111613,DEPOSITION,NONE,0.44569503,0.38013565,100.0,True
124.0,450.44283251746543,2.9998143042151795,99.97419340436812,450.3163938523017,16.741033890294098,DEPOSITION,NONE,0.44215176,0.3793207,100.0,True
124.25,450.1714397574195,2.997211844030915,99.84948767342482,450.2999438754891,16.948786934085597,DEPOSITION,NONE,0.44944459,0.37867672,100.0,True
124.5,450.24586174413275,2.998879426476182,100.11155960598425,450.3051620198436,17.15654885916058,DEPOSITION,NONE,0.44724293,0.3790541,100.0,True
124.75,450.24398805472293,2.999658782087928,99.81725889616662,450.303837906973,17.364311508206395,DEPOSITION,NONE,0.44718793,0.3792319,100.0,True
125.0,450.5490412434874,3.00179792275822,100.26833097538358,450.30235489910785,17.572073589539023,DEPOSITION,NONE,0.43909979,0.37975481,100.0,True
125.25,450.39643520076555,3.0045946901772767,99.96272687118324,450.2769023319602,17.779811073666014,DEPOSITION,NONE,0.44343879,0.38046727,100.0,True
125.5,450.3719646011298,3.0078597070684716,99.81646983075912,450.26439047993625,17.98753122681057,DEPOSITION,NONE,0.44411687,0.38133163,100.0,True
125.75,450.4303679175634,3.0041841750620346,100.0631691366564,450.25392757430376,18.19523113227236,DEPOSITION,NONE,0.44256617,0.38052491,100.0,True
126.0,450.35368272465007,3.0025814869582077,99.89945572510517,450.2389008592925,18.4029120644875,DEPOSITION,NONE,0.44462577,0.38018723,100.0,True
126.25,450.29263768232653,2.9958623836233707,99.89631294380177,450.23002592310496,18.610581653499253,DEPOSITION,NONE,0.44614094,0.37856661,100.0,True
126.5,450.1309354058383,2.9984268408115624,100.0224663457725,450.22566981768,18.81825344692229,DEPOSITION,NONE,0.45021057,0.37915442,100.0,True
126.75,450.30284513492256,2.9946370914747247,100.30401631327607,450.23339015986977,19.025934248259173,DEPOSITION,NONE,0.44533486,0.3782016,100.0,True
127.0,450.4041635863769,3.001658181045438,99.94502044125898,450.2266342428635,19.233616831990297,DEPOSITION,NONE,0.4426184,0.37986996,100.0,True
127.25,450.1981515021602,3.000965530369036,100.06321599795928,450.2118475021704,19.44128407734225,DEPOSITION,NONE,0.44809612,0.37971875,100.0,True
127.5,449.95518413055635,3.0014727894327877,100.44823713826048,450.2133434962679,19.648951201509266,DEPOSITION,NONE,0.45422147,0.37985601,100.0,True
127.75,449.9489975790561,3.002125362154694,100.05677529626138,450.2329910715789,19.85663332438701,DEPOSITION,NONE,0.45384313,0.38003596,100.0,True
128.0,450.2342936173893,3.003105051899493,99.81796055303795,450.25145590034606,20.06432847484485,DEPOSITION,NONE,0.44592918,0.38030578,100.0,True
128.25,450.2714694984513,3.003126482645826,99.9696852182751,450.2464052495346,20.272014708650403,DEPOSITION,NONE,0.44500529,0.3803519,100.0,True
128.5,450.17424238514155,2.9987094602835613,99.93148669779926,450.23863184009554,20.479689612180827,DEPOSITION,NONE,0.44763538,0.37930322,100.0,True
128.75,450.47705388645,2.9956608231233615,100.13453969054957,450.23867857690595,20.687366346229705,DEPOSITION,NONE,0.43962093,0.37853795,100.0,True
129.0,450.021966837228,3.0008716047489585,99.98383007956367,450.2149694071629,20.895028523133323,DEPOSITION,NONE,0.45189656,0.37977286,100.0,True
129.25,449.8294463104419,2.9987099333742377,99.83548243880885,450.22772060614017,21.102700472128483,DEPOSITION,NONE,0.45656628,0.37924971,100.0,True
129.5,450.18575638542586,3.003572358675234,99.82771283694389,450.25427361231493,21.310397355468805,DEPOSITION,NONE,0.44666109,0.3804347,100.0,True
129.75,450.08789107229455,3.002966627010899,100.01787953807022,450.25138363615355,21.518086480654162,DEPOSITION,NONE,0.44927491,0.38032992,100.0,True
130.0,450.49395998080155,2.9992691458904464,99.86394029925903,450.25625034316283,21.72577550116987,DEPOSITION,NONE,0.43853127,0.37945532,100.0,True
130.25,450.2190313627714,3.002117879524903,100.14512578372765,450.2292564685497,21.933441912041065,DEPOSITION,NONE,0.44621569,0.38015238,100.0,True
130.5,450.22526106141106,2.998293254677822,99.98264493398271,450.2251243315997,22.141101568727866,DEPOSITION,NONE,0.44603282,0.379236,100.0,True
130.75,450.13126296381375,3.004234972228963,100.00110897552472,450.2204630395007,22.34875950168826,DEPOSITION,NONE,0.44847982,0.38068454,100.0,True
131.0,450.04863311561866,2.996447290951734,100.11202297911463,450.2230694834375,22.55641350855046,DEPOSITION,NONE,0.45049152,0.37881535,100.0,True
131.25,450.3305646222039,2.997782974796731,99.89691145650477,450.23163070742214,22.76407998179761,DEPOSITION,NONE,0.4428614,0.37910347,100.0,True
131.5,450.22123597551564,2.993219615722899,99.79923351774377,450.21754865737466,22.971737214837194,DEPOSITION,NONE,0.44592378,0.37794909,100.0,True
131.75,450.3357977342008,2.9974575127981757,100.05782259008389,450.21258779507986,23.179399723077946,DEPOSITION,NONE,0.44291434,0.37890988,100.0,True
132.0,450.3866109615172,3.001142184831311,100.0031784479977,450.1987220815566,23.387053641930148,DEPOSITION,NONE,0.44172824,0.37978408,100.0,True
132.25,450.50958117226145,3.0010964289110507,99.94533094840868,450.18138389258183,23.594690672881445,DEPOSITION,NONE,0.4386803,0.37978292,100.0,True
132.5,450.2679698616477,3.0001991518633875,99.86800210415778,450.1550653526792,23.802303073952544,DEPOSITION,NONE,0.4453063,0.37957237,100.0,True
132.75,450.1597214441023,2.998412126688447,99.69676714844447,450.14846916349063,24.00990937395691,DEPOSITION,NONE,0.44802042,0.37913177,100.0,True
133.0,450.1233508035705,2.9981767221168956,99.9324040997463,450.14993852216105,24.217519193073663,DEPOSITION,NONE,0.44871344,0.37905244,100.0,True
133.25,449.8997929683026,2.9981047409138397,99.99387968639131,450.1534574880314,24.42513466469957,DEPOSITION,NONE,0.45430545,0.3790099,100.0,True
133.5,450.18926017259145,2.9958519369309977,100.09753399886363,450.17354084148513,24.632770363132156,DEPOSITION,NONE,0.44619134,0.37842723,100.0,True
133.75,449.982059664106,2.9990068120174556,100.2012488080685,450.1695103678755,24.84040848129223,DEPOSITION,NONE,0.45160518,0.3791515,100.0,True
134.0,450.0747761251466,2.998203697094353,100.16550296160062,450.181539720448,25.048058520725807,DEPOSITION,NONE,0.44886652,0.37893645,100.0,True
134.25,450.1262068093943,2.9990126673246538,100.03410380275145,450.18541383361696,25.255714536835182,DEPOSITION,NONE,0.44740196,0.37910981,100.0,True
134.5,450.34669759909553,2.9932182471488478,99.87232432711987,450.18493473312134,25.46337158526967,DEPOSITION,NONE,0.44160045,0.37766209,100.0,True
134.75,450.0120237618338,2.997234568398771,99.86833247869828,450.1672607779559,25.671022990808556,DEPOSITION,NONE,0.45065283,0.37856522,100.0,True
135.0,450.04724202716676,3.0017382365787686,99.86318084567924,450.17647427350255,25.878686469904565,DEPOSITION,NONE,0.44947484,0.37963647,100.0,True
135.25,450.2010049643198,3.001905544165116,99.8877920228977,450.18216732262556,26.08635251212853,DEPOSITION,NONE,0.44529086,0.37969362,100.0,True
135.5,450.1955222323356,3.0055526107977713,100.0495080946318,450.1754408060236,26.294010066177346,DEPOSITION,NONE,0.44552358,0.38061428,100.0,True
135.75,450.07147817250876,2.9998678790905546,99.85930869508117,450.16942508608776,26.50165453806989,DEPOSITION,NONE,0.44882906,0.37927764,100.0,True
136.0,450.2147963952102,3.0027348440984913,99.87430835578715,450.173225962606,26.709302676834206,DEPOSITION,NONE,0.44493708,0.37998486,100.0,True
136.25,450.1333871238347,3.0032808304991665,99.92372714362108,450.16547869912677,26.91694027040744,DEPOSITION,NONE,0.44715813,0.38015471,100.0,True
136.5,450.1931544336973,2.996466373861228,99.87448213341354,450.1643390582458,27.124572298132684,DEPOSITION,NONE,0.44554019,0.37851448,100.0,True
136.75,450.0798877326552,3.0064342715351358,99.93864247879951,450.1584072110898,27.332204348496926,DEPOSITION,NONE,0.44854445,0.380935,100.0,True
137.0,450.0819050447155,2.9976875873045516,99.97515964689124,450.16139884762595,27.539829871474215,DEPOSITION,NONE,0.44835467,0.37885648,100.0,True
137.25,450.2622081376791,3.000143179573677,100.30867220120504,450.1638186199262,27.747460926693208,DEPOSITION,NONE,0.4435208,0.37943736,100.0,True
137.5,450.1839718570864,3.0039090549849417,100.04150666740371,450.1519026900765,27.955081442679468,DEPOSITION,NONE,0.4457318,0.38037116,100.0,True
137.75,450.23741482497365,2.994914976320645,99.98094108277911,450.1465776002065,28.162691753211337,DEPOSITION,NONE,0.44434054,0.37820039,100.0,True
138.0,450.1268031079301,2.998941654451923,99.67706820592136,450.1371452690244,28.370301180020075,DEPOSITION,NONE,0.44731319,0.37913407,100.0,True
138.25,450.26864731704177,2.998598073798788,99.93428930166304,450.1365536477609,28.577911630690696,DEPOSITION,NONE,0.44349222,0.37903579,100.0,True
138.5,450.0863623543622,2.999192653657115,100.0610647631183,450.12463807351827,28.78551370926416,DEPOSITION,NONE,0.44837787,0.3791646,100.0,True
138.75,449.9365864736885,2.9971517390548166,100.04359499438489,450.1272413114233,28.993119236973417,DEPOSITION,NONE,0.45212389,0.37864924,100.0,True
139.0,450.16277748700963,2.999052448708348,99.91391313915383,450.14094006531155,29.200740834920868,DEPOSITION,NONE,0.44584205,0.37908141,100.0,True
139.25,450.010812268502,3.0000873226313955,100.1771098709787,450.13597597397745,29.408359482416877,DEPOSITION,NONE,0.44985822,0.37932276,100.0,True
139.5,449.9842241528919,3.0048270630621516,100.12659721980705,450.14293176559875,29.615984111986034,DEPOSITION,NONE,0.45036333,0.38049229,100.0,True
139.75,450.08341849841486,3.0022084621127205,99.78011448747067,450.1513630590114,29.823609219403444,DEPOSITION,NONE,0.44757358,0.37990438,100.0,True
140.0,449.8917626609364,2.9958103011465504,99.93853803020286,450.1514989027106,30.031231337909084,DEPOSITION,NONE,0.45258176,0.37835275,100.0,True
140.25,450.1176676544701,2.998485190105655,100.0149134035847,450.1664791498126,30.238872609155763,DEPOSITION,NONE,0.44638084,0.37896242,100.0,True
140.5,449.84275932339824,3.0016445339504014,99.78710491316613,450.163032409556,30.44651308349351,DEPOSITION,NONE,0.4536783,0.37972323,100.0,True
140.75,450.0820993518527,2.998785552606927,99.82656840448861,450.1812269426365,30.65416711915749,DEPOSITION,NONE,0.44709388,0.37903657,100.0,True
141.0,449.97419777055154,2.997109158068381,99.9982114536788,450.1798477208472,30.861821738106954,DEPOSITION,NONE,0.45001128,0.37860686,100.0,True
141.25,450.27561764173186,3.0020623773847364,99.85082634425942,450.1871203148729,31.06948689919223,DEPOSITION,NONE,0.44203205,0.37979309,100.0,True
141.5,450.0519822807264,2.9974389768389,100.06747184681446,450.1707188529582,31.277134817128776,DEPOSITION,NONE,0.44824871,0.37867522,100.0,True
141.75,449.8671824408765,3.004131280954185,99.92727926870654,450.1727954679543,31.484788276332115,DEPOSITION,NONE,0.45305227,0.38029529,100.0,True
142.0,450.07157518389147,3.0010945993037317,100.15489285826594,450.1891039134615,31.69245009233699,DEPOSITION,NONE,0.44740582,0.37959574,100.0,True
142.25,450.24001222948664,3.0031472123616885,100.02015382249805,450.1886247409539,31.900109980004817,DEPOSITION,NONE,0.44305114,0.38011701,100.0,True
142.5,450.3596850770358,3.003466668034047,99.98507818160017,450.17523928617965,32.107753719098525,DEPOSITION,NONE,0.44019536,0.38023672,100.0,True
142.75,450.36931161521306,2.9999408746687473,100.01303398304529,450.15343073202405,32.31537349322424,DEPOSITION,NONE,0.4403248,0.37941181,100.0,True
143.0,449.9938528478521,2.9985877350450343,100.11663741187652,450.1320738984192,32.52297474969331,DEPOSITION,NONE,0.45046624,0.37908041,100.0,True
143.25,449.9439470704382,3.0015212651726406,100.0522923926904,450.14084410689867,32.7305857106211,DEPOSITION,NONE,0.4514769,0.37978986,100.0,True
143.5,450.19421687732745,2.992826782471326,99.9845135620548,450.1525826648899,32.938204737241136,DEPOSITION,NONE,0.4446127,0.37766316,100.0,True
143.75,450.2411773121785,2.9977521600268497,100.01354600486465,450.14393831102484,33.145826508605246,DEPOSITION,NONE,0.44348927,0.37879124,100.0,True
144.0,449.77527996122706,3.00224003482667,99.90063507854862,450.1319909515873,33.35344104631767,DEPOSITION,NONE,0.45583928,0.37986958,100.0,True
144.25,450.2873912756785,2.994510432915908,100.10384010824883,450.1566877335435,33.56107391075501,DEPOSITION,NONE,0.44187488,0.37798593,100.0,True
144.5,450.1043744617194,3.0029170973737065,99.86114353193317,450.13991535486724,33.76870001075666,DEPOSITION,NONE,0.44695819,0.3799923,100.0,True
144.75,450.04549427565024,3.0069793182546927,99.8755071774344,450.13826282936174,33.97632047619221,DEPOSITION,NONE,0.44846375,0.38102895,100.0,True
145.0,450.0351740335469,2.9988443592346807,99.84661619112693,450.1410781146581,34.18393340166777,DEPOSITION,NONE,0.44861784,0.37910621,100.0,True
145.25,450.3229098745312,3.0049473155581614,99.89438409001248,450.14434135657865,34.39155087496755,DEPOSITION,NONE,0.44096986,0.38060137,100.0,True
145.5,449.86602008885234,3.0028790772827554,100.16625857676874,450.12492491570436,34.599144316678625,DEPOSITION,NONE,0.45325436,0.38015417,100.0,True
145.75,450.26523062024853,3.002595138613778,99.86987121012642,450.1419817414217,34.80674853831632,DEPOSITION,NONE,0.44239365,0.38012369,100.0,True
146.0,450.1015184804766,2.99475839272628,99.78727557556212,450.1267929417774,35.01433578034923,DEPOSITION,NONE,0.44692609,0.37822474,100.0,True
146.25,450.27225140776704,2.99732900558519,100.341935739103,450.1250862116766,35.22192904446997,DEPOSITION,NONE,0.4424076,0.37879825,100.0,True
146.5,450.12111849406864,2.997642259631234,100.11968278055593,450.10999147757127,35.42951291651299,DEPOSITION,NONE,0.44656602,0.37884301,100.0,True
146.75,450.3774592344286,3.0012142710189984,99.81742822438093,450.1072698807887,35.637097740482936,DEPOSITION,NONE,0.4397864,0.37969518,100.0,True
147.0,450.14011161482796,3.0037787494573935,99.92601385764604,450.0844611945452,35.8446608540925,DEPOSITION,NONE,0.44630814,0.38034258,100.0,True
147.25,449.96500857548114,3.0023853773671854,100.02099516107528,450.08105486909284,36.05221552805237,DEPOSITION,NONE,0.45079105,0.3800453,100.0,True
147.5,449.92556572234827,2.997997230538877,99.88665062635509,450.09094703775065,36.25977538433424,DEPOSITION,NONE,0.45148987,0.37899286,100.0,True
147.75,450.14732002501563,2.9996298176299456,100.17256705645902,450.10287972528505,36.4673485007942,DEPOSITION,NONE,0.44535843,0.3793732,100.0,True
148.0,450.2030506373072,2.994638149513082,100.06104857971827,450.09660088101,36.6749166201616,DEPOSITION,NONE,0.44395453,0.37813633,100.0,True
148.25,450.2207201527759,3.0011383334352475,100.1545089488919,450.0861803048249,36.88248328878813,DEPOSITION,NONE,0.44360873,0.37967475,100.0,True
148.5,449.9923307018443,2.9968203649909317,100.13951050378635,450.0747672507448,37.09003830130723,DEPOSITION,NONE,0.44970284,0.37862035,100.0,True
148.75,449.92163375597534,2.993455681411446,100.15379499169853,450.08145345669817,37.297603673362794,DEPOSITION,NONE,0.45131478,0.37774817,100.0,True
149.0,449.9842690394181,2.999556908637611,99.79030309776543,450.0928967782684,37.50518838977532,DEPOSITION,NONE,0.44938281,0.37917017,100.0,True
149.25,449.89974867373496,2.997040220924463,99.94590252224022,450.09857781178573,37.71277866938203,DEPOSITION,NONE,0.45145532,0.37853775,100.0,True
149.5,450.16588414158235,2.99386209861836,100.1128259761927,450.11038428015894,37.92038350349374,DEPOSITION,NONE,0.44425135,0.37771117,100.0,True
149.75,449.92350078262245,2.998067108603095,100.10167830821123,450.10080050704073,38.12798879662424,DEPOSITION,NONE,0.4507934,0.37866759,100.0,True
150.0,450.0994429426896,2.9968192419196313,100.27668890308514,450.1106380325668,38.33560548857966,DEPOSITION,NONE,0.44599104,0.37832813,100.0,True
150.25,449.9771168702049,3.0024386109592216,100.02998355229117,450.106210110946,38.543222948837204,DEPOSITION,NONE,0.44929121,0.37966978,100.0,True
150.5,450.32327716647706,3.000132863499441,100.15121345265737,450.1115780921976,38.75084169462692,DEPOSITION,NONE,0.44012277,0.37912428,100.0,True
150.75,449.97846957521153,3.0048630740628326,99.88555230556271,450.0897530035593,38.95844132871028,DEPOSITION,NONE,0.44956302,0.38029012,100.0,True
151.0,450.0416466446184,3.006789775934062,100.04754570821774,450.0959780094106,39.16603957301586,DEPOSITION,NONE,0.44773716,0.3808241,100.0,True
151.25,450.11323537726275,3.0072744574188577,100.05420350110501,450.0967715313574,39.37362893833625,DEPOSITION,NONE,0.44581437,0.38102893,100.0,True
151.5,449.96944260835517,3.0021588141925903,99.82274786244876,450.0918632045145,39.58120375533736,DEPOSITION,NONE,0.44964253,0.37986022,100.0,True
151.75,450.26756478396794,3.003403104532295,99.9140561232188,450.09831730315636,39.7887812702456,DEPOSITION,NONE,0.44167454,0.38020062,100.0,True
152.0,449.98694793893657,3.0000394702544892,100.00212327276682,450.08113321632914,39.99633902188963,DEPOSITION,NONE,0.44931955,0.37941836,100.0,True
152.25,449.94001030108,3.0012161180469463,99.69371864556041,450.08666344360995,40.20390163418692,DEPOSITION,NONE,0.45038003,0.37971583,100.0,True
152.5,450.0303908830683,2.9982019238034257,99.95901016727161,450.0953198018069,40.411470105929695,DEPOSITION,NONE,0.44781142,0.37899172,100.0,True
152.75,450.142419078514,2.995879889473161,100.08827726248536,450.0963354927077,40.61904206341015,DEPOSITION,NONE,0.44484472,0.37840013,100.0,True
153.0,450.06153126882947,2.9979543907794515,99.79497607982564,450.0885543711277,40.82661312866973,DEPOSITION,NONE,0.44709435,0.37886331,100.0,True
153.25,449.9099993014673,3.001153726235389,99.85542263356866,450.08746569222717,41.03418614453997,DEPOSITION,NONE,0.45104984,0.37962821,100.0,True
153.5,450.1077347466308,3.0031607169450947,100.15489639230192,450.098104941953,41.241766753975384,DEPOSITION,NONE,0.44564284,0.38013772,100.0,True
153.75,450.32674356397615,2.998821884137738,99.83722763922717,450.09268401986174,41.449338063633185,DEPOSITION,NONE,0.44000418,0.37910576,100.0,True
154.0,450.22364519506243,3.000735983998285,100.1685925975116,450.0705663685043,41.656891732268164,DEPOSITION,NONE,0.44308717,0.37956515,100.0,True
154.25,450.05931447805017,3.0033311821144273,100.12695811300813,450.0576560673921,41.86443304188597,DEPOSITION,NONE,0.44754068,0.380216,100.0,True
154.5,450.16544990445385,3.00097657420254,100.05965485187936,450.0579867689412,42.07196982697346,DEPOSITION,NONE,0.44463933,0.37967738,100.0,True
154.75,450.08467187130316,3.0000609253607666,100.14852918933394,450.04971650025095,42.27949796012903,DEPOSITION,NONE,0.44680547,0.37946571,100.0,True
155.0,449.9710957752944,3.004582875868798,99.9840636181961,450.047892726381,42.48702437346418,DEPOSITION,NONE,0.44970125,0.3805857,100.0,True
155.25,450.20246540045497,2.9987219826910714,99.96300010068545,450.0546580711916,42.69455006376935,DEPOSITION,NONE,0.44341306,0.37919764,100.0,True
155.5,450.347599604586,2.99816769864182,99.80841748559864,450.0427633817264,42.90206715374375,DEPOSITION,NONE,0.43975455,0.37904839,100.0,True
155.75,449.9129492326945,2.998291819844371,100.32327877790765,450.0200615565476,43.109566983862756,DEPOSITION,NONE,0.45145271,0.37905827,100.0,True
156.0,450.0631186587251,3.0021843858351094,99.84976000646797,450.03210526889416,43.31707969248656,DEPOSITION,NONE,0.44714408,0.37999906,100.0,True
156.25,450.0842313670552,3.001208333902395,100.27024404331964,450.03134012359106,43.52458850945497,DEPOSITION,NONE,0.44650533,0.37978548,100.0,True
156.5,449.9242434691914,3.000899484381258,100.04538758626798,450.02868403644004,43.732093193370645,DEPOSITION,NONE,0.45065555,0.3797254,100.0,True
156.75,449.88508076418015,2.9989514203669785,99.96047876356953,450.0383379707599,43.939604933356925,DEPOSITION,NONE,0.45142108,0.37925698,100.0,True
157.0,449.70142608957343,3.0008880045947635,100.08103651296152,450.05023090346543,44.147128477185824,DEPOSITION,NONE,0.45597262,0.37972375,100.0,True
157.25,450.0097378029174,2.994997482757241,100.22198213006988,450.0755780220168,44.35467278322133,DEPOSITION,NONE,0.44743416,0.3782806,100.0,True
157.5,450.11543696033226,3.002473199402454,100.21154826950529,450.0755370672232,44.56222414669373,DEPOSITION,NONE,0.44473987,0.38006515,100.0,True
157.75,449.98937403404636,3.001648777403979,99.96382764794947,450.0675100516948,44.76976485587396,DEPOSITION,NONE,0.44825033,0.37989119,100.0,True
158.0,450.06053119641336,2.99881412343596,99.99980216013174,450.06991349263836,44.977305217356225,DEPOSITION,NONE,0.446371,0.37921164,100.0,True
158.25,450.2338329120807,2.9995366931003593,99.97694008779128,450.0667388821363,45.184844438310606,DEPOSITION,NONE,0.44191852,0.37937601,100.0,True
158.5,450.00889592417604,3.000223274675763,99.8657697905038,450.0503765089035,45.392369966387704,DEPOSITION,NONE,0.4481225,0.37953962,100.0,True
158.75,449.97705574104475,2.999019886785693,99.91512275316873,450.0524545056272,45.599896917310794,DEPOSITION,NONE,0.44888094,0.37924508,100.0,True
159.0,450.03900270006415,2.997421887747297,100.30059366685433,450.0567741230047,45.807428979695864,DEPOSITION,NONE,0.44715239,0.37883796,100.0,True
159.25,450.255315750763,3.0008142480770212,99.99195722227915,450.0559566396658,46.014963964655465,DEPOSITION,NONE,0.44148819,0.37964278,100.0,True
159.5,450.3669669846622,3.000362155864048,99.98697317381966,450.03835236024236,46.22248235226779,DEPOSITION,NONE,0.43886678,0.37953974,100.0,True
159.75,450.05850180111264,3.0002783513037974,100.21154765597254,450.0130328445899,46.42997807133381,DEPOSITION,NONE,0.44733774,0.37952262,100.0,True
160.0,450.01005653444486,3.005633182191278,99.86769681099973,450.01290123831745,46.637473237644606,DEPOSITION,NONE,0.44847181,0.38084823,100.0,True
160.25,450.1202390904199,2.9958605847375623,100.27256514349358,450.01613155788203,46.844963107389795,DEPOSITION,NONE,0.44540673,0.3785052,100.0,True
160.5,449.9606817294723,2.9990336612433444,100.13863553594537,450.01026654530625,47.05245377739516,DEPOSITION,NONE,0.44959832,0.37923923,100.0,True
160.75,450.2051452945306,2.9959504085951076,99.94807615125376,450.0168441919264,47.259951534929726,DEPOSITION,NONE,0.44297416,0.37846527,100.0,True
161.0,449.794528044887,3.0000316404234155,99.98479411972879,450.00376653580696,47.46744364875532,DEPOSITION,NONE,0.45390076,0.37942201,100.0,True
161.25,449.9707772917531,2.997561279928718,99.9421140304228,450.02311739516705,47.6749525665855,DEPOSITION,NONE,0.44883472,0.37880974,100.0,True
161.5,449.9154322456578,3.001402401815474,100.2273925070807,450.0273915464674,47.882468689313136,DEPOSITION,NONE,0.45018107,0.37972588,100.0,True
161.75,449.7460344833948,2.999350263276859,99.93727423388587,450.03564309968016,48.089989985510734,DEPOSITION,NONE,0.45446004,0.37923405,100.0,True
162.0,450.1304075594225,2.9968968396555393,99.97803462539606,450.0565522711473,48.29753046813821,DEPOSITION,NONE,0.44402825,0.37861852,100.0,True
162.25,449.890536338793,3.002100149361182,100.01489119449373,450.0464751661648,48.505066614609945,DEPOSITION,NONE,0.45057223,0.37986309,100.0,True
162.5,450.03160543499195,3.0009470153284576,99.96302750430534,450.05582661982646,48.71260792209869,DEPOSITION,NONE,0.44674265,0.3796021,100.0,True
162.75,449.8207244284129,3.001546773948706,100.0432405255686,450.05379757585945,48.92014612868318,DEPOSITION,NONE,0.45236275,0.3797611,100.0,True
163.0,450.045321551736,3.002588100391041,100.18277433246877,450.0684334919677,49.127694928011124,DEPOSITION,NONE,0.4462578,0.38003728,100.0,True
163.25,449.9010855661815,2.997077682612989,100.23209276436516,450.06492796129976,49.33523699229505,DEPOSITION,NONE,0.45018201,0.3787093,100.0,True
163.5,450.28589296256655,2.9974504237740023,99.82289349216448,450.07306518257786,49.542790393396274,DEPOSITION,NONE,0.4400125,0.37876592,100.0,True
163.75,449.9553982727776,2.9983841686482187,99.76239012521698,450.051033405838,49.75032824411698,DEPOSITION,NONE,0.4491441,0.37896432,100.0,True
164.0,450.06081258194064,2.996173146387629,99.81844155249375,450.05613749402823,49.95787288839223,DEPOSITION,NONE,0.44628621,0.37839649,100.0,True
164.25,450.1901705022572,2.9982829856145417,99.98927932268282,450.0527545389173,50.16542009380727,DEPOSITION,NONE,0.44296958,0.37886758,100.0,True
164.5,450.1339157158239,3.002916204849105,99.94944698068107,450.0395512624725,50.37295826222973,DEPOSITION,NONE,0.44468016,0.37998698,100.0,True
164.75,450.03807716147736,2.9977607083005013,100.26210695446883,450.0314595396792,50.58048522367377,DEPOSITION,NONE,0.44729415,0.37874695,100.0,True
165.0,450.1286337067063,2.997116700830795,100.00060869532844,450.0311412340418,50.78801518372315,DEPOSITION,NONE,0.44486443,0.37855828,100.0,True
165.25,450.1306547023535,3.002107655892928,100.27437551770605,450.0236219492496,50.99554278064447,DEPOSITION,NONE,0.44489103,0.37975255,100.0,True
165.5,450.22205283801264,2.998880572990363,99.98662292493064,450.0162049710351,51.2030609476426,DEPOSITION,NONE,0.44255773,0.37897891,100.0,True
165.75,449.80966375352557,3.0013447700621634,100.02265315893193,450.001894962472,51.41056831515918,DEPOSITION,NONE,0.45353411,0.37957193,100.0,True
166.0,450.4256872975739,3.000782703297815,99.68601214290233,450.02016486818104,51.618089791863724,DEPOSITION,NONE,0.43694551,0.37944833,100.0,True
166.25,449.88839425927426,3.0007676768953946,99.81159770611106,449.98920723227997,51.825583217814206,DEPOSITION,NONE,0.4515336,0.37945375,100.0,True
166.5,449.87150582863893,2.999275651628944,100.05127174516983,450.00158698124665,52.03308644669603,DEPOSITION,NONE,0.45161564,0.37909469,100.0,True
166.75,449.9893699782905,2.9977704525056006,100.11815218517425,450.01417127997235,52.240601795116845,DEPOSITION,NONE,0.44822008,0.37871378,100.0,True
167.0,449.935705862463,2.9991303687157065,99.7930522612073,450.01665147989166,52.44812259589034,DEPOSITION,NONE,0.44955021,0.37902141,100.0,True
167.25,449.9051642398727,3.002660476892479,99.75735172621992,450.02306660110696,52.65565032581664,DEPOSITION,NONE,0.45021501,0.37988114,100.0,True
167.5,450.02075619658535,3.0026423363324835,99.94343370893075,450.0314322507804,52.86318162468995,DEPOSITION,NONE,0.44703799,0.37990881,100.0,True
167.75,450.06632332005387,2.996924773290457,100.1965416853277,450.0303547422931,53.070708282701645,DEPOSITION,NONE,0.44589096,0.37853016,100.0,True
168.0,450.1910382160247,3.0012419878783647,99.7367381710126,450.0258806656093,53.27823553606454,DEPOSITION,NONE,0.44272384,0.37955911,100.0,True
168.25,449.85513848637623,3.003366656031623,100.25696816354179,450.0120328370308,53.48574898997725,DEPOSITION,NONE,0.4517767,0.38009927,100.0,True
168.5,450.0695542599551,3.0039032658220224,99.90883574448675,450.0250619439574,53.69326905896822,DEPOSITION,NONE,0.44588293,0.3802744,100.0,True
168.75,449.9921725061071,2.9998450824427327,100.06346451306024,450.02058057959874,53.90077968792187,DEPOSITION,NONE,0.44799543,0.37932311,100.0,True
169.0,449.79305345445835,3.0026802097398,100.198381996655,450.0223748930251,54.108292169768504,DEPOSITION,NONE,0.45316935,0.38002477,100.0,True
169.25,449.86718943551153,2.9955722185340066,100.05258401719263,450.03949970783754,54.315815795992606,DEPOSITION,NONE,0.45091411,0.37830548,100.0,True
169.5,449.95173951189673,2.9928947541706523,100.1212875274038,450.0498862978136,54.52335487167451,DEPOSITION,NONE,0.44856064,0.37759185,100.0,True
169.75,450.07660368444374,2.9991668393739803,100.3170166439066,450.0532645219086,54.73090709109517,DEPOSITION,NONE,0.44530231,0.37905209,100.0,True
170.0,450.0678097746877,2.998404693228838,100.01517277181503,450.0469741369358,54.93845499802337,DEPOSITION,NONE,0.44571993,0.37885043,100.0,True
170.25,449.88593086280775,2.998512265137253,100.05795442031877,450.0419412529224,55.14600080009066,DEPOSITION,NONE,0.45061956,0.378854,100.0,True
170.5,449.9683174136336,2.999568759831157,100.2503417291261,450.05144714456543,55.35355704993856,DEPOSITION,NONE,0.44831122,0.37909336,100.0,True
170.75,450.18302850625395,3.003367541382753,100.07932250532971,450.05408118877597,55.56111624567107,DEPOSITION,NONE,0.44268581,0.38002319,100.0,True
171.0,450.11266288003833,3.0050518181787202,99.99706810210371,450.0400326457797,55.76865838780477,DEPOSITION,NONE,0.4448313,0.3804789,100.0,True
171.25,450.3107145362625,2.9974122443644524,99.9617443468418,450.0323874175275,55.976186669762676,DEPOSITION,NONE,0.43977803,0.37865494,100.0,True
171.5,449.8029981098667,2.999453996960605,100.07776636494314,450.00978756407306,56.183699006751915,DEPOSITION,NONE,0.45346153,0.37912871,100.0,True
171.75,450.2455047417332,2.9985436102408123,100.00079567103985,450.02781770834946,56.391227918328774,DEPOSITION,NONE,0.44144966,0.37889742,100.0,True
172.0,449.9563054584615,2.998441260063668,99.82159308196789,450.01018701843674,56.59874357297996,DEPOSITION,NONE,0.44931955,0.37885366,100.0,True
172.25,450.02503778132484,2.995592594920929,100.01658147262366,450.0159386065296,56.806266525787024,DEPOSITION,NONE,0.44733832,0.37812989,100.0,True
172.5,450.01894244343515,2.999183607790026,99.8483644645135,450.01579965311197,57.013795718997756,DEPOSITION,NONE,0.44745167,0.37896004,100.0,True
172.75,449.808351023571,3.0068407554933017,99.79870419037167,450.01599711581235,57.22132629282026,DEPOSITION,NONE,0.45292253,0.38083789,100.0,True
173.0,450.26606558085234,3.00246252341867,99.94539685475725,450.0324102269198,57.42886143411729,DEPOSITION,NONE,0.44059751,0.37983981,100.0,True
173.25,449.83867780964675,3.003589648825177,100.2594476795113,450.012239336205,57.63637551124865,DEPOSITION,NONE,0.45217723,0.38015017,100.0,True
173.5,449.88635135495156,2.9992722560159204,100.15774356471904,450.026455016273,57.843896920541795,DEPOSITION,NONE,0.45062494,0.37913081,100.0,True
173.75,450.08639267781683,3.006232480503848,99.91447833257928,450.0360251738128,58.05142779284088,DEPOSITION,NONE,0.44521442,0.38084403,100.0,True
174.0,450.1108717428003,2.995965080022589,100.31438375957484,450.0295280615449,58.25894409168145,DEPOSITION,NONE,0.44472215,0.37838888,100.0,True
174.25,449.9120409537582,2.9934308043050124,99.98113539681104,450.02159207560146,58.46645928823142,DEPOSITION,NONE,0.4500816,0.37771696,100.0,True
174.5,450.0086522900714,3.0063464531297943,99.94917705319243,450.0295668832384,58.673990870391734,DEPOSITION,NONE,0.44738765,0.3808261,100.0,True
174.75,450.0276350661598,3.00185211534334,100.23794060246641,450.0295316277811,58.881513293414514,DEPOSITION,NONE,0.44689888,0.37979442,100.0,True
175.0,450.01856326910956,3.0030364673061047,100.07771268820913,450.0280477112715,59.08903176191913,DEPOSITION,NONE,0.44716966,0.38011195,100.0,True
175.25,449.9829357479213,2.9998983155903423,100.0043010818285,450.0273710481356,59.296545274777024,DEPOSITION,NONE,0.44811576,0.37937741,100.0,True
175.5,449.8920971512092,3.0033142151506755,99.79215696209977,450.02950084656686,59.50406077688153,DEPOSITION,NONE,0.45045526,0.38022316,100.0,True
175.75,450.21423388789697,3.002259505291211,99.98604261128801,450.03855854951433,59.711579395517354,DEPOSITION,NONE,0.44185639,0.38000716,100.0,True
176.0,449.9072832897071,2.9985270684869874,100.07091619869927,450.0220999418282,59.91908036207341,DEPOSITION,NONE,0.45022671,0.37911724,100.0,True
176.25,450.1419620536604,3.0001859773423503,100.14882045042111,450.0305032877558,60.126590720419394,DEPOSITION,NONE,0.44390238,0.37951246,100.0,True
176.5,449.93651917968174,3.00000889158259,99.76474812836956,450.02013436548583,60.334091680728086,DEPOSITION,NONE,0.44947666,0.37947359,100.0,True
176.75,450.14086460775457,2.9997587344931507,99.93766387342377,450.0263206089289,60.54159793795412,DEPOSITION,NONE,0.44398283,0.37941404,100.0,True
177.0,450.190434563081,3.0013881374697737,99.57754086373838,450.01620320027314,60.74909561202816,DEPOSITION,NONE,0.44286075,0.37981504,100.0,True
177.25,450.00877387095284,2.994827423839934,100.15999898117023,450.00279138371275,60.95657948502601,DEPOSITION,NONE,0.44782535,0.37821319,100.0,True
177.5,450.37749828816516,2.9980601207502664,100.01118687287527,450.00413706472943,61.16407185304196,DEPOSITION,NONE,0.43806691,0.37894821,100.0,True
177.75,449.93889836130626,3.0008224472818497,100.0966823523413,449.97655339739254,61.37154281179388,DEPOSITION,NONE,0.44999579,0.37960481,100.0,True
178.0,450.17749347088596,2.996733435920177,100.23574522177353,449.9844143804049,61.579019347261045,DEPOSITION,NONE,0.44346552,0.37860332,100.0,True
178.25,449.8331672789706,3.0007929293748035,100.17378649593648,449.9728943573772,61.786490425952906,DEPOSITION,NONE,0.45260006,0.37956388,100.0,True
178.5,450.0954659265839,2.9970753666234233,99.8947114574763,449.98848611582423,61.99397389431485,DEPOSITION,NONE,0.44532924,0.37865308,100.0,True
178.75,449.9131280356372,2.9999766451212992,100.17204298724779,449.9824776710469,62.20145625129716,DEPOSITION,NONE,0.45016151,0.37933144,100.0,True
179.0,449.79703966730534,3.0015289663963234,100.09149586482592,449.9908113829306,62.40894586055884,DEPOSITION,NONE,0.45298794,0.37971183,100.0,True
179.25,450.09124026776556,3.001398776513987,100.22774771819797,450.0074969594419,62.616447804480636,DEPOSITION,NONE,0.44494879,0.37969684,100.0,True
179.5,450.07347275202136,3.0024535067651446,100.0845319757391,450.0003015005164,62.82394144021518,DEPOSITION,NONE,0.4455694,0.37997408,100.0,True
179.75,450.26393497733955,2.993978991835013,100.19231628656787,449.9949680524303,63.031426888748136,DEPOSITION,NONE,0.44067486,0.37791156,100.0,True
180.0,449.9359886441246,2.999335496076274,99.85457848851603,449.97514326026266,63.23890366458152,DEPOSITION,NONE,0.4496072,0.37915971,100.0,True
180.25,449.7015524969771,2.9990858816613204,99.89690600357233,449.98185681717814,63.44638723288889,DEPOSITION,NONE,0.4555519,0.37908781,100.0,True
180.5,450.08029630520866,2.9958900387257237,100.2147419769316,450.0061702082896,63.653893326264374,DEPOSITION,NONE,0.44514511,0.37828495,100.0,True
180.75,450.04035088075585,2.999904188800227,99.8935864976221,449.9995608042737,63.861399546120886,DEPOSITION,NONE,0.44634689,0.37922263,100.0,True
181.0,449.87845317960296,2.997265871154347,99.91834589126391,449.9965342379208,64.06890326625093,DEPOSITION,NONE,0.45065367,0.37856628,100.0,True
181.25,450.00719047323884,3.000352382904374,99.78782681892926,450.00628291100463,64.27641944356006,DEPOSITION,NONE,0.44710452,0.37929117,100.0,True
181.5,449.96560683802375,2.9981777809423535,100.0239823277593,450.0054810741803,64.48393445171881,DEPOSITION,NONE,0.4482381,0.378755,100.0,True
181.75,450.287739583258,3.002886834433078,99.95303200917667,450.00804180197736,64.69145436462023,DEPOSITION,NONE,0.439775,0.37989243,100.0,True
182.0,449.741776452527,2.9965317727061116,99.74699150117863,449.9855089285482,64.8989505309896,DEPOSITION,NONE,0.45451304,0.37835606,100.0,True
182.25,450.1156268924256,2.998773473168505,100.00939003886862,450.0067316229155,65.10647028374841,DEPOSITION,NONE,0.44428931,0.37886483,100.0,True
182.5,449.9042816492294,3.0014487776000065,100.2102515696334,449.9975837766108,65.31398389102179,DEPOSITION,NONE,0.45001721,0.37950783,100.0,True
182.75,449.90270074381914,3.0000371950336553,99.87904841330045,450.00544263363673,65.52150236950833,DEPOSITION,NONE,0.44991065,0.37917472,100.0,True
183.0,450.1441473493781,2.9979857301344883,99.83005251332364,450.0129611138502,65.72902746044176,DEPOSITION,NONE,0.44346799,0.3786672,100.0,True
183.25,449.7932098980549,2.997010684173863,100.07063415080069,450.0013593428906,65.9365454165021,DEPOSITION,NONE,0.45291104,0.37839991,100.0,True
183.5,450.403152820968,2.998503997709335,100.14273187349593,450.0177840679447,66.14408210140718,DEPOSITION,NONE,0.43663225,0.37872918,100.0,True
183.75,450.0235713776552,2.9983141746373163,99.95849506749593,449.98590532140435,66.35159320317815,DEPOSITION,NONE,0.44720087,0.37866049,100.0,True
184.0,449.9505151563922,2.9996945551447216,100.28959103105687,449.9854526577428,66.5591064392312,DEPOSITION,NONE,0.44906625,0.37897731,100.0,True
184.25,449.7046125239943,3.0029420634035064,100.04972867209504,449.9905306094429,66.76662466637664,DEPOSITION,NONE,0.45536672,0.37977224,100.0,True
184.5,449.92732561249977,3.002010888841984,100.13164074530437,450.01426804223206,66.97415953010047,DEPOSITION,NONE,0.44907562,0.37957661,100.0,True
184.75,450.0421941304936,3.0026558909601073,100.10393678999081,450.01928386017767,67.18169603464821,DEPOSITION,NONE,0.44602487,0.37976048,100.0,True
185.0,449.71043285223163,3.0056270717686084,100.34174559551614,450.01524125079413,67.38922534659928,DEPOSITION,NONE,0.45484777,0.38052812,100.0,True
185.25,450.18448261333907,3.003774094664494,99.78876295340248,450.0373633552816,67.59676604072058,DEPOSITION,NONE,0.44206612,0.38014288,100.0,True
185.5,450.003765885552,2.9979915720286754,99.91192086094897,450.02153014082904,67.80428763262634,DEPOSITION,NONE,0.44718692,0.37876622,100.0,True
185.75,450.1659805102996,2.9981890727646032,99.9804848060957,450.02092497395466,68.01181168834975,DEPOSITION,NONE,0.44298532,0.37879454,100.0,True
186.0,449.7215805566254,3.0002800085509493,100.01350251398283,450.00786766483265,68.21932701648691,DEPOSITION,NONE,0.45489429,0.3792912,100.0,True
186.25,449.9244321352727,2.9985752339421268,100.28296343289752,450.0301506664935,68.42686144482376,DEPOSITION,NONE,0.44916335,0.37887513,100.0,True
186.5,449.8539153277341,2.997703499339851,99.87864842870475,450.03537697061984,68.6344025181232,DEPOSITION,NONE,0.45097303,0.37864315,100.0,True
186.75,450.2257739231562,3.007352102732795,100.04982637776189,450.045951069764,68.84195614411142,DEPOSITION,NONE,0.44110433,0.38099792,100.0,True
187.0,449.91964250092315,2.9991551629722437,100.15972184762255,450.02724020331425,69.0494829050443,DEPOSITION,NONE,0.44955061,0.37906512,100.0,True
187.25,449.89696329022735,3.004869291688705,100.2124867276324,450.0336234720643,69.25701648494676,DEPOSITION,NONE,0.45004774,0.38046874,100.0,True
187.5,450.05199157757113,3.002045622039719,100.11246189217471,450.04146037530006,69.46454993417368,DEPOSITION,NONE,0.44587976,0.37983473,100.0,True
187.75,450.27004996700634,2.996783719593209,100.17718069757738,450.0369184495824,69.67207649303619,DEPOSITION,NONE,0.44030284,0.37856467,100.0,True
188.0,449.95957585630816,2.9979011038014383,100.01540086477922,450.01586005655395,69.87958927402288,DEPOSITION,NONE,0.44884941,0.37880412,100.0,True
188.25,449.9880487515165,2.997413891894956,99.76040043577973,450.0202003945045,70.08710881758618,DEPOSITION,NONE,0.44798768,0.37865911,100.0,True
188.5,449.8806586875693,3.0049451771435645,100.29438542551706,450.0219729222546,70.2946335691391,DEPOSITION,NONE,0.45075018,0.38048705,100.0,True
188.75,450.12944575728676,3.0037324472589937,99.92247505516143,450.0319282903831,70.50215986328205,DEPOSITION,NONE,0.4440412,0.3802488,100.0,True
189.0,450.0103936492733,3.0007111947286185,99.8378065622641,450.0219664005356,70.70967206967238,DEPOSITION,NONE,0.44736083,0.37955125,100.0,True
189.25,449.87338373688925,3.000093261890141,99.95195441096382,450.0218753619183,70.91718313868813,DEPOSITION,NONE,0.45093902,0.37941065,100.0,True
189.5,449.87285726121115,3.000950576613606,99.96050810492854,450.03239077814203,71.12470320110573,DEPOSITION,NONE,0.45075141,0.37962656,100.0,True
189.75,450.1955203797782,2.999692727909541,99.95495403113205,450.0423172871493,71.33223049830711,DEPOSITION,NONE,0.44214084,0.37933011,100.0,True
190.0,450.0458410722849,2.9992135032576406,99.89979309284628,450.02669009458276,71.5397445202386,DEPOSITION,NONE,0.4463938,0.37921021,100.0,True
190.25,449.9634245153536,3.0020380599747876,100.09697750751984,450.0237179282159,71.74725699141648,DEPOSITION,NONE,0.44860083,0.37989952,100.0,True
190.5,450.22023110005654,2.9945364933403207,99.94103639816149,450.02729692865194,71.95476957169129,DEPOSITION,NONE,0.44179348,0.37807318,100.0,True
190.75,449.948500684295,3.0005790173931497,99.932176411315,450.0106869860524,72.16227540423533,DEPOSITION,NONE,0.44921057,0.37949871,100.0,True
191.0,449.9391365336571,3.002358614239233,100.0267131273004,450.01611398480645,72.36978504027594,DEPOSITION,NONE,0.44930488,0.37994444,100.0,True
191.25,449.8468489930836,3.003812298427905,100.14951280754627,450.0218035964555,72.57729616856312,DEPOSITION,NONE,0.45159096,0.38033236,100.0,True
191.5,449.9481577154579,3.0019819263069087,99.88972551400703,450.0342516624832,72.78481261628824,DEPOSITION,NONE,0.44870441,0.37992896,100.0,True
191.75,450.2069595811014,2.998666148262938,99.87957364068659,450.03810481953184,72.99232951361013,DEPOSITION,NONE,0.44188594,0.37913717,100.0,True
192.0,449.9657695577986,2.9971284214048795,100.02882094939888,450.0217352171711,73.1998339600735,DEPOSITION,NONE,0.44853924,0.37874326,100.0,True
192.25,450.0514036290547,2.999766346657119,99.91650768315074,450.025137843994,73.40734540736943,DEPOSITION,NONE,0.44621697,0.37936024,100.0,True
192.5,449.47248410464783,2.9999510828045737,99.71556484330945,450.02164637617886,73.61485404276047,DEPOSITION,NONE,0.46144301,0.37940288,100.0,True
192.75,450.09992580606604,3.0030635615248538,100.0410828457877,450.0632975533307,73.82239901338167,DEPOSITION,NONE,0.44423816,0.38017097,100.0,True
193.0,449.99540611062275,2.9988722538627077,99.98004060596296,450.0538215998654,74.0299312262204,DEPOSITION,NONE,0.4472634,0.37917397,100.0,True
193.25,449.9709561313975,2.99774961501062,99.86141560530973,450.0533423752942,74.23746456208562,DEPOSITION,NONE,0.44798312,0.37888395,100.0,True
193.5,450.23322231664184,2.9996361794145416,100.14344070935405,450.0549979796423,74.44500248910214,DEPOSITION,NONE,0.44114101,0.37932196,100.0,True
193.75,449.9988599531264,2.999924590122885,99.97444260302746,450.03636760950815,74.65252458935505,DEPOSITION,NONE,0.44767303,0.37938809,100.0,True
194.0,450.10658244267614,3.002189711503529,100.0359556931945,450.0371570344221,74.86004740844213,DEPOSITION,NONE,0.44482668,0.37994589,100.0,True
194.25,449.92843465941695,2.9971842233190484,100.24887558068511,450.02950708421224,75.06756033722978,DEPOSITION,NONE,0.44962575,0.3787364,100.0,True
194.5,449.9941003523725,2.998880988405026,100.21975111118459,450.0361060037047,75.27508300833954,DEPOSITION,NONE,0.44775695,0.37912065,100.0,True
194.75,450.20032416667976,3.001444943828499,99.94009051968781,450.03714499348854,75.48260812809062,DEPOSITION,NONE,0.44232998,0.37973896,100.0,True
195.0,450.3750742108411,3.000899148992326,100.08204782179571,450.0220945720405,75.69011797888263,DEPOSITION,NONE,0.43802136,0.37962105,100.0,True
195.25,449.96865393984433,2.9954001432652415,99.79978569024642,449.99431985959416,75.89760225044374,DEPOSITION,NONE,0.44912206,0.37827382,100.0,True
195.5,450.0605823006234,3.0011979430709306,99.96400025140424,449.99953557186296,76.10509763540988,DEPOSITION,NONE,0.44649155,0.37964815,100.0,True
195.75,449.82118530436315,2.995595427103598,99.9508224003513,449.9969378732814,76.31258898814617,DEPOSITION,NONE,0.45271611,0.37827724,100.0,True
196.0,449.7943794089016,3.0029809390501434,100.17289971727,450.01279859869896,76.52010047648372,DEPOSITION,NONE,0.45304274,0.380045,100.0,True
196.25,450.45393313043803,3.0026701049945768,99.91107255927037,450.02957800597403,76.7276223062731,DEPOSITION,NONE,0.4354315,0.38000277,100.0,True
196.5,449.8633535505445,2.98945813459336,99.9107666292247,449.9941032984303,76.93510933302545,DEPOSITION,NONE,0.45157152,0.3767721,100.0,True
196.75,449.98003408876565,3.003591781794932,100.09174002297804,450.0065801703566,77.14262238002942,DEPOSITION,NONE,0.44820302,0.3801309,100.0,True
197.0,450.0972859487014,3.0010302102112356,100.09913650456487,450.00903348764444,77.35013239926822,DEPOSITION,NONE,0.44505065,0.3795387,100.0,True
197.25,450.2192751596544,2.99711024456144,99.93140494229061,450.0021351594348,77.55763493652927,DEPOSITION,NONE,0.4419552,0.37858145,100.0,True
197.5,449.77780334677436,3.0054024101294923,100.1945303684842,449.98608308149653,77.76512763702054,DEPOSITION,NONE,0.45376918,0.38059206,100.0,True
197.75,450.11794172151446,2.9965042458669338,100.02594172052433,450.00509909699235,77.97262921764079,DEPOSITION,NONE,0.44442865,0.37846006,100.0,True
198.0,449.96117346034987,3.000635402017028,99.97178228055819,449.99636936431335,78.18012824383568,DEPOSITION,NONE,0.44867796,0.37943715,100.0,True
198.25,450.07825524160825,2.9991578771453664,100.12818557591358,450.00026231789184,78.38762979490285,DEPOSITION,NONE,0.44549979,0.37907927,100.0,True
198.5,450.0309318886726,2.999535513673618,99.98322199496134,449.99472265993467,78.595127760853,DEPOSITION,NONE,0.44681662,0.37916149,100.0,True
198.75,449.92701541182674,3.0028973413618685,99.95928032725462,449.9931035234658,78.80262502124243,DEPOSITION,NONE,0.44953144,0.37998498,100.0,True
199.0,450.0437700402915,2.999040630706182,99.77723471868785,449.9995364807241,79.01012378533095,DEPOSITION,NONE,0.44631949,0.37906816,100.0,True
199.25,450.1323444342873,2.9971260422882824,100.10187414526199,449.99642877348094,79.21762126426073,DEPOSITION,NONE,0.44404286,0.37858375,100.0,True
199.5,450.0496054832831,2.9955733348846256,99.85829776518702,449.9865825668995,79.42511431444981,DEPOSITION,NONE,0.44636808,0.37816403,100.0,True
199.75,449.90654420781675,2.9984487603756613,99.822689389617,449.98365930385535,79.63261119881729,DEPOSITION,NONE,0.45012111,0.37881731,100.0,True
200.0,450.10288393059227,3.000323102367157,100.05785358699802,449.99186957860746,79.84011750937528,DEPOSITION,NONE,0.4447786,0.37925747,100.0,True
200.25,449.91964214798975,3.001933580935017,99.88732736504853,449.9842184160923,80.04761672546351,DEPOSITION,NONE,0.44969943,0.37965617,100.0,True
200.5,449.9871995216404,3.0026063922968906,100.00676092223425,449.9911770378451,80.25511930741025,DEPOSITION,NONE,0.44776468,0.37984405,100.0,True
200.75,449.92381258877333,2.997389178169528,100.02514494429902,449.99237912411377,80.46261928007206,DEPOSITION,NONE,0.44939142,0.37858723,100.0,True
201.0,450.05014113182324,3.000095762987736,99.88460195036181,449.9983993060424,80.67012833948715,DEPOSITION,NONE,0.4459662,0.37922338,100.0,True
201.25,450.0756354093687,3.0083123789734296,99.95463070311166,449.99424795432645,80.8776337117131,DEPOSITION,NONE,0.44538582,0.38125301,100.0,True
201.5,450.03890015831485,3.0013140021988836,99.61503027045357,449.98838924160066,81.08512212230266,DEPOSITION,NONE,0.44645202,0.37962854,100.0,True
201.75,450.00428850122796,2.9979584742262513,100.20770319757752,449.98570914942076,81.29260639890646,DEPOSITION,NONE,0.44738736,0.3788196,100.0,True
202.0,449.947712002698,2.997918796514041,99.96722509958832,449.9858098758618,81.50009376086136,DEPOSITION,NONE,0.4488425,0.37878762,100.0,True
202.25,450.01520765072127,2.9987467625612765,99.99210058309858,449.99022349200766,81.70758800220354,DEPOSITION,NONE,0.44697298,0.37896764,100.0,True
202.5,449.7859578879636,2.9998561811958,100.11635093141295,449.989081862695,81.91508307003156,DEPOSITION,NONE,0.45299501,0.37922615,100.0,True
202.75,450.3011696331723,3.002664592019514,100.04079007898378,450.0057937918221,82.12259295318923,DEPOSITION,NONE,0.43918745,0.37991786,100.0,True
203.0,450.15909124470204,3.0033824057302385,100.24957640524102,449.98152636601185,82.33007784965984,DEPOSITION,NONE,0.44339257,0.38012823,100.0,True
203.25,450.13219749974587,2.9996923520769463,100.03876714189512,449.96979912166853,82.53754768369275,DEPOSITION,NONE,0.44427235,0.37926045,100.0,True
203.5,449.98759042612306,3.0009793129736724,100.030048163356,449.96071623787344,82.74501005541583,DEPOSITION,NONE,0.44815717,0.37957691,100.0,True
203.75,449.8458124318419,2.9936812286010532,99.89924820821953,449.96317675151266,82.95247317867597,DEPOSITION,NONE,0.45174091,0.37778845,100.0,True
204.0,449.6723470364273,3.000720283843967,100.00068045822297,449.97625220968246,83.15995677850529,DEPOSITION,NONE,0.45598303,0.37944938,100.0,True
204.25,449.75052483171856,3.002519829344781,100.13002871270727,450.001861007253,83.36746167743966,DEPOSITION,NONE,0.45345594,0.37990156,100.0,True
204.5,450.03427708231055,3.0052485221383267,100.28074983156786,450.01989931394655,83.57497869580737,DEPOSITION,NONE,0.44576114,0.38060652,100.0,True
204.75,449.8341739584722,3.002920004465559,100.06612718180705,450.01507305791813,83.7824839680002,DEPOSITION,NONE,0.45120267,0.38009792,100.0,True
205.0,450.08913915386864,3.0023712178962962,99.89212483060622,450.02639118738665,83.98999493430865,DEPOSITION,NONE,0.44440014,0.38000205,100.0,True
205.25,449.9286546488468,2.996890698123352,99.88676464399563,450.0175105138306,84.19749473821393,DEPOSITION,NONE,0.44887044,0.37868212,100.0,True
205.5,450.0071312773885,2.9952716805973876,99.84314089345153,450.0219080375154,84.40500281638587,DEPOSITION,NONE,0.44679863,0.3782472,100.0,True
205.75,450.10677999825396,2.9998034251375265,100.0574432186347,450.0201507548948,84.61251609084144,DEPOSITION,NONE,0.44428795,0.3793086,100.0,True
206.0,449.72756793557744,2.9976770783722895,99.91668660208903,450.01095700805956,84.8200215528225,DEPOSITION,NONE,0.45444263,0.37878019,100.0,True
206.25,450.0367718201022,2.9984589745762293,100.13998219397595,450.03189159788866,85.02754856118734,DEPOSITION,NONE,0.44598177,0.37894333,100.0,True
206.5,450.0189404799806,3.000393384434049,100.00203072594886,450.0276818974156,85.23507404756755,DEPOSITION,NONE,0.44660499,0.3793999,100.0,True
206.75,450.1315304456088,2.9988921110854236,100.16835906734097,450.02533262819367,85.44259687155049,DEPOSITION,NONE,0.44375351,0.37903199,100.0,True
207.0,450.083547361445,3.0008591620554173,100.00626047313217,450.0145385710416,85.65011183006057,DEPOSITION,NONE,0.44524623,0.37950238,100.0,True
207.25,450.0862483833189,3.003370571929847,100.14182913255773,450.0082027881365,85.85762000156977,DEPOSITION,NONE,0.44529148,0.38013194,100.0,True
207.5,450.0583999235764,3.0026742060844755,100.01775372786152,450.0020208999048,86.06511792943753,DEPOSITION,NONE,0.44611436,0.38000128,100.0,True
207.75,450.18617094171987,2.999742431819282,99.68872910879136,449.9982974118229,86.27260877170481,DEPOSITION,NONE,0.44279892,0.37931161,100.0,True
208.0,450.1854405772527,3.0001672500861485,99.82433823324017,449.9847581922098,86.48008816646478,DEPOSITION,NONE,0.44302032,0.37941529,100.0,True
208.25,449.94218391584945,2.9971776963200276,100.3150314074949,449.9719174719344,86.68755610209034,DEPOSITION,NONE,0.44954701,0.37868056,100.0,True
208.5,450.05311542568995,2.995356120930675,100.08192468195531,449.97846268355244,86.8950337804814,DEPOSITION,NONE,0.44641532,0.3781962,100.0,True
208.75,449.9158937871612,3.006196233196219,99.8420955099869,449.97570478038443,87.10251568342375,DEPOSITION,NONE,0.44998789,0.3808148,100.0,True
209.0,449.6464905691698,3.000127404559657,99.94779589756753,449.983544994668,87.30999550796164,DEPOSITION,NONE,0.45683392,0.3793913,100.0,True
209.25,449.9491653144192,2.9934951419359597,100.0640214026796,450.011653174654,87.5174996793182,DEPOSITION,NONE,0.4483602,0.37775575,100.0,True
209.5,450.26555833550196,2.994730781979906,100.17568355311342,450.0145565633256,87.72501570603279,DEPOSITION,NONE,0.44007365,0.3779799,100.0,True
209.75,449.9075810678214,3.0079406434358607,100.06540118815731,449.9928885963345,87.93252034853963,DEPOSITION,NONE,0.4499,0.38117392,100.0,True
210.0,449.97223802314045,3.003549591933153,100.07890426761244,450.00041467884233,88.14002014899008,DEPOSITION,NONE,0.44805207,0.3801849,100.0,True
210.25,449.9135714034864,3.002070716859562,99.92339561944821,450.0024397998838,88.34751664448768,DEPOSITION,NONE,0.44956023,0.37986453,100.0,True
210.5,449.74065576865075,3.005864412919348,99.94756253488872,450.00892896372227,88.55501585725075,DEPOSITION,NONE,0.45398645,0.38082937,100.0,True
210.75,449.9371656106893,3.0003002399838343,99.76605522132193,450.02851771078946,88.76252377055958,DEPOSITION,NONE,0.44851594,0.37953144,100.0,True
211.0,449.82879331426665,2.9977608507202835,99.92204172901705,450.0318301114965,88.97003415518907,DEPOSITION,NONE,0.45138324,0.3789129,100.0,True
211.25,450.0544145782362,3.002812177950342,99.92889595402973,450.0436311873633,89.17755803669998,DEPOSITION,NONE,0.44534508,0.38013628,100.0,True
211.5,450.1114174057326,3.0010133514679604,99.8373886927603,450.0374976348201,89.38507248494632,DEPOSITION,NONE,0.44407285,0.37972947,100.0,True
211.75,450.06188054065024,2.996293865861026,100.15958481168215,450.0276121822133,89.59257680162607,DEPOSITION,NONE,0.4456253,0.37857969,100.0,True
212.0,450.090622697265,2.9994751943929656,99.79904505193731,450.02235921555416,89.80008178879469,DEPOSITION,NONE,0.44500214,0.37932162,100.0,True
212.25,450.0326740217121,2.9971633874418835,100.10589439606782,450.0152755201693,90.00758126351556,DEPOSITION,NONE,0.44666207,0.3787445,100.0,True
212.5,449.9952351767567,2.99725803440828,100.13882768462666,450.01313415211155,90.21508285743457,DEPOSITION,NONE,0.44767156,0.37873242,100.0,True
212.75,450.1222219711596,2.9981378077332876,100.17430417490176,450.0139917110026,90.42258905010223,DEPOSITION,NONE,0.44431364,0.37891402,100.0,True
213.0,449.96013412800374,2.9991402620199046,100.01857015724022,450.0048933292814,90.63008989462291,DEPOSITION,NONE,0.44871363,0.37913577,100.0,True
213.25,449.8959703542863,2.9988104962777014,99.97592810819724,450.00886541707024,90.83759537710075,DEPOSITION,NONE,0.45028554,0.37904071,100.0,True
213.5,450.2470268867354,3.004730465373003,99.96116946991141,450.01748443528675,91.04511004518358,DEPOSITION,NONE,0.44091227,0.38048537,100.0,True
213.75,450.23985876114756,2.9997074483067916,100.05708710167171,449.9982931000682,91.25260114406596,DEPOSITION,NONE,0.44145525,0.37930164,100.0,True
214.0,450.1133077750187,3.000737460290231,100.36227733062726,449.9807710999526,91.46007736321575,DEPOSITION,NONE,0.44503511,0.37955252,100.0,True
214.25,450.0104168386187,2.996207034658317,100.19582064617711,449.9739148914831,91.66754653407295,DEPOSITION,NONE,0.44775547,0.37844288,100.0,True
214.5,449.91333401422247,2.999201369168903,99.55124906747417,449.97514353824926,91.87502221386022,DEPOSITION,NONE,0.45017015,0.37913495,100.0,True
214.75,450.1336736284356,3.0026351284767183,100.11985292100529,449.9835257434876,92.08250634372041,DEPOSITION,NONE,0.4441578,0.37997153,100.0,True
215.0,450.1208213759272,3.005033879891744,99.99309972264335,449.9740604914483,92.28997842675665,DEPOSITION,NONE,0.44461494,0.38059566,100.0,True
215.25,450.10662226293783,2.9973122741256777,99.94692982245036,449.96597978821245,92.49743624450596,DEPOSITION,NONE,0.44505992,0.37875173,100.0,True
215.5,450.1177572933154,3.0009411982371232,99.79998772111327,449.9592432701659,92.70489205617916,DEPOSITION,NONE,0.44480185,0.37961661,100.0,True
215.75,450.00596222835503,2.9991409349990383,99.87720005632788,449.9517628214229,92.9123399872139,DEPOSITION,NONE,0.44776913,0.37918449,100.0,True
216.0,450.01824413273,2.998547217057361,99.76442654672319,449.9531010751829,93.1197903150551,DEPOSITION,NONE,0.44731672,0.3790279,100.0,True
216.25,449.7864208658365,3.0051881979546486,99.77276066258085,449.9530941576372,93.32724271078627,DEPOSITION,NONE,0.45330295,0.38065026,100.0,True
216.5,450.00425147079557,3.001279630191894,100.09587835694504,449.9708311427335,93.53470313170905,DEPOSITION,NONE,0.44720049,0.37974994,100.0,True
216.75,449.7866036371926,2.998378544900639,100.02112700876927,449.9704243859884,93.74216135915493,DEPOSITION,NONE,0.45290009,0.37905167,100.0,True
217.0,450.10694456389035,2.9975420353399334,99.82547882430616,449.98691317481854,93.94963629217155,DEPOSITION,NONE,0.44420009,0.37882685,100.0,True
217.25,450.1279488134257,3.0029946682708775,100.05551088340734,449.97756270605163,94.1571065617959,DEPOSITION,NONE,0.44386114,0.38014386,100.0,True
217.5,449.8759186512147,3.000648883645293,100.01639660548986,449.9672367247193,94.36456348455097,DEPOSITION,NONE,0.45065854,0.37960183,100.0,True
217.75,450.10273554630095,2.9956257879729886,100.01743911582084,449.9770912448722,94.57202804938397,DEPOSITION,NONE,0.44451334,0.37837052,100.0,True
218.0,449.9448403538137,2.9964050475363653,100.03234723741124,449.9686999311136,94.77949153217854,DEPOSITION,NONE,0.44881065,0.37850908,100.0,True
218.25,449.9783102006614,2.9987986408026477,100.05940431248288,449.9730725252795,94.98696394299222,DEPOSITION,NONE,0.44783692,0.37905402,100.0,True
218.5,449.76172567598275,2.9999659356768964,100.06471212486683,449.97454522759216,95.19443931881484,DEPOSITION,NONE,0.45348303,0.37932454,100.0,True
218.75,450.03535173948364,3.0033573430923752,99.81983311387269,449.99274906076477,95.40193060564347,DEPOSITION,NONE,0.44598897,0.38015904,100.0,True
219.0,449.7625007677349,3.000566080749935,100.06827287911538,449.9886828314298,95.60941351577239,DEPOSITION,NONE,0.45327023,0.37950982,100.0,True
219.25,450.3241853586083,3.0016521927753193,99.8689077553946,450.0062117896318,95.81691092250882,DEPOSITION,NONE,0.43827675,0.37978509,100.0,True
219.5,450.100148099269,2.997128914947748,99.77712460815155,449.9792436390337,96.02438242761359,DEPOSITION,NONE,0.44472049,0.37868892,100.0,True
219.75,450.3628247581608,3.00088205000487,100.10724259477107,449.9714596262039,96.23185126689067,DEPOSITION,NONE,0.43797091,0.37958068,100.0,True
220.0,450.02822589922425,3.005267571469435,100.04261597747124,449.9436933613196,96.439294604047,DEPOSITION,NONE,0.44720719,0.38067452,100.0,True
220.25,450.12604584225085,2.996312700257154,99.79117585141778,449.9433911373489,96.64673012509996,DEPOSITION,NONE,0.44453718,0.37852894,100.0,True
220.5,450.14915918811255,3.004125776099379,100.07660887229702,449.9351756365754,96.85416377770919,DEPOSITION,NONE,0.44398174,0.38041476,100.0,True
220.75,449.9592493560492,2.9998569877255936,99.89677578573483,449.92533938049104,97.06158291920309,DEPOSITION,NONE,0.4490248,0.37941251,100.0,True
221.0,450.1612777153495,3.0013468733723494,100.07588581667532,449.9304820303515,97.26900675268693,DEPOSITION,NONE,0.44351373,0.37978089,100.0,True
221.25,449.97569197301084,3.0024014128197924,100.07575079497957,449.9192731828901,97.47641885706398,DEPOSITION,NONE,0.44848623,0.38005984,100.0,True
221.5,450.03464234142916,2.995550533131149,100.07650494976956,449.92283837599047,97.68383060840294,DEPOSITION,NONE,0.44676358,0.37840011,100.0,True
221.75,450.24936653721454,2.99786924597539,99.9806756697389,449.9212863105558,97.89124735983944,DEPOSITION,NONE,0.44107876,0.37891932,100.0,True
222.0,450.0366801772839,3.0024706737064504,100.09366406379885,449.9028886209474,98.09865106168276,PURGE,NONE,0.0,1.0,100.0,False
222.25,448.3344996161897,2.799868295609361,99.82244882277097,448.5771396556623,98.27744929802377,PURGE,NONE,0.0,1.0,100.0,False
222.5,447.13182190150224,2.6224174200122983,99.95562638146598,447.2555271892479,98.43160809919274,PURGE,NONE,0.0,1.0,100.0,False
222.75,446.0594817522792,2.4734951854732024,100.11657700755758,445.93803831532205,98.56455825841361,PURGE,NONE,0.0,1.0,100.0,False
223.0,444.73308806572413,2.323056475842238,99.90355535898522,444.62466016777194,98.67926223883781,PURGE,NONE,0.0,1.0,100.0,False
223.25,443.155830637646,2.202090273501127,99.83623719161048,443.31537992062863,98.77827381673394,PURGE,NONE,0.0,1.0,100.0,False
223.5,441.9112312853819,2.095348208972273,99.84991391980421,442.01018478794185,98.86379113871587,PURGE,NONE,0.0,1.0,100.0,False
223.75,440.4961974585106,1.996832989173613,100.06808816685904,440.70906202365495,98.93770378126959,PURGE,NONE,0.0,1.0,100.0,False
224.0,439.42096090118497,1.9201076973132876,100.15666588277007,439.4119989214807,99.00163433902381,PURGE,NONE,0.0,1.0,100.0,False
224.25,438.0678869764842,1.8450095451187323,99.7839219180162,438.1189828147768,99.05697502666608,PURGE,NONE,0.0,1.0,100.0,False
224.5,437.1724546069784,1.781253973940458,99.9677449907238,436.83000107642266,99.10491975097138,PURGE,NONE,0.0,1.0,100.0,False
224.75,435.3705612035802,1.7211529250500783,99.71948897072748,435.54504111869574,99.14649208799842,PURGE,NONE,0.0,1.0,100.0,False
225.0,434.1471950277328,1.6713787092051124,100.0113173500141,434.2640903931487,99.18256958151476,PURGE,NONE,0.0,1.0,100.0,False
225.25,432.9134916808604,1.6270829103505624,99.84420489836577,432.9871363904869,99.21390475909723,PURGE,NONE,0.0,1.0,100.0,False
225.5,431.7568717328207,1.5831113843010591,99.87289443147753,431.71416664044636,99.24114324050552,PURGE,NONE,0.0,1.0,100.0,False
225.75,430.5146780756642,1.546656888401642,100.28530096731173,430.44516871167167,99.26483928835805,PURGE,NONE,0.0,1.0,100.0,False
226.0,429.09242268477465,1.5247444987739085,99.83590438160151,429.18013021159487,99.28546912415473,PURGE,NONE,0.0,1.0,100.0,False
226.25,428.00993149906367,1.4879420267845467,99.79883240381787,427.9190387863143,99.30344230404886,PURGE,NONE,0.0,1.0,100.0,False
226.5,426.68583792193505,1.4695392582239368,99.80886055699136,426.661882120474,99.31911141941922,PURGE,NONE,0.0,1.0,100.0,False
226.75,425.5862699972244,1.4439037022308434,100.01968340350973,425.40864793714337,99.33278035817328,PURGE,NONE,0.0,1.0,100.0,False
227.0,424.21629082666016,1.4293627122478234,99.7303281700729,424.15932399769747,99.34471133463593,PURGE,NONE,0.0,1.0,100.0,False
227.25,423.1566824943647,1.4127456176814885,99.93616097786995,422.9138981016972,99.35513086947009,PURGE,NONE,0.0,1.0,100.0,False
227.5,421.51873500135196,1.3914005615133234,99.7957865175864,421.67235808677043,99.36423487676045,PURGE,NONE,0.0,1.0,100.0,False
227.75,420.51643260035365,1.3825949909398576,99.83027260753472,420.43469182849304,99.37219299340477,PURGE,NONE,0.0,1.0,100.0,False
228.0,419.1218469954425,1.3769576093818843,99.95039876494069,419.2008872402707,99.37915226638215,PURGE,NONE,0.0,1.0,100.0,False
228.25,417.8832650363987,1.3662981564311676,100.06928375384857,417.97093227322057,99.38524029626419,PURGE,NONE,0.0,1.0,100.0,False
228.5,416.75145704041694,1.3515813147354983,99.76713838275316,416.74481491605405,99.39056792038126,PURGE,NONE,0.0,1.0,100.0,False
228.75,415.34694181673564,1.3441605223268183,99.96705614493968,415.522523194959,99.39523150617629,PURGE,NONE,0.0,1.0,100.0,False
229.0,414.3574815160872,1.3403712957134617,100.03343823392451,414.3040451734831,99.39931491426668,PURGE,NONE,0.0,1.0,100.0,False
229.25,413.12243022818876,1.3296166370907199,99.67678675852336,413.08936895241726,99.40289118137919,PURGE,NONE,0.0,1.0,100.0,False
229.5,411.80035129590595,1.3244140148205357,99.90210595711878,411.87848266967933,99.40602396541011,PURGE,NONE,0.0,1.0,100.0,False
229.75,410.6301914039255,1.3188130321687945,99.83342343674101,410.6713745001984,99.40876878819768,PURGE,NONE,0.0,1.0,100.0,False
230.0,409.4529850961319,1.3187146520945052,99.90160025831273,409.4680326557991,99.41117410599213,PURGE,NONE,0.0,1.0,100.0,False
230.25,408.3431881454014,1.3140232167199437,99.8470130368679,408.2684453850867,99.41328223291178,PURGE,NONE,0.0,1.0,100.0,False
230.5,407.07871057352094,1.3170761501199066,99.89876106995193,407.07260097333216,99.41513013873741,PURGE,NONE,0.0,1.0,100.0,False
230.75,406.0554087046097,1.3126917645258114,100.2247242401665,405.88048774235796,99.41675013910125,PURGE,NONE,0.0,1.0,100.0,False
231.0,404.5686998482637,1.3120713755371165,100.01745241874092,404.69209405042386,99.4181704933656,PURGE,NONE,0.0,1.0,100.0,False
231.25,403.46933995610686,1.303098683754078,100.09023603096452,403.5074082921132,99.41941592317121,PURGE,NONE,0.0,1.0,100.0,False
231.5,402.33408802811687,1.3012861924710468,100.1925383373919,402.3264188982198,99.42050806269341,PURGE,NONE,0.0,1.0,100.0,False
231.75,401.0406999349689,1.296946421136379,100.11896576489777,401.14911433563464,99.42146585001049,PURGE,NONE,0.0,1.0,100.0,False
232.0,400.0810227143527,1.301821332310555,99.83917003604631,399.9754831072335,99.42230586761487,COOLDOWN,NONE,0.0,1.0,0.0,False
232.25,398.9677224706255,1.2586734429365878,73.42594920999501,398.8055137517647,99.42295340455811,COOLDOWN,NONE,0.0,1.0,0.0,False
232.5,397.4519516946541,1.19219185838339,53.48450773897761,397.63919484373685,99.42343616738303,COOLDOWN,NONE,0.0,1.0,0.0,False
232.75,396.2380501049886,1.1100340766315766,39.329622290345064,396.4765149933076,99.42378468059964,COOLDOWN,NONE,0.0,1.0,0.0,False
233.0,395.24711874449076,1.0243303726173343,28.780718744802112,395.3174628461723,99.42402867558285,COOLDOWN,NONE,0.0,1.0,0.0,False
233.25,394.3103585845031,0.9423980589880725,20.842684708903565,394.16202708345315,99.42419469666154,COOLDOWN,NONE,0.0,1.0,0.0,False
233.5,393.0014951086499,0.8573238452120076,15.237091565165521,393.01019642158855,99.42430479346427,COOLDOWN,NONE,0.0,1.0,0.0,False
233.75,391.74955993657466,0.775395207187724,11.45404135615609,391.8619596122231,99.42437617455255,COOLDOWN,NONE,0.0,1.0,0.0,False
234.0,390.54449423051517,0.6888690099558273,7.990952395301227,390.7173054420975,99.42442156778117,COOLDOWN,NONE,0.0,1.0,0.0,False
234.25,389.4243548656705,0.6256795618938558,6.097844170659084,389.5762227329393,99.42444996866074,COOLDOWN,NONE,0.0,1.0,0.0,False
234.5,388.4167251632572,0.5593149901395099,4.416698815239878,388.43870034135364,99.42446749954729,COOLDOWN,NONE,0.0,1.0,0.0,False
234.75,387.1604463957359,0.5024428144730126,3.118259463397646,387.30472715871434,99.42447820099555,COOLDOWN,NONE,0.0,1.0,0.0,False
235.0,386.5763435891011,0.4518301093493128,2.2265224218755146,386.1742921110556,99.42448467418882,COOLDOWN,NONE,0.0,1.0,0.0,False
235.25,384.89784402755447,0.4001733238483414,1.4738637747352767,385.04738415896355,99.42448856064097,COOLDOWN,NONE,0.0,1.0,0.0,False
235.5,383.81441812826216,0.35632124974495816,1.3914030776392166,383.9239922974689,99.42449087985655,COOLDOWN,NONE,0.0,1.0,0.0,False
235.75,382.7401155085109,0.31775637773001636,0.7198982846420322,382.804105555939,99.42449225697958,COOLDOWN,NONE,0.0,1.0,0.0,False
236.0,381.511217215594,0.28566609698824336,0.6415253344373254,381.68771299797095,99.42449307141578,COOLDOWN,NONE,0.0,1.0,0.0,False
236.25,380.74494146543714,0.2534716922435842,0.6518363761356523,380.57480372128487,99.42449355152435,COOLDOWN,NONE,0.0,1.0,0.0,False
236.5,379.5039358044447,0.22822668785422617,0.05941067434802555,379.4653668576172,99.42449383382804,COOLDOWN,NONE,0.0,1.0,0.0,False
236.75,378.165882844866,0.20638879457904355,0.47353477506094177,378.3593915726148,99.42449399949959,COOLDOWN,NONE,0.0,1.0,0.0,False
237.0,377.28783438650504,0.1850995889410443,0.13188709233468313,377.256867065729,99.42449409658748,COOLDOWN,NONE,0.0,1.0,0.0,False
237.25,376.10207993099397,0.1619024696867226,0.28743985716926157,376.1577825701101,99.42449415343059,COOLDOWN,NONE,0.0,1.0,0.0,False
237.5,375.1135469602634,0.14643500306214724,0.0540710741563922,375.0621273525024,99.42449418669497,COOLDOWN,NONE,0.0,1.0,0.0,False
237.75,374.0533665511034,0.13328035341155353,0.0,373.96989071313914,99.4244942061598,COOLDOWN,NONE,0.0,1.0,0.0,False
238.0,373.13845986725545,0.119967543592331,0.056880302655867125,372.8810619856382,99.42449421755342,COOLDOWN,NONE,0.0,1.0,0.0,False
238.25,372.0172233879924,0.1106728590198768,0.02726948814568144,371.795630536898,99.4244942242272,COOLDOWN,NONE,0.0,1.0,0.0,False
238.5,370.79398354417253,0.09414158084916564,0.0,370.7135857669933,99.42449422814046,COOLDOWN,NONE,0.0,1.0,0.0,False
238.75,369.2958673920295,0.09195581948684756,0.0,369.6349171090721,99.42449423043821,COOLDOWN,NONE,0.0,1.0,0.0,False
239.0,368.66180531434424,0.07780143794914211,0.0,368.5596140292522,99.4244942317897,COOLDOWN,NONE,0.0,1.0,0.0,False
239.25,367.4584113952103,0.07402529550052422,0.10340925008387361,367.4876660265184,99.4244942325862,COOLDOWN,NONE,0.0,1.0,0.0,False
239.5,366.6848073853692,0.06806030177900992,0.14066112798405817,366.41906263262,99.4244942330567,COOLDOWN,NONE,0.0,1.0,0.0,False
239.75,365.2640200604916,0.06361404243853593,0.02919574760712102,365.3537934119685,99.42449423333535,COOLDOWN,NONE,0.0,1.0,0.0,False
240.0,364.2223703309454,0.05631850785019351,0.0,364.2918479615357,99.42449423350082,COOLDOWN,NONE,0.0,1.0,0.0,False
240.25,363.26188379863123,0.053514193542523215,0.0,363.2332159107521,99.42449423359939,COOLDOWN,NONE,0.0,1.0,0.0,False
240.5,362.0667709047247,0.05075952515324541,0.0,362.1778869214057,99.4244942336583,COOLDOWN,NONE,0.0,1.0,0.0,False
240.75,361.03311968991676,0.049826761239766926,0.0,361.12585068754083,99.42449423369361,COOLDOWN,NONE,0.0,1.0,0.0,False
241.0,359.9731391320961,0.044276578397887296,0.0,360.07709693535793,99.42449423371485,COOLDOWN,NONE,0.0,1.0,0.0,False
241.25,359.42133674131634,0.031839480567485846,0.21643555188861743,359.0316154231127,99.42449423372769,COOLDOWN,NONE,0.0,1.0,0.0,False
241.5,358.22299714588917,0.04005117297594024,0.0,357.98939594101654,99.42449423373546,COOLDOWN,NONE,0.0,1.0,0.0,False
241.75,357.0040050415313,0.032578072336525606,0.12190807196694749,356.9504283111364,99.42449423374019,COOLDOWN,NONE,0.0,1.0,0.0,False
242.0,355.74672265047775,0.0326545036344178,0.1498100572676057,355.9147023872959,99.42449423374308,COOLDOWN,NONE,0.0,1.0,0.0,False
242.25,354.71506261902584,0.030800239194484248,0.024912371600698213,354.88220805497576,99.42449423374484,COOLDOWN,NONE,0.0,1.0,0.0,False
242.5,353.651666980235,0.03398898971446709,0.051315586963378186,353.8529352312153,99.42449423374592,COOLDOWN,NONE,0.0,1.0,0.0,False
242.75,352.5995353683554,0.029121884561751927,0.0,352.82687386451397,99.42449423374659,COOLDOWN,NONE,0.0,1.0,0.0,False
243.0,351.70538023975155,0.028404778590304554,0.0,351.80401393473306,99.424494233747,COOLDOWN,NONE,0.0,1.0,0.0,False
243.25,350.92902219598807,0.02510015066437837,0.14733459239371366,350.7843454529979,99.42449423374725,COOLDOWN,NONE,0.0,1.0,0.0,False
243.5,349.76129454321153,0.028933835202758773,0.0,349.76785846160044,99.42449423374741,COOLDOWN,NONE,0.0,1.0,0.0,False
243.75,348.67875044183927,0.022161108628547477,0.08673863534427276,348.75454303390177,99.42449423374751,COOLDOWN,NONE,0.0,1.0,0.0,False
244.0,347.885058562265,0.03131592404079519,0.19360971795210474,347.7443892742354,99.42449423374757,COOLDOWN,NONE,0.0,1.0,0.0,False
244.25,346.77485441971584,0.023742857643462564,0.05832790622079651,346.7373873178105,99.42449423374761,COOLDOWN,NONE,0.0,1.0,0.0,False
244.5,345.7293666740429,0.028252056646343095,0.1416079698576544,345.7335273306155,99.42449423374764,COOLDOWN,NONE,0.0,1.0,0.0,False
244.75,344.6072853393825,0.021345000229114758,0.20510426484288297,344.7327995093224,99.42449423374765,COOLDOWN,NONE,0.0,1.0,0.0,False
245.0,343.7814061014057,0.022312189506612252,0.1779591885686159,343.73519408119046,99.42449423374767,COOLDOWN,NONE,0.0,1.0,0.0,False
245.25,342.68256218639345,0.02181476335644138,0.0,342.7407013039713,99.42449423374767,COOLDOWN,NONE,0.0,1.0,0.0,False
245.5,341.4550605898261,0.024935004060053195,0.0,341.7493114658135,99.42449423374767,COOLDOWN,NONE,0.0,1.0,0.0,False
245.75,340.67571097725454,0.019835402907856587,0.10905202242402255,340.76101488516775,99.42449423374767,COOLDOWN,NONE,0.0,1.0,0.0,False
246.0,339.7655144932569,0.021870390862686523,0.0,339.77580191069245,99.42449423374767,COOLDOWN,NONE,0.0,1.0,0.0,False
246.25,338.7805473639241,0.01718080240445399,0.04608138643585593,338.7936629211593,99.42449423374767,COOLDOWN,NONE,0.0,1.0,0.0,False
246.5,337.86959677438404,0.021368454570395587,0.3064728969194553,337.8145883253594,99.42449423374767,COOLDOWN,NONE,0.0,1.0,0.0,False
246.75,336.91772789914353,0.023041190582616427,0.02134768627879955,336.8385685620097,99.42449423374767,COOLDOWN,NONE,0.0,1.0,0.0,False
247.0,335.8366803881786,0.024004158155477143,0.16521815066451628,335.86559409965935,99.42449423374767,COOLDOWN,NONE,0.0,1.0,0.0,False
247.25,334.70048138236683,0.02413986714806408,0.07707400648809273,334.89565543659694,99.42449423374767,COOLDOWN,NONE,0.0,1.0,0.0,False
247.5,334.0728481116638,0.022260205420719565,0.0,333.92874310075746,99.42449423374767,COOLDOWN,NONE,0.0,1.0,0.0,False
247.75,332.7889101820051,0.026234192299669744,0.03786386202335434,332.96484764963,99.42449423374767,COOLDOWN,NONE,0.0,1.0,0.0,False
248.0,331.7913713460415,0.02171546523038997,0.0,332.00395967016533,99.42449423374767,COOLDOWN,NONE,0.0,1.0,0.0,False
248.25,330.76955768531394,0.013721652226322753,0.0,331.04606977868417,99.42449423374767,COOLDOWN,NONE,0.0,1.0,0.0,False
248.5,330.1319375021797,0.020378412949900546,0.0,330.0911686207854,99.42449423374767,COOLDOWN,NONE,0.0,1.0,0.0,False
248.75,329.1819485943243,0.022264610407547666,0.0,329.1392468712549,99.42449423374767,COOLDOWN,NONE,0.0,1.0,0.0,False
249.0,328.1451225566524,0.017923280587939357,0.0,328.19029523397415,99.42449423374767,COOLDOWN,NONE,0.0,1.0,0.0,False
249.25,327.162224250121,0.01999058166588332,0.0,327.24430444182985,99.42449423374767,COOLDOWN,NONE,0.0,1.0,0.0,False
249.5,326.08306515960777,0.01886754258959733,0.3023749653974099,326.30126525662314,99.42449423374767,COOLDOWN,NONE,0.0,1.0,0.0,False
249.75,325.2029852423725,0.015218464792417414,0.0412862585373135,325.3611684689795,99.42449423374767,COOLDOWN,NONE,0.0,1.0,0.0,False
250.0,324.51349912238095,0.021639005304873005,0.0,324.4240048982587,99.42449423374767,COOLDOWN,NONE,0.0,1.0,0.0,False
250.25,323.63947963125173,0.017861868109495832,0.0,323.4897653924654,99.42449423374767,COOLDOWN,NONE,0.0,1.0,0.0,False
250.5,322.4671691996825,0.019866163394202094,0.10711372326574531,322.55844082815946,99.42449423374767,COOLDOWN,NONE,0.0,1.0,0.0,False
250.75,321.7235968842202,0.020102175388090594,0.1399358399774133,321.63002211036695,99.42449423374767,COOLDOWN,NONE,0.0,1.0,0.0,False
251.0,320.7167236085013,0.022837687793186907,0.0,320.7045001724915,99.42449423374767,COOLDOWN,NONE,0.0,1.0,0.0,False
251.25,319.5457398773181,0.022459302973510238,0.0,319.7818659762257,99.42449423374767,COOLDOWN,NONE,0.0,1.0,0.0,False
251.5,318.81688263139114,0.019822306330224443,0.0,318.86211051146245,99.42449423374767,COOLDOWN,NONE,0.0,1.0,0.0,False
251.75,317.87720137513026,0.024280791649540598,0.0,317.9452247962076,99.42449423374767,COOLDOWN,NONE,0.0,1.0,0.0,False
252.0,317.1637809217002,0.026976336564047472,0.0035376854737043154,317.03119987649177,99.42449423374767,COOLDOWN,NONE,0.0,1.0,0.0,False
252.25,316.1171806069612,0.022259260347301853,0.2743281821012665,316.1200268262831,99.42449423374767,COOLDOWN,NONE,0.0,1.0,0.0,False
252.5,315.0334894050322,0.020333798328602777,0.0,315.2116967474,99.42449423374767,COOLDOWN,NONE,0.0,1.0,0.0,False
252.75,314.39010796095033,0.0205399793854215,0.09894796790649171,314.3062007694244,99.42449423374767,COOLDOWN,NONE,0.0,1.0,0.0,False
253.0,313.3402851473266,0.020202091302796786,0.0,313.4035300496148,99.42449423374767,COOLDOWN,NONE,0.0,1.0,0.0,False
253.25,312.40403219726903,0.01962399267564454,0.0,312.50367577282043,99.42449423374767,COOLDOWN,NONE,0.0,1.0,0.0,False
253.5,311.4307565900593,0.024753075252109076,0.0,311.60662915139466,99.42449423374767,COOLDOWN,NONE,0.0,1.0,0.0,False
253.75,310.5048263106724,0.02334246299598145,0.0,310.7123814251094,99.42449423374767,COOLDOWN,NONE,0.0,1.0,0.0,False
254.0,309.8971660612814,0.019982359713063936,0.03759243417134278,309.8209238610697,99.42449423374767,COOLDOWN,NONE,0.0,1.0,0.0,False
254.25,308.9579009165553,0.01830398145738345,0.006141943159224792,308.9322477536281,99.42449423374767,COOLDOWN,NONE,0.0,1.0,0.0,False
254.5,308.3513082323577,0.013313202700549292,0.009893566063425003,308.04634442429995,99.42449423374767,COOLDOWN,NONE,0.0,1.0,0.0,False
254.75,307.2284524425704,0.016866148226498078,0.0,307.16320522167854,99.42449423374767,COOLDOWN,NONE,0.0,1.0,0.0,False
255.0,306.60665890820127,0.018905753376960738,0.3118492742730725,306.2828215213505,99.42449423374767,COOLDOWN,NONE,0.0,1.0,0.0,False
255.25,305.4855492223563,0.020246306609797413,0.07139557683116218,305.40518472581186,99.42449423374767,COOLDOWN,NONE,0.0,1.0,0.0,False
255.5,304.62553708120214,0.02355474774060244,0.06537237684202732,304.53028626438373,99.42449423374767,COOLDOWN,NONE,0.0,1.0,0.0,False
255.75,303.6798091872465,0.020542790179127534,0.20278699832463715,303.65811759312896,99.42449423374767,COOLDOWN,NONE,0.0,1.0,0.0,False
256.0,302.9112154310912,0.017006226428904342,0.0,302.7886701947684,99.42449423374767,COOLDOWN,NONE,0.0,1.0,0.0,False
256.25,301.9715479022094,0.018142082871970226,0.0,301.9219355785978,99.42449423374767,COOLDOWN,NONE,0.0,1.0,0.0,False
256.5,300.91451734314734,0.019224643731089463,0.06354414602827094,301.0579052804052,99.42449423374767,COOLDOWN,NONE,0.0,1.0,0.0,False
256.75,300.34584510484586,0.020036140378507625,0.31122750444529973,300.1965708623877,99.42449423374767,COOLDOWN,NONE,0.0,1.0,0.0,False
257.0,299.3264619049613,0.029587724391245067,0.15024781336773813,299.33792391306963,99.42449423374767,COOLDOWN,NONE,0.0,1.0,0.0,False
257.25,298.5564644119934,0.018509478013636907,0.0,298.48195604722,99.42449423374767,COOLDOWN,NONE,0.0,1.0,0.0,False
257.5,297.60538916387355,0.020540460782389445,0.2883679807446892,297.62865890577086,99.42449423374767,COOLDOWN,NONE,0.0,1.0,0.0,False
257.75,296.5710617230817,0.025722782778111374,0.0,296.77802415573547,99.42449423374767,COOLDOWN,NONE,0.0,1.0,0.0,False
258.0,296.0386520219029,0.01238498239233657,0.020854557227180406,295.9300434901271,99.42449423374767,COOLDOWN,NONE,0.0,1.0,0.0,False
258.25,295.0331488197882,0.022051278562811083,0.013683793164077864,295.0847086278779,99.42449423374767,COOLDOWN,NONE,0.0,1.0,0.0,False
258.5,294.070675370546,0.022844484367803973,0.10419431089564937,294.2420113137578,99.42449423374767,COOLDOWN,NONE,0.0,1.0,0.0,False
258.75,293.49145854771365,0.023029853760339603,0.16514511618794844,293.40194331829423,99.42449423374767,COOLDOWN,NONE,0.0,1.0,0.0,False
259.0,292.5612246873555,0.01592977009433628,0.0,292.5644964376914,99.42449423374767,COOLDOWN,NONE,0.0,1.0,0.0,False
259.25,291.9321251788483,0.0221337625763953,0.015304402131609994,291.7296624937505,99.42449423374767,COOLDOWN,NONE,0.0,1.0,0.0,False
259.5,290.8322360955097,0.020096807164814292,0.0037191315091866803,290.89743333378965,99.42449423374767,COOLDOWN,NONE,0.0,1.0,0.0,False
259.75,290.0172870246257,0.017904810118973432,0.32464752787331824,290.0678008305644,99.42449423374767,COOLDOWN,NONE,0.0,1.0,0.0,False
260.0,289.2750408729411,0.018184249594834653,0.0,289.24075688218824,99.42449423374767,COOLDOWN,NONE,0.0,1.0,0.0,False
260.25,288.30743936159945,0.022160647403586864,0.11375755777779666,288.41629341205345,99.42449423374767,COOLDOWN,NONE,0.0,1.0,0.0,False
260.5,287.5616493369817,0.020156427552935684,0.0,287.59440236875247,99.42449423374767,COOLDOWN,NONE,0.0,1.0,0.0,False
260.75,286.60890028105365,0.0239062019678197,0.05589529654468488,286.77507572599905,99.42449423374767,COOLDOWN,NONE,0.0,1.0,0.0,False
261.0,286.3297587705044,0.017732498051994845,0.0,285.9583054825499,99.42449423374767,COOLDOWN,NONE,0.0,1.0,0.0,False
261.25,285.27652919489475,0.019265606180796327,0.0,285.14408366212666,99.42449423374767,COOLDOWN,NONE,0.0,1.0,0.0,False
261.5,284.19007187005303,0.02030303593994998,0.05150509933609096,284.33240231333787,99.42449423374767,COOLDOWN,NONE,0.0,1.0,0.0,False
261.75,283.50906271061325,0.023011148784373974,0.14891483130794816,283.5232535096014,99.42449423374767,COOLDOWN,NONE,0.0,1.0,0.0,False
262.0,282.76504622064897,0.020081287653340798,0.0,282.71662934906703,99.42449423374767,COOLDOWN,NONE,0.0,1.0,0.0,False
262.25,281.99517572425316,0.022759417774192214,0.009090722222253536,281.91252195453933,99.42449423374767,COOLDOWN,NONE,0.0,1.0,0.0,False
262.5,281.1784232084141,0.019027537030378457,0.0,281.1109234734006,99.42449423374767,COOLDOWN,NONE,0.0,1.0,0.0,False
262.75,280.16168292522735,0.022297718594134895,0.06705045228610837,280.3118260775343,99.42449423374767,COOLDOWN,NONE,0.0,1.0,0.0,False
263.0,279.75375401405427,0.020168666445647524,0.12971606068166802,279.51522196324856,99.42449423374767,COOLDOWN,NONE,0.0,1.0,0.0,False
263.25,278.91955589078356,0.02298367804072009,0.0,278.7211033512,99.42449423374767,COOLDOWN,NONE,0.0,1.0,0.0,False
263.5,277.9017776121538,0.020389607277813037,0.0,277.92946248631773,99.42449423374767,COOLDOWN,NONE,0.0,1.0,0.0,False
263.75,277.2114349149934,0.023072220592339265,0.0,277.1402916377277,99.42449423374767,COOLDOWN,NONE,0.0,1.0,0.0,False
264.0,276.6494662311674,0.019128053272130352,0.0,276.35358309867706,99.42449423374767,COOLDOWN,NONE,0.0,1.0,0.0,False
264.25,275.5335873596792,0.0178753705082095,0.06267872392360685,275.5693291864589,99.42449423374767,COOLDOWN,NONE,0.0,1.0,0.0,False
264.5,274.7905261244268,0.024984290893035537,0.0910964894357219,274.78752224233745,99.42449423374767,COOLDOWN,NONE,0.0,1.0,0.0,False
264.75,274.08880805492754,0.019335541183767513,0.0,274.00815463147296,99.42449423374767,COOLDOWN,NONE,0.0,1.0,0.0,False
265.0,273.21779323304736,0.017449260717472936,0.1427764901872786,273.23121874284755,99.42449423374767,COOLDOWN,NONE,0.0,1.0,0.0,False
265.25,272.4521405561087,0.024997349056796982,0.11029654662872192,272.4567069891904,99.42449423374767,COOLDOWN,NONE,0.0,1.0,0.0,False
265.5,271.80994220025127,0.02069207778108785,0.03130085016189757,271.68461180690406,99.42449423374767,COOLDOWN,NONE,0.0,1.0,0.0,False
265.75,271.01291658606965,0.022768100294363568,0.0,270.9149256559904,99.42449423374767,COOLDOWN,NONE,0.0,1.0,0.0,False
266.0,270.2214831215732,0.02786334448644404,0.0,270.1476410199769,99.42449423374767,COOLDOWN,NONE,0.0,1.0,0.0,False
266.25,269.3444188935029,0.01792266328527857,0.0,269.3827504058435,99.42449423374767,COOLDOWN,NONE,0.0,1.0,0.0,False
266.5,268.7985793080204,0.020182960752623207,0.044944140096237234,268.62024634394925,99.42449423374767,COOLDOWN,NONE,0.0,1.0,0.0,False
266.75,268.136846528442,0.027527624649584498,0.0,267.86012138795934,99.42449423374767,COOLDOWN,NONE,0.0,1.0,0.0,False
267.0,267.26055189141374,0.021871586537185225,0.05993885479724627,267.1023681147724,99.42449423374767,COOLDOWN,NONE,0.0,1.0,0.0,False
267.25,266.4189759334603,0.019935430777639283,0.23869247057206855,266.3469791244481,99.42449423374767,COOLDOWN,NONE,0.0,1.0,0.0,False
267.5,265.68644429679284,0.021041128460681836,0.18741363092928917,265.59394704013494,99.42449423374767,COOLDOWN,NONE,0.0,1.0,0.0,False
267.75,264.9781263626922,0.021388414302109634,0.04943326210301285,264.8432645079979,99.42449423374767,COOLDOWN,NONE,0.0,1.0,0.0,False
268.0,264.3586922799831,0.021536938219487257,0.0,264.09492419714695,99.42449423374767,COOLDOWN,NONE,0.0,1.0,0.0,False
268.25,263.22076651658625,0.01897641487589597,0.0,263.34891879956524,99.42449423374767,COOLDOWN,NONE,0.0,1.0,0.0,False
268.5,262.62180970139536,0.020779534134194796,0.0,262.6052410300379,99.42449423374767,COOLDOWN,NONE,0.0,1.0,0.0,False
268.75,261.86705107408454,0.021955749400883334,0.025393166820396447,261.8638836260808,99.42449423374767,COOLDOWN,NONE,0.0,1.0,0.0,False
269.0,260.9820471946981,0.02381429440586291,0.0,261.1248393478697,99.42449423374767,COOLDOWN,NONE,0.0,1.0,0.0,False
269.25,260.2042387406979,0.01676549601077437,0.0,260.3881009781694,99.42449423374767,COOLDOWN,NONE,0.0,1.0,0.0,False
269.5,259.801469055252,0.023503947243792428,0.031809744522615195,259.6536613222634,99.42449423374767,COOLDOWN,NONE,0.0,1.0,0.0,False
269.75,258.74280272567063,0.018035962334266076,0.0,258.92151320788366,99.42449423374767,COOLDOWN,NONE,0.0,1.0,0.0,False
270.0,258.1651698092032,0.014682891145916088,0.016912511830847552,258.1916494851404,99.42449423374767,COOLDOWN,NONE,0.0,1.0,0.0,False
270.25,257.5610446863454,0.019557009827967167,0.06920889395791069,257.4640630264523,99.42449423374767,COOLDOWN,NONE,0.0,1.0,0.0,False
270.5,256.5981296512991,0.01563903049712022,0.0,256.7387467264772,99.42449423374767,COOLDOWN,NONE,0.0,1.0,0.0,False
270.75,256.18940229993063,0.023092721634220537,0.0,256.01569350204227,99.42449423374767,COOLDOWN,NONE,0.0,1.0,0.0,False
271.0,255.47559035371,0.019027750927150602,0.2269006330260917,255.29489629207512,99.42449423374767,COOLDOWN,NONE,0.0,1.0,0.0,False
271.25,254.64885186135845,0.01864623489109799,0.11939133787337147,254.5763480575348,99.42449423374767,COOLDOWN,NONE,0.0,1.0,0.0,False
271.5,253.74392937825613,0.017194255518035835,0.0,253.860041781343,99.42449423374767,COOLDOWN,NONE,0.0,1.0,0.0,False
271.75,253.18475817468678,0.019840527534877788,0.0,253.14597046831554,99.42449423374767,COOLDOWN,NONE,0.0,1.0,0.0,False
272.0,252.37264932544866,0.02431365816044766,0.0,252.43412714509407,99.42449423374767,COOLDOWN,NONE,0.0,1.0,0.0,False
272.25,251.61599299395988,0.023738340576918537,0.21319256504542547,251.72450486007799,99.42449423374767,COOLDOWN,NONE,0.0,1.0,0.0,False
272.5,251.06792550083352,0.014779919810735797,0.0,251.01709668335653,99.42449423374767,COOLDOWN,NONE,0.0,1.0,0.0,False
272.75,250.40383117902394,0.020053173361446144,0.23311133671833323,250.31189570664108,99.42449423374767,COOLDOWN,NONE,0.0,1.0,0.0,False
273.0,249.40385786380412,0.02203514542683111,0.0,249.60889504319778,99.42449423374767,COOLDOWN,NONE,0.0,1.0,0.0,False
273.25,249.10654404052082,0.01977465131875621,0.15459686995908822,248.90808782778015,99.42449423374767,COOLDOWN,NONE,0.0,1.0,0.0,False
273.5,248.11233785364965,0.015771505513045382,0.0,248.2094672165622,99.42449423374767,COOLDOWN,NONE,0.0,1.0,0.0,False
273.75,247.42202153075556,0.016925560798697618,0.18006920024282694,247.51302638707142,99.42449423374767,COOLDOWN,NONE,0.0,1.0,0.0,False
274.0,247.0195951065526,0.020819140954609155,0.0,246.81875853812232,99.42449423374767,COOLDOWN,NONE,0.0,1.0,0.0,False
274.25,246.10890127677544,0.017942075105583915,0.2181111692736373,246.12665688974994,99.42449423374767,COOLDOWN,NONE,0.0,1.0,0.0,False
274.5,245.48410621034984,0.021468310801735915,0.0,245.4367146831436,99.42449423374767,COOLDOWN,NONE,0.0,1.0,0.0,False
274.75,244.44722693976823,0.017686597993208854,0.0,244.74892518058098,99.42449423374767,COOLDOWN,NONE,0.0,1.0,0.0,False
275.0,244.11881988588246,0.020289621747356636,0.0,244.06328166536224,99.42449423374767,COOLDOWN,NONE,0.0,1.0,0.0,False
275.25,243.32148610711792,0.0246994310684734,0.0,243.37977744174447,99.42449423374767,COOLDOWN,NONE,0.0,1.0,0.0,False
275.5,242.56071270433193,0.019314973858843558,0.0,242.6984058348763,99.42449423374767,COOLDOWN,NONE,0.0,1.0,0.0,False
275.75,241.95484808727034,0.0215943467442058,0.25983362173485786,242.01916019073272,99.42449423374767,COOLDOWN,NONE,0.0,1.0,0.0,False
276.0,241.0751097899572,0.019945267505236206,0.006215778444808858,241.3420338760501,99.42449423374767,COOLDOWN,NONE,0.0,1.0,0.0,False
276.25,240.65443046212548,0.019438667626924033,0.0,240.66702027826136,99.42449423374767,COOLDOWN,NONE,0.0,1.0,0.0,False
276.5,240.14474172789448,0.018604587550515143,0.0,239.9941128054315,99.42449423374767,COOLDOWN,NONE,0.0,1.0,0.0,False
276.75,239.32328783630348,0.020322487125683058,0.0,239.32330488619314,99.42449423374767,COOLDOWN,NONE,0.0,1.0,0.0,False
277.0,238.80447685709726,0.01997396394737249,0.026109132790405404,238.65458996968235,99.42449423374767,COOLDOWN,NONE,0.0,1.0,0.0,False
277.25,237.98024355245835,0.016990927034372865,0.0,237.9879615254747,99.42449423374767,COOLDOWN,NONE,0.0,1.0,0.0,False
277.5,237.1659119756627,0.020577946003382388,0.0,237.3234130435215,99.42449423374767,COOLDOWN,NONE,0.0,1.0,0.0,False
277.75,236.50172985054243,0.02071431792673359,0.07875475815410579,236.6609380340862,99.42449423374767,COOLDOWN,NONE,0.0,1.0,0.0,False
278.0,235.73640865043092,0.025069018680687512,0.0048421701287523385,236.000530027681,99.42449423374767,COOLDOWN,NONE,0.0,1.0,0.0,False
278.25,235.32640747275605,0.023200325756034493,0.010471858069746012,235.34218257500376,99.42449423374767,COOLDOWN,NONE,0.0,1.0,0.0,False
278.5,234.59531040290074,0.02658372324715147,0.0,234.68588924687486,99.42449423374767,COOLDOWN,NONE,0.0,1.0,0.0,False
278.75,234.017000503066,0.02254158440694317,0.0,234.03164363417457,99.42449423374767,COOLDOWN,NONE,0.0,1.0,0.0,False
279.0,233.36413515163707,0.021159694853517166,0.36024709984624065,233.3794393477804,99.42449423374767,COOLDOWN,NONE,0.0,1.0,0.0,False
279.25,232.59535044142032,0.0198570152248837,0.09880606959546084,232.72927001850465,99.42449423374767,COOLDOWN,NONE,0.0,1.0,0.0,False
279.5,232.0932861001938,0.01639145823696669,0.06121934530734259,232.0811292970323,99.42449423374767,COOLDOWN,NONE,0.0,1.0,0.0,False
279.75,231.45114334567674,0.021336893705212263,0.1697199182654595,231.43501085385898,99.42449423374767,COOLDOWN,NONE,0.0,1.0,0.0,False
280.0,230.9428878351288,0.02122328720406305,0.04658792723614081,230.79090837922914,99.42449423374767,COOLDOWN,NONE,0.0,1.0,0.0,False
280.25,229.98404482576555,0.019597055594122195,0.03304823960353072,230.1488155830744,99.42449423374767,COOLDOWN,NONE,0.0,1.0,0.0,False
280.5,229.44857390740077,0.020292826229147583,0.0,229.50872619495223,99.42449423374767,COOLDOWN,NONE,0.0,1.0,0.0,False
280.75,229.10078292395283,0.026456237673046203,0.0,228.8706339639846,99.42449423374767,COOLDOWN,NONE,0.0,1.0,0.0,False
281.0,228.2945864355818,0.019297522198760464,0.18942915764108625,228.23453265879698,99.42449423374767,COOLDOWN,NONE,0.0,1.0,0.0,False
281.25,227.66566560114535,0.020232000564142223,0.0,227.60041606745753,99.42449423374767,COOLDOWN,NONE,0.0,1.0,0.0,False
281.5,226.9871970995486,0.0169988884000578,0.10132987372419901,226.96827799741635,99.42449423374767,COOLDOWN,NONE,0.0,1.0,0.0,False
281.75,226.23101303945253,0.021604645669056906,0.019445270747750255,226.3381122754451,99.42449423374767,COOLDOWN,NONE,0.0,1.0,0.0,False
282.0,225.8741542165138,0.019949021544711946,0.15346064792493422,225.70991274757662,99.42449423374767,COOLDOWN,NONE,0.0,1.0,0.0,False
282.25,224.94532036927822,0.021828334174553092,0.0,225.08367327904492,99.42449423374767,COOLDOWN,NONE,0.0,1.0,0.0,False
282.5,224.48852043963248,0.020215248613213176,0.14044366826621815,224.45938775422522,99.42449423374767,COOLDOWN,NONE,0.0,1.0,0.0,False
282.75,223.53410820133348,0.0209692452444321,0.0,223.8370500765742,99.42449423374767,COOLDOWN,NONE,0.0,1.0,0.0,False
283.0,223.39767669375382,0.014081770433167847,0.0,223.21665416857056,99.42449423374767,COOLDOWN,NONE,0.0,1.0,0.0,False
283.25,222.34711209694956,0.024917708312134162,0.0,222.59819397165558,99.42449423374767,COOLDOWN,NONE,0.0,1.0,0.0,False
283.5,221.99875062178506,0.01839262205101615,0.0,221.98166344617397,99.42449423374767,COOLDOWN,NONE,0.0,1.0,0.0,False
283.75,221.3164633720623,0.02198820576415976,0.0,221.36705657131492,99.42449423374767,COOLDOWN,NONE,0.0,1.0,0.0,False
284.0,220.89552934406697,0.018914225709961763,0.0010287691121336408,220.75436734505328,99.42449423374767,COOLDOWN,NONE,0.0,1.0,0.0,False
284.25,220.08586997098803,0.021030704934319522,0.28483676999278656,220.14358978409098,99.42449423374767,COOLDOWN,NONE,0.0,1.0,0.0,False
284.5,219.58905401225616,0.020583323800200157,0.0,219.5347179237985,99.42449423374767,COOLDOWN,NONE,0.0,1.0,0.0,False
284.75,218.81442376107208,0.024392207911813787,0.0,218.92774581815678,99.42449423374767,COOLDOWN,NONE,0.0,1.0,0.0,False
285.0,218.18569626261112,0.019707646531163924,0.0,218.322667539699,99.42449423374767,COOLDOWN,NONE,0.0,1.0,0.0,False
285.25,218.01290553732554,0.012901304225252826,0.05420431891915376,217.71947717945284,99.42449423374767,COOLDOWN,NONE,0.0,1.0,0.0,False
285.5,217.22507541484802,0.016638519257892892,0.0,217.11816884688258,99.42449423374767,COOLDOWN,NONE,0.0,1.0,0.0,False
285.75,216.5836281645822,0.024888539304419435,0.0,216.51873666983178,99.42449423374767,COOLDOWN,NONE,0.0,1.0,0.0,False
286.0,215.68429145543737,0.022917408743462882,0.22856148880007549,215.92117479446583,99.42449423374767,COOLDOWN,NONE,0.0,1.0,0.0,False
286.25,215.27522264651145,0.013358639678053372,0.21777967037048923,215.32547738521478,99.42449423374767,COOLDOWN,NONE,0.0,1.0,0.0,False
286.5,214.70185906636326,0.023371694834456423,0.0,214.7316386247164,99.42449423374767,COOLDOWN,NONE,0.0,1.0,0.0,False
286.75,214.0833057318247,0.018644261941314872,0.2210167526897518,214.13965271375932,99.42449423374767,COOLDOWN,NONE,0.0,1.0,0.0,False
287.0,213.7646815629262,0.013586451145943722,0.0,213.54951387122642,99.42449423374767,COOLDOWN,NONE,0.0,1.0,0.0,False
287.25,213.22777815824406,0.018898119640099548,0.0,212.96121633403837,99.42449423374767,COOLDOWN,NONE,0.0,1.0,0.0,False
287.5,212.37542421769527,0.019674899610140975,0.0,212.37475435709737,99.42449423374767,COOLDOWN,NONE,0.0,1.0,0.0,False
287.75,211.71818778076056,0.019069769017349497,0.0,211.790122213231,99.42449423374767,COOLDOWN,NONE,0.0,1.0,0.0,False
288.0,211.25740019010817,0.01756178039904572,0.0,211.20731419313637,99.42449423374767,COOLDOWN,NONE,0.0,1.0,0.0,False
288.25,210.60471352099026,0.023917222720283016,0.05601167011352407,210.62632460532424,99.42449423374767,COOLDOWN,NONE,0.0,1.0,0.0,False
288.5,210.03069273404185,0.02160856391304101,0.060917743031408116,210.04714777606355,99.42449423374767,COOLDOWN,NONE,0.0,1.0,0.0,False
288.75,209.63295327781455,0.021519539638249676,0.26908660433268944,209.46977804932598,99.42449423374767,COOLDOWN,NONE,0.0,1.0,0.0,False
289.0,209.0959023436807,0.019876995773369852,0.0,208.89420978673073,99.42449423374767,COOLDOWN,NONE,0.0,1.0,0.0,False
289.25,208.4528207305031,0.02154988709790819,0.0,208.32043736748938,99.42449423374767,COOLDOWN,NONE,0.0,1.0,0.0,False
289.5,207.5269124586187,0.014502878473632172,0.05223878260427108,207.7484551883511,99.42449423374767,COOLDOWN,NONE,0.0,1.0,0.0,False
289.75,207.29388400336717,0.022410306446852882,0.0,207.17825766354787,99.42449423374767,COOLDOWN,NONE,0.0,1.0,0.0,False
290.0,206.76544080110642,0.018397528053804017,0.0582632282660713,206.60983922473994,99.42449423374767,COOLDOWN,NONE,0.0,1.0,0.0,False
290.25,206.10569802716176,0.017592540693739896,0.0,206.0431943209615,99.42449423374767,COOLDOWN,NONE,0.0,1.0,0.0,False
290.5,205.16735950708286,0.0172497783631583,0.0,205.4783174185664,99.42449423374767,COOLDOWN,NONE,0.0,1.0,0.0,False
290.75,204.98080657089437,0.02018425074853463,0.1371078103608969,204.91520300117418,99.42449423374767,COOLDOWN,NONE,0.0,1.0,0.0,False
291.0,204.40732690429448,0.018095726844461302,0.05193015986225289,204.35384556961608,99.42449423374767,COOLDOWN,NONE,0.0,1.0,0.0,False
291.25,203.73567587481904,0.021827185072176684,0.047305944868411304,203.79423964188152,99.42449423374767,COOLDOWN,NONE,0.0,1.0,0.0,False
291.5,203.08809376880023,0.020006597239229887,0.00830010701263104,203.23637975306437,99.42449423374767,COOLDOWN,NONE,0.0,1.0,0.0,False
291.75,202.6341038124713,0.02268471972820557,0.2569576351055085,202.68026045530976,99.42449423374767,COOLDOWN,NONE,0.0,1.0,0.0,False
292.0,202.0707162608033,0.018947904550986387,0.0,202.12587631776074,99.42449423374767,COOLDOWN,NONE,0.0,1.0,0.0,False
292.25,201.55388401548024,0.018691451899641477,0.0,201.5732219265053,99.42449423374767,COOLDOWN,NONE,0.0,1.0,0.0,False
292.5,201.0655659349052,0.021773039614500767,0.0,201.02229188452353,99.42449423374767,COOLDOWN,NONE,0.0,1.0,0.0,False
292.75,200.4171889622458,0.017100548561812156,0.1143813187717108,200.47308081163482,99.42449423374767,COOLDOWN,NONE,0.0,1.0,0.0,False
293.0,199.69796674572683,0.019060216128798907,0.29266082516809133,199.92558334444544,99.42449423374767,COOLDOWN,NONE,0.0,1.0,0.0,False
293.25,199.3875323263979,0.021403795554932672,0.0,199.3797941362961,99.42449423374767,COOLDOWN,NONE,0.0,1.0,0.0,False
293.5,198.6595439771997,0.01990198613842955,0.060971051431476395,198.83570785720974,99.42449423374767,COOLDOWN,NONE,0.0,1.0,0.0,False
293.75,198.1399229478695,0.021024841748477775,0.1867365043506326,198.29331919383944,99.42449423374767,COOLDOWN,NONE,0.0,1.0,0.0,False
294.0,197.91307625957256,0.015251764160161468,0.0,197.75262284941658,99.42449423374767,COOLDOWN,NONE,0.0,1.0,0.0,False
294.25,196.97156164536673,0.02321346561877448,0.09154940261640336,197.21361354369915,99.42449423374767,COOLDOWN,NONE,0.0,1.0,0.0,False
294.5,196.78175709702072,0.017364949083323016,0.0,196.67628601292012,99.42449423374767,COOLDOWN,NONE,0.0,1.0,0.0,False
294.75,196.15217116953116,0.020302950964744434,0.0,196.14063500973606,99.42449423374767,COOLDOWN,NONE,0.0,1.0,0.0,False
295.0,195.62798168598073,0.021933704152194835,0.034202366788506064,195.60665530317587,99.42449423374767,COOLDOWN,NONE,0.0,1.0,0.0,False
295.25,194.91843474808732,0.013662013515496941,0.0,195.07434167858972,99.42449423374767,COOLDOWN,NONE,0.0,1.0,0.0,False
295.5,194.56834217424657,0.019219748599400392,0.0,194.54368893759815,99.42449423374767,COOLDOWN,NONE,0.0,1.0,0.0,False
295.75,193.9109751185831,0.02214691403497554,0.0,194.0146918980413,99.42449423374767,COOLDOWN,NONE,0.0,1.0,0.0,False
296.0,193.50582848023458,0.017085429140663442,0.0,193.4873453939282,99.42449423374767,COOLDOWN,NONE,0.0,1.0,0.0,False
296.25,192.98621395958367,0.016983746491557927,0.0,192.96164427538648,99.42449423374767,COOLDOWN,NONE,0.0,1.0,0.0,False
296.5,192.38821075835767,0.02360291231761891,0.02864276673913959,192.43758340861197,99.42449423374767,COOLDOWN,NONE,0.0,1.0,0.0,False
296.75,192.13409760205278,0.019605432038620675,0.0,191.91515767581862,99.42449423374767,COOLDOWN,NONE,0.0,1.0,0.0,False
297.0,191.18552636748518,0.01827132636092876,0.21527756057479835,191.39436197518847,99.42449423374767,COOLDOWN,NONE,0.0,1.0,0.0,False
297.25,190.9243237616971,0.02219936330673248,0.10576467482289732,190.87519122082188,99.42449423374767,COOLDOWN,NONE,0.0,1.0,0.0,False
297.5,190.35620852669243,0.01938558204032127,0.01787753597728847,190.3576403426878,99.42449423374767,COOLDOWN,NONE,0.0,1.0,0.0,False
297.75,189.94239960015938,0.02137359864053412,0.07379583176503987,189.84170428657436,99.42449423374767,COOLDOWN,NONE,0.0,1.0,0.0,False
298.0,189.35049964035238,0.017690198243937073,0.0,189.32737801403937,99.42449423374767,COOLDOWN,NONE,0.0,1.0,0.0,False
298.25,188.6734385409324,0.023013973596693525,0.0,188.81465650236126,99.42449423374767,COOLDOWN,NONE,0.0,1.0,0.0,False
298.5,188.2708551571798,0.02716163460572176,0.0,188.30353474448995,99.42449423374767,COOLDOWN,NONE,0.0,1.0,0.0,False
298.75,187.623790055727,0.019946135270872006,0.19340645462182993,187.79400774899793,99.42449423374767,COOLDOWN,NONE,0.0,1.0,0.0,False
299.0,187.2620029773677,0.021840046402100202,0.014992948341984455,187.2860705400316,99.42449423374767,COOLDOWN,NONE,0.0,1.0,0.0,False
299.25,186.72378719797752,0.029450863584718708,0.010672595645793866,186.77971815726264,99.42449423374767,COOLDOWN,NONE,0.0,1.0,0.0,False
299.5,186.1943719949459,0.018530050010680855,0.05708617476570263,186.2749456558395,99.42449423374767,COOLDOWN,NONE,0.0,1.0,0.0,False
299.75,185.83313071642735,0.022316034839249262,0.021171604952680865,185.77174810633926,99.42449423374767,COOLDOWN,NONE,0.0,1.0,0.0,False
300.0,185.05537786922633,0.021595765873894897,0.0,185.27012059471932,99.42449423374767,COOLDOWN,NONE,0.0,1.0,0.0,False
300.25,184.7271431977195,0.015551268655586755,0.0,184.7700582222695,99.42449423374767,COOLDOWN,NONE,0.0,1.0,0.0,False
300.5,184.1625303734199,0.019890608470841935,0.0,184.27155610556426,99.42449423374767,COOLDOWN,NONE,0.0,1.0,0.0,False
300.75,183.7822078203075,0.020373007972350286,0.0,183.77460937641487,99.42449423374767,COOLDOWN,NONE,0.0,1.0,0.0,False
301.0,183.1855147268773,0.017427339309378335,0.13614217385967228,183.27921318182203,99.42449423374767,COOLDOWN,NONE,0.0,1.0,0.0,False
301.25,182.40612309910227,0.018970025382419337,0.0,182.7853626839283,99.42449423374767,COOLDOWN,NONE,0.0,1.0,0.0,False
301.5,182.2283023202673,0.022540222509212532,0.0,182.293053059971,99.42449423374767,COOLDOWN,NONE,0.0,1.0,0.0,False
301.75,181.8230377935586,0.01746567556925105,0.2909223910867546,181.80227950223502,99.42449423374767,COOLDOWN,NONE,0.0,1.0,0.0,False
302.0,181.45001666736883,0.023381574159456565,0.0,181.31303721800597,99.42449423374767,COOLDOWN,NONE,0.0,1.0,0.0,False
302.25,180.66015959890942,0.023239272642771463,0.0,180.82532142952326,99.42449423374767,COOLDOWN,NONE,0.0,1.0,0.0,False
302.5,180.30043906624428,0.021001349936909205,0.0,180.33912737393354,99.42449423374767,COOLDOWN,NONE,0.0,1.0,0.0,False
302.75,179.97038033168585,0.020054971888048077,0.07188602183354333,179.85445030324408,99.42449423374767,COOLDOWN,NONE,0.0,1.0,0.0,False
303.0,179.27069338159404,0.021539689585638552,0.0,179.37128548427654,99.42449423374767,COOLDOWN,NONE,0.0,1.0,0.0,False
303.25,179.03278528815633,0.0233889385613138,0.1367828427397208,178.88962819862064,99.42449423374767,COOLDOWN,NONE,0.0,1.0,0.0,False
303.5,178.48694329247013,0.021901448763804895,0.0,178.40947374258815,99.42449423374767,COOLDOWN,NONE,0.0,1.0,0.0,False
303.75,178.0560500580318,0.019177880418697963,0.01424174896737396,177.93081742716686,99.42449423374767,COOLDOWN,NONE,0.0,1.0,0.0,False
304.0,177.411098656627,0.015826588959196294,0.0,177.45365457797487,99.42449423374767,COOLDOWN,NONE,0.0,1.0,0.0,False
304.25,177.07676075848832,0.02425210877494763,0.0,176.97798053521498,99.42449423374767,COOLDOWN,NONE,0.0,1.0,0.0,False
304.5,176.36819493092355,0.024355286859524664,0.0,176.50379065362907,99.42449423374767,COOLDOWN,NONE,0.0,1.0,0.0,False
304.75,176.34212569661207,0.02015194592836538,0.0,176.0310803024528,99.42449423374767,COOLDOWN,NONE,0.0,1.0,0.0,False
305.0,175.70749550643262,0.02508004659885424,0.0,175.5598448653704,99.42449423374767,COOLDOWN,NONE,0.0,1.0,0.0,False
305.25,175.32392405375734,0.019155784427889882,0.22294943443963158,175.09007974046955,99.42449423374767,COOLDOWN,NONE,0.0,1.0,0.0,False
305.5,174.5647106753247,0.015268420524593214,0.07529506675578539,174.62178034019647,99.42449423374767,COOLDOWN,NONE,0.0,1.0,0.0,False
305.75,174.29392880606784,0.026287888575336413,0.2585396595043649,174.1549420913111,99.42449423374767,COOLDOWN,NONE,0.0,1.0,0.0,False
306.0,173.7938467437613,0.01928687810412707,0.0,173.6895604348425,99.42449423374767,COOLDOWN,NONE,0.0,1.0,0.0,False
306.25,173.18139988421288,0.017507203319592258,0.0,173.22563082604418,99.42449423374767,COOLDOWN,NONE,0.0,1.0,0.0,False
306.5,172.38146962076848,0.020536604197878904,0.0,172.7631487343499,99.42449423374767,COOLDOWN,NONE,0.0,1.0,0.0,False
306.75,172.68699080165823,0.022276222972506407,0.0,172.3021096433293,99.42449423374767,COOLDOWN,NONE,0.0,1.0,0.0,False
307.0,171.92721920928503,0.016322701648146937,0.0,171.84250905064383,99.42449423374767,COOLDOWN,NONE,0.0,1.0,0.0,False
307.25,171.104203261028,0.024308778568606488,0.08900099553130215,171.3843424680028,99.42449423374767,COOLDOWN,NONE,0.0,1.0,0.0,False
307.5,170.75126777954944,0.019818537258026372,0.1424652297056678,170.92760542111955,99.42449423374767,COOLDOWN,NONE,0.0,1.0,0.0,False
307.75,170.54655973689984,0.02114683111058198,0.0,170.47229344966772,99.42449423374767,COOLDOWN,NONE,0.0,1.0,0.0,False
308.0,169.92281534168538,0.020285457046550232,0.13803832690459367,170.0184021072377,99.42449423374767,COOLDOWN,NONE,0.0,1.0,0.0,False
308.25,169.44159692820307,0.01663579989887889,0.17160448806109074,169.5659269612933,99.42449423374767,COOLDOWN,NONE,0.0,1.0,0.0,False
308.5,168.97531674326208,0.02323148510905947,0.03645822929541299,169.11486359312826,99.42449423374767,COOLDOWN,NONE,0.0,1.0,0.0,False
308.75,168.79736469637544,0.025233140580422534,0.10329953123091816,168.66520759782333,99.42449423374767,COOLDOWN,NONE,0.0,1.0,0.0,False
309.0,168.3333593682982,0.017246494625190078,0.0,168.21695458420308,99.42449423374767,COOLDOWN,NONE,0.0,1.0,0.0,False
309.25,167.86669215328934,0.024602782476086032,0.20881531088211833,167.77010017479313,99.42449423374767,COOLDOWN,NONE,0.0,1.0,0.0,False
309.5,167.67213982232397,0.020932672317911197,0.0304175636936057,167.32464000577735,99.42449423374767,COOLDOWN,NONE,0.0,1.0,0.0,False
309.75,167.03150000512952,0.020056741118812678,0.0,166.88056972695523,99.42449423374767,COOLDOWN,NONE,0.0,1.0,0.0,False
310.0,166.280780266405,0.02297366042924432,0.0,166.4378850016994,99.42449423374767,COOLDOWN,NONE,0.0,1.0,0.0,False
310.25,166.07342052068464,0.015742477271131327,0.16445049196011993,165.99658150691334,99.42449423374767,COOLDOWN,NONE,0.0,1.0,0.0,False
310.5,165.40233375949896,0.022530446536710307,0.0,165.5566549329891,99.42449423374767,COOLDOWN,NONE,0.0,1.0,0.0,False
310.75,165.05212857744965,0.02353503620991189,0.0,165.11810098376523,99.42449423374767,COOLDOWN,NONE,0.0,1.0,0.0,False
311.0,164.69099402812216,0.018564707011337833,0.0,164.68091537648485,99.42449423374767,COOLDOWN,NONE,0.0,1.0,0.0,False
311.25,164.29130270358397,0.02129677549867953,0.0,164.24509384175377,99.42449423374767,COOLDOWN,NONE,0.0,1.0,0.0,False
311.5,163.89668506800228,0.01761291468792397,0.0,163.81063212349886,99.42449423374767,COOLDOWN,NONE,0.0,1.0,0.0,False
311.75,163.3785540114388,0.01795575516776375,0.34386504073706925,163.37752597892646,99.42449423374767,COOLDOWN,NONE,0.0,1.0,0.0,False
312.0,162.71253293374053,0.022215320036693097,0.1483360960692943,162.9457711784809,99.42449423374767,COOLDOWN,NONE,0.0,1.0,0.0,False
312.25,162.21847283703465,0.014802547606969522,0.08435863397662768,162.5153635058033,99.42449423374767,COOLDOWN,NONE,0.0,1.0,0.0,False
312.5,162.01407199253697,0.02115068855758651,0.1709170603516357,162.08629875769032,99.42449423374767,COOLDOWN,NONE,0.0,1.0,0.0,False
312.75,161.60275051325274,0.016808102927360957,0.0,161.65857274405312,99.42449423374767,COOLDOWN,NONE,0.0,1.0,0.0,False
313.0,161.26287124301078,0.017214153081743393,0.04700779363129948,161.23218128787641,99.42449423374767,COOLDOWN,NONE,0.0,1.0,0.0,False
313.25,160.84186358127462,0.01584659661096277,0.2585813827108516,160.80712022517778,99.42449423374767,COOLDOWN,NONE,0.0,1.0,0.0,False
313.5,160.54587414928665,0.022544814141662116,0.0,160.3833854049669,99.42449423374767,COOLDOWN,NONE,0.0,1.0,0.0,False
313.75,159.8998581466702,0.01835921143042621,0.0,159.96097268920505,99.42449423374767,COOLDOWN,NONE,0.0,1.0,0.0,False
314.0,159.3712617922969,0.021303941023487316,0.03438502902014286,159.5398779527647,99.42449423374767,COOLDOWN,NONE,0.0,1.0,0.0,False
314.25,159.17490291106768,0.018482150664716968,0.1936527390320655,159.1200970833892,99.42449423374767,COOLDOWN,NONE,0.0,1.0,0.0,False
314.5,158.72978720147623,0.011786539707381805,0.0,158.70162598165268,99.42449423374767,COOLDOWN,NONE,0.0,1.0,0.0,False
314.75,158.27591027051795,0.02289597764306468,0.0,158.28446056091994,99.42449423374767,COOLDOWN,NONE,0.0,1.0,0.0,False
315.0,157.83108391186548,0.018011551214550826,0.09983299969453148,157.8685967473066,99.42449423374767,COOLDOWN,NONE,0.0,1.0,0.0,False
315.25,157.38689239909058,0.018189649276531047,0.0,157.45403047963936,99.42449423374767,COOLDOWN,NONE,0.0,1.0,0.0,False
315.5,157.12424493059686,0.018401076021227383,0.0,157.04075770941614,99.42449423374767,COOLDOWN,NONE,0.0,1.0,0.0,False
315.75,156.72217291434364,0.01789599147626799,0.05355040931780804,156.6287744007668,99.42449423374767,COOLDOWN,NONE,0.0,1.0,0.0,False
316.0,156.27414430355734,0.023610820926154723,0.15667956288257756,156.21807653041355,99.42449423374767,COOLDOWN,NONE,0.0,1.0,0.0,False
316.25,155.7224056475028,0.019500846244717464,0.0,155.80866008763175,99.42449423374767,COOLDOWN,NONE,0.0,1.0,0.0,False
316.5,155.65212097278138,0.021324881644376566,0.20916280833946904,155.4005210742107,99.42449423374767,COOLDOWN,NONE,0.0,1.0,0.0,False
316.75,154.94580607693962,0.013852566719111729,0.22975689860960852,154.9936555044146,99.42449423374767,COOLDOWN,NONE,0.0,1.0,0.0,False
317.0,154.60202704625922,0.020399555310658957,0.008319474749544972,154.5880594049436,99.42449423374767,COOLDOWN,NONE,0.0,1.0,0.0,False
317.25,154.2804299334169,0.021599399853127074,0.0,154.18372881489512,99.42449423374767,COOLDOWN,NONE,0.0,1.0,0.0,False
317.5,153.94369380399488,0.018413138774925723,0.0,153.78065978572502,99.42449423374767,COOLDOWN,NONE,0.0,1.0,0.0,False
317.75,153.63796269267215,0.022761675823642177,0.0,153.37884838120908,99.42449423374767,COOLDOWN,NONE,0.0,1.0,0.0,False
318.0,152.69983185629357,0.02048491181178881,0.08079837327830883,152.97829067740463,99.42449423374767,COOLDOWN,NONE,0.0,1.0,0.0,False
318.25,152.56690243628523,0.016261882821629506,0.0,152.57898276261216,99.42449423374767,COOLDOWN,NONE,0.0,1.0,0.0,False
318.5,151.99263757143729,0.02064618959837934,0.12291254298139727,152.18092073733715,99.42449423374767,COOLDOWN,NONE,0.0,1.0,0.0,False
318.75,151.93791056096484,0.01780331633085262,0.035253792480683256,151.78410071425196,99.42449423374767,COOLDOWN,NONE,0.0,1.0,0.0,False
319.0,151.47162928722753,0.01846655258494284,0.0,151.38851881815788,99.42449423374767,COOLDOWN,NONE,0.0,1.0,0.0,False
319.25,151.31275114320795,0.020615369040440333,0.1324438386013542,150.99417118594732,99.42449423374767,COOLDOWN,NONE,0.0,1.0,0.0,False
319.5,150.53582882370412,0.020125272324218835,0.0,150.6010539665661,99.42449423374767,COOLDOWN,NONE,0.0,1.0,0.0,False
319.75,150.205402848338,0.02357683389807305,0.3148347867673437,150.20916332097568,99.42449423374767,COOLDOWN,NONE,0.0,1.0,0.0,False
320.0,149.9979915762779,0.02206056784650431,0.0079446501828476,149.8184954221159,99.42449423374767,COOLDOWN,NONE,0.0,1.0,0.0,False
320.25,149.3390510857632,0.019519185430524534,0.09192540430188177,149.42904645486743,99.42449423374767,COOLDOWN,NONE,0.0,1.0,0.0,False
320.5,148.92304117616735,0.022799375040429115,0.0,149.04081261601465,99.42449423374767,COOLDOWN,NONE,0.0,1.0,0.0,False
320.75,148.38690352814132,0.016963702928445623,0.0,148.65379011420833,99.42449423374767,COOLDOWN,NONE,0.0,1.0,0.0,False
321.0,148.06212480585577,0.023396400228923135,0.0,148.26797516992883,99.42449423374767,COOLDOWN,NONE,0.0,1.0,0.0,False
321.25,147.91615105564475,0.023474340681269093,0.18886525228633197,147.883364015449,99.42449423374767,COOLDOWN,NONE,0.0,1.0,0.0,False
321.5,147.4242635454578,0.023985693927155743,0.05768966381259031,147.49995289479745,99.42449423374767,COOLDOWN,NONE,0.0,1.0,0.0,False
321.75,147.11823705035766,0.02132629676133358,0.0,147.11773806372193,99.42449423374767,COOLDOWN,NONE,0.0,1.0,0.0,False
322.0,146.61880061643927,0.01967557266289037,0.09145614468999749,146.7367157896527,99.42449423374767,COOLDOWN,NONE,0.0,1.0,0.0,False
322.25,146.3010776942156,0.01961804372584328,0.14541518909597925,146.35688235166606,99.42449423374767,COOLDOWN,NONE,0.0,1.0,0.0,False
322.5,146.1899892839855,0.022301399142079122,0.19026331056836263,145.97823404044811,99.42449423374767,COOLDOWN,NONE,0.0,1.0,0.0,False
322.75,145.54011318240106,0.019080694761521844,0.04775304610064356,145.6007671582584,99.42449423374767,COOLDOWN,NONE,0.0,1.0,0.0,False
323.0,145.17931717859202,0.018478611131890747,0.24782165005155282,145.22447801889393,99.42449423374767,COOLDOWN,NONE,0.0,1.0,0.0,False
323.25,144.8191858089451,0.017101957613891546,0.07310963280233797,144.84936294765308,99.42449423374767,COOLDOWN,NONE,0.0,1.0,0.0,False
323.5,144.75078751030617,0.02024242743199735,0.18470594294449863,144.47541828129974,99.42449423374767,COOLDOWN,NONE,0.0,1.0,0.0,False
323.75,144.03696321606876,0.01852605770013193,0.0,144.10264036802755,99.42449423374767,COOLDOWN,NONE,0.0,1.0,0.0,False
324.0,143.70951399886295,0.025509041012049233,0.0,143.73102556742424,99.42449423374767,COOLDOWN,NONE,0.0,1.0,0.0,False
324.25,143.60615607496248,0.01697465724962705,0.0,143.3605702504361,99.42449423374767,COOLDOWN,NONE,0.0,1.0,0.0,False
324.5,143.11663951540032,0.021890797349394413,0.04230452405425728,142.99127079933245,99.42449423374767,COOLDOWN,NONE,0.0,1.0,0.0,False
324.75,142.37571870126555,0.021086702375427722,0.0,142.62312360767044,99.42449423374767,COOLDOWN,NONE,0.0,1.0,0.0,False
325.0,142.6414614492566,0.019359714396491805,0.028307979975170455,142.25612508025966,99.42449423374767,COOLDOWN,NONE,0.0,1.0,0.0,False
325.25,141.71826642455292,0.018563359655066138,0.0,141.89027163312724,99.42449423374767,COOLDOWN,NONE,0.0,1.0,0.0,False
325.5,141.67278960362657,0.019214082704816924,0.08439912138936205,141.5255596934827,99.42449423374767,COOLDOWN,NONE,0.0,1.0,0.0,False
325.75,141.0592976149065,0.018496572586761757,0.19322709704459107,141.1619856996831,99.42449423374767,COOLDOWN,NONE,0.0,1.0,0.0,False
326.0,140.65379210953859,0.014595667941741278,0.06093602399381698,140.79954610119827,99.42449423374767,COOLDOWN,NONE,0.0,1.0,0.0,False
326.25,140.2670373771757,0.0186816008155916,0.13673750729042083,140.43823735857615,99.42449423374767,COOLDOWN,NONE,0.0,1.0,0.0,False
326.5,139.9552664796861,0.02263535022254736,0.0,140.07805594340812,99.42449423374767,COOLDOWN,NONE,0.0,1.0,0.0,False
326.75,139.94260015997506,0.02397530899751368,0.0,139.71899833829474,99.42449423374767,COOLDOWN,NONE,0.0,1.0,0.0,False
327.0,139.3290768130438,0.017504193407035164,0.030000297401419792,139.3610610368112,99.42449423374767,COOLDOWN,NONE,0.0,1.0,0.0,False
327.25,139.1766161173612,0.015659729543942527,0.13761726672147043,139.00424054347323,99.42449423374767,COOLDOWN,NONE,0.0,1.0,0.0,False
327.5,138.44994287403162,0.017420838181213344,0.0,138.64853337370283,99.42449423374767,COOLDOWN,NONE,0.0,1.0,0.0,False
327.75,138.60967788735786,0.02017610511348511,0.036712899756851734,138.29393605379437,99.42449423374767,COOLDOWN,NONE,0.0,1.0,0.0,False
328.0,137.83902778712888,0.02320090000098139,0.0,137.94044512088055,99.42449423374767,COOLDOWN,NONE,0.0,1.0,0.0,False
328.25,137.59205693749522,0.026620174237401824,0.0,137.5880571228987,99.42449423374767,COOLDOWN,NONE,0.0,1.0,0.0,False
328.5,137.23934075016683,0.022016698979978436,0.0,137.23676861855694,99.42449423374767,COOLDOWN,NONE,0.0,1.0,0.0,False
328.75,136.89000295170638,0.02288298557476208,0.029158729856545523,136.8865761773007,99.42449423374767,COOLDOWN,NONE,0.0,1.0,0.0,False
329.0,136.5931244381954,0.0189516967694789,0.04734015884320011,136.53747637927916,99.42449423374767,COOLDOWN,NONE,0.0,1.0,0.0,False
329.25,136.19783066417173,0.024365194683079187,0.10865917638630262,136.1894658153118,99.42449423374767,COOLDOWN,NONE,0.0,1.0,0.0,False
329.5,135.80598881387465,0.012659562592918387,0.10735832329284188,135.8425410868552,99.42449423374767,COOLDOWN,NONE,0.0,1.0,0.0,False
329.75,135.6099886580282,0.01724927606574233,0.0,135.49669880596977,99.42449423374767,COOLDOWN,NONE,0.0,1.0,0.0,False
330.0,134.9806645368848,0.022778566281933504,0.0,135.15193559528677,99.42449423374767,COOLDOWN,NONE,0.0,1.0,0.0,False
330.25,134.73931931581274,0.02066118217795155,0.1836551972603833,134.80824808797524,99.42449423374767,COOLDOWN,NONE,0.0,1.0,0.0,False
330.5,134.46290934952077,0.019698838019858667,0.0,134.46563292770912,99.42449423374767,COOLDOWN,NONE,0.0,1.0,0.0,False
330.75,134.36868468690554,0.023197851112315454,0.0,134.12408676863453,99.42449423374767,COOLDOWN,NONE,0.0,1.0,0.0,False
331.0,133.5741194122415,0.01762913145903459,0.0869222458731701,133.783606275337,99.42449423374767,COOLDOWN,NONE,0.0,1.0,0.0,False
331.25,133.335966472156,0.022676818858491692,0.05421878017887175,133.44418812280907,99.42449423374767,COOLDOWN,NONE,0.0,1.0,0.0,False
331.5,133.1497267052397,0.021960334328588703,0.07478817716818528,133.10582899641759,99.42449423374767,COOLDOWN,NONE,0.0,1.0,0.0,False
331.75,132.64024896086445,0.019022509909646355,0.35097241296804377,132.76852559187154,99.42449423374767,COOLDOWN,NONE,0.0,1.0,0.0,False
332.0,132.25109612942282,0.018576365121299267,0.1598546838499528,132.4322746151897,99.42449423374767,COOLDOWN,NONE,0.0,1.0,0.0,False
332.25,132.07318370278549,0.01756363382465502,0.0,132.09707278266845,99.42449423374767,COOLDOWN,NONE,0.0,1.0,0.0,False
332.5,131.84332100947424,0.023059677399153104,0.2099840347150905,131.76291682084974,99.42449423374767,COOLDOWN,NONE,0.0,1.0,0.0,False
332.75,131.43787174301357,0.023134963471616716,0.0,131.4298034664891,99.42449423374767,COOLDOWN,NONE,0.0,1.0,0.0,False
333.0,131.12293267199414,0.0179678390515223,0.0260758251904686,131.09772946652373,99.42449423374767,COOLDOWN,NONE,0.0,1.0,0.0,False
333.25,130.87929863005883,0.0232091785100911,0.0,130.76669157804088,99.42449423374767,COOLDOWN,NONE,0.0,1.0,0.0,False
333.5,130.62680964810917,0.018576841300075024,0.0,130.43668656824605,99.42449423374767,COOLDOWN,NONE,0.0,1.0,0.0,False
333.75,130.0821205810265,0.015612341812991697,0.0006867295085857131,130.1077112144314,99.42449423374767,COOLDOWN,NONE,0.0,1.0,0.0,False
334.0,129.82321792483705,0.019398889748960688,0.08042470358415418,129.77976230394438,99.42449423374767,COOLDOWN,NONE,0.0,1.0,0.0,False
334.25,129.40563447585424,0.020012153085698207,0.0,129.45283663415634,99.42449423374767,COOLDOWN,NONE,0.0,1.0,0.0,False
334.5,129.1333318375387,0.017446890778618208,0.0,129.12693101243119,99.42449423374767,COOLDOWN,NONE,0.0,1.0,0.0,False
334.75,128.78799039686518,0.020572932897657197,0.0,128.80204225609424,99.42449423374767,COOLDOWN,NONE,0.0,1.0,0.0,False
335.0,128.24365326121702,0.01909407484325543,0.07115789079240784,128.47816719240114,99.42449423374767,COOLDOWN,NONE,0.0,1.0,0.0,False
335.25,128.20933887114333,0.022678341305698194,0.195161469722642,128.15530265850688,99.42449423374767,COOLDOWN,NONE,0.0,1.0,0.0,False
335.5,127.90791050061166,0.019940413190272246,0.0,127.83344550143495,99.42449423374767,COOLDOWN,NONE,0.0,1.0,0.0,False
335.75,127.37068241110987,0.01859848858527542,0.040122990995908846,127.5125925780465,99.42449423374767,COOLDOWN,NONE,0.0,1.0,0.0,False
336.0,127.22585108498821,0.020012731267814388,0.0,127.19274075500964,99.42449423374767,COOLDOWN,NONE,0.0,1.0,0.0,False
336.25,126.96846134691448,0.02062499729332127,0.04467702027871515,126.87388690876887,99.42449423374767,COOLDOWN,NONE,0.0,1.0,0.0,False
336.5,126.6022934933742,0.01836112113119312,0.0,126.55602792551456,99.42449423374767,COOLDOWN,NONE,0.0,1.0,0.0,False
336.75,126.3128298701137,0.02125018210727673,0.0,126.23916070115256,99.42449423374767,COOLDOWN,NONE,0.0,1.0,0.0,False
337.0,125.8609210013466,0.02683527215082551,0.0,125.92328214127386,99.42449423374767,COOLDOWN,NONE,0.0,1.0,0.0,False
337.25,125.57575754604719,0.02079652813430725,0.0,125.60838916112438,99.42449423374767,COOLDOWN,NONE,0.0,1.0,0.0,False
337.5,125.31206408057584,0.025393247362573514,0.14008022976803003,125.29447868557487,99.42449423374767,COOLDOWN,NONE,0.0,1.0,0.0,False
337.75,125.07637769943383,0.02177728378683617,0.01679463248200109,124.98154764909084,99.42449423374767,COOLDOWN,NONE,0.0,1.0,0.0,False
338.0,124.81335193963712,0.01953241470038427,0.0,124.66959299570266,99.42449423374767,COOLDOWN,NONE,0.0,1.0,0.0,False
338.25,124.37391808011265,0.02271708981220877,0.04956383861277212,124.35861167897568,99.42449423374767,COOLDOWN,NONE,0.0,1.0,0.0,False
338.5,124.14978150403972,0.013927642352243103,0.17895860933624888,124.0486006619805,99.42449423374767,COOLDOWN,NONE,0.0,1.0,0.0,False
338.75,124.09064717590776,0.024004712151684083,0.0,123.73955691726333,99.42449423374767,COOLDOWN,NONE,0.0,1.0,0.0,False
339.0,123.30421093446327,0.020832392697619967,0.0,123.4314774268164,99.42449423374767,COOLDOWN,NONE,0.0,1.0,0.0,False
339.25,123.23320991332082,0.018423768624868084,0.1440995518334434,123.12435918204848,99.42449423374767,COOLDOWN,NONE,0.0,1.0,0.0,False
339.5,123.0225196009916,0.013903244256859492,0.043916701627093595,122.81819918375551,99.42449423374767,COOLDOWN,NONE,0.0,1.0,0.0,False
339.75,122.40825226088114,0.015770660179343636,0.0,122.51299444209134,99.42449423374767,COOLDOWN,NONE,0.0,1.0,0.0,False
340.0,122.1759018945836,0.023101061723620857,0.0,122.20874197653848,99.42449423374767,COOLDOWN,NONE,0.0,1.0,0.0,False
340.25,122.06306070395264,0.02605418873564813,0.08961615988754476,121.90543881587902,99.42449423374767,COOLDOWN,NONE,0.0,1.0,0.0,False
340.5,121.684973185624,0.019959732148840146,0.0,121.60308199816565,99.42449423374767,COOLDOWN,NONE,0.0,1.0,0.0,False
340.75,121.38189266978277,0.021152082452580417,0.10973893645557864,121.30166857069264,99.42449423374767,COOLDOWN,NONE,0.0,1.0,0.0,False
341.0,121.38652164229518,0.022183342820084176,0.0638567519343258,121.00119558996711,99.42449423374767,COOLDOWN,NONE,0.0,1.0,0.0,False
341.25,120.93594981988566,0.015964351822190012,0.0,120.7016601216802,99.42449423374767,COOLDOWN,NONE,0.0,1.0,0.0,False
341.5,120.34677826667664,0.01803521219488076,0.10409000421173727,120.4030592406785,99.42449423374767,COOLDOWN,NONE,0.0,1.0,0.0,False
341.75,120.05777384839891,0.025219801522980752,0.2280671130017997,120.10539003093538,99.42449423374767,COOLDOWN,NONE,0.0,1.0,0.0,False
342.0,119.92416024256644,0.018842024650532613,0.09254258412518339,119.80864958552262,99.42449423374767,COOLDOWN,NONE,0.0,1.0,0.0,False
342.25,119.63449390814385,0.016800285063540924,0.05231695979203807,119.51283500658194,99.42449423374767,COOLDOWN,NONE,0.0,1.0,0.0,False
342.5,119.32386047321485,0.020649391118746124,0.23566651986828097,119.21794340529674,99.42449423374767,COOLDOWN,NONE,0.0,1.0,0.0,False
342.75,119.10609635203315,0.017523252872385753,0.018672350815120288,118.92397190186388,99.42449423374767,COOLDOWN,NONE,0.0,1.0,0.0,False
343.0,118.50558872418388,0.021738667842067804,0.0,118.63091762546557,99.42449423374767,COOLDOWN,NONE,0.0,1.0,0.0,False
343.25,118.47727440496722,0.02116443534487319,0.14562518788166956,118.3387777142413,99.42449423374767,COOLDOWN,NONE,0.0,1.0,0.0,False
343.5,118.02578662272835,0.015631120411482673,0.2648752772684539,118.04754931525994,99.42449423374767,COOLDOWN,NONE,0.0,1.0,0.0,False
343.75,117.73134430821236,0.024130070185450752,0.06452735055898033,117.75722958449184,99.42449423374767,COOLDOWN,NONE,0.0,1.0,0.0,False
344.0,117.56890253408437,0.025489247342943867,0.05103529527377968,117.46781568678107,99.42449423374767,COOLDOWN,NONE,0.0,1.0,0.0,False
344.25,117.38933949192136,0.015547023334830476,0.13066502243997916,117.17930479581773,99.42449423374767,COOLDOWN,NONE,0.0,1.0,0.0,False
344.5,116.85541103238225,0.019597797916637117,0.0013074544409748209,116.89169409411036,99.42449423374767,COOLDOWN,NONE,0.0,1.0,0.0,False
344.75,116.65695984046994,0.024971481433412136,0.0,116.60498077295843,99.42449423374767,COOLDOWN,NONE,0.0,1.0,0.0,False
345.0,116.32576805916864,0.01785053876087827,0.17487210070397435,116.31916203242487,99.42449423374767,COOLDOWN,NONE,0.0,1.0,0.0,False
345.25,115.97077131811125,0.02137031014596863,0.0,116.03423508130876,99.42449423374767,COOLDOWN,NONE,0.0,1.0,0.0,False
345.5,115.85040593481496,0.023044409981331244,0.0,115.7501971371181,99.42449423374767,COOLDOWN,NONE,0.0,1.0,0.0,False
345.75,115.47440675377871,0.01573891942901141,0.045809968044259505,115.46704542604259,99.42449423374767,COOLDOWN,NONE,0.0,1.0,0.0,False
346.0,115.31321737312491,0.018333784918137364,0.16805440708741748,115.18477718292652,99.42449423374767,COOLDOWN,NONE,0.0,1.0,0.0,False
346.25,114.59239309886141,0.01444599366239597,0.0,114.90338965124185,99.42449423374767,COOLDOWN,NONE,0.0,1.0,0.0,False
346.5,114.55016086575968,0.020055855642628247,0.0,114.62288008306123,99.42449423374767,COOLDOWN,NONE,0.0,1.0,0.0,False
346.75,114.33318194685191,0.022170728063276204,0.0,114.34324573903119,99.42449423374767,COOLDOWN,NONE,0.0,1.0,0.0,False
347.0,113.87494755555745,0.01626863873297329,0.3168997531557756,114.06448388834535,99.42449423374767,COOLDOWN,NONE,0.0,1.0,0.0,False
347.25,113.43377436887671,0.01947101422736824,0.21868603924070987,113.7865918087178,99.42449423374767,COOLDOWN,NONE,0.0,1.0,0.0,False
347.5,113.58207162984444,0.017511331383335427,0.0003278966936866119,113.5095667863565,99.42449423374767,COOLDOWN,NONE,0.0,1.0,0.0,False
347.75,113.362993935125,0.02362444635122909,0.0,113.23340611593676,99.42449423374767,COOLDOWN,NONE,0.0,1.0,0.0,False
348.0,113.07217582608281,0.020757501733559742,0.1656607220816759,112.95810710057484,99.42449423374767,COOLDOWN,NONE,0.0,1.0,0.0,False
348.25,112.8922293606811,0.018970083614998922,0.0,112.68366705180159,99.42449423374767,COOLDOWN,NONE,0.0,1.0,0.0,False
348.5,112.46945876732869,0.025329864311936904,0.10283731632454808,112.41008328953625,99.42449423374767,COOLDOWN,NONE,0.0,1.0,0.0,False
348.75,112.1718775666256,0.02720313660324033,0.0,112.1373531420602,99.42449423374767,COOLDOWN,NONE,0.0,1.0,0.0,False
349.0,112.00092247418345,0.018288687017426496,0.0074451499511512375,111.86547394599094,99.42449423374767,COOLDOWN,NONE,0.0,1.0,0.0,False
349.25,111.60788958735733,0.024543909908630018,0.0,111.59444304625603,99.42449423374767,COOLDOWN,NONE,0.0,1.0,0.0,False
349.5,111.24399463969891,0.015221143932596902,0.07307987455747493,111.32425779606719,99.42449423374767,COOLDOWN,NONE,0.0,1.0,0.0,False
349.75,110.98618078541432,0.021265901127988648,0.0,111.05491555689443,99.42449423374767,COOLDOWN,NONE,0.0,1.0,0.0,False
350.0,110.73250615541903,0.023116787164949065,0.0,110.7864136984403,99.42449423374767,COOLDOWN,NONE,0.0,1.0,0.0,False
350.25,110.61259546759179,0.02158497967293701,0.0,110.51874959861422,99.42449423374767,COOLDOWN,NONE,0.0,1.0,0.0,False
350.5,110.01795875352612,0.02295620013120244,0.025606105847287886,110.25192064350684,99.42449423374767,COOLDOWN,NONE,0.0,1.0,0.0,False
350.75,110.13341624083525,0.01396193469401515,0.0,109.9859242273645,99.42449423374767,COOLDOWN,NONE,0.0,1.0,0.0,False
351.0,109.39934863013715,0.017369487016851926,0.1562924853005427,109.72075775256387,99.42449423374767,COOLDOWN,NONE,0.0,1.0,0.0,False
351.25,109.5413174274854,0.01989753812589262,0.019686044289975255,109.45641862958645,99.42449423374767,COOLDOWN,NONE,0.0,1.0,0.0,False
351.5,109.30702250888812,0.019093548871276362,0.05941034254470926,109.19290427699342,99.42449423374767,COOLDOWN,NONE,0.0,1.0,0.0,False
351.75,108.95120530729521,0.013438872075392305,0.0,108.93021212140032,99.42449423374767,COOLDOWN,NONE,0.0,1.0,0.0,False
352.0,108.8721530400253,0.01881241817278833,0.0,108.66833959745198,99.42449423374767,COOLDOWN,NONE,0.0,1.0,0.0,False
352.25,108.31625422478847,0.018546103533574394,0.1686018284676815,108.40728414779745,99.42449423374767,COOLDOWN,NONE,0.0,1.0,0.0,False
352.5,108.1068303259319,0.01693415274674901,0.0,108.14704322306505,99.42449423374767,COOLDOWN,NONE,0.0,1.0,0.0,False
352.75,107.80170876415559,0.014099549576862788,0.0,107.88761428183743,99.42449423374767,COOLDOWN,NONE,0.0,1.0,0.0,False
353.0,107.74827150212073,0.02212602669722206,0.0,107.62899479062675,99.42449423374767,COOLDOWN,NONE,0.0,1.0,0.0,False
353.25,107.49890414455125,0.021378075425764104,0.0,107.37118222385,99.42449423374767,COOLDOWN,NONE,0.0,1.0,0.0,False
353.5,107.22433120144356,0.015120072006255607,0.0,107.11417406380428,99.42449423374767,COOLDOWN,NONE,0.0,1.0,0.0,False
353.75,106.6420145048535,0.01666548882976516,0.1318033208262376,106.85796780064224,99.42449423374767,COOLDOWN,NONE,0.0,1.0,0.0,False
354.0,106.40251656268742,0.01654610559336371,0.0,106.60256093234756,99.42449423374767,COOLDOWN,NONE,0.0,1.0,0.0,False
354.25,106.377270523975,0.018980917189664295,0.1293509198376423,106.34795096471049,99.42449423374767,COOLDOWN,NONE,0.0,1.0,0.0,False
354.5,105.98743133856473,0.016131716902530076,0.0,106.09413541130357,99.42449423374767,COOLDOWN,NONE,0.0,1.0,0.0,False
354.75,105.84634010366868,0.01719767585907962,0.04109868875289748,105.84111179345724,99.42449423374767,COOLDOWN,NONE,0.0,1.0,0.0,False
355.0,105.86057999006759,0.01823532324079873,0.005443549282150088,105.58887764023575,99.42449423374767,COOLDOWN,NONE,0.0,1.0,0.0,False
355.25,105.53892604958888,0.018026588126861618,0.0,105.33743048841292,99.42449423374767,COOLDOWN,NONE,0.0,1.0,0.0,False
355.5,104.9209321152654,0.021155852501828044,0.07512151569298327,105.08676788244817,99.42449423374767,COOLDOWN,NONE,0.0,1.0,0.0,False
355.75,104.81240996942606,0.020079753381542692,0.18856471094203447,104.83688737446249,99.42449423374767,COOLDOWN,NONE,0.0,1.0,0.0,False
356.0,104.71523383933,0.015739304738887544,0.0,104.58778652421456,99.42449423374767,COOLDOWN,NONE,0.0,1.0,0.0,False
356.25,104.35208841637618,0.022093859451973435,0.0,104.33946289907692,99.42449423374767,COOLDOWN,NONE,0.0,1.0,0.0,False
356.5,103.99150398322705,0.01855094259706715,0.0,104.09191407401218,99.42449423374767,COOLDOWN,NONE,0.0,1.0,0.0,False
356.75,103.83731452841829,0.01812791978757268,0.06575008064464771,103.84513763154939,99.42449423374767,COOLDOWN,NONE,0.0,1.0,0.0,False
357.0,103.44084344951062,0.018602561844023015,0.0,103.5991311617604,99.42449423374767,COOLDOWN,NONE,0.0,1.0,0.0,False
357.25,103.18926410081191,0.02200194023046922,0.0,103.3538922622363,99.42449423374767,COOLDOWN,NONE,0.0,1.0,0.0,False
357.5,103.17094181682693,0.016537928390475375,0.009226864779558563,103.10941853806402,99.42449423374767,COOLDOWN,NONE,0.0,1.0,0.0,False
357.75,102.60690787173766,0.018453990879803078,0.0,102.86570760180291,99.42449423374767,COOLDOWN,NONE,0.0,1.0,0.0,False
358.0,102.70434918213134,0.020421712387044256,0.0,102.62275707346143,99.42449423374767,COOLDOWN,NONE,0.0,1.0,0.0,False
358.25,102.50008617259584,0.02044995092379136,0.07438759810952121,102.38056458047387,99.42449423374767,COOLDOWN,NONE,0.0,1.0,0.0,False
358.5,102.24773249467185,0.019673315598597235,0.0,102.13912775767727,99.42449423374767,COOLDOWN,NONE,0.0,1.0,0.0,False
358.75,101.94098323530591,0.01861935717994245,0.05150743063269518,101.89844424728823,99.42449423374767,COOLDOWN,NONE,0.0,1.0,0.0,False
359.0,101.8179238248265,0.02242735405020947,0.0,101.65851169887992,99.42449423374767,COOLDOWN,NONE,0.0,1.0,0.0,False
359.25,101.22006035848635,0.01969716186557953,0.0,101.41932776935914,99.42449423374767,COOLDOWN,NONE,0.0,1.0,0.0,False
359.5,101.33970621588284,0.018715881207455654,0.0,101.18089012294344,99.42449423374767,COOLDOWN,NONE,0.0,1.0,0.0,False
359.75,101.04639616542072,0.018430962174485643,0.0,100.94319643113828,99.42449423374767,COOLDOWN,NONE,0.0,1.0,0.0,False
360.0,100.95590634569038,0.02432139810036567,0.08725103677481454,100.70624437271431,99.42449423374767,COOLDOWN,NONE,0.0,1.0,0.0,False
360.25,100.50319518334017,0.01695732709943596,0.07654336642989794,100.4700316336847,99.42449423374767,COOLDOWN,NONE,0.0,1.0,0.0,False
360.5,100.23617606716824,0.020519381444859985,0.0,100.23455590728254,99.42449423374767,COOLDOWN,NONE,0.0,1.0,0.0,False
360.75,99.99093817855132,0.019306672183404545,0.040149981899430275,99.99981489393832,99.42449423374767,COOLDOWN,NONE,0.0,1.0,0.0,False
361.0,99.97249500582646,0.0209407794748144,0.0,99.76580630125748,99.42449423374767,COOLDOWN,NONE,0.0,1.0,0.0,False
361.25,99.38016600885419,0.015115522987221996,0.0,99.53252784399798,99.42449423374767,COOLDOWN,NONE,0.0,1.0,0.0,False
361.5,99.37652547088413,0.021057524503539107,0.0,99.29997724404804,99.42449423374767,COOLDOWN,NONE,0.0,1.0,0.0,False
361.75,99.10088797781273,0.017590435429647513,0.0,99.06815223040385,99.42449423374767,COOLDOWN,NONE,0.0,1.0,0.0,False
362.0,98.61936812275496,0.0172842646161488,0.20544238627614836,98.83705053914744,99.42449423374767,COOLDOWN,NONE,0.0,1.0,0.0,False
362.25,98.39872153613798,0.023577151586765845,0.1914818145066322,98.6066699134245,99.42449423374767,COOLDOWN,NONE,0.0,1.0,0.0,False
362.5,98.34243730088451,0.019706149397518077,0.0,98.3770081034224,99.42449423374767,COOLDOWN,NONE,0.0,1.0,0.0,False
362.75,98.13694950482443,0.02182173371383958,0.0,98.14806286634821,99.42449423374767,COOLDOWN,NONE,0.0,1.0,0.0,False
363.0,98.06156157198929,0.023401200033539793,0.0438248770627452,97.91983196640679,99.42449423374767,COOLDOWN,NONE,0.0,1.0,0.0,False
363.25,97.73366937502927,0.01966302883235977,0.04417587708359189,97.69231317477892,99.42449423374767,COOLDOWN,NONE,0.0,1.0,0.0,False
363.5,97.29100809127932,0.021059939630148294,0.023007639774643745,97.4655042695996,99.42449423374767,COOLDOWN,NONE,0.0,1.0,0.0,False
363.75,97.10259196186806,0.026287941173413817,0.0,97.23940303593633,99.42449423374767,COOLDOWN,NONE,0.0,1.0,0.0,False
364.0,96.87615983341509,0.02067756794982344,0.0,97.01400726576745,99.42449423374767,COOLDOWN,NONE,0.0,1.0,0.0,False
364.25,96.66299985849302,0.015278243722501972,0.0,96.78931475796057,99.42449423374767,COOLDOWN,NONE,0.0,1.0,0.0,False
364.5,96.53755836849723,0.02079785183607819,0.15730410951506146,96.56532331825116,99.42449423374767,COOLDOWN,NONE,0.0,1.0,0.0,False
364.75,96.45474574737258,0.02338724306821642,0.08009075182871449,96.34203075922103,99.42449423374767,COOLDOWN,NONE,0.0,1.0,0.0,False
365.0,96.04128969135094,0.023178835845388036,0.0,96.11943490027701,99.42449423374767,COOLDOWN,NONE,0.0,1.0,0.0,False
365.25,95.79749113422255,0.02441791402266226,0.10989362258931654,95.89753356762965,99.42449423374767,COOLDOWN,NONE,0.0,1.0,0.0,False
365.5,95.70103832129544,0.022089940118660428,0.12344240381666038,95.67632459427197,99.42449423374767,COOLDOWN,NONE,0.0,1.0,0.0,False
365.75,95.24351545425002,0.019554704902677234,0.0,95.45580581995834,99.42449423374767,COOLDOWN,NONE,0.0,1.0,0.0,False
366.0,95.24604726019378,0.017824811228303976,0.19528278820214065,95.23597509118336,99.42449423374767,COOLDOWN,NONE,0.0,1.0,0.0,False
366.25,95.08626050296513,0.01740204206242014,0.0,95.01683026116082,99.42449423374767,COOLDOWN,NONE,0.0,1.0,0.0,False
366.5,94.60856431697518,0.019955559015929308,0.07366900878083035,94.79836918980274,99.42449423374767,COOLDOWN,NONE,0.0,1.0,0.0,False
366.75,94.6117007317857,0.014049679098720529,0.0,94.58058974369848,99.42449423374767,COOLDOWN,NONE,0.0,1.0,0.0,False
367.0,94.43134786642572,0.020748964959860387,0.1653076840542967,94.36348979609392,99.42449423374767,COOLDOWN,NONE,0.0,1.0,0.0,False
367.25,93.94597576003477,0.021400678053580643,0.0,94.14706722687065,99.42449423374767,COOLDOWN,NONE,0.0,1.0,0.0,False
367.5,93.95207307148631,0.02104592762031749,0.09444752252054527,93.93131992252529,99.42449423374767,COOLDOWN,NONE,0.0,1.0,0.0,False
367.75,93.62123021951352,0.02038355886020529,0.0,93.71624577614887,99.42449423374767,COOLDOWN,NONE,0.0,1.0,0.0,False
368.0,93.28179543300638,0.02149355265616506,0.0,93.50184268740621,99.42449423374767,COOLDOWN,NONE,0.0,1.0,0.0,False
368.25,93.03679835318627,0.017278645338257417,0.0,93.28810856251546,99.42449423374767,COOLDOWN,NONE,0.0,1.0,0.0,False
368.5,93.29956379608885,0.022960012440234136,0.11100345176483926,93.07504131422759,99.42449423374767,COOLDOWN,NONE,0.0,1.0,0.0,False
368.75,92.58626936071455,0.019534404827932395,0.06283107872201589,92.86263886180606,99.42449423374767,COOLDOWN,NONE,0.0,1.0,0.0,False
369.0,92.70123258985309,0.021073025739847293,0.0,92.6508991310065,99.42449423374767,COOLDOWN,NONE,0.0,1.0,0.0,False
369.25,92.6946597273443,0.02425252898964763,0.0,92.4398200540564,99.42449423374767,COOLDOWN,NONE,0.0,1.0,0.0,False
369.5,92.07374211900479,0.025983833432563583,0.0,92.22939956963498,99.42449423374767,COOLDOWN,NONE,0.0,1.0,0.0,False
369.75,92.19032859149218,0.025550680545375574,0.0,92.01963562285303,99.42449423374767,COOLDOWN,NONE,0.0,1.0,0.0,False
370.0,91.84532761688952,0.018782158865660023,0.0684397794992106,91.81052616523283,99.42449423374767,COOLDOWN,NONE,0.0,1.0,0.0,False
370.25,91.64134401461021,0.02565967154134217,0.07972784541714112,91.60206915468818,99.42449423374767,COOLDOWN,NONE,0.0,1.0,0.0,False
370.5,91.38417971675881,0.02320129865264094,0.0,91.39426255550443,99.42449423374767,COOLDOWN,NONE,0.0,1.0,0.0,False
370.75,91.12354275865907,0.02653852296675396,0.0,91.18710433831859,99.42449423374767,COOLDOWN,NONE,0.0,1.0,0.0,False
371.0,90.89848344658904,0.019956158487253003,0.0,90.98059248009956,99.42449423374767,COOLDOWN,NONE,0.0,1.0,0.0,False
371.25,90.44961164407813,0.02299053803705104,0.0,90.77472496412834,99.42449423374767,COOLDOWN,NONE,0.0,1.0,0.0,False
371.5,90.47953160911737,0.01870694395660434,0.0,90.56949977997833,99.42449423374767,COOLDOWN,NONE,0.0,1.0,0.0,False
371.75,90.19501032580021,0.02030605625691807,0.3508237450471246,90.3649149234957,99.42449423374767,COOLDOWN,NONE,0.0,1.0,0.0,False
372.0,90.26260468889052,0.02206412913856407,0.0,90.16096839677985,99.42449423374767,COOLDOWN,NONE,0.0,1.0,0.0,False
372.25,89.94521377892956,0.016273652423521044,0.10699391754195706,89.95765820816385,99.42449423374767,COOLDOWN,NONE,0.0,1.0,0.0,False
372.5,89.71194727747849,0.019937921181986618,0.0,89.75498237219503,99.42449423374767,COOLDOWN,NONE,0.0,1.0,0.0,False
372.75,89.45657463825462,0.015259186784068792,0.07810349775878841,89.55293890961556,99.42449423374767,COOLDOWN,NONE,0.0,1.0,0.0,False
373.0,89.13524049948172,0.016281151145545004,0.0,89.35152584734315,99.42449423374767,COOLDOWN,NONE,0.0,1.0,0.0,False
373.25,89.03598415067906,0.02060820034603572,0.14272145757229165,89.15074121845177,99.42449423374767,COOLDOWN,NONE,0.0,1.0,0.0,False
373.5,88.9790651828347,0.020414350306749752,0.0,88.95058306215242,99.42449423374767,COOLDOWN,NONE,0.0,1.0,0.0,False
373.75,88.87090577131654,0.014285527223795207,0.0462214449579488,88.75104942377402,99.42449423374767,COOLDOWN,NONE,0.0,1.0,0.0,False
374.0,88.40336472118197,0.01612426530522702,0.0,88.5521383547443,99.42449423374767,COOLDOWN,NONE,0.0,1.0,0.0,False
374.25,88.28690322845216,0.021572810940485642,0.15626257159275148,88.35384791257077,99.42449423374767,COOLDOWN,NONE,0.0,1.0,0.0,False
374.5,87.79847755254944,0.019605987499175696,0.28490220774237995,88.15617616082176,99.42449423374767,COOLDOWN,NONE,0.0,1.0,0.0,False
374.75,88.0804084477634,0.02416216898447017,0.006419223707023349,87.95912116910748,99.42449423374767,COOLDOWN,NONE,0.0,1.0,0.0,False
375.0,87.53853841120885,0.0164481785390262,0.09790939403987271,87.76268101306121,99.42449423374767,COOLDOWN,NONE,0.0,1.0,0.0,False
375.25,87.70183875086109,0.017628544147261494,0.0,87.56685377432052,99.42449423374767,COOLDOWN,NONE,0.0,1.0,0.0,False
375.5,87.40202621149096,0.01457269776915046,0.0,87.37163754050846,99.42449423374767,COOLDOWN,NONE,0.0,1.0,0.0,False
375.75,87.41092163696003,0.026380093532764604,0.0,87.17703040521494,99.42449423374767,COOLDOWN,NONE,0.0,1.0,0.0,False
376.0,87.24893249034312,0.018248331148562925,0.0,86.9830304679781,99.42449423374767,COOLDOWN,NONE,0.0,1.0,0.0,False
376.25,86.44507700148384,0.022694422853132182,0.0,86.78963583426577,99.42449423374767,COOLDOWN,NONE,0.0,1.0,0.0,False
376.5,86.93900352751221,0.020818777827706015,0.019497754582459528,86.59684461545694,99.42449423374767,COOLDOWN,NONE,0.0,1.0,0.0,False
376.75,86.12496115232645,0.024325393071756247,0.0,86.40465492882335,99.42449423374767,COOLDOWN,NONE,0.0,1.0,0.0,False
377.0,86.18018620856,0.01320652909897915,0.13025726644708388,86.21306489751103,99.42449423374767,COOLDOWN,NONE,0.0,1.0,0.0,False
377.25,86.1617119407888,0.018009281280370465,0.005310097007938613,86.02207265052209,99.42449423374767,COOLDOWN,NONE,0.0,1.0,0.0,False
377.5,85.88195178382344,0.02271718385858662,0.007113835414938593,85.83167632269634,99.42449423374767,COOLDOWN,NONE,0.0,1.0,0.0,False
377.75,85.89174250834746,0.01910219830792677,0.0,85.64187405469312,99.42449423374767,COOLDOWN,NONE,0.0,1.0,0.0,False
378.0,85.37415956995453,0.012217425204820363,0.0,85.45266399297316,99.42449423374767,COOLDOWN,NONE,0.0,1.0,0.0,False
378.25,85.40665717404936,0.02062648584151332,0.0,85.26404428978043,99.42449423374767,COOLDOWN,NONE,0.0,1.0,0.0,False
378.5,85.12014189585047,0.013778046265892806,0.0,85.07601310312415,99.42449423374767,COOLDOWN,NONE,0.0,1.0,0.0,False
378.75,84.95905755978485,0.02192932001885098,0.0,84.88856859676079,99.42449423374767,COOLDOWN,NONE,0.0,1.0,0.0,False
379.0,84.83044165733844,0.025445437579821602,0.0,84.70170894017608,99.42449423374767,COOLDOWN,NONE,0.0,1.0,0.0,False
379.25,84.6184387709748,0.015164856182043005,0.0,84.5154323085672,99.42449423374767,COOLDOWN,NONE,0.0,1.0,0.0,False
379.5,84.41355640392764,0.01996840077443103,0.02196807124886529,84.32973688282495,99.42449423374767,COOLDOWN,NONE,0.0,1.0,0.0,False
379.75,84.04917786983083,0.01895960991456235,0.11371608198612695,84.14462084951595,99.42449423374767,COOLDOWN,NONE,0.0,1.0,0.0,False
380.0,84.20993751870847,0.01919273375203022,0.0,83.96008240086498,99.42449423374767,COOLDOWN,NONE,0.0,1.0,0.0,False
380.25,83.95949258668286,0.021652253050488606,0.09453765874097024,83.77611973473728,99.42449423374767,COOLDOWN,NONE,0.0,1.0,0.0,False
380.5,83.61229565117675,0.026816666704698955,0.0036134298821245254,83.59273105462097,99.42449423374767,COOLDOWN,NONE,0.0,1.0,0.0,False
380.75,83.47935811657688,0.014284200982547556,0.0,83.40991456960953,99.42449423374767,COOLDOWN,NONE,0.0,1.0,0.0,False
381.0,83.11690516513893,0.01975651176387614,0.044555774232145684,83.22766849438425,99.42449423374767,COOLDOWN,NONE,0.0,1.0,0.0,False
381.25,82.92583431845814,0.025041567311040704,0.0,83.04599104919686,99.42449423374767,COOLDOWN,NONE,0.0,1.0,0.0,False
381.5,82.78959039109891,0.02056159948654512,0.0,82.86488045985212,99.42449423374767,COOLDOWN,NONE,0.0,1.0,0.0,False
381.75,82.76229009216885,0.02174586474605088,0.0,82.68433495769048,99.42449423374767,COOLDOWN,NONE,0.0,1.0,0.0,False
382.0,82.7831854431604,0.020091790345911346,0.03450789526250918,82.50435277957087,99.42449423374767,COOLDOWN,NONE,0.0,1.0,0.0,False
382.25,82.17313386695955,0.014820184714614151,0.0,82.32493216785336,99.42449423374767,COOLDOWN,NONE,0.0,1.0,0.0,False
382.5,82.09013212231265,0.01847931157297596,0.10770193589058305,82.14607137038215,99.42449423374767,COOLDOWN,NONE,0.0,1.0,0.0,False
382.75,81.60190670787844,0.016442468486457657,0.0,81.96776864046831,99.42449423374767,COOLDOWN,NONE,0.0,1.0,0.0,False
383.0,81.98372656432898,0.01815034838797807,0.0,81.79002223687283,99.42449423374767,COOLDOWN,NONE,0.0,1.0,0.0,False
383.25,81.43979923380856,0.022547022869390893,0.0,81.61283042378959,99.42449423374767,COOLDOWN,NONE,0.0,1.0,0.0,False
383.5,81.46187527210269,0.01373977526732828,0.16820222138198698,81.43619147082838,99.42449423374767,COOLDOWN,NONE,0.0,1.0,0.0,False
383.75,81.31177811689452,0.02150546323160906,0.1780591870208365,81.260103652998,99.42449423374767,COOLDOWN,NONE,0.0,1.0,0.0,False
384.0,81.04802462526607,0.01934775258825637,0.10029529660082817,81.08456525068948,99.42449423374767,COOLDOWN,NONE,0.0,1.0,0.0,False
384.25,80.96616149625356,0.019115210119414805,0.0,80.90957454965921,99.42449423374767,COOLDOWN,NONE,0.0,1.0,0.0,False
384.5,80.65195901685553,0.021998940018243044,0.13284381484307628,80.73512984101222,99.42449423374767,COOLDOWN,NONE,0.0,1.0,0.0,False
384.75,80.55462640721075,0.02549698851697546,0.0,80.56122942118554,99.42449423374767,COOLDOWN,NONE,0.0,1.0,0.0,False
385.0,80.34548637578999,0.02499546491871201,0.0,80.38787159193149,99.42449423374767,COOLDOWN,NONE,0.0,1.0,0.0,False
385.25,79.96732245203228,0.02404845176251908,0.07473123853790146,80.21505466030112,99.42449423374767,COOLDOWN,NONE,0.0,1.0,0.0,False
385.5,79.85604920184201,0.022184713038957075,0.0,80.04277693862774,99.42449423374767,COOLDOWN,NONE,0.0,1.0,0.0,False
385.75,79.66235619903514,0.019398598809367156,0.0,79.87103674451035,99.42449423374767,COOLDOWN,NONE,0.0,1.0,0.0,False
386.0,79.52762077303043,0.01875726812816334,0.0,79.69983240079723,99.42449423374767,COOLDOWN,NONE,0.0,1.0,0.0,False
386.25,79.53101995080843,0.019787647167548047,0.10487980659025774,79.52916223556963,99.42449423374767,COOLDOWN,NONE,0.0,1.0,0.0,False
386.5,79.28351765986983,0.01585271300630686,0.0,79.35902458212533,99.42449423374767,COOLDOWN,NONE,0.0,1.0,0.0,False
386.75,79.14532977007633,0.024477338345135373,0.12049288960528425,79.18941777896248,99.42449423374767,COOLDOWN,NONE,0.0,1.0,0.0,False
387.0,78.91681393761445,0.022691300797350537,0.0,79.02034016976327,99.42449423374767,COOLDOWN,NONE,0.0,1.0,0.0,False
387.25,78.99708700689129,0.01870664568049404,0.10852136041502608,78.85179010337787,99.42449423374767,COOLDOWN,NONE,0.0,1.0,0.0,False
387.5,78.7703236384468,0.0190247760543059,0.042228806529279087,78.68376593380816,99.42449423374767,COOLDOWN,NONE,0.0,1.0,0.0,False
387.75,78.34873252671309,0.01963704240620347,0.15587627956906472,78.5162660201918,99.42449423374767,COOLDOWN,NONE,0.0,1.0,0.0,False
388.0,78.95852967338386,0.02197453247132703,0.006222827785853211,78.34928872678609,99.42449423374767,COOLDOWN,NONE,0.0,1.0,0.0,False
388.25,78.02352099309428,0.02304655279758101,0.0,78.18283242295209,99.42449423374767,COOLDOWN,NONE,0.0,1.0,0.0,False
388.5,77.8891774851699,0.02093808476399874,0.0,78.01689548313863,99.42449423374767,COOLDOWN,NONE,0.0,1.0,0.0,False
388.75,78.07622341401408,0.02314942266847214,0.0,77.85147628686646,99.42449423374767,COOLDOWN,NONE,0.0,1.0,0.0,False
389.0,77.59609072209646,0.015893044391339636,0.0,77.68657321871243,99.42449423374767,COOLDOWN,NONE,0.0,1.0,0.0,False
389.25,77.58184408211285,0.021737863195576558,0.04594272839043474,77.5221846682937,99.42449423374767,COOLDOWN,NONE,0.0,1.0,0.0,False
389.5,77.39137320681428,0.0181754552695779,0.04729207091821434,77.35830903025203,99.42449423374767,COOLDOWN,NONE,0.0,1.0,0.0,False
389.75,76.96652706387788,0.019886369767420992,0.21489048560693916,77.1949447042381,99.42449423374767,COOLDOWN,NONE,0.0,1.0,0.0,False
390.0,77.22426712576988,0.018467089862024368,0.0,77.03209009489585,99.42449423374767,COOLDOWN,NONE,0.0,1.0,0.0,False
390.25,77.07021802055557,0.025243064678915413,0.0,76.86974361184696,99.42449423374767,COOLDOWN,NONE,0.0,1.0,0.0,False
390.5,76.63680943967252,0.02056724967478746,0.17654648119483876,76.70790366967523,99.42449423374767,COOLDOWN,NONE,0.0,1.0,0.0,False
390.75,76.4135365280395,0.02179657662919239,0.0,76.54656868791122,99.42449423374767,COOLDOWN,NONE,0.0,1.0,0.0,False
391.0,76.73655023217654,0.02115797372777275,0.0,76.38573709101671,99.42449423374767,COOLDOWN,NONE,0.0,1.0,0.0,False
391.25,76.16813165487224,0.02304295704598835,0.09546033001122044,76.22540730836936,99.42449423374767,COOLDOWN,NONE,0.0,1.0,0.0,False
391.5,75.89571280388918,0.02051779630010287,0.0,76.06557777424734,99.42449423374767,COOLDOWN,NONE,0.0,1.0,0.0,False
391.75,75.78562478446105,0.015965076794862355,0.0,75.90624692781412,99.42449423374767,COOLDOWN,NONE,0.0,1.0,0.0,False
392.0,75.63721300745203,0.01691263810136509,0.072745592455939,75.74741321310313,99.42449423374767,COOLDOWN,NONE,0.0,1.0,0.0,False
392.25,75.70232394757248,0.019145352843164206,0.0,75.5890750790026,99.42449423374767,COOLDOWN,NONE,0.0,1.0,0.0,False
392.5,75.5456192433225,0.013768051972849374,0.0,75.43123097924044,99.42449423374767,COOLDOWN,NONE,0.0,1.0,0.0,False
392.75,75.37671038586986,0.021841938866768253,0.14005339793816726,75.2738793723691,99.42449423374767,COOLDOWN,NONE,0.0,1.0,0.0,False
393.0,75.07779481608313,0.016065684985918004,0.0,75.11701872175053,99.42449423374767,COOLDOWN,NONE,0.0,1.0,0.0,False
393.25,75.03932415199738,0.017556318313732184,0.0,74.96064749554122,99.42449423374767,COOLDOWN,NONE,0.0,1.0,0.0,False
393.5,74.58796610956709,0.016359611032973224,0.12028861411495088,74.80476416667716,99.42449423374767,COOLDOWN,NONE,0.0,1.0,0.0,False
393.75,74.71111095343272,0.016366416230030104,0.0,74.64936721285898,99.42449423374767,COOLDOWN,NONE,0.0,1.0,0.0,False
394.0,74.40306087940299,0.021516930957293928,0.0,74.49445511653707,99.42449423374767,COOLDOWN,NONE,0.0,1.0,0.0,False
394.25,74.30791498137955,0.013403593022825355,0.0,74.34002636489674,99.42449423374767,COOLDOWN,NONE,0.0,1.0,0.0,False
394.5,74.24275406780056,0.02257110137820223,0.0,74.1860794498435,99.42449423374767,COOLDOWN,NONE,0.0,1.0,0.0,False
394.75,73.90939124220402,0.02226999658154287,0.0,74.03261286798829,99.42449423374767,COOLDOWN,NONE,0.0,1.0,0.0,False
395.0,73.79138666190322,0.021430011450022067,0.022856559162606208,73.8796251206328,99.42449423374767,COOLDOWN,NONE,0.0,1.0,0.0,False
395.25,73.88794731410115,0.022259659478834248,0.0,73.72711471375483,99.42449423374767,COOLDOWN,NONE,0.0,1.0,0.0,False
395.5,73.55056034899137,0.01968734818076276,0.0,73.57508015799374,99.42449423374767,COOLDOWN,NONE,0.0,1.0,0.0,False
395.75,73.27032861403148,0.02279645192734056,0.0,73.42351996863586,99.42449423374767,COOLDOWN,NONE,0.0,1.0,0.0,False
396.0,73.41572838338664,0.020729630869228546,0.0,73.27243266560001,99.42449423374767,COOLDOWN,NONE,0.0,1.0,0.0,False
396.25,73.19640813568301,0.021305505997514573,0.17561265610339524,73.12181677342303,99.42449423374767,COOLDOWN,NONE,0.0,1.0,0.0,False
396.5,72.9049673344365,0.019184018204386498,0.0,72.97167082124543,99.42449423374767,COOLDOWN,NONE,0.0,1.0,0.0,False
396.75,73.09902651586363,0.022720291036549024,0.0,72.82199334279693,99.42449423374767,COOLDOWN,NONE,0.0,1.0,0.0,False
397.0,72.61628038340743,0.017749770306097756,0.0,72.67278287638223,99.42449423374767,COOLDOWN,NONE,0.0,1.0,0.0,False
397.25,72.55002894990265,0.026779480759624105,0.0,72.52403796486668,99.42449423374767,COOLDOWN,NONE,0.0,1.0,0.0,False
397.5,72.52441929340121,0.021192006856859204,0.0,72.37575715566206,99.42449423374767,COOLDOWN,NONE,0.0,1.0,0.0,False
397.75,72.19937945119327,0.01838786645149965,0.0015747521352889712,72.22793900071242,99.42449423374767,COOLDOWN,NONE,0.0,1.0,0.0,False
398.0,72.2261619819498,0.015312399462607994,0.19174701466134428,72.08058205647993,99.42449423374767,COOLDOWN,NONE,0.0,1.0,0.0,False
398.25,71.87163825191304,0.024406001029640734,0.05624372320326886,71.93368488393074,99.42449423374767,COOLDOWN,NONE,0.0,1.0,0.0,False
398.5,71.96710514246713,0.021589857132493423,0.15768691681197497,71.78724604852098,99.42449423374767,COOLDOWN,NONE,0.0,1.0,0.0,False
398.75,71.64418182645696,0.01738786146967215,0.09566169631864507,71.64126412018277,99.42449423374767,COOLDOWN,NONE,0.0,1.0,0.0,False
399.0,71.59723893666681,0.026206347918210603,0.0,71.49573767331015,99.42449423374767,COOLDOWN,NONE,0.0,1.0,0.0,False
399.25,71.31566075170377,0.0230879909084599,0.0,71.35066528674525,99.42449423374767,COOLDOWN,NONE,0.0,1.0,0.0,False
399.5,71.16661918010836,0.026265553323838068,0.20791102033420464,71.20604554376442,99.42449423374767,COOLDOWN,NONE,0.0,1.0,0.0,False
399.75,70.9245364118203,0.02418878420563018,0.17306289586632842,71.0618770320643,99.42449423374767,COOLDOWN,NONE,0.0,1.0,0.0,False
400.0,71.03009718569801,0.021048207204311407,0.030982795267216076,70.91815834374815,99.42449423374767,COOLDOWN,NONE,0.0,1.0,0.0,False
400.25,70.63934257293383,0.018352125178029796,0.10544778116015788,70.77488807531199,99.42449423374767,COOLDOWN,NONE,0.0,1.0,0.0,False
400.5,70.64856447715792,0.025466895324078545,0.0,70.63206482763098,99.42449423374767,COOLDOWN,NONE,0.0,1.0,0.0,False
400.75,70.12437581497583,0.018905298229496735,0.03722282525160091,70.4896872059457,99.42449423374767,COOLDOWN,NONE,0.0,1.0,0.0,False
401.0,70.40079069719744,0.020115451420778686,0.0,70.34775381984856,99.42449423374767,COOLDOWN,NONE,0.0,1.0,0.0,False
401.25,70.42651899583444,0.017918524786232654,0.10255762508762187,70.20626328327022,99.42449423374767,COOLDOWN,NONE,0.0,1.0,0.0,False
401.5,70.01784848961702,0.01631906607663159,0.20819631424245313,70.06521421446601,99.42449423374767,COOLDOWN,NONE,0.0,1.0,0.0,False
401.75,69.5435887437694,0.017361373195756005,0.060986134931623096,69.92460523600252,99.42449423374767,COOLDOWN,NONE,0.0,1.0,0.0,False
402.0,69.72694696602365,0.022176353309455592,0.0,69.78443497474406,99.42449423374767,COOLDOWN,NONE,0.0,1.0,0.0,False
402.25,69.57291936804266,0.026415261509243962,0.0,69.64470206183931,99.42449423374767,COOLDOWN,NONE,0.0,1.0,0.0,False
402.5,69.47809480195436,0.01667794155012636,0.0,69.50540513270795,99.42449423374767,COOLDOWN,NONE,0.0,1.0,0.0,False
402.75,69.46057514413047,0.02162477536148591,0.0,69.36654282702727,99.42449423374767,COOLDOWN,NONE,0.0,1.0,0.0,False
403.0,69.11973357915332,0.02199566986778834,0.0,69.22811378871899,99.42449423374767,COOLDOWN,NONE,0.0,1.0,0.0,False
403.25,69.03575712324806,0.019181998147806988,0.0,69.09011666593591,99.42449423374767,COOLDOWN,NONE,0.0,1.0,0.0,False
403.5,68.97260480207706,0.01793990111116589,0.0,68.9525501110488,99.42449423374767,COOLDOWN,NONE,0.0,1.0,0.0,False
403.75,69.08322962411734,0.022173872405881555,0.17756783973108345,68.81541278063317,99.42449423374767,COOLDOWN,NONE,0.0,1.0,0.0,False
404.0,68.68408142355496,0.02285002708609502,0.11504404738004907,68.67870333545619,99.42449423374767,COOLDOWN,NONE,0.0,1.0,0.0,False
404.25,68.72241251955161,0.027067698876071335,0.0,68.5424204404636,99.42449423374767,COOLDOWN,NONE,0.0,1.0,0.0,False
404.5,68.44367085659869,0.019811974880311837,0.0,68.40656276476668,99.42449423374767,COOLDOWN,NONE,0.0,1.0,0.0,False
404.75,68.06008081924891,0.020027731759923152,0.09369037436398212,68.2711289816292,99.42449423374767,COOLDOWN,NONE,0.0,1.0,0.0,False
405.0,68.04846000231095,0.023383040933060095,0.1914953650893402,68.1361177684546,99.42449423374767,COOLDOWN,NONE,0.0,1.0,0.0,False
405.25,67.93850991258353,0.024253507738268495,0.26189674494399956,68.00152780677288,99.42449423374767,COOLDOWN,NONE,0.0,1.0,0.0,False
405.5,67.93620672218765,0.017040746960374137,0.21961458659632727,67.8673577822279,99.42449423374767,COOLDOWN,NONE,0.0,1.0,0.0,False
405.75,67.70845458348248,0.018856893890943027,0.017019582884518047,67.73360638456444,99.42449423374767,COOLDOWN,NONE,0.0,1.0,0.0,False
406.0,67.51924200958175,0.023211291554346983,0.11635860364853196,67.60027230761544,99.42449423374767,COOLDOWN,NONE,0.0,1.0,0.0,False
406.25,67.65004162147986,0.02174107589482264,0.0,67.46735424928926,99.42449423374767,COOLDOWN,NONE,0.0,1.0,0.0,False
406.5,67.3109059947832,0.022626138999463984,0.0,67.33485091155691,99.42449423374767,COOLDOWN,NONE,0.0,1.0,0.0,False
406.75,67.64075694754342,0.019273093316158982,0.0,67.20276100043944,99.42449423374767,COOLDOWN,NONE,0.0,1.0,0.0,False
407.0,67.2434186372417,0.022243213225126877,0.0,67.07108322599527,99.42449423374767,COOLDOWN,NONE,0.0,1.0,0.0,False
407.25,66.90527967232286,0.021279509321704807,0.12532992795072131,66.93981630230758,99.42449423374767,COOLDOWN,NONE,0.0,1.0,0.0,False
407.5,66.92336604532632,0.019095012876524826,0.06478698276726605,66.80895894747177,99.42449423374767,COOLDOWN,NONE,0.0,1.0,0.0,False
407.75,66.80510265733473,0.022294910610151666,0.0,66.67850988358295,99.42449423374767,COOLDOWN,NONE,0.0,1.0,0.0,False
408.0,66.41492831196152,0.017672403624812646,0.0,66.54846783672343,99.42449423374767,COOLDOWN,NONE,0.0,1.0,0.0,False
408.25,66.44569450422429,0.022764303190988038,0.09265279077187093,66.41883153695034,99.42449423374767,COOLDOWN,NONE,0.0,1.0,0.0,False
408.5,66.27055682020513,0.020069426911054598,0.2638679925734006,66.28959971828314,99.42449423374767,COOLDOWN,NONE,0.0,1.0,0.0,False
408.75,66.06885653909096,0.020913467587141337,0.23482487048622125,66.16077111869134,99.42449423374767,COOLDOWN,NONE,0.0,1.0,0.0,False
409.0,66.08423311020118,0.0138694526114099,0.056239145421915236,66.03234448008212,99.42449423374767,COOLDOWN,NONE,0.0,1.0,0.0,False
409.25,65.84621526316768,0.01966069641872066,0.15765203895768973,65.90431854828805,99.42449423374767,COOLDOWN,NONE,0.0,1.0,0.0,False
409.5,65.84712220733729,0.019207875484469457,0.13380142785833007,65.77669207305487,99.42449423374767,COOLDOWN,NONE,0.0,1.0,0.0,False
409.75,65.71475554248123,0.02031542296783087,0.045151195010108024,65.64946380802928,99.42449423374767,COOLDOWN,NONE,0.0,1.0,0.0,False
410.0,65.56059972441349,0.018981427487286685,0.0,65.52263251074675,99.42449423374767,COOLDOWN,NONE,0.0,1.0,0.0,False
410.25,65.39997114978695,0.01713726727281387,0.0,65.39619694261938,99.42449423374767,COOLDOWN,NONE,0.0,1.0,0.0,False
410.5,65.46529251501832,0.01928092216603375,0.0,65.27015586892381,99.42449423374767,COOLDOWN,NONE,0.0,1.0,0.0,False
410.75,65.12425145567693,0.020070217126170936,0.0034066425699977106,65.1445080587892,99.42449423374767,COOLDOWN,NONE,0.0,1.0,0.0,False
411.0,65.02902102219204,0.0175851626907031,0.13980347571022056,65.01925228518513,99.42449423374767,COOLDOWN,NONE,0.0,1.0,0.0,False
411.25,64.79057311216839,0.023104715546863556,0.0,64.8943873249097,99.42449423374767,COOLDOWN,NONE,0.0,1.0,0.0,False
411.5,64.61068320185454,0.022976371390989337,0.0,64.76991195857755,99.42449423374767,COOLDOWN,NONE,0.0,1.0,0.0,False
411.75,64.5451718231677,0.021125520883169557,0.0,64.64582497060793,99.42449423374767,COOLDOWN,NONE,0.0,1.0,0.0,False
412.0,64.5336559493422,0.013354540995559584,0.0,64.52212514921287,99.42449423374767,COOLDOWN,NONE,0.0,1.0,0.0,False
412.25,64.30133452277532,0.02161884830744771,0.13136569409935642,64.39881128638531,99.42449423374767,COOLDOWN,NONE,0.0,1.0,0.0,False
412.5,64.14770002921787,0.024826733708497983,0.0,64.27588217788733,99.42449423374767,COOLDOWN,NONE,0.0,1.0,0.0,False
412.75,63.8449480617534,0.012860874372367565,0.23084412995405512,64.15333662323837,99.42449423374767,COOLDOWN,NONE,0.0,1.0,0.0,False
413.0,64.01804293819976,0.018058014694424352,0.0,64.03117342570354,99.42449423374767,COOLDOWN,NONE,0.0,1.0,0.0,False
413.25,63.74555892036818,0.02405670131412787,0.0,63.9093913922819,99.42449423374767,COOLDOWN,NONE,0.0,1.0,0.0,False
413.5,64.05652055622672,0.019402991948193123,0.0,63.78798933369479,99.42449423374767,COOLDOWN,NONE,0.0,1.0,0.0,False
413.75,63.79363115559849,0.018895413521479266,0.0,63.66696606437428,99.42449423374767,COOLDOWN,NONE,0.0,1.0,0.0,False
414.0,63.78141140770507,0.019209836144116275,0.1742989858212549,63.54632040245154,99.42449423374767,COOLDOWN,NONE,0.0,1.0,0.0,False
414.25,63.425302417773636,0.017744056228923184,0.07609721629726264,63.42605116974532,99.42449423374767,COOLDOWN,NONE,0.0,1.0,0.0,False
414.5,63.21605482578413,0.023684884859255625,0.1439829770293543,63.30615719175044,99.42449423374767,COOLDOWN,NONE,0.0,1.0,0.0,False
414.75,63.1960473835223,0.021829691127804803,0.08469033268622417,63.186637297626305,99.42449423374767,COOLDOWN,NONE,0.0,1.0,0.0,False
415.0,63.0261477377669,0.022685439312962897,0.0,63.06749032018552,99.42449423374767,COOLDOWN,NONE,0.0,1.0,0.0,False
415.25,63.04114594672036,0.01714896352569399,0.01530424964998142,62.94871509588242,99.42449423374767,COOLDOWN,NONE,0.0,1.0,0.0,False
415.5,62.892724327821796,0.017634639293168948,0.0,62.83031046480177,99.42449423374767,COOLDOWN,NONE,0.0,1.0,0.0,False
415.75,62.632618596989644,0.02219194991451689,0.0,62.7122752706474,99.42449423374767,COOLDOWN,NONE,0.0,1.0,0.0,False
416.0,62.66086850298225,0.02458632511200261,0.054170298790424454,62.59460836073094,99.42449423374767,COOLDOWN,NONE,0.0,1.0,0.0,False
416.25,62.23627469262971,0.0203930382150465,0.15698997011233493,62.477308585960515,99.42449423374767,COOLDOWN,NONE,0.0,1.0,0.0,False
416.5,62.31836538409929,0.023347196028305844,0.0937324713635749,62.3603748008296,99.42449423374767,COOLDOWN,NONE,0.0,1.0,0.0,False
416.75,62.30803814160891,0.019238337281979555,0.0,62.24380586340576,99.42449423374767,COOLDOWN,NONE,0.0,1.0,0.0,False
417.0,62.09039734321751,0.020214369469463724,0.07978643160879377,62.127600635319546,99.42449423374767,COOLDOWN,NONE,0.0,1.0,0.0,False
417.25,62.07621887624462,0.019125995908100425,0.011304150412030029,62.01175798175335,99.42449423374767,COOLDOWN,NONE,0.0,1.0,0.0,False
417.5,61.95599500641955,0.015157846864285167,0.0,61.89627677143033,99.42449423374767,COOLDOWN,NONE,0.0,1.0,0.0,False
417.75,61.66304104422245,0.01942389069821872,0.0,61.781155876603385,99.42449423374767,COOLDOWN,NONE,0.0,1.0,0.0,False
418.0,61.62959871890079,0.017420566252030673,0.10290118578008854,61.66639417304411,99.42449423374767,COOLDOWN,NONE,0.0,1.0,0.0,False
418.25,61.595704348935826,0.01511344503177966,0.004126876632186909,61.55199054003183,99.42449423374767,COOLDOWN,NONE,0.0,1.0,0.0,False
418.5,61.27116535633377,0.025151055859397607,0.0,61.437943860342656,99.42449423374767,COOLDOWN,NONE,0.0,1.0,0.0,False
418.75,61.2674624332485,0.020297905002286003,0.0,61.32425302023857,99.42449423374767,COOLDOWN,NONE,0.0,1.0,0.0,False
419.0,61.20454017055386,0.024690206191522217,0.03634511165924914,61.21091690945657,99.42449423374767,COOLDOWN,NONE,0.0,1.0,0.0,False
419.25,61.22564716743235,0.023431567160105794,0.0,61.09793442119779,99.42449423374767,COOLDOWN,NONE,0.0,1.0,0.0,False
419.5,61.24122742242491,0.022115990886490515,0.14616119339150366,60.98530445211673,99.42449423374767,COOLDOWN,NONE,0.0,1.0,0.0,False
419.75,60.74613135329403,0.022504698561125032,0.06466677765839347,60.87302590231044,99.42449423374767,COOLDOWN,NONE,0.0,1.0,0.0,False
420.0,60.683201595689,0.02690243141883342,0.08773167410559886,60.761097675307816,99.42449423374767,COOLDOWN,NONE,0.0,1.0,0.0,False
420.25,60.61634247495348,0.02063701761101742,0.1393077412484873,60.64951867805889,99.42449423374767,COOLDOWN,NONE,0.0,1.0,0.0,False
420.5,60.71061806636713,0.021801227666949485,0.18541850357453163,60.53828782092412,99.42449423374767,COOLDOWN,NONE,0.0,1.0,0.0,False
420.75,60.65077878339882,0.01635314505390363,0.0,60.42740401766378,99.42449423374767,COOLDOWN,NONE,0.0,1.0,0.0,False
421.0,60.178841852892994,0.020350234791532584,0.21942593048334766,60.31686618542736,99.42449423374767,COOLDOWN,NONE,0.0,1.0,0.0,False
421.25,60.307600702449626,0.01692230831741357,0.0,60.206673244742944,99.42449423374767,COOLDOWN,NONE,0.0,1.0,0.0,False
421.5,60.25409526880349,0.018465511730119868,0.0,60.096824119506735,99.42449423374767,COOLDOWN,NONE,0.0,1.0,0.0,False
421.75,60.03598508604938,0.01459550071776564,0.11993857932803699,59.98731773697249,99.42449423374767,COOLDOWN,NONE,0.0,1.0,0.0,False
422.0,59.93250027618684,0.02176557725682197,0.0,59.87815302774108,99.42449423374767,COMPLETE,NONE,0.0,1.0,0.0,False
