T,P,F,predicted_nm,target_error_nm
-1.0,-1.0,-1.0,84.10951947594745,15.890480524052549
-1.0,-1.0,-0.9,84.60759690479325,15.392403095206745
-1.0,-1.0,-0.8,85.1015391163009,14.898460883699101
-1.0,-1.0,-0.7,85.59134611047038,14.408653889529617
-1.0,-1.0,-0.6,86.07701788730166,13.922982112698335
-1.0,-1.0,-0.5,86.5585544467948,13.441445553205199
-1.0,-1.0,-0.3999999999999999,87.03595578894976,12.964044211050236
-1.0,-1.0,-0.29999999999999993,87.50922191376654,12.490778086233462
-1.0,-1.0,-0.19999999999999996,87.97835282124515,12.021647178754847
-1.0,-1.0,-0.09999999999999998,88.4433485113856,11.556651488614406
-1.0,-1.0,0.0,88.90420898418786,11.09579101581214
-1.0,-1.0,0.10000000000000009,89.36093423965194,10.63906576034806
-1.0,-1.0,0.20000000000000018,89.81352427777784,10.186475722222156
-1.0,-1.0,0.30000000000000004,90.2619790985656,9.738020901434396
-1.0,-1.0,0.40000000000000013,90.70629870201518,9.293701297984825
-1.0,-1.0,0.5,91.14648308812657,8.853516911873427
-1.0,-1.0,0.6000000000000001,91.5825322568998,8.417467743100204
-1.0,-1.0,0.7000000000000002,92.01444620833485,7.985553791665154
-1.0,-1.0,0.8,92.44222494243174,7.557775057568264
-1.0,-1.0,0.9000000000000001,92.86586845919044,7.1341315408095625
-1.0,-1.0,1.0,93.28537675861097,6.7146232413890345
-1.0,-0.9,-1.0,84.62090016521287,15.379099834787127
-1.0,-0.9,-0.9,85.11906809734775,14.88093190265225
-1.0,-0.9,-0.8,85.61310081214447,14.386899187855533
-1.0,-0.9,-0.7,86.102998309603,13.897001690397005
-1.0,-0.9,-0.6,86.58876058972334,13.411239410276664
-1.0,-0.9,-0.5,87.07038765250552,12.929612347494484
-1.0,-0.9,-0.3999999999999999,87.54787949794954,12.452120502050462
-1.0,-0.9,-0.29999999999999993,88.02123612605538,11.978763873944615
-1.0,-0.9,-0.19999999999999996,88.49045753682304,11.509542463176956
-1.0,-0.9,-0.09999999999999998,88.95554373025254,11.044456269747457
-1.0,-0.9,0.0,89.41649470634385,10.583505293656145
-1.0,-0.9,0.10000000000000009,89.87331046509699,10.126689534903008
-1.0,-0.9,0.20000000000000018,90.32599100651197,9.67400899348803
-1.0,-0.9,0.30000000000000004,90.77453633058877,9.225463669411226
-1.0,-0.9,0.40000000000000013,91.2189464373274,8.781053562672597
-1.0,-0.9,0.5,91.65922132672785,8.340778673272155
-1.0,-0.9,0.6000000000000001,92.09536099879013,7.904639001209873
-1.0,-0.9,0.7000000000000002,92.52736545351425,7.47263454648575
-1.0,-0.9,0.8,92.95523469090018,7.044765309099816
-1.0,-0.9,0.9000000000000001,93.37896871094794,6.6210312890520555
-1.0,-0.9,1.0,93.79856751365753,6.201432486342469
-1.0,-0.8,-1.0,85.11510655853957,14.884893441460434
-1.0,-0.8,-0.9,85.6133649939635,14.3866350060365
-1.0,-0.8,-0.8,86.10748821204926,13.892511787950738
-1.0,-0.8,-0.7,86.59747621279685,13.402523787203151
-1.0,-0.8,-0.6,87.08332899620625,12.916671003793752
-1.0,-0.8,-0.5,87.56504656227749,12.434953437722513
-1.0,-0.8,-0.3999999999999999,88.04262891101057,11.957371088989433
-1.0,-0.8,-0.29999999999999993,88.51607604240546,11.483923957594541
-1.0,-0.8,-0.19999999999999996,88.98538795646218,11.014612043537824
-1.0,-0.8,-0.09999999999999998,89.45056465318073,10.549435346819266
-1.0,-0.8,0.0,89.9116061325611,10.088393867438896
-1.0,-0.8,0.10000000000000009,90.3685123946033,9.6314876053967
-1.0,-0.8,0.20000000000000018,90.82128343930732,9.178716560692678
-1.0,-0.8,0.30000000000000004,91.26991926667318,8.730080733326815
-1.0,-0.8,0.40000000000000013,91.71441987670087,8.285580123299127
-1.0,-0.8,0.5,92.15478526939037,7.8452147306096265
-1.0,-0.8,0.6000000000000001,92.59101544474171,7.408984555258286
-1.0,-0.8,0.7000000000000002,93.02311040275488,6.976889597245119
-1.0,-0.8,0.8,93.45107014342987,6.548929856570126
-1.0,-0.8,0.9000000000000001,93.87489466676669,6.125105333233307
-1.0,-0.8,1.0,94.29458397276532,5.705416027234676
-1.0,-0.7,-1.0,85.5921386559275,14.4078613440725
-1.0,-0.7,-0.9,86.09048759464048,13.909512405359521
-1.0,-0.7,-0.8,86.5847013160153,13.415298683984702
-1.0,-0.7,-0.7,87.07477982005194,12.925220179948056
-1.0,-0.7,-0.6,87.5607231067504,12.439276893249598
-1.0,-0.7,-0.5,88.04253117611069,11.957468823889315
-1.0,-0.7,-0.3999999999999999,88.52020402813282,11.479795971867176
-1.0,-0.7,-0.29999999999999993,88.99374166281677,11.006258337183226
-1.0,-0.7,-0.19999999999999996,89.46314408016255,10.53685591983745
-1.0,-0.7,-0.09999999999999998,89.92841128017017,10.071588719829833
-1.0,-0.7,0.0,90.38954326283958,9.610456737160419
-1.0,-0.7,0.10000000000000009,90.84654002817084,9.153459971829164
-1.0,-0.7,0.20000000000000018,91.29940157616392,8.700598423836084
-1.0,-0.7,0.30000000000000004,91.74812790681884,8.251872093181163
-1.0,-0.7,0.40000000000000013,92.19271902013558,7.807280979864416
-1.0,-0.7,0.5,92.63317491611413,7.366825083885871
-1.0,-0.7,0.6000000000000001,93.06949559475453,6.930504405245472
-1.0,-0.7,0.7000000000000002,93.50168105605675,6.4983189439432465
-1.0,-0.7,0.8,93.9297313000208,6.070268699979195
-1.0,-0.7,0.9000000000000001,94.35364632664667,5.646353673353332
-1.0,-0.7,1.0,94.77342613593436,5.226573864065642
-1.0,-0.6,-1.0,86.05199645737667,13.948003542623326
-1.0,-0.6,-0.9,86.55043589937871,13.449564100621288
-1.0,-0.6,-0.8,87.04474012404258,12.955259875957424
-1.0,-0.6,-0.7,87.53490913136828,12.46509086863172
-1.0,-0.6,-0.6,88.02094292135578,11.979057078644217
-1.0,-0.6,-0.5,88.50284149400514,11.497158505994861
-1.0,-0.6,-0.3999999999999999,88.98060484931634,11.019395150683664
-1.0,-0.6,-0.29999999999999993,89.45423298728933,10.54576701271067
-1.0,-0.6,-0.19999999999999996,89.92372590792417,10.076274092075835
-1.0,-0.6,-0.09999999999999998,90.38908361122083,9.610916388779174
-1.0,-0.6,0.0,90.85030609717931,9.149693902820687
-1.0,-0.6,0.10000000000000009,91.30739336579961,8.692606634200388
-1.0,-0.6,0.20000000000000018,91.76034541708175,8.239654582918249
-1.0,-0.6,0.30000000000000004,92.20916225102573,7.790837748974269
-1.0,-0.6,0.40000000000000013,92.65384386763152,7.346156132368478
-1.0,-0.6,0.5,93.09439026689914,6.90560973310086
-1.0,-0.6,0.6000000000000001,93.53080144882858,6.4691985511714165
-1.0,-0.6,0.7000000000000002,93.96307741341987,6.036922586580133
-1.0,-0.6,0.8,94.39121816067298,5.608781839327023
-1.0,-0.6,0.9000000000000001,94.8152236905879,5.184776309412101
-1.0,-0.6,1.0,95.23509400316465,4.764905996835353
-1.0,-0.5,-1.0,86.49467996288709,13.50532003711291
-1.0,-0.5,-0.9,86.99320990817819,13.006790091821813
-1.0,-0.5,-0.8,87.48760463613111,12.51239536386889
-1.0,-0.5,-0.7,87.97786414674586,12.022135853254142
-1.0,-0.5,-0.6,88.46398844002243,11.536011559977567
-1.0,-0.5,-0.5,88.94597751596085,11.054022484039152
-1.0,-0.5,-0.3999999999999999,89.42383137456109,10.57616862543891
-1.0,-0.5,-0.29999999999999993,89.89755001582314,10.102449984176857
-1.0,-0.5,-0.19999999999999996,90.36713343974704,9.632866560252964
-1.0,-0.5,-0.09999999999999998,90.83258164633276,9.167418353667244
-1.0,-0.5,0.0,91.29389463558029,8.706105364419713
-1.0,-0.5,0.10000000000000009,91.75107240748967,8.248927592510327
-1.0,-0.5,0.20000000000000018,92.20411496206084,7.795885037939158
-1.0,-0.5,0.30000000000000004,92.65302229929388,7.34697770070612
-1.0,-0.5,0.40000000000000013,93.09779441918873,6.90220558081127
-1.0,-0.5,0.5,93.53843132174539,6.461568678254608
-1.0,-0.5,0.6000000000000001,93.97493300696391,6.025066993036091
-1.0,-0.5,0.7000000000000002,94.40729947484424,5.592700525155763
-1.0,-0.5,0.8,94.8355307253864,5.1644692746135945
-1.0,-0.5,0.9000000000000001,95.25962675859039,4.740373241409614
-1.0,-0.5,1.0,95.67958757445618,4.320412425543822
-1.0,-0.3999999999999999,-1.0,86.92018917245875,13.079810827541252
-1.0,-0.3999999999999999,-0.9,87.41880962103889,12.58119037896111
-1.0,-0.3999999999999999,-0.8,87.91329485228088,12.086705147719115
-1.0,-0.3999999999999999,-0.7,88.40364486618468,11.596355133815322
-1.0,-0.3999999999999999,-0.6,88.88985966275031,11.110140337249689
-1.0,-0.3999999999999999,-0.5,89.37193924197777,10.62806075802223
-1.0,-0.3999999999999999,-0.3999999999999999,89.84988360386707,10.15011639613293
-1.0,-0.3999999999999999,-0.29999999999999993,90.32369274841818,9.676307251581818
-1.0,-0.3999999999999999,-0.19999999999999996,90.79336667563113,9.206633324368866
-1.0,-0.3999999999999999,-0.09999999999999998,91.25890538550591,8.741094614494088
-1.0,-0.3999999999999999,0.0,91.7203088780425,8.279691121957498
-1.0,-0.3999999999999999,0.10000000000000009,92.17757715324093,7.822422846759068
-1.0,-0.3999999999999999,0.20000000000000018,92.63071021110116,7.36928978889884
-1.0,-0.3999999999999999,0.30000000000000004,93.07970805162326,6.920291948376743
-1.0,-0.3999999999999999,0.40000000000000013,93.52457067480717,6.4754293251928345
-1.0,-0.3999999999999999,0.5,93.96529808065289,6.034701919347114
-1.0,-0.3999999999999999,0.6000000000000001,94.40189026916045,5.598109730839553
-1.0,-0.3999999999999999,0.7000000000000002,94.83434724032983,5.1656527596701665
-1.0,-0.3999999999999999,0.8,95.26266899416105,4.7373310058389535
-1.0,-0.3999999999999999,0.9000000000000001,95.6868555306541,4.3131444693459
-1.0,-0.3999999999999999,1.0,96.10690684980896,3.893093150191035
-1.0,-0.29999999999999993,-1.0,87.32852408609165,12.671475913908353
-1.0,-0.29999999999999993,-0.9,87.82723503796085,12.172764962039153
-1.0,-0.29999999999999993,-0.8,88.32181077249189,11.678189227508113
-1.0,-0.29999999999999993,-0.7,88.81225128968474,11.187748710315262
-1.0,-0.29999999999999993,-0.6,89.29855658953943,10.70144341046057
-1.0,-0.29999999999999993,-0.5,89.78072667205595,10.219273327944052
-1.0,-0.29999999999999993,-0.3999999999999999,90.2587615372343,9.741238462765693
-1.0,-0.29999999999999993,-0.29999999999999993,90.73266118507448,9.267338814925523
-1.0,-0.29999999999999993,-0.19999999999999996,91.20242561557647,8.797574384423527
-1.0,-0.29999999999999993,-0.09999999999999998,91.66805482874031,8.33194517125969
-1.0,-0.29999999999999993,0.0,92.12954882456596,7.870451175434042
-1.0,-0.29999999999999993,0.10000000000000009,92.58690760305345,7.413092396946553
-1.0,-0.29999999999999993,0.20000000000000018,93.04013116420273,6.959868835797266
-1.0,-0.29999999999999993,0.30000000000000004,93.48921950801387,6.510780491986125
-1.0,-0.29999999999999993,0.40000000000000013,93.93417263448683,6.065827365513172
-1.0,-0.29999999999999993,0.5,94.3749905436216,5.625009456378393
-1.0,-0.29999999999999993,0.6000000000000001,94.81167323541823,5.188326764581774
-1.0,-0.29999999999999993,0.7000000000000002,95.24422070987667,4.7557792901233285
-1.0,-0.29999999999999993,0.8,95.67263296699694,4.327367033003057
-1.0,-0.29999999999999993,0.9000000000000001,96.09691000677904,3.9030899932209593
-1.0,-0.29999999999999993,1.0,96.51705182922296,3.4829481707770356
-1.0,-0.19999999999999996,-1.0,87.71968470378576,12.28031529621424
-1.0,-0.19999999999999996,-0.9,88.21848615894403,11.781513841055968
-1.0,-0.19999999999999996,-0.8,88.71315239676413,11.28684760323587
-1.0,-0.19999999999999996,-0.7,89.20368341724604,10.79631658275396
-1.0,-0.19999999999999996,-0.6,89.69007922038978,10.309920779610223
-1.0,-0.19999999999999996,-0.5,90.17233980619535,9.827660193804647
-1.0,-0.19999999999999996,-0.3999999999999999,90.65046517466277,9.34953482533723
-1.0,-0.19999999999999996,-0.29999999999999993,91.124455325792,8.875544674208001
-1.0,-0.19999999999999996,-0.19999999999999996,91.59431025958305,8.405689740416946
-1.0,-0.19999999999999996,-0.09999999999999998,92.06002997603593,7.939970023964065
-1.0,-0.19999999999999996,0.0,92.52161447515064,7.478385524849358
-1.0,-0.19999999999999996,0.10000000000000009,92.97906375692719,7.020936243072811
-1.0,-0.19999999999999996,0.20000000000000018,93.43237782136553,6.5676221786344655
-1.0,-0.19999999999999996,0.30000000000000004,93.88155666846572,6.11844333153428
-1.0,-0.19999999999999996,0.40000000000000013,94.32660029822775,5.673399701772254
-1.0,-0.19999999999999996,0.5,94.76750871065158,5.232491289348417
-1.0,-0.19999999999999996,0.6000000000000001,95.20428190573726,4.795718094262739
-1.0,-0.19999999999999996,0.7000000000000002,95.63691988348477,4.363080116515235
-1.0,-0.19999999999999996,0.8,96.06542264389408,3.934577356105919
-1.0,-0.19999999999999996,0.9000000000000001,96.48979018696524,3.5102098130347628
-1.0,-0.19999999999999996,1.0,96.91002251269822,3.0899774873017805
-1.0,-0.09999999999999998,-1.0,88.09367102554114,11.906328974458859
-1.0,-0.09999999999999998,-0.9,88.59256298398847,11.407437016011528
-1.0,-0.09999999999999998,-0.8,89.08731972509761,10.912680274902385
-1.0,-0.09999999999999998,-0.7,89.57794124886858,10.422058751131416
-1.0,-0.09999999999999998,-0.6,90.06442755530138,9.935572444698622
-1.0,-0.09999999999999998,-0.5,90.54677864439601,9.453221355603986
-1.0,-0.09999999999999998,-0.3999999999999999,91.02499451615247,8.975005483847525
-1.0,-0.09999999999999998,-0.29999999999999993,91.49907517057076,8.500924829429238
-1.0,-0.09999999999999998,-0.19999999999999996,91.96902060765088,8.030979392349124
-1.0,-0.09999999999999998,-0.09999999999999998,92.43483082739282,7.565169172607185
-1.0,-0.09999999999999998,0.0,92.89650582979658,7.103494170203419
-1.0,-0.09999999999999998,0.10000000000000009,93.35404561486217,6.645954385137827
-1.0,-0.09999999999999998,0.20000000000000018,93.80745018258958,6.192549817410423
-1.0,-0.09999999999999998,0.30000000000000004,94.25671953297882,5.7432804670211794
-1.0,-0.09999999999999998,0.40000000000000013,94.7018536660299,5.298146333970095
-1.0,-0.09999999999999998,0.5,95.1428525817428,4.857147418257199
-1.0,-0.09999999999999998,0.6000000000000001,95.57971628011752,4.420283719882477
-1.0,-0.09999999999999998,0.7000000000000002,96.01244476115409,3.987555238845914
-1.0,-0.09999999999999998,0.8,96.44103802485246,3.5589619751475396
-1.0,-0.09999999999999998,0.9000000000000001,96.86549607121268,3.134503928787325
-1.0,-0.09999999999999998,1.0,97.28581890023469,2.7141810997653124
-1.0,0.0,-1.0,88.45048305135776,11.549516948642236
-1.0,0.0,-0.9,88.94946551309414,11.05053448690586
-1.0,0.0,-0.8,89.44431275749234,10.555687242507659
-1.0,0.0,-0.7,89.93502478455237,10.064975215447632
-1.0,0.0,-0.6,90.42160159427422,9.578398405725778
-1.0,0.0,-0.5,90.9040431866579,9.095956813342099
-1.0,0.0,-0.3999999999999999,91.38234956170344,8.617650438296565
-1.0,0.0,-0.29999999999999993,91.85652071941077,8.143479280589233
-1.0,0.0,-0.19999999999999996,92.32655665977994,7.673443340220061
-1.0,0.0,-0.09999999999999998,92.79245738281094,7.207542617189063
-1.0,0.0,0.0,93.25422288850375,6.745777111496253
-1.0,0.0,0.10000000000000009,93.71185317685841,6.288146823141588
-1.0,0.0,0.20000000000000018,94.16534824787486,5.83465175212514
-1.0,0.0,0.30000000000000004,94.61470810155316,5.385291898446837
-1.0,0.0,0.40000000000000013,95.0599327378933,4.940067262106695
-1.0,0.0,0.5,95.50102215689525,4.498977843104754
-1.0,0.0,0.6000000000000001,95.93797635855903,4.062023641440973
-1.0,0.0,0.7000000000000002,96.37079534288465,3.629204657115352
-1.0,0.0,0.8,96.79947910987208,3.200520890127919
-1.0,0.0,0.9000000000000001,97.22402765952135,2.7759723404786456
-1.0,0.0,1.0,97.64444099183243,2.3555590081675746
-1.0,0.10000000000000009,-1.0,88.79012078123561,11.209879218764385
-1.0,0.10000000000000009,-0.9,89.28919374626105,10.710806253738951
-1.0,0.10000000000000009,-0.8,89.78413149394831,10.215868506051692
-1.0,0.10000000000000009,-0.7,90.2749340242974,9.725065975702606
-1.0,0.10000000000000009,-0.6,90.7616013373083,9.238398662691694
-1.0,0.10000000000000009,-0.5,91.24413343298104,8.755866567018955
-1.0,0.10000000000000009,-0.3999999999999999,91.72253031131562,8.277469688684377
-1.0,0.10000000000000009,-0.29999999999999993,92.19679197231201,7.803208027687987
-1.0,0.10000000000000009,-0.19999999999999996,92.66691841597023,7.33308158402977
-1.0,0.10000000000000009,-0.09999999999999998,93.1329096422903,6.867090357709699
-1.0,0.10000000000000009,0.0,93.59476565127217,6.405234348727831
-1.0,0.10000000000000009,0.10000000000000009,94.05248644291588,5.947513557084122
-1.0,0.10000000000000009,0.20000000000000018,94.50607201722138,5.493927982778615
-1.0,0.10000000000000009,0.30000000000000004,94.95552237418875,5.044477625811254
-1.0,0.10000000000000009,0.40000000000000013,95.40083751381793,4.599162486182067
-1.0,0.10000000000000009,0.5,95.84201743610895,4.1579825638910535
-1.0,0.10000000000000009,0.6000000000000001,96.27906214106179,3.720937858938214
-1.0,0.10000000000000009,0.7000000000000002,96.71197162867645,3.2880283713235485
-1.0,0.10000000000000009,0.8,97.14074589895294,2.859254101047057
-1.0,0.10000000000000009,0.9000000000000001,97.56538495189126,2.434615048108739
-1.0,0.10000000000000009,1.0,97.98588878749139,2.0141112125086096
-1.0,0.20000000000000018,-1.0,89.11258421517472,10.88741578482528
-1.0,0.20000000000000018,-0.9,89.61174768348921,10.388252316510787
-1.0,0.20000000000000018,-0.8,90.10677593446553,9.893224065534469
-1.0,0.20000000000000018,-0.7,90.59766896810366,9.402331031896338
-1.0,0.20000000000000018,-0.6,91.08442678440363,8.915573215596368
-1.0,0.20000000000000018,-0.5,91.56704938336543,8.432950616634571
-1.0,0.20000000000000018,-0.3999999999999999,92.04553676498907,7.954463235010934
-1.0,0.20000000000000018,-0.29999999999999993,92.5198889292745,7.480111070725499
-1.0,0.20000000000000018,-0.19999999999999996,92.99010587622178,7.009894123778224
-1.0,0.20000000000000018,-0.09999999999999998,93.45618760583089,6.543812394169109
-1.0,0.20000000000000018,0.0,93.91813411810182,6.081865881898182
-1.0,0.20000000000000018,0.10000000000000009,94.37594541303459,5.624054586965414
-1.0,0.20000000000000018,0.20000000000000018,94.82962149062915,5.170378509370849
-1.0,0.20000000000000018,0.30000000000000004,95.27916235088557,4.720837649114429
-1.0,0.20000000000000018,0.40000000000000013,95.72456799380382,4.2754320061961835
-1.0,0.20000000000000018,0.5,96.16583841938387,3.8341615806161258
-1.0,0.20000000000000018,0.6000000000000001,96.60297362762577,3.3970263723742278
-1.0,0.20000000000000018,0.7000000000000002,97.0359736185295,2.9640263814705037
-1.0,0.20000000000000018,0.8,97.46483839209505,2.5351616079049535
-1.0,0.20000000000000018,0.9000000000000001,97.88956794832242,2.110432051677577
-1.0,0.20000000000000018,1.0,98.31016228721161,1.689837712788389
-1.0,0.30000000000000004,-1.0,89.41787335317505,10.582126646824946
-1.0,0.30000000000000004,-0.9,89.9171273247786,10.082872675221395
-1.0,0.30000000000000004,-0.8,90.41224607904398,9.587753920956018
-1.0,0.30000000000000004,-0.7,90.90322961597117,9.09677038402883
-1.0,0.30000000000000004,-0.6,91.39007793556019,8.609922064439814
-1.0,0.30000000000000004,-0.5,91.87279103781104,8.12720896218896
-1.0,0.30000000000000004,-0.3999999999999999,92.35136892272374,7.648631077276264
-1.0,0.30000000000000004,-0.29999999999999993,92.82581159029824,7.174188409701756
-1.0,0.30000000000000004,-0.19999999999999996,93.29611904053456,6.703880959465437
-1.0,0.30000000000000004,-0.09999999999999998,93.76229127343274,6.237708726567263
-1.0,0.30000000000000004,0.0,94.22432828899272,5.775671711007277
-1.0,0.30000000000000004,0.10000000000000009,94.68223008721455,5.317769912785451
-1.0,0.30000000000000004,0.20000000000000018,95.13599666809816,4.864003331901841
-1.0,0.30000000000000004,0.30000000000000004,95.58562803164364,4.414371968356363
-1.0,0.30000000000000004,0.40000000000000013,96.03112417785094,3.9688758221490588
-1.0,0.30000000000000004,0.5,96.47248510672006,3.5275148932799425
-1.0,0.30000000000000004,0.6000000000000001,96.909710818251,3.090289181749
-1.0,0.30000000000000004,0.7000000000000002,97.34280131244378,2.6571986875562175
-1.0,0.30000000000000004,0.8,97.77175658929839,2.2282434107016087
-1.0,0.30000000000000004,0.9000000000000001,98.19657664881483,1.8034233511851738
-1.0,0.30000000000000004,1.0,98.61726149099309,1.3827385090069129
-1.0,0.40000000000000013,-1.0,89.70598819523664,10.294011804763358
-1.0,0.40000000000000013,-0.9,90.20533267012924,9.794667329870762
-1.0,0.40000000000000013,-0.8,90.70054192768367,9.299458072316327
-1.0,0.40000000000000013,-0.7,91.19161596789992,8.80838403210008
-1.0,0.40000000000000013,-0.6,91.678554790778,8.321445209222006
-1.0,0.40000000000000013,-0.5,92.16135839631791,7.838641603682092
-1.0,0.40000000000000013,-0.3999999999999999,92.64002678451965,7.359973215480352
-1.0,0.40000000000000013,-0.29999999999999993,93.11455995538321,6.885440044616786
-1.0,0.40000000000000013,-0.19999999999999996,93.58495790890859,6.415042091091408
-1.0,0.40000000000000013,-0.09999999999999998,94.05122064509582,5.948779354904175
-1.0,0.40000000000000013,0.0,94.51334816394485,5.486651836055145
-1.0,0.40000000000000013,0.10000000000000009,94.97134046545574,5.028659534544261
-1.0,0.40000000000000013,0.20000000000000018,95.42519754962842,4.574802450371578
-1.0,0.40000000000000013,0.30000000000000004,95.87491941646294,4.125080583537056
-1.0,0.40000000000000013,0.40000000000000013,96.32050606595931,3.6794939340406927
-1.0,0.40000000000000013,0.5,96.76195749811747,3.238042501882532
-1.0,0.40000000000000013,0.6000000000000001,97.19927371293748,2.800726287062517
-1.0,0.40000000000000013,0.7000000000000002,97.63245471041931,2.36754528958069
-1.0,0.40000000000000013,0.8,98.06150049056298,1.9384995094370225
-1.0,0.40000000000000013,0.9000000000000001,98.48641105336846,1.5135889466315433
-1.0,0.40000000000000013,1.0,98.90718639883576,1.092813601164238
-1.0,0.5,-1.0,89.97692874135947,10.023071258640528
-1.0,0.5,-0.9,90.47636371954113,9.523636280458874
-1.0,0.5,-0.8,90.9716634803846,9.028336519615394
-1.0,0.5,-0.7,91.46282802388991,8.537171976110088
-1.0,0.5,-0.6,91.94985735005704,8.050142649942956
-1.0,0.5,-0.5,92.432751458886,7.567248541113997
-1.0,0.5,-0.3999999999999999,92.91151035037682,7.088489649623185
-1.0,0.5,-0.29999999999999993,93.38613402452943,6.613865975470574
-1.0,0.5,-0.19999999999999996,93.85662248134386,6.143377518656138
-1.0,0.5,-0.09999999999999998,94.32297572082015,5.677024279179847
-1.0,0.5,0.0,94.78519374295824,5.214806257041758
-1.0,0.5,0.10000000000000009,95.24327654775817,4.756723452241829
-1.0,0.5,0.20000000000000018,95.69722413521991,4.302775864780088
-1.0,0.5,0.30000000000000004,96.1470365053435,3.852963494656507
-1.0,0.5,0.40000000000000013,96.5927136581289,3.4072863418710995
-1.0,0.5,0.5,97.03425559357613,2.965744406423866
-1.0,0.5,0.6000000000000001,97.4716623116852,2.5283376883148065
-1.0,0.5,0.7000000000000002,97.90493381245608,2.095066187543921
-1.0,0.5,0.8,98.3340700958888,1.665929904111195
-1.0,0.5,0.9000000000000001,98.75907116198334,1.2409288380166572
-1.0,0.5,1.0,99.1799370107397,0.8200629892602933
-1.0,0.6000000000000001,-1.0,90.23069499154354,9.769305008456456
-1.0,0.6000000000000001,-0.9,90.73022047301426,9.269779526985744
-1.0,0.6000000000000001,-0.8,91.2256107371468,8.774389262853205
-1.0,0.6000000000000001,-0.7,91.71686578394117,8.283134216058826
-1.0,0.6000000000000001,-0.6,92.20398561339735,7.79601438660265
-1.0,0.6000000000000001,-0.5,92.68697022551537,7.313029774484633
-1.0,0.6000000000000001,-0.3999999999999999,93.16581962029522,6.834180379704776
-1.0,0.6000000000000001,-0.29999999999999993,93.6405337977369,6.359466202263107
-1.0,0.6000000000000001,-0.19999999999999996,94.11111275784039,5.888887242159612
-1.0,0.6000000000000001,-0.09999999999999998,94.57755650060572,5.4224434993942765
-1.0,0.6000000000000001,0.0,95.03986502603288,4.960134973967115
-1.0,0.6000000000000001,0.10000000000000009,95.49803833412186,4.501961665878142
-1.0,0.6000000000000001,0.20000000000000018,95.95207642487266,4.047923575127342
-1.0,0.6000000000000001,0.30000000000000004,96.4019792982853,3.5980207017147023
-1.0,0.6000000000000001,0.40000000000000013,96.84774695435976,3.1522530456402365
-1.0,0.6000000000000001,0.5,97.28937939309604,2.7106206069039587
-1.0,0.6000000000000001,0.6000000000000001,97.72687661449416,2.2731233855058406
-1.0,0.6000000000000001,0.7000000000000002,98.16023861855412,1.8397613814458822
-1.0,0.6000000000000001,0.8,98.58946540527589,1.410534594724112
-1.0,0.6000000000000001,0.9000000000000001,99.01455697465948,0.9854430253405155
-1.0,0.6000000000000001,1.0,99.43551332670489,0.5644866732951073
-1.0,0.7000000000000002,-1.0,90.46728694578886,9.532713054211143
-1.0,0.7000000000000002,-0.9,90.96690293054863,9.033097069451372
-1.0,0.7000000000000002,-0.8,91.46238369797022,8.537616302029775
-1.0,0.7000000000000002,-0.7,91.95372924805365,8.046270751946352
-1.0,0.7000000000000002,-0.6,92.44093958079887,7.559060419201131
-1.0,0.7000000000000002,-0.5,92.92401469620594,7.075985303794056
-1.0,0.7000000000000002,-0.3999999999999999,93.40295459427486,6.59704540572514
-1.0,0.7000000000000002,-0.29999999999999993,93.87775927500559,6.122240724994413
-1.0,0.7000000000000002,-0.19999999999999996,94.34842873839814,5.651571261601859
-1.0,0.7000000000000002,-0.09999999999999998,94.81496298445254,5.185037015547465
-1.0,0.7000000000000002,0.0,95.27736201316874,4.722637986831259
-1.0,0.7000000000000002,0.10000000000000009,95.73562582454677,4.264374175453227
-1.0,0.7000000000000002,0.20000000000000018,96.18975441858663,3.810245581413369
-1.0,0.7000000000000002,0.30000000000000004,96.63974779528833,3.3602522047116707
-1.0,0.7000000000000002,0.40000000000000013,97.08560595465185,2.9143940453481463
-1.0,0.7000000000000002,0.5,97.52732889667719,2.47267110332281
-1.0,0.7000000000000002,0.6000000000000001,97.96491662136437,2.0350833786356333
-1.0,0.7000000000000002,0.7000000000000002,98.39836912871337,1.6016308712866305
-1.0,0.7000000000000002,0.8,98.8276864187242,1.1723135812758017
-1.0,0.7000000000000002,0.9000000000000001,99.25286849139685,0.7471315086031467
-1.0,0.7000000000000002,1.0,99.67391534673132,0.32608465326867986
-1.0,0.8,-1.0,90.6867046040954,9.313295395904603
-1.0,0.8,-0.9,91.18641109214423,8.813588907855774
-1.0,0.8,-0.8,91.68198236285488,8.318017637145118
-1.0,0.8,-0.7,92.17341841622735,7.826581583772651
-1.0,0.8,-0.6,92.66071925226164,7.339280747738357
-1.0,0.8,-0.5,93.14388487095778,6.856115129042223
-1.0,0.8,-0.3999999999999999,93.62291527231575,6.377084727684249
-1.0,0.8,-0.29999999999999993,94.09781045633552,5.902189543664477
-1.0,0.8,-0.19999999999999996,94.56857042301714,5.431429576982865
-1.0,0.8,-0.09999999999999998,95.03519517236059,4.964804827639412
-1.0,0.8,0.0,95.49768470436585,4.502315295634148
-1.0,0.8,0.10000000000000009,95.95603901903293,4.043960980967071
-1.0,0.8,0.20000000000000018,96.41025811636185,3.5897418836381547
-1.0,0.8,0.30000000000000004,96.8603419963526,3.1396580036473978
-1.0,0.8,0.40000000000000013,97.30629065900519,2.6937093409948147
-1.0,0.8,0.5,97.74810410431957,2.251895895680434
-1.0,0.8,0.6000000000000001,98.1857823322958,1.8142176677041988
-1.0,0.8,0.7000000000000002,98.61932534293386,1.3806746570661375
-1.0,0.8,0.8,99.04873313623375,0.95126686376625
-1.0,0.8,0.9000000000000001,99.47400571219545,0.5259942878045507
-1.0,0.8,1.0,99.89514307081897,0.1048569291810253
-1.0,0.9000000000000001,-1.0,90.88894796646319,9.111052033536808
-1.0,0.9000000000000001,-0.9,91.38874495780107,8.611255042198934
-1.0,0.9000000000000001,-0.8,91.88440673180078,8.11559326819922
-1.0,0.9000000000000001,-0.7,92.3759332884623,7.624066711537694
-1.0,0.9000000000000001,-0.6,92.86332462778566,7.1366753722143415
-1.0,0.9000000000000001,-0.5,93.34658074977085,6.653419250229149
-1.0,0.9000000000000001,-0.3999999999999999,93.82570165441787,6.17429834558213
-1.0,0.9000000000000001,-0.29999999999999993,94.30068734172671,5.699312658273286
-1.0,0.9000000000000001,-0.19999999999999996,94.77153781169737,5.228462188302629
-1.0,0.9000000000000001,-0.09999999999999998,95.23825306432988,4.761746935670118
-1.0,0.9000000000000001,0.0,95.70083309962419,4.299166900375809
-1.0,0.9000000000000001,0.10000000000000009,96.15927791758034,3.84072208241966
-1.0,0.9000000000000001,0.20000000000000018,96.6135875181983,3.386412481801699
-1.0,0.9000000000000001,0.30000000000000004,97.06376190147812,2.9362380985218834
-1.0,0.9000000000000001,0.40000000000000013,97.50980106741974,2.490198932580256
-1.0,0.9000000000000001,0.5,97.9517050160232,2.0482949839768025
-1.0,0.9000000000000001,0.6000000000000001,98.38947374728848,1.610526252711523
-1.0,0.9000000000000001,0.7000000000000002,98.8231072612156,1.176892738784403
-1.0,0.9000000000000001,0.8,99.25260555780454,0.747394442195457
-1.0,0.9000000000000001,0.9000000000000001,99.6779686370553,0.32203136294469914
-1.0,0.9000000000000001,1.0,100.09919649896788,0.09919649896788485
-1.0,1.0,-1.0,91.07401703289221,8.925982967107785
-1.0,1.0,-0.9,91.57390452751916,8.426095472480839
-1.0,1.0,-0.8,92.06965680480792,7.93034319519208
-1.0,1.0,-0.7,92.5612738647585,7.438726135241495
-1.0,1.0,-0.6,93.04875570737092,6.9512442926290845
-1.0,1.0,-0.5,93.53210233264515,6.467897667354848
-1.0,1.0,-0.3999999999999999,94.01131374058123,5.98868625941877
-1.0,1.0,-0.29999999999999993,94.48638993117913,5.513610068820867
-1.0,1.0,-0.19999999999999996,94.95733090443885,5.042669095561152
-1.0,1.0,-0.09999999999999998,95.4241366603604,4.5758633396395965
-1.0,1.0,0.0,95.88680719894379,4.113192801056215
-1.0,1.0,0.10000000000000009,96.34534252018898,3.6546574798110214
-1.0,1.0,0.20000000000000018,96.799742624096,3.200257375904002
-1.0,1.0,0.30000000000000004,97.25000751066487,2.7499924893351277
-1.0,1.0,0.40000000000000013,97.69613717989556,2.3038628201044418
-1.0,1.0,0.5,98.13813163178807,1.8618683682119297
-1.0,1.0,0.6000000000000001,98.57599086634241,1.4240091336575915
-1.0,1.0,0.7000000000000002,99.00971488355857,0.9902851164414272
-1.0,1.0,0.8,99.43930368343658,0.5606963165634227
-1.0,1.0,0.9000000000000001,99.8647572659764,0.1352427340236062
-1.0,1.0,1.0,100.28607563117802,0.28607563117802215
-0.9,-1.0,-1.0,84.62970250140938,15.370297498590617
-0.9,-1.0,-0.9,85.12838459203242,14.871615407967582
-0.9,-1.0,-0.8,85.62293146531727,14.377068534682735
-0.9,-1.0,-0.7,86.11334312126395,13.886656878736048
-0.9,-1.0,-0.6,86.59961955987245,13.400380440127549
-0.9,-1.0,-0.5,87.08176078114279,12.91823921885721
-0.9,-1.0,-0.3999999999999999,87.55976678507497,12.44023321492503
-0.9,-1.0,-0.29999999999999993,88.03363757166895,11.966362428331053
-0.9,-1.0,-0.19999999999999996,88.50337314092477,11.496626859075235
-0.9,-1.0,-0.09999999999999998,88.96897349284242,11.031026507157577
-0.9,-1.0,0.0,89.43043862742189,10.569561372578107
-0.9,-1.0,0.10000000000000009,89.88776854466319,10.112231455336811
-0.9,-1.0,0.20000000000000018,90.34096324456631,9.65903675543369
-0.9,-1.0,0.30000000000000004,90.79002272713126,9.209977272868741
-0.9,-1.0,0.40000000000000013,91.23494699235805,8.765053007641953
-0.9,-1.0,0.5,91.67573604024663,8.324263959753367
-0.9,-1.0,0.6000000000000001,92.11238987079707,7.887610129202926
-0.9,-1.0,0.7000000000000002,92.54490848400934,7.4550915159906594
-0.9,-1.0,0.8,92.97329187988343,7.026708120116567
-0.9,-1.0,0.9000000000000001,93.39754005841934,6.602459941580662
-0.9,-1.0,1.0,93.81765301961707,6.182346980382931
-0.9,-0.9,-1.0,85.14216127722125,14.857838722778752
-0.9,-0.9,-0.9,85.64093387113333,14.359066128866672
-0.9,-0.9,-0.8,86.13557124770723,13.864428752292767
-0.9,-0.9,-0.7,86.62607340694298,13.373926593057021
-0.9,-0.9,-0.6,87.11244034884052,12.887559651159478
-0.9,-0.9,-0.5,87.59467207339992,12.40532792660008
-0.9,-0.9,-0.3999999999999999,88.07276858062114,11.927231419378856
-0.9,-0.9,-0.29999999999999993,88.5467298705042,11.453270129495806
-0.9,-0.9,-0.19999999999999996,89.01655594304907,10.98344405695093
-0.9,-0.9,-0.09999999999999998,89.48224679825577,10.517753201744227
-0.9,-0.9,0.0,89.9438024361243,10.056197563875699
-0.9,-0.9,0.10000000000000009,90.40122285665466,9.598777143345345
-0.9,-0.9,0.20000000000000018,90.85450805984684,9.145491940153164
-0.9,-0.9,0.30000000000000004,91.30365804570083,8.696341954299172
-0.9,-0.9,0.40000000000000013,91.74867281421668,8.251327185783325
-0.9,-0.9,0.5,92.18955236539433,7.810447634605666
-0.9,-0.9,0.6000000000000001,92.62629669923382,7.373703300766181
-0.9,-0.9,0.7000000000000002,93.05890581573514,6.9410941842648555
-0.9,-0.9,0.8,93.48737971489828,6.512620285101718
-0.9,-0.9,0.9000000000000001,93.91171839672326,6.088281603276741
-0.9,-0.9,1.0,94.33192186121005,5.6680781387899515
-0.9,-0.8,-1.0,85.63744575709433,14.362554242905674
-0.9,-0.8,-0.9,86.13630885429548,13.863691145704522
-0.9,-0.8,-0.8,86.63103673415844,13.368963265841558
-0.9,-0.8,-0.7,87.12162939668323,12.878370603316768
-0.9,-0.8,-0.6,87.60808684186985,12.391913158130151
-0.9,-0.8,-0.5,88.09040906971829,11.90959093028171
-0.9,-0.8,-0.3999999999999999,88.56859608022857,11.431403919771427
-0.9,-0.8,-0.29999999999999993,89.04264787340068,10.957352126599318
-0.9,-0.8,-0.19999999999999996,89.5125644492346,10.487435550765397
-0.9,-0.8,-0.09999999999999998,89.97834580773036,10.021654192269636
-0.9,-0.8,0.0,90.43999194888795,9.56000805111205
-0.9,-0.8,0.10000000000000009,90.89750287270736,9.102497127292636
-0.9,-0.8,0.20000000000000018,91.3508785791886,8.649121420811397
-0.9,-0.8,0.30000000000000004,91.80011906833165,8.199880931668346
-0.9,-0.8,0.40000000000000013,92.24522434013655,7.754775659863455
-0.9,-0.8,0.5,92.68619439460326,7.3138056053967375
-0.9,-0.8,0.6000000000000001,93.1230292317318,6.876970768268194
-0.9,-0.8,0.7000000000000002,93.55572885152218,6.444271148477824
-0.9,-0.8,0.8,93.98429325397439,6.015706746025614
-0.9,-0.8,0.9000000000000001,94.40872243908841,5.591277560911593
-0.9,-0.8,1.0,94.82901640686424,5.170983593135759
-0.9,-0.7,-1.0,86.11555594102867,13.884444058971326
-0.9,-0.7,-0.9,86.61450954151887,13.38549045848113
-0.9,-0.7,-0.8,87.1093279246709,12.890672075329107
-0.9,-0.7,-0.7,87.60001109048474,12.399988909515258
-0.9,-0.7,-0.6,88.0865590389604,11.913440961039598
-0.9,-0.7,-0.5,88.5689717700979,11.431028229902097
-0.9,-0.7,-0.3999999999999999,89.04724928389724,10.952750716102756
-0.9,-0.7,-0.29999999999999993,89.5213915803584,10.478608419641603
-0.9,-0.7,-0.19999999999999996,89.99139865948139,10.00860134051861
-0.9,-0.7,-0.09999999999999998,90.45727052126621,9.54272947873379
-0.9,-0.7,0.0,90.91900716571284,9.080992834287159
-0.9,-0.7,0.10000000000000009,91.37660859282131,8.623391407178687
-0.9,-0.7,0.20000000000000018,91.8300748025916,8.169925197408404
-0.9,-0.7,0.30000000000000004,92.2794057950237,7.720594204976294
-0.9,-0.7,0.40000000000000013,92.72460157011767,7.27539842988233
-0.9,-0.7,0.5,93.16566212787343,6.834337872126568
-0.9,-0.7,0.6000000000000001,93.60258746829103,6.397412531708966
-0.9,-0.7,0.7000000000000002,94.03537759137046,5.964622408629538
-0.9,-0.7,0.8,94.46403249711172,5.535967502888283
-0.9,-0.7,0.9000000000000001,94.8885521855148,5.111447814485203
-0.9,-0.7,1.0,95.3089366565797,4.691063343420296
-0.9,-0.6,-1.0,86.57649182902423,13.423508170975765
-0.9,-0.6,-0.9,87.07553593280349,12.92446406719651
-0.9,-0.6,-0.8,87.57044481924457,12.429555180755429
-0.9,-0.6,-0.7,88.06121848834748,11.938781511652522
-0.9,-0.6,-0.6,88.5478569401122,11.452143059887803
-0.9,-0.6,-0.5,89.03036017453876,10.969639825461243
-0.9,-0.6,-0.3999999999999999,89.50872819162716,10.491271808372844
-0.9,-0.6,-0.29999999999999993,89.98296099137737,10.017039008622632
-0.9,-0.6,-0.19999999999999996,90.4530585737894,9.546941426210594
-0.9,-0.6,-0.09999999999999998,90.91902093886328,9.080979061136716
-0.9,-0.6,0.0,91.38084808659897,8.619151913401026
-0.9,-0.6,0.10000000000000009,91.8385400169965,8.161459983003496
-0.9,-0.6,0.20000000000000018,92.29209673005585,7.707903269944154
-0.9,-0.6,0.30000000000000004,92.74151822577701,7.258481774222986
-0.9,-0.6,0.40000000000000013,93.18680450416002,6.813195495839977
-0.9,-0.6,0.5,93.62795556520484,6.372044434795157
-0.9,-0.6,0.6000000000000001,94.0649714089115,5.935028591088496
-0.9,-0.6,0.7000000000000002,94.49785203527999,5.5021479647200096
-0.9,-0.6,0.8,94.9265974443103,5.073402555689697
-0.9,-0.6,0.9000000000000001,95.35120763600244,4.648792363997558
-0.9,-0.6,1.0,95.77168261035641,4.228317389643593
-0.9,-0.5,-1.0,87.0202534210811,12.979746578918906
-0.9,-0.5,-0.9,87.51938802814938,12.480611971850621
-0.9,-0.5,-0.8,88.01438741787952,11.985612582120481
-0.9,-0.5,-0.7,88.50525159027148,11.494748409728516
-0.9,-0.5,-0.6,88.99198054532528,11.008019454674724
-0.9,-0.5,-0.5,89.47457428304087,10.525425716959134
-0.9,-0.5,-0.3999999999999999,89.95303280341832,10.046967196581676
-0.9,-0.5,-0.29999999999999993,90.4273561064576,9.572643893542406
-0.9,-0.5,-0.19999999999999996,90.89754419215869,9.10245580784131
-0.9,-0.5,-0.09999999999999998,91.36359706052161,8.636402939478387
-0.9,-0.5,0.0,91.82551471154636,8.174485288453639
-0.9,-0.5,0.10000000000000009,92.28329714523295,7.71670285476705
-0.9,-0.5,0.20000000000000018,92.73694436158135,7.263055638418649
-0.9,-0.5,0.30000000000000004,93.18645636059156,6.8135436394084365
-0.9,-0.5,0.40000000000000013,93.63183314226363,6.3681668577363695
-0.9,-0.5,0.5,94.07307470659751,5.9269252934024905
-0.9,-0.5,0.6000000000000001,94.51018105359323,5.489818946406771
-0.9,-0.5,0.7000000000000002,94.94315218325076,5.05684781674924
-0.9,-0.5,0.8,95.37198809557013,4.628011904429869
-0.9,-0.5,0.9000000000000001,95.79668879055133,4.203311209448671
-0.9,-0.5,1.0,96.21725426819435,3.7827457318056474
-0.9,-0.3999999999999999,-1.0,87.44684071719915,12.553159282800848
-0.9,-0.3999999999999999,-0.9,87.9460658275565,12.053934172443505
-0.9,-0.3999999999999999,-0.8,88.4411557205757,11.558844279424306
-0.9,-0.3999999999999999,-0.7,88.9321103962567,11.067889603743296
-0.9,-0.3999999999999999,-0.6,89.41892985459955,10.581070145400446
-0.9,-0.3999999999999999,-0.5,89.9016140956042,10.098385904395798
-0.9,-0.3999999999999999,-0.3999999999999999,90.38016311927072,9.619836880729281
-0.9,-0.3999999999999999,-0.29999999999999993,90.85457692559905,9.145423074400952
-0.9,-0.3999999999999999,-0.19999999999999996,91.32485551458919,8.675144485410812
-0.9,-0.3999999999999999,-0.09999999999999998,91.79099888624118,8.209001113758816
-0.9,-0.3999999999999999,0.0,92.25300704055498,7.7469929594450235
-0.9,-0.3999999999999999,0.10000000000000009,92.71087997753062,7.289120022469376
-0.9,-0.3999999999999999,0.20000000000000018,93.16461769716807,6.835382302831931
-0.9,-0.3999999999999999,0.30000000000000004,93.61422019946735,6.385779800532646
-0.9,-0.3999999999999999,0.40000000000000013,94.05968748442847,5.940312515571534
-0.9,-0.3999999999999999,0.5,94.5010195520514,5.498980447948597
-0.9,-0.3999999999999999,0.6000000000000001,94.93821640233617,5.061783597663833
-0.9,-0.3999999999999999,0.7000000000000002,95.37127803528277,4.628721964717229
-0.9,-0.3999999999999999,0.8,95.8002044508912,4.199795549108799
-0.9,-0.3999999999999999,0.9000000000000001,96.22499564916144,3.7750043508385573
-0.9,-0.3999999999999999,1.0,96.64565163009354,3.354348369906461
-0.9,-0.29999999999999993,-1.0,87.85625371737845,12.14374628262155
-0.9,-0.29999999999999993,-0.9,88.35556933102485,11.644430668975147
-0.9,-0.29999999999999993,-0.8,88.85074972733311,11.14925027266689
-0.9,-0.29999999999999993,-0.7,89.34179490630318,10.658205093696822
-0.9,-0.29999999999999993,-0.6,89.82870486793507,10.171295132064927
-0.9,-0.29999999999999993,-0.5,90.3114796122288,9.688520387771206
-0.9,-0.29999999999999993,-0.3999999999999999,90.79011913918436,9.209880860815645
-0.9,-0.29999999999999993,-0.29999999999999993,91.26462344880173,8.735376551198271
-0.9,-0.29999999999999993,-0.19999999999999996,91.73499254108094,8.265007458919058
-0.9,-0.29999999999999993,-0.09999999999999998,92.20122641602198,7.798773583978019
-0.9,-0.29999999999999993,0.0,92.66332507362483,7.336674926375167
-0.9,-0.29999999999999993,0.10000000000000009,93.12128851388954,6.878711486110461
-0.9,-0.29999999999999993,0.20000000000000018,93.57511673681604,6.424883263183958
-0.9,-0.29999999999999993,0.30000000000000004,94.02480974240437,5.975190257595628
-0.9,-0.29999999999999993,0.40000000000000013,94.47036753065456,5.529632469345444
-0.9,-0.29999999999999993,0.5,94.91179010156654,5.088209898433462
-0.9,-0.29999999999999993,0.6000000000000001,95.34907745514036,4.65092254485964
-0.9,-0.29999999999999993,0.7000000000000002,95.78222959137602,4.217770408623977
-0.9,-0.29999999999999993,0.8,96.2112465102735,3.7887534897265027
-0.9,-0.29999999999999993,0.9000000000000001,96.6361282118328,3.3638717881672022
-0.9,-0.29999999999999993,1.0,97.05687469605395,2.943125303946047
-0.9,-0.19999999999999996,-1.0,88.24849242161898,11.751507578381023
-0.9,-0.19999999999999996,-0.9,88.74789853855445,11.252101461445548
-0.9,-0.19999999999999996,-0.8,89.24316943815175,10.756830561848247
-0.9,-0.19999999999999996,-0.7,89.73430512041088,10.26569487958912
-0.9,-0.19999999999999996,-0.6,90.22130558533185,9.778694414668152
-0.9,-0.19999999999999996,-0.5,90.70417083291461,9.295829167085387
-0.9,-0.19999999999999996,-0.3999999999999999,91.18290086315923,8.817099136840767
-0.9,-0.19999999999999996,-0.29999999999999993,91.65749567606566,8.342504323934335
-0.9,-0.19999999999999996,-0.19999999999999996,92.12795527163392,7.8720447283660775
-0.9,-0.19999999999999996,-0.09999999999999998,92.59427964986402,7.405720350135979
-0.9,-0.19999999999999996,0.0,93.05646881075593,6.943531189244069
-0.9,-0.19999999999999996,0.10000000000000009,93.5145227543097,6.485477245690305
-0.9,-0.19999999999999996,0.20000000000000018,93.96844148052526,6.031558519474743
-0.9,-0.19999999999999996,0.30000000000000004,94.41822498940265,5.5817750105973545
-0.9,-0.19999999999999996,0.40000000000000013,94.86387328094187,5.136126719058126
-0.9,-0.19999999999999996,0.5,95.30538635514291,4.694613644857085
-0.9,-0.19999999999999996,0.6000000000000001,95.7427642120058,4.257235787994205
-0.9,-0.19999999999999996,0.7000000000000002,96.1760068515305,3.823993148469498
-0.9,-0.19999999999999996,0.8,96.60511427371705,3.3948857262829506
-0.9,-0.19999999999999996,0.9000000000000001,97.03008647856541,2.9699135214345915
-0.9,-0.19999999999999996,1.0,97.45092346607561,2.549076533924392
-0.9,-0.09999999999999998,-1.0,88.62355682992077,11.376443170079227
-0.9,-0.09999999999999998,-0.9,89.12305345014529,10.876946549854708
-0.9,-0.09999999999999998,-0.8,89.61841485303165,10.381585146968348
-0.9,-0.09999999999999998,-0.7,90.10964103857984,9.890358961420162
-0.9,-0.09999999999999998,-0.6,90.59673200678985,9.40326799321015
-0.9,-0.09999999999999998,-0.5,91.07968775766167,8.920312242338326
-0.9,-0.09999999999999998,-0.3999999999999999,91.55850829119535,8.441491708804648
-0.9,-0.09999999999999998,-0.29999999999999993,92.03319360739084,7.966806392609158
-0.9,-0.09999999999999998,-0.19999999999999996,92.50374370624816,7.496256293751841
-0.9,-0.09999999999999998,-0.09999999999999998,92.97015858776732,7.029841412232685
-0.9,-0.09999999999999998,0.0,93.43243825194828,6.567561748051716
-0.9,-0.09999999999999998,0.10000000000000009,93.89058269879108,6.1094173012089215
-0.9,-0.09999999999999998,0.20000000000000018,94.3445919282957,5.655408071704301
-0.9,-0.09999999999999998,0.30000000000000004,94.79446594046215,5.205534059537854
-0.9,-0.09999999999999998,0.40000000000000013,95.24020473529043,4.759795264709567
-0.9,-0.09999999999999998,0.5,95.68180831278053,4.318191687219468
-0.9,-0.09999999999999998,0.6000000000000001,96.11927667293247,3.8807233270675283
-0.9,-0.09999999999999998,0.7000000000000002,96.55260981574624,3.447390184253763
-0.9,-0.09999999999999998,0.8,96.98180774122183,3.0181922587781713
-0.9,-0.09999999999999998,0.9000000000000001,97.40687044935925,2.5931295506407537
-0.9,-0.09999999999999998,1.0,97.82779794015849,2.17220205984151
-0.9,0.0,-1.0,88.98144694228378,11.018553057716218
-0.9,0.0,-0.9,89.48103406579737,10.518965934202626
-0.9,0.0,-0.8,89.97648597197279,10.023514028027208
-0.9,0.0,-0.7,90.46780266081002,9.532197339189977
-0.9,0.0,-0.6,90.9549841323091,9.045015867690907
-0.9,0.0,-0.5,91.43803038646998,8.561969613530025
-0.9,0.0,-0.3999999999999999,91.91694142329271,8.083058576707288
-0.9,0.0,-0.29999999999999993,92.39171724277725,7.608282757222753
-0.9,0.0,-0.19999999999999996,92.86235784492362,7.137642155076378
-0.9,0.0,-0.09999999999999998,93.32886322973184,6.671136770268163
-0.9,0.0,0.0,93.79123339720186,6.208766602798136
-0.9,0.0,0.10000000000000009,94.24946834733372,5.750531652666282
-0.9,0.0,0.20000000000000018,94.7035680801274,5.296431919872603
-0.9,0.0,0.30000000000000004,95.1535325955829,4.846467404417098
-0.9,0.0,0.40000000000000013,95.59936189370025,4.400638106299752
-0.9,0.0,0.5,96.04105597447939,3.9589440255206085
-0.9,0.0,0.6000000000000001,96.47861483792039,3.5213851620796106
-0.9,0.0,0.7000000000000002,96.91203848402321,3.0879615159767866
-0.9,0.0,0.8,97.34132691278785,2.6586730872121507
-0.9,0.0,0.9000000000000001,97.76648012421433,2.2335198757856745
-0.9,0.0,1.0,98.18749811830264,1.812501881697358
-0.9,0.10000000000000009,-1.0,89.32216275870805,10.677837241291954
-0.9,0.10000000000000009,-0.9,89.8218403855107,10.178159614489303
-0.9,0.10000000000000009,-0.8,90.31738279497516,9.68261720502484
-0.9,0.10000000000000009,-0.7,90.80878998710146,9.191210012898537
-0.9,0.10000000000000009,-0.6,91.29606196188959,8.703938038110408
-0.9,0.10000000000000009,-0.5,91.77919871933952,8.220801280660481
-0.9,0.10000000000000009,-0.3999999999999999,92.25820025945131,7.741799740548686
-0.9,0.10000000000000009,-0.29999999999999993,92.73306658222491,7.266933417775093
-0.9,0.10000000000000009,-0.19999999999999996,93.20379768766034,6.796202312339659
-0.9,0.10000000000000009,-0.09999999999999998,93.6703935757576,6.3296064242423995
-0.9,0.10000000000000009,0.0,94.13285424651669,5.867145753483314
-0.9,0.10000000000000009,0.10000000000000009,94.5911796999376,5.408820300062402
-0.9,0.10000000000000009,0.20000000000000018,95.04536993602034,4.954630063979664
-0.9,0.10000000000000009,0.30000000000000004,95.49542495476489,4.504575045235114
-0.9,0.10000000000000009,0.40000000000000013,95.94134475617129,4.05865524382871
-0.9,0.10000000000000009,0.5,96.38312934023949,3.616870659760508
-0.9,0.10000000000000009,0.6000000000000001,96.82077870696955,3.1792212930304515
-0.9,0.10000000000000009,0.7000000000000002,97.25429285636142,2.745707143638583
-0.9,0.10000000000000009,0.8,97.68367178841513,2.3163282115848745
-0.9,0.10000000000000009,0.9000000000000001,98.10891550313065,1.8910844968693539
-0.9,0.10000000000000009,1.0,98.530024000508,1.469975999491993
-0.9,0.20000000000000018,-1.0,89.64570427919357,10.354295720806434
-0.9,0.20000000000000018,-0.9,90.14547240928526,9.854527590714738
-0.9,0.20000000000000018,-0.8,90.64110532203878,9.358894677961217
-0.9,0.20000000000000018,-0.7,91.13260301745414,8.867396982545856
-0.9,0.20000000000000018,-0.6,91.61996549553132,8.380034504468682
-0.9,0.20000000000000018,-0.5,92.1031927562703,7.896807243729697
-0.9,0.20000000000000018,-0.3999999999999999,92.58228479967114,7.417715200328857
-0.9,0.20000000000000018,-0.29999999999999993,93.05724162573381,6.942758374266191
-0.9,0.20000000000000018,-0.19999999999999996,93.52806323445829,6.471936765541713
-0.9,0.20000000000000018,-0.09999999999999998,93.9947496258446,6.005250374155395
-0.9,0.20000000000000018,0.0,94.45730079989275,5.542699200107251
-0.9,0.20000000000000018,0.10000000000000009,94.91571675660272,5.08428324339728
-0.9,0.20000000000000018,0.20000000000000018,95.3699974959745,4.630002504025498
-0.9,0.20000000000000018,0.30000000000000004,95.82014301800812,4.179856981991875
-0.9,0.20000000000000018,0.40000000000000013,96.26615332270357,3.7338466772964267
-0.9,0.20000000000000018,0.5,96.70802841006083,3.291971589939166
-0.9,0.20000000000000018,0.6000000000000001,97.14576828007995,2.854231719920051
-0.9,0.20000000000000018,0.7000000000000002,97.57937293276088,2.420627067239124
-0.9,0.20000000000000018,0.8,98.00884236810363,1.991157631896371
-0.9,0.20000000000000018,0.9000000000000001,98.43417658610822,1.5658234138917777
-0.9,0.20000000000000018,1.0,98.85537558677463,1.1446244132253725
-0.9,0.30000000000000004,-1.0,89.95207150374031,10.047928496259686
-0.9,0.30000000000000004,-0.9,90.45193013712107,9.548069862878933
-0.9,0.30000000000000004,-0.8,90.94765355316365,9.052346446836353
-0.9,0.30000000000000004,-0.7,91.43924175186805,8.560758248131947
-0.9,0.30000000000000004,-0.6,91.92669473323429,8.073305266765715
-0.9,0.30000000000000004,-0.5,92.41001249726233,7.589987502737671
-0.9,0.30000000000000004,-0.3999999999999999,92.88919504395223,7.110804956047772
-0.9,0.30000000000000004,-0.29999999999999993,93.36424237330395,6.635757626696048
-0.9,0.30000000000000004,-0.19999999999999996,93.83515448531749,6.164845514682511
-0.9,0.30000000000000004,-0.09999999999999998,94.30193137999287,5.698068620007135
-0.9,0.30000000000000004,0.0,94.76457305733005,5.235426942669946
-0.9,0.30000000000000004,0.10000000000000009,95.22307951732908,4.776920482670917
-0.9,0.30000000000000004,0.20000000000000018,95.67745075998992,4.322549240010076
-0.9,0.30000000000000004,0.30000000000000004,96.12768678531259,3.8723132146874093
-0.9,0.30000000000000004,0.40000000000000013,96.5737875932971,3.426212406702902
-0.9,0.30000000000000004,0.5,97.01575318394343,2.9842468160565687
-0.9,0.30000000000000004,0.6000000000000001,97.45358355725159,2.5464164427484093
-0.9,0.30000000000000004,0.7000000000000002,97.88727871322158,2.1127212867784237
-0.9,0.30000000000000004,0.8,98.31683865185339,1.6831613481466121
-0.9,0.30000000000000004,0.9000000000000001,98.74226337314703,1.2577366268529744
-0.9,0.30000000000000004,1.0,99.16355287710249,0.8364471228975106
-0.9,0.40000000000000013,-1.0,90.2412644323483,9.758735567651698
-0.9,0.40000000000000013,-0.9,90.74121356901811,9.258786430981885
-0.9,0.40000000000000013,-0.8,91.23702748834975,8.762972511650247
-0.9,0.40000000000000013,-0.7,91.72870619034322,8.271293809656783
-0.9,0.40000000000000013,-0.6,92.2162496749985,7.783750325001506
-0.9,0.40000000000000013,-0.5,92.6996579423156,7.300342057684404
-0.9,0.40000000000000013,-0.3999999999999999,93.17893099229455,6.8210690077054466
-0.9,0.40000000000000013,-0.29999999999999993,93.65406882493532,6.345931175064678
-0.9,0.40000000000000013,-0.19999999999999996,94.12507144023792,5.874928559762083
-0.9,0.40000000000000013,-0.09999999999999998,94.59193883820235,5.408061161797647
-0.9,0.40000000000000013,0.0,95.0546710188286,4.9453289811714
-0.9,0.40000000000000013,0.10000000000000009,95.51326798211669,4.4867320178833126
-0.9,0.40000000000000013,0.20000000000000018,95.96772972806659,4.032270271933413
-0.9,0.40000000000000013,0.30000000000000004,96.41805625667831,3.5819437433216876
-0.9,0.40000000000000013,0.40000000000000013,96.86424756795188,3.135752432048122
-0.9,0.40000000000000013,0.5,97.30630366188726,2.693696338112744
-0.9,0.40000000000000013,0.6000000000000001,97.74422453848447,2.255775461515526
-0.9,0.40000000000000013,0.7000000000000002,98.1780101977435,1.8219898022564962
-0.9,0.40000000000000013,0.8,98.60766063966437,1.392339360335626
-0.9,0.40000000000000013,0.9000000000000001,99.03317586424707,0.9668241357529297
-0.9,0.40000000000000013,1.0,99.45455587149159,0.5454441285084073
-0.9,0.5,-1.0,90.51328306501753,9.486716934982468
-0.9,0.5,-0.9,91.0133227049764,8.986677295023597
-0.9,0.5,-0.8,91.50922712759709,8.490772872402914
-0.9,0.5,-0.7,92.00099633287961,7.999003667120391
-0.9,0.5,-0.6,92.48863032082396,7.511369679176042
-0.9,0.5,-0.5,92.97212909143012,7.027870908569881
-0.9,0.5,-0.3999999999999999,93.45149264469812,6.548507355301879
-0.9,0.5,-0.29999999999999993,93.92672098062795,6.073279019372052
-0.9,0.5,-0.19999999999999996,94.3978140992196,5.602185900780398
-0.9,0.5,-0.09999999999999998,94.86477200047308,5.1352279995269186
-0.9,0.5,0.0,95.32759468438839,4.672405315611613
-0.9,0.5,0.10000000000000009,95.78628215096553,4.213717849034467
-0.9,0.5,0.20000000000000018,96.24083440020449,3.7591655997955087
-0.9,0.5,0.30000000000000004,96.69125143210526,3.308748567894739
-0.9,0.5,0.40000000000000013,97.13753324666789,2.8624667533321144
-0.9,0.5,0.5,97.57967984389232,2.420320156107678
-0.9,0.5,0.6000000000000001,98.01769122377858,1.9823087762214158
-0.9,0.5,0.7000000000000002,98.45156738632669,1.548432613673313
-0.9,0.5,0.8,98.88130833153662,1.1186916684633843
-0.9,0.5,0.9000000000000001,99.30691405940837,0.6930859405916294
-0.9,0.5,1.0,99.72838456994194,0.27161543005806266
-0.9,0.6000000000000001,-1.0,90.76812740174802,9.231872598251982
-0.9,0.6000000000000001,-0.9,91.26825754499595,8.731742455004053
-0.9,0.6000000000000001,-0.8,91.76425247090569,8.235747529094311
-0.9,0.6000000000000001,-0.7,92.25611217947727,7.74388782052273
-0.9,0.6000000000000001,-0.6,92.74383667071065,7.25616332928935
-0.9,0.6000000000000001,-0.5,93.22742594460588,6.7725740553941165
-0.9,0.6000000000000001,-0.3999999999999999,93.70688000116294,6.2931199988370565
-0.9,0.6000000000000001,-0.29999999999999993,94.18219884038183,5.8178011596181705
-0.9,0.6000000000000001,-0.19999999999999996,94.65338246226253,5.3466175377374725
-0.9,0.6000000000000001,-0.09999999999999998,95.12043086680508,4.87956913319492
-0.9,0.6000000000000001,0.0,95.58334405400943,4.41665594599057
-0.9,0.6000000000000001,0.10000000000000009,96.04212202387563,3.957877976124365
-0.9,0.6000000000000001,0.20000000000000018,96.49676477640364,3.503235223596363
-0.9,0.6000000000000001,0.30000000000000004,96.94727231159348,3.05272768840652
-0.9,0.6000000000000001,0.40000000000000013,97.39364462944515,2.6063553705548514
-0.9,0.6000000000000001,0.5,97.83588172995864,2.1641182700413566
-0.9,0.6000000000000001,0.6000000000000001,98.27398361313396,1.7260163868660356
-0.9,0.6000000000000001,0.7000000000000002,98.70795027897113,1.2920497210288744
-0.9,0.6000000000000001,0.8,99.1377817274701,0.8622182725299012
-0.9,0.6000000000000001,0.9000000000000001,99.56347795863091,0.4365220413690878
-0.9,0.6000000000000001,1.0,99.98503897245352,0.014961027546476657
-0.9,0.7000000000000002,-1.0,91.00579744253973,8.99420255746027
-0.9,0.7000000000000002,-0.9,91.50601808907672,8.493981910923281
-0.9,0.7000000000000002,-0.8,92.00210351827552,7.9978964817244815
-0.9,0.7000000000000002,-0.7,92.49405373013614,7.5059462698638555
-0.9,0.7000000000000002,-0.6,92.98186872465858,7.018131275341418
-0.9,0.7000000000000002,-0.5,93.46554850184287,6.534451498157125
-0.9,0.7000000000000002,-0.3999999999999999,93.945093061689,6.054906938311007
-0.9,0.7000000000000002,-0.29999999999999993,94.42050240419692,5.579497595803076
-0.9,0.7000000000000002,-0.19999999999999996,94.8917765293667,5.108223470633305
-0.9,0.7000000000000002,-0.09999999999999998,95.35891543719829,4.641084562801709
-0.9,0.7000000000000002,0.0,95.8219191276917,4.1780808723083
-0.9,0.7000000000000002,0.10000000000000009,96.28078760084696,3.7192123991530366
-0.9,0.7000000000000002,0.20000000000000018,96.73552085666402,3.2644791433359757
-0.9,0.7000000000000002,0.30000000000000004,97.18611889514291,2.8138811048570886
-0.9,0.7000000000000002,0.40000000000000013,97.63258171628365,2.367418283716347
-0.9,0.7000000000000002,0.5,98.07490932008619,1.925090679913808
-0.9,0.7000000000000002,0.6000000000000001,98.51310170655057,1.4868982934494284
-0.9,0.7000000000000002,0.7000000000000002,98.94715887567678,1.0528411243232227
-0.9,0.7000000000000002,0.8,99.37708082746482,0.6229191725351768
-0.9,0.7000000000000002,0.9000000000000001,99.80286756191468,0.197132438085319
-0.9,0.7000000000000002,1.0,100.22451907902635,0.2245190790263507
-0.9,0.8,-1.0,91.22629318739268,8.773706812607315
-0.9,0.8,-0.9,91.72660433721872,8.273395662781283
-0.9,0.8,-0.8,92.22278026970659,7.77721973029341
-0.9,0.8,-0.7,92.71482098485627,7.285179015143726
-0.9,0.8,-0.6,93.20272648266777,6.797273517332229
-0.9,0.8,-0.5,93.68649676314111,6.313503236858892
-0.9,0.8,-0.3999999999999999,94.16613182627628,5.833868173723715
-0.9,0.8,-0.29999999999999993,94.64163167207327,5.358368327926726
-0.9,0.8,-0.19999999999999996,95.11299630053209,4.887003699467911
-0.9,0.8,-0.09999999999999998,95.58022571165274,4.419774288347256
-0.9,0.8,0.0,96.04331990543521,3.9566800945647884
-0.9,0.8,0.10000000000000009,96.50227888187953,3.4977211181204666
-0.9,0.8,0.20000000000000018,96.95710264098565,3.042897359014347
-0.9,0.8,0.30000000000000004,97.4077911827536,2.5922088172464015
-0.9,0.8,0.40000000000000013,97.85434450718338,2.1456554928166156
-0.9,0.8,0.5,98.29676261427498,1.7032373857250178
-0.9,0.8,0.6000000000000001,98.73504550402842,1.2649544959715797
-0.9,0.8,0.7000000000000002,99.16919317644368,0.8308068235563155
-0.9,0.8,0.8,99.59920563152077,0.4007943684792252
-0.9,0.8,0.9000000000000001,100.02508286925969,0.025082869259691165
-0.9,0.8,1.0,100.44682488966042,0.44682488966041944
-0.9,0.9000000000000001,-1.0,91.42961463630688,8.57038536369312
-0.9,0.9000000000000001,-0.9,91.93001628942197,8.069983710578029
-0.9,0.9000000000000001,-0.8,92.42628272519889,7.573717274801112
-0.9,0.9000000000000001,-0.7,92.91841394363763,7.081586056362369
-0.9,0.9000000000000001,-0.6,93.40640994473819,6.593590055261814
-0.9,0.9000000000000001,-0.5,93.89027072850058,6.109729271499418
-0.9,0.9000000000000001,-0.3999999999999999,94.36999629492482,5.6300037050751826
-0.9,0.9000000000000001,-0.29999999999999993,94.84558664401087,5.154413355989135
-0.9,0.9000000000000001,-0.19999999999999996,95.31704177575874,4.682958224241261
-0.9,0.9000000000000001,-0.09999999999999998,95.78436169016845,4.215638309831547
-0.9,0.9000000000000001,0.0,96.24754638723998,3.7524536127600214
-0.9,0.9000000000000001,0.10000000000000009,96.70659586697333,3.2934041330266695
-0.9,0.9000000000000001,0.20000000000000018,97.16151012936851,2.8384898706314914
-0.9,0.9000000000000001,0.30000000000000004,97.61228917442551,2.387710825574487
-0.9,0.9000000000000001,0.40000000000000013,98.05893300214436,1.9410669978556427
-0.9,0.9000000000000001,0.5,98.50144161252501,1.4985583874749864
-0.9,0.9000000000000001,0.6000000000000001,98.93981500556751,1.0601849944324897
-0.9,0.9000000000000001,0.7000000000000002,99.37405318127183,0.6259468187281669
-0.9,0.9000000000000001,0.8,99.80415613963798,0.19584386036201806
-0.9,0.9000000000000001,0.9000000000000001,100.23012388066596,0.2301238806659569
-0.9,0.9000000000000001,1.0,100.65195640435574,0.6519564043557438
-0.9,1.0,-1.0,91.61576178928235,8.384238210717655
-0.9,1.0,-0.9,92.11625394568647,7.883746054313534
-0.9,1.0,-0.8,92.61261088475244,7.387389115247558
-0.9,1.0,-0.7,93.10483260648024,6.895167393519756
-0.9,1.0,-0.6,93.59291911086984,6.407080889130157
-0.9,1.0,-0.5,94.0768703979213,5.923129602078703
-0.9,1.0,-0.3999999999999999,94.55668646763459,5.4433135323654085
-0.9,1.0,-0.29999999999999993,95.0323673200097,4.967632679990302
-0.9,1.0,-0.19999999999999996,95.50391295504662,4.496087044953384
-0.9,1.0,-0.09999999999999998,95.97132337274539,4.028676627254612
-0.9,1.0,0.0,96.43459857310597,3.5654014268940273
-0.9,1.0,0.10000000000000009,96.89373855612838,3.1062614438716167
-0.9,1.0,0.20000000000000018,97.34874332181262,2.65125667818738
-0.9,1.0,0.30000000000000004,97.79961287015868,2.2003871298413173
-0.9,1.0,0.40000000000000013,98.24634720116657,1.7536527988334285
-0.9,1.0,0.5,98.68894631483629,1.3110536851637136
-0.9,1.0,0.6000000000000001,99.12741021116784,0.8725897888321583
-0.9,1.0,0.7000000000000002,99.56173889016122,0.438261109838777
-0.9,1.0,0.8,99.99193235181642,0.008067648183583742
-0.9,1.0,0.9000000000000001,100.41799059613345,0.4179905961334498
-0.9,1.0,1.0,100.8399136231123,0.8399136231122952
-0.8,-1.0,-1.0,85.16083660716652,14.839163392833484
-0.8,-1.0,-0.9,85.66012335956675,14.339876640433246
-0.8,-1.0,-0.8,86.15527489462882,13.844725105371182
-0.8,-1.0,-0.7,86.64629121235271,13.353708787647292
-0.8,-1.0,-0.6,87.13317231273844,12.866827687261562
-0.8,-1.0,-0.5,87.61591819578598,12.38408180421402
-0.8,-1.0,-0.3999999999999999,88.09452886149535,11.905471138504652
-0.8,-1.0,-0.29999999999999993,88.56900430986654,11.430995690133457
-0.8,-1.0,-0.19999999999999996,89.03934454089956,10.960655459100437
-0.8,-1.0,-0.09999999999999998,89.50554955459442,10.494450445405576
-0.8,-1.0,0.0,89.9676193509511,10.032380649048903
-0.8,-1.0,0.10000000000000009,90.42555392996961,9.57444607003039
-0.8,-1.0,0.20000000000000018,90.87935329164995,9.120646708350051
-0.8,-1.0,0.30000000000000004,91.3290174359921,8.6709825640079
-0.8,-1.0,0.40000000000000013,91.77454636299609,8.225453637003909
-0.8,-1.0,0.5,92.2159400726619,7.784059927338106
-0.8,-1.0,0.6000000000000001,92.65319856498954,7.3468014350104625
-0.8,-1.0,0.7000000000000002,93.08632183997901,6.913678160020993
-0.8,-1.0,0.8,93.5153098976303,6.484690102369697
-0.8,-1.0,0.9000000000000001,93.94016273794342,6.0598372620565755
-0.8,-1.0,1.0,94.3608803609184,5.639119639081599
-0.8,-0.9,-1.0,85.6743734695248,14.325626530475205
-0.8,-0.9,-0.9,86.17375072521408,13.826249274785923
-0.8,-0.9,-0.8,86.6689927635652,13.3310072364348
-0.8,-0.9,-0.7,87.16009958457815,12.839900415421852
-0.8,-0.9,-0.6,87.64707118825291,12.352928811747091
-0.8,-0.9,-0.5,88.12990757458951,11.87009242541049
-0.8,-0.9,-0.3999999999999999,88.60860874358794,11.391391256412064
-0.8,-0.9,-0.29999999999999993,89.08317469524819,10.91682530475181
-0.8,-0.9,-0.19999999999999996,89.55360542957027,10.446394570429732
-0.8,-0.9,-0.09999999999999998,90.01990094655419,9.980099053445812
-0.8,-0.9,0.0,90.48206124619992,9.517938753800081
-0.8,-0.9,0.10000000000000009,90.94008632850749,9.05991367149251
-0.8,-0.9,0.20000000000000018,91.39397619347687,8.606023806523126
-0.8,-0.9,0.30000000000000004,91.84373084110808,8.156269158891917
-0.8,-0.9,0.40000000000000013,92.28935027140113,7.710649728598867
-0.8,-0.9,0.5,92.730834484356,7.269165515644005
-0.8,-0.9,0.6000000000000001,93.1681834799727,6.831816520027303
-0.8,-0.9,0.7000000000000002,93.60139725825121,6.398602741748789
-0.8,-0.9,0.8,94.03047581919157,5.969524180808435
-0.8,-0.9,0.9000000000000001,94.45541916279375,5.544580837206254
-0.8,-0.9,1.0,94.87622728905777,5.123772710942234
-0.8,-0.8,-1.0,86.17073603594427,13.829263964055727
-0.8,-0.8,-0.9,86.67020379492263,13.329796205077372
-0.8,-0.8,-0.8,87.16553633656281,12.834463663437191
-0.8,-0.8,-0.7,87.65673366086482,12.343266339135184
-0.8,-0.8,-0.6,88.14379576782864,11.856204232171365
-0.8,-0.8,-0.5,88.6267226574543,11.373277342545705
-0.8,-0.8,-0.3999999999999999,89.10551432974178,10.89448567025822
-0.8,-0.8,-0.29999999999999993,89.58017078469108,10.419829215308923
-0.8,-0.8,-0.19999999999999996,90.05069202230221,9.949307977697785
-0.8,-0.8,-0.09999999999999998,90.51707804257519,9.482921957424807
-0.8,-0.8,0.0,90.97932884550998,9.020671154490017
-0.8,-0.8,0.10000000000000009,91.4374444311066,8.562555568893401
-0.8,-0.8,0.20000000000000018,91.89142479936504,8.10857520063496
-0.8,-0.8,0.30000000000000004,92.34126995028531,7.658730049714691
-0.8,-0.8,0.40000000000000013,92.7869798838674,7.213020116132597
-0.8,-0.8,0.5,93.22855460011132,6.771445399888677
-0.8,-0.8,0.6000000000000001,93.66599409901708,6.334005900982916
-0.8,-0.8,0.7000000000000002,94.09929838058467,5.9007016194153294
-0.8,-0.8,0.8,94.52846744481407,5.471532555185931
-0.8,-0.8,0.9000000000000001,94.95350129170531,5.046498708294692
-0.8,-0.8,1.0,95.37439992125837,4.625600078741627
-0.8,-0.7,-1.0,86.64992430642502,13.35007569357498
-0.8,-0.7,-0.9,87.14948256869243,12.850517431307566
-0.8,-0.7,-0.8,87.64490561362166,12.35509438637834
-0.8,-0.7,-0.7,88.13619344121273,11.863806558787275
-0.8,-0.7,-0.6,88.6233460514656,11.376653948534397
-0.8,-0.7,-0.5,89.10636344438032,10.893636555619679
-0.8,-0.7,-0.3999999999999999,89.58524561995685,10.41475438004315
-0.8,-0.7,-0.29999999999999993,90.05999257819522,9.94000742180478
-0.8,-0.7,-0.19999999999999996,90.5306043190954,9.469395680904597
-0.8,-0.7,-0.09999999999999998,90.99708084265744,9.00291915734256
-0.8,-0.7,0.0,91.45942214888127,8.540577851118726
-0.8,-0.7,0.10000000000000009,91.91762823776696,8.082371762233038
-0.8,-0.7,0.20000000000000018,92.37169910931445,7.628300890685551
-0.8,-0.7,0.30000000000000004,92.82163476352378,7.178365236476225
-0.8,-0.7,0.40000000000000013,93.26743520039493,6.732564799605072
-0.8,-0.7,0.5,93.7091004199279,6.290899580072093
-0.8,-0.7,0.6000000000000001,94.14663042212271,5.853369577877288
-0.8,-0.7,0.7000000000000002,94.58002520697936,5.419974793020643
-0.8,-0.7,0.8,95.00928477449781,4.990715225502186
-0.8,-0.7,0.9000000000000001,95.43440912467811,4.565590875321888
-0.8,-0.7,1.0,95.85539825752022,4.144601742479779
-0.8,-0.6,-1.0,87.11193828096702,12.888061719032976
-0.8,-0.6,-0.9,87.61158704652347,12.388412953476532
-0.8,-0.6,-0.8,88.10710059474175,11.892899405258248
-0.8,-0.6,-0.7,88.59847892562188,11.401521074378124
-0.8,-0.6,-0.6,89.08572203916381,10.914277960836188
-0.8,-0.6,-0.5,89.56882993536757,10.431170064632425
-0.8,-0.6,-0.3999999999999999,90.04780261423318,9.952197385766823
-0.8,-0.6,-0.29999999999999993,90.52264007576059,9.477359924239408
-0.8,-0.6,-0.19999999999999996,90.99334231994983,9.006657680050168
-0.8,-0.6,-0.09999999999999998,91.45990934680093,8.540090653199073
-0.8,-0.6,0.0,91.92234115631382,8.07765884368618
-0.8,-0.6,0.10000000000000009,92.38063774848855,7.619362251511447
-0.8,-0.6,0.20000000000000018,92.83479912332511,7.165200876674888
-0.8,-0.6,0.30000000000000004,93.28482528082348,6.715174719176517
-0.8,-0.6,0.40000000000000013,93.7307162209837,6.269283779016305
-0.8,-0.6,0.5,94.17247194380572,5.827528056194282
-0.8,-0.6,0.6000000000000001,94.6100924492896,5.389907550710404
-0.8,-0.6,0.7000000000000002,95.04357773743529,4.956422262564715
-0.8,-0.6,0.8,95.4729278082428,4.527072191757199
-0.8,-0.6,0.9000000000000001,95.89814266171216,4.101857338287843
-0.8,-0.6,1.0,96.31922229784334,3.680777702156661
-0.8,-0.5,-1.0,87.55677795957024,12.44322204042976
-0.8,-0.5,-0.9,88.05651722841577,11.943482771584229
-0.8,-0.5,-0.8,88.55212127992311,11.447878720076886
-0.8,-0.5,-0.7,89.04359011409228,10.956409885907718
-0.8,-0.5,-0.6,89.53092373092328,10.469076269076723
-0.8,-0.5,-0.5,90.01412213041608,9.985877869583916
-0.8,-0.5,-0.3999999999999999,90.49318531257074,9.506814687429255
-0.8,-0.5,-0.29999999999999993,90.96811327738722,9.031886722612782
-0.8,-0.5,-0.19999999999999996,91.43890602486552,8.561093975134483
-0.8,-0.5,-0.09999999999999998,91.90556355500566,8.094436444994344
-0.8,-0.5,0.0,92.36808586780762,7.631914132192378
-0.8,-0.5,0.10000000000000009,92.82647296327141,7.173527036728586
-0.8,-0.5,0.20000000000000018,93.28072484139702,6.719275158602983
-0.8,-0.5,0.30000000000000004,93.73084150218446,6.269158497815539
-0.8,-0.5,0.40000000000000013,94.17682294563372,5.823177054366283
-0.8,-0.5,0.5,94.6186691717448,5.3813308282552015
-0.8,-0.5,0.6000000000000001,95.05638018051772,4.943619819482279
-0.8,-0.5,0.7000000000000002,95.48995597195247,4.510044028047531
-0.8,-0.5,0.8,95.91939654604904,4.080603453950957
-0.8,-0.5,0.9000000000000001,96.34470190280746,3.655298097192542
-0.8,-0.5,1.0,96.7658720422277,3.2341279577723014
-0.8,-0.3999999999999999,-1.0,87.98444334223473,12.015556657765273
-0.8,-0.3999999999999999,-0.9,88.48427311436929,11.515726885630713
-0.8,-0.3999999999999999,-0.8,88.97996766916569,11.020032330834312
-0.8,-0.3999999999999999,-0.7,89.47152700662392,10.528472993376084
-0.8,-0.3999999999999999,-0.6,89.95895112674397,10.041048873256031
-0.8,-0.3999999999999999,-0.5,90.44224002952583,9.557759970474166
-0.8,-0.3999999999999999,-0.3999999999999999,90.92139371496955,9.078606285030446
-0.8,-0.3999999999999999,-0.29999999999999993,91.39641218307507,8.603587816924929
-0.8,-0.3999999999999999,-0.19999999999999996,91.86729543384243,8.132704566157571
-0.8,-0.3999999999999999,-0.09999999999999998,92.33404346727163,7.665956532728373
-0.8,-0.3999999999999999,0.0,92.79665628336264,7.203343716637363
-0.8,-0.3999999999999999,0.10000000000000009,93.25513388211549,6.744866117884513
-0.8,-0.3999999999999999,0.20000000000000018,93.70947626353015,6.290523736469851
-0.8,-0.3999999999999999,0.30000000000000004,94.15968342760665,5.840316572393348
-0.8,-0.3999999999999999,0.40000000000000013,94.60575537434497,5.394244625655034
-0.8,-0.3999999999999999,0.5,95.0476921037451,4.952307896254894
-0.8,-0.3999999999999999,0.6000000000000001,95.48549361580709,4.514506384192913
-0.8,-0.3999999999999999,0.7000000000000002,95.9191599105309,4.080840089469106
-0.8,-0.3999999999999999,0.8,96.34869098791651,3.6513090120834875
-0.8,-0.3999999999999999,0.9000000000000001,96.77408684796397,3.2259131520360285
-0.8,-0.3999999999999999,1.0,97.19534749067327,2.804652509326729
-0.8,-0.29999999999999993,-1.0,88.39493442896044,11.60506557103956
-0.8,-0.29999999999999993,-0.9,88.89485470438404,11.105145295615955
-0.8,-0.29999999999999993,-0.8,89.3906397624695,10.609360237530495
-0.8,-0.29999999999999993,-0.7,89.88228960321679,10.11771039678321
-0.8,-0.29999999999999993,-0.6,90.3698042266259,9.630195773374098
-0.8,-0.29999999999999993,-0.5,90.85318363269681,9.146816367303188
-0.8,-0.29999999999999993,-0.3999999999999999,91.33242782142959,8.66757217857041
-0.8,-0.29999999999999993,-0.29999999999999993,91.80753679282418,8.19246320717582
-0.8,-0.29999999999999993,-0.19999999999999996,92.27851054688058,7.721489453119418
-0.8,-0.29999999999999993,-0.09999999999999998,92.74534908359884,7.254650916401161
-0.8,-0.29999999999999993,0.0,93.20805240297891,6.7919475970210925
-0.8,-0.29999999999999993,0.10000000000000009,93.66662050502082,6.333379494979184
-0.8,-0.29999999999999993,0.20000000000000018,94.12105338972452,5.878946610275477
-0.8,-0.29999999999999993,0.30000000000000004,94.57135105709008,5.428648942909916
-0.8,-0.29999999999999993,0.40000000000000013,95.01751350711746,4.982486492882543
-0.8,-0.29999999999999993,0.5,95.45954073980664,4.540459260193359
-0.8,-0.29999999999999993,0.6000000000000001,95.89743275515768,4.102567244842319
-0.8,-0.29999999999999993,0.7000000000000002,96.33118955317055,3.668810446829454
-0.8,-0.29999999999999993,0.8,96.76081113384522,3.2391888661547767
-0.8,-0.29999999999999993,0.9000000000000001,97.18629749718174,2.813702502818259
-0.8,-0.29999999999999993,1.0,97.6076486431801,2.3923513568199013
-0.8,-0.19999999999999996,-1.0,88.78825121974737,11.211748780252634
-0.8,-0.19999999999999996,-0.9,89.28826199846006,10.711738001539942
-0.8,-0.19999999999999996,-0.8,89.78413755983456,10.215862440165438
-0.8,-0.19999999999999996,-0.7,90.2758779038709,9.724122096129094
-0.8,-0.19999999999999996,-0.6,90.76348303056906,9.236516969430937
-0.8,-0.19999999999999996,-0.5,91.24695293992905,8.753047060070955
-0.8,-0.19999999999999996,-0.3999999999999999,91.72628763195087,8.273712368049132
-0.8,-0.19999999999999996,-0.29999999999999993,92.20148710663452,7.7985128933654835
-0.8,-0.19999999999999996,-0.19999999999999996,92.67255136397998,7.327448636020023
-0.8,-0.19999999999999996,-0.09999999999999998,93.13948040398729,6.860519596012708
-0.8,-0.19999999999999996,0.0,93.6022742266564,6.397725773343595
-0.8,-0.19999999999999996,0.10000000000000009,94.06093283198737,5.9390671680126275
-0.8,-0.19999999999999996,0.20000000000000018,94.51545621998014,5.484543780019862
-0.8,-0.19999999999999996,0.30000000000000004,94.96584439063476,5.034155609365243
-0.8,-0.19999999999999996,0.40000000000000013,95.41209734395117,4.587902656048826
-0.8,-0.19999999999999996,0.5,95.85421507992943,4.145784920070568
-0.8,-0.19999999999999996,0.6000000000000001,96.29219759856952,3.7078024014304845
-0.8,-0.19999999999999996,0.7000000000000002,96.72604489987144,3.2739551001285605
-0.8,-0.19999999999999996,0.8,97.15575698383518,2.8442430161648247
-0.8,-0.19999999999999996,0.9000000000000001,97.58133385046075,2.4186661495392485
-0.8,-0.19999999999999996,1.0,98.00277549974814,1.9972245002518605
-0.8,-0.09999999999999998,-1.0,89.16439371459558,10.835606285404424
-0.8,-0.09999999999999998,-0.9,89.6644949965973,10.335505003402702
-0.8,-0.09999999999999998,-0.8,90.16046106126088,9.839538938739125
-0.8,-0.09999999999999998,-0.7,90.65229190858626,9.347708091413736
-0.8,-0.09999999999999998,-0.6,91.13998753857348,8.860012461426521
-0.8,-0.09999999999999998,-0.5,91.62354795122252,8.37645204877748
-0.8,-0.09999999999999998,-0.3999999999999999,92.1029731465334,7.897026853466599
-0.8,-0.09999999999999998,-0.29999999999999993,92.5782631245061,7.421736875493906
-0.8,-0.09999999999999998,-0.19999999999999996,93.04941788514063,6.9505821148593725
-0.8,-0.09999999999999998,-0.09999999999999998,93.51643742843699,6.483562571563013
-0.8,-0.09999999999999998,0.0,93.97932175439516,6.0206782456048415
-0.8,-0.09999999999999998,0.10000000000000009,94.43807086301517,5.56192913698483
-0.8,-0.09999999999999998,0.20000000000000018,94.89268475429701,5.107315245702992
-0.8,-0.09999999999999998,0.30000000000000004,95.34316342824067,4.656836571759328
-0.8,-0.09999999999999998,0.40000000000000013,95.78950688484615,4.210493115153852
-0.8,-0.09999999999999998,0.5,96.23171512411346,3.768284875886536
-0.8,-0.09999999999999998,0.6000000000000001,96.6697881460426,3.330211853957394
-0.8,-0.09999999999999998,0.7000000000000002,97.10372595063357,2.8962740493664256
-0.8,-0.09999999999999998,0.8,97.53352853788638,2.466471462113617
-0.8,-0.09999999999999998,0.9000000000000001,97.959195907801,2.0408040921989965
-0.8,-0.09999999999999998,1.0,98.38072806037746,1.6192719396225357
-0.8,0.0,-1.0,89.523361913505,10.476638086495
-0.8,0.0,-0.9,90.0235536987958,9.976446301204206
-0.8,0.0,-0.8,90.51961026674842,9.480389733251585
-0.8,0.0,-0.7,91.01153161736286,8.988468382637137
-0.8,0.0,-0.6,91.49931775063914,8.500682249360864
-0.8,0.0,-0.5,91.98296866657722,8.017031333422779
-0.8,0.0,-0.3999999999999999,92.46248436517716,7.537515634822839
-0.8,0.0,-0.29999999999999993,92.93786484643891,7.062135153561087
-0.8,0.0,-0.19999999999999996,93.4091101103625,6.590889889637495
-0.8,0.0,-0.09999999999999998,93.87622015694792,6.123779843052077
-0.8,0.0,0.0,94.33919498619515,5.660805013804847
-0.8,0.0,0.10000000000000009,94.79803459810422,5.201965401895777
-0.8,0.0,0.20000000000000018,95.2527389926751,4.747261007324894
-0.8,0.0,0.30000000000000004,95.70330816990783,4.296691830092172
-0.8,0.0,0.40000000000000013,96.14974212980236,3.8502578701976375
-0.8,0.0,0.5,96.59204087235872,3.407959127641277
-0.8,0.0,0.6000000000000001,97.03020439757692,2.9697956024230763
-0.8,0.0,0.7000000000000002,97.46423270545695,2.5357672945430494
-0.8,0.0,0.8,97.89412579599882,2.105874204001182
-0.8,0.0,0.9000000000000001,98.3198836692025,1.680116330797503
-0.8,0.0,1.0,98.741506325068,1.258493674931998
-0.8,0.10000000000000009,-1.0,89.86515581647566,10.134844183524336
-0.8,0.10000000000000009,-0.9,90.36543810505552,9.634561894944483
-0.8,0.10000000000000009,-0.8,90.8615851762972,9.138414823702803
-0.8,0.10000000000000009,-0.7,91.3535970302007,8.646402969799297
-0.8,0.10000000000000009,-0.6,91.84147366676603,8.158526333233965
-0.8,0.10000000000000009,-0.5,92.32521508599318,7.674784914006821
-0.8,0.10000000000000009,-0.3999999999999999,92.80482128788218,7.195178712117823
-0.8,0.10000000000000009,-0.29999999999999993,93.28029227243299,6.7197077275670125
-0.8,0.10000000000000009,-0.19999999999999996,93.75162803964562,6.248371960354376
-0.8,0.10000000000000009,-0.09999999999999998,94.2188285895201,5.7811714104798995
-0.8,0.10000000000000009,0.0,94.68189392205637,5.318106077943625
-0.8,0.10000000000000009,0.10000000000000009,95.1408240372545,4.859175962745496
-0.8,0.10000000000000009,0.20000000000000018,95.59561893511444,4.4043810648855555
-0.8,0.10000000000000009,0.30000000000000004,96.04627861563623,3.9537213843637744
-0.8,0.10000000000000009,0.40000000000000013,96.49280307881982,3.5071969211801814
-0.8,0.10000000000000009,0.5,96.93519232466524,3.0648076753347624
-0.8,0.10000000000000009,0.6000000000000001,97.3734463531725,2.626553646827503
-0.8,0.10000000000000009,0.7000000000000002,97.80756516434158,2.1924348356584176
-0.8,0.10000000000000009,0.8,98.2375487581725,1.762451241827506
-0.8,0.10000000000000009,0.9000000000000001,98.66339713466522,1.3366028653347826
-0.8,0.10000000000000009,1.0,99.08511029381978,0.9148897061802188
-0.8,0.20000000000000018,-1.0,90.18977542350758,9.810224576492416
-0.8,0.20000000000000018,-0.9,90.6901482153765,9.309851784623504
-0.8,0.20000000000000018,-0.8,91.18638578990723,8.813614210092766
-0.8,0.20000000000000018,-0.7,91.67848814709978,8.321511852900215
-0.8,0.20000000000000018,-0.6,92.16645528695418,7.833544713045825
-0.8,0.20000000000000018,-0.5,92.65028720947038,7.3497127905296225
-0.8,0.20000000000000018,-0.3999999999999999,93.12998391464842,6.87001608535158
-0.8,0.20000000000000018,-0.29999999999999993,93.60554540248829,6.394454597511711
-0.8,0.20000000000000018,-0.19999999999999996,94.07697167298998,5.923028327010016
-0.8,0.20000000000000018,-0.09999999999999998,94.5442627261535,5.455737273846495
-0.8,0.20000000000000018,0.0,95.00741856197885,4.992581438021148
-0.8,0.20000000000000018,0.10000000000000009,95.46643918046604,4.53356081953396
-0.8,0.20000000000000018,0.20000000000000018,95.92132458161502,4.078675418384975
-0.8,0.20000000000000018,0.30000000000000004,96.37207476542586,3.6279252345741355
-0.8,0.20000000000000018,0.40000000000000013,96.81868973189852,3.181310268101484
-0.8,0.20000000000000018,0.5,97.26116948103298,2.7388305189670206
-0.8,0.20000000000000018,0.6000000000000001,97.6995140128293,2.3004859871707026
-0.8,0.20000000000000018,0.7000000000000002,98.13372332728744,1.8662766727125586
-0.8,0.20000000000000018,0.8,98.56379742440741,1.4362025755925885
-0.8,0.20000000000000018,0.9000000000000001,98.9897363041892,1.0102636958108064
-0.8,0.20000000000000018,1.0,99.41153996663282,0.5884600333671841
-0.8,0.30000000000000004,-1.0,90.49722073460075,9.502779265399255
-0.8,0.30000000000000004,-0.9,90.9976840297587,9.002315970241298
-0.8,0.30000000000000004,-0.8,91.4940121075785,8.505987892421501
-0.8,0.30000000000000004,-0.7,91.98620496806011,8.013795031939893
-0.8,0.30000000000000004,-0.6,92.47426261120356,7.525737388796443
-0.8,0.30000000000000004,-0.5,92.9581850370088,7.041814962991197
-0.8,0.30000000000000004,-0.3999999999999999,93.43797224547592,6.562027754524081
-0.8,0.30000000000000004,-0.29999999999999993,93.91362423660483,6.086375763395168
-0.8,0.30000000000000004,-0.19999999999999996,94.38514101039559,5.614858989604414
-0.8,0.30000000000000004,-0.09999999999999998,94.85252256684817,5.147477433151835
-0.8,0.30000000000000004,0.0,95.31576890596257,4.684231094037429
-0.8,0.30000000000000004,0.10000000000000009,95.7748800277388,4.225119972261197
-0.8,0.30000000000000004,0.20000000000000018,96.22985593217686,3.7701440678231393
-0.8,0.30000000000000004,0.30000000000000004,96.68069661927674,3.3193033807232553
-0.8,0.30000000000000004,0.40000000000000013,97.12740208903845,2.872597910961545
-0.8,0.30000000000000004,0.5,97.56997234146198,2.430027658538023
-0.8,0.30000000000000004,0.6000000000000001,98.00840737654735,1.9915926234526466
-0.8,0.30000000000000004,0.7000000000000002,98.44270719429454,1.5572928057054582
-0.8,0.30000000000000004,0.8,98.87287179470357,1.1271282052964295
-0.8,0.30000000000000004,0.9000000000000001,99.29890117777441,0.701098822225589
-0.8,0.30000000000000004,1.0,99.72079534350709,0.27920465649290804
-0.8,0.40000000000000013,-1.0,90.78749174975515,9.212508250244852
-0.8,0.40000000000000013,-0.9,91.28804554820216,8.711954451797837
-0.8,0.40000000000000013,-0.8,91.784464129311,8.215535870688996
-0.8,0.40000000000000013,-0.7,92.27674749308167,7.723252506918328
-0.8,0.40000000000000013,-0.6,92.76489563951418,7.2351043604858205
-0.8,0.40000000000000013,-0.5,93.24890856860848,6.751091431391515
-0.8,0.40000000000000013,-0.3999999999999999,93.72878628036464,6.271213719635355
-0.8,0.40000000000000013,-0.29999999999999993,94.20452877478262,5.7954712252173834
-0.8,0.40000000000000013,-0.19999999999999996,94.67613605186243,5.323863948137571
-0.8,0.40000000000000013,-0.09999999999999998,95.14360811160407,4.856391888395933
-0.8,0.40000000000000013,0.0,95.60694495400752,4.393055045992483
-0.8,0.40000000000000013,0.10000000000000009,96.06614657907282,3.9338534209271785
-0.8,0.40000000000000013,0.20000000000000018,96.52121298679992,3.478787013200076
-0.8,0.40000000000000013,0.30000000000000004,96.97214417718887,3.0278558228111336
-0.8,0.40000000000000013,0.40000000000000013,97.41894015023962,2.581059849760379
-0.8,0.40000000000000013,0.5,97.86160090595222,2.1383990940477844
-0.8,0.40000000000000013,0.6000000000000001,98.30012644432664,1.6998735556733635
-0.8,0.40000000000000013,0.7000000000000002,98.73451676536288,1.2654832346371165
-0.8,0.40000000000000013,0.8,99.16477186906097,0.8352281309390293
-0.8,0.40000000000000013,0.9000000000000001,99.59089175542087,0.4091082445791301
-0.8,0.40000000000000013,1.0,100.0128764244426,0.01287642444259518
-0.8,0.5,-1.0,91.06058846897079,8.939411531029208
-0.8,0.5,-0.9,91.56123277070685,8.438767229293148
-0.8,0.5,-0.8,92.05774185510475,7.9422581448952485
-0.8,0.5,-0.7,92.55011572216448,7.4498842778355225
-0.8,0.5,-0.6,93.03835437188604,6.961645628113956
-0.8,0.5,-0.5,93.52245780426941,6.477542195730592
-0.8,0.5,-0.3999999999999999,94.00242601931463,5.997573980685374
-0.8,0.5,-0.29999999999999993,94.47825901702166,5.5217409829783435
-0.8,0.5,-0.19999999999999996,94.94995679739051,5.050043202609487
-0.8,0.5,-0.09999999999999998,95.41751936042121,4.58248063957879
-0.8,0.5,0.0,95.88094670611372,4.119053293886282
-0.8,0.5,0.10000000000000009,96.34023883446807,3.6597611655319326
-0.8,0.5,0.20000000000000018,96.79539574548423,3.204604254515772
-0.8,0.5,0.30000000000000004,97.24641743916223,2.7535825608377706
-0.8,0.5,0.40000000000000013,97.69330391550204,2.3066960844979576
-0.8,0.5,0.5,98.13605517450368,1.8639448254963185
-0.8,0.5,0.6000000000000001,98.57467121616716,1.425328783832839
-0.8,0.5,0.7000000000000002,99.00915204049248,0.9908479595075192
-0.8,0.5,0.8,99.43949764747961,0.5605023525203876
-0.8,0.5,0.9000000000000001,99.86570803712857,0.13429196287142986
-0.8,0.5,1.0,100.28778320943937,0.2877832094393682
-0.8,0.6000000000000001,-1.0,91.31651089224768,8.683489107752322
-0.8,0.6000000000000001,-0.9,91.81724569727281,8.18275430272719
-0.8,0.6000000000000001,-0.8,92.31384528495977,7.686154715040232
-0.8,0.6000000000000001,-0.7,92.80630965530854,7.193690344691461
-0.8,0.6000000000000001,-0.6,93.29463880831915,6.705361191680851
-0.8,0.6000000000000001,-0.5,93.77883274399159,6.221167256008414
-0.8,0.6000000000000001,-0.3999999999999999,94.25889146232585,5.741108537674151
-0.8,0.6000000000000001,-0.29999999999999993,94.73481496332194,5.265185036678062
-0.8,0.6000000000000001,-0.19999999999999996,95.20660324697985,4.793396753020147
-0.8,0.6000000000000001,-0.09999999999999998,95.67425631329961,4.325743686700392
-0.8,0.6000000000000001,0.0,96.13777416228118,3.8622258377188246
-0.8,0.6000000000000001,0.10000000000000009,96.59715679392458,3.402843206075417
-0.8,0.6000000000000001,0.20000000000000018,97.05240420822979,2.947595791770212
-0.8,0.6000000000000001,0.30000000000000004,97.50351640519683,2.4964835948031663
-0.8,0.6000000000000001,0.40000000000000013,97.95049338482572,2.0495066151742805
-0.8,0.6000000000000001,0.5,98.39333514711642,1.6066648528835827
-0.8,0.6000000000000001,0.6000000000000001,98.83204169206896,1.1679583079310447
-0.8,0.6000000000000001,0.7000000000000002,99.26661301968332,0.7333869803166806
-0.8,0.6000000000000001,0.8,99.69704912995951,0.30295087004049037
-0.8,0.6000000000000001,0.9000000000000001,100.12335002289753,0.12335002289752595
-0.8,0.6000000000000001,1.0,100.54551569849735,0.5455156984973542
-0.8,0.7000000000000002,-1.0,91.5552590195858,8.444740980414196
-0.8,0.7000000000000002,-0.9,92.05608432789998,7.943915672100019
-0.8,0.7000000000000002,-0.8,92.552774418876,7.447225581124002
-0.8,0.7000000000000002,-0.7,93.04532929251384,6.954670707486159
-0.8,0.7000000000000002,-0.6,93.5337489488135,6.466251051186504
-0.8,0.7000000000000002,-0.5,94.01803338777499,5.981966612225008
-0.8,0.7000000000000002,-0.3999999999999999,94.49818260939831,5.501817390601687
-0.8,0.7000000000000002,-0.29999999999999993,94.97419661368345,5.025803386316554
-0.8,0.7000000000000002,-0.19999999999999996,95.44607540063042,4.55392459936958
-0.8,0.7000000000000002,-0.09999999999999998,95.91381897023923,4.086181029760766
-0.8,0.7000000000000002,0.0,96.37742732250985,3.6225726774901545
-0.8,0.7000000000000002,0.10000000000000009,96.83690045744231,3.1630995425576884
-0.8,0.7000000000000002,0.20000000000000018,97.29223837503659,2.7077616249634104
-0.8,0.7000000000000002,0.30000000000000004,97.74344107529268,2.2565589247073206
-0.8,0.7000000000000002,0.40000000000000013,98.19050855821062,1.8094914417893762
-0.8,0.7000000000000002,0.5,98.63344082379038,1.3665591762096199
-0.8,0.7000000000000002,0.6000000000000001,99.07223787203196,0.9277621279680375
-0.8,0.7000000000000002,0.7000000000000002,99.50689970293539,0.4931002970646148
-0.8,0.7000000000000002,0.8,99.93742631650063,0.06257368349936598
-0.8,0.7000000000000002,0.9000000000000001,100.3638177127277,0.3638177127276947
-0.8,0.7000000000000002,1.0,100.7860738916166,0.7860738916165957
-0.8,0.8,-1.0,91.77683285098516,8.223167149014841
-0.8,0.8,-0.9,92.27774866258841,7.722251337411592
-0.8,0.8,-0.8,92.77452925685347,7.225470743146531
-0.8,0.8,-0.7,93.26717463378037,6.732825366219629
-0.8,0.8,-0.6,93.75568479336908,6.244315206630915
-0.8,0.8,-0.5,94.24005973561964,5.759940264380361
-0.8,0.8,-0.3999999999999999,94.720299460532,5.279700539467996
-0.8,0.8,-0.29999999999999993,95.19640396810621,4.80359603189379
-0.8,0.8,-0.19999999999999996,95.66837325834223,4.331626741657772
-0.8,0.8,-0.09999999999999998,96.13620733124009,3.8637926687599133
-0.8,0.8,0.0,96.59990618679977,3.400093813200229
-0.8,0.8,0.10000000000000009,97.05946982502128,2.9405301749787185
-0.8,0.8,0.20000000000000018,97.51489824590462,2.485101754095382
-0.8,0.8,0.30000000000000004,97.96619144944977,2.0338085505502335
-0.8,0.8,0.40000000000000013,98.41334943565677,1.5866505643432305
-0.8,0.8,0.5,98.85637220452557,1.1436277954744298
-0.8,0.8,0.6000000000000001,99.29525975605623,0.7047402439437747
-0.8,0.8,0.7000000000000002,99.73001209024869,0.2699879097513076
-0.8,0.8,0.8,100.160629207103,0.16062920710299977
-0.8,0.8,0.9000000000000001,100.58711110661912,0.587111106619119
-0.8,0.8,1.0,101.00945778879708,1.0094577887970786
-0.8,0.9000000000000001,-1.0,91.98123238644577,8.018767613554232
-0.8,0.9000000000000001,-0.9,92.48223870133806,7.517761298661938
-0.8,0.9000000000000001,-0.8,92.97910979889218,7.020890201107818
-0.8,0.9000000000000001,-0.7,93.47184567910814,6.528154320891858
-0.8,0.9000000000000001,-0.6,93.96044634198591,6.039553658014086
-0.8,0.9000000000000001,-0.5,94.44491178752551,5.555088212474487
-0.8,0.9000000000000001,-0.3999999999999999,94.92524201572695,5.074757984273049
-0.8,0.9000000000000001,-0.29999999999999993,95.4014370265902,4.598562973409798
-0.8,0.9000000000000001,-0.19999999999999996,95.87349682011528,4.126503179884722
-0.8,0.9000000000000001,-0.09999999999999998,96.3414213963022,3.658578603697805
-0.8,0.9000000000000001,0.0,96.80521075515094,3.194789244849062
-0.8,0.9000000000000001,0.10000000000000009,97.2648648966615,2.735135103338493
-0.8,0.9000000000000001,0.20000000000000018,97.72038382083389,2.279616179166112
-0.8,0.9000000000000001,0.30000000000000004,98.1717675276681,1.828232472331905
-0.8,0.9000000000000001,0.40000000000000013,98.61901601716416,1.3809839828358434
-0.8,0.9000000000000001,0.5,99.06212928932202,0.9378707106779842
-0.8,0.9000000000000001,0.6000000000000001,99.50110734414172,0.4988926558582847
-0.8,0.9000000000000001,0.7000000000000002,99.93595018162324,0.06404981837675905
-0.8,0.9000000000000001,0.8,100.3666578017666,0.3666578017666069
-0.8,0.9000000000000001,0.9000000000000001,100.79323020457178,0.7932302045717847
-0.8,0.9000000000000001,1.0,101.21566739003879,1.2156673900387887
-0.8,1.0,-1.0,92.16845762596762,7.831542374032381
-0.8,1.0,-0.9,92.66955444414897,7.330445555851028
-0.8,1.0,-0.8,93.16651604499215,6.83348395500785
-0.8,1.0,-0.7,93.65934242849715,6.340657571502845
-0.8,1.0,-0.6,94.14803359466399,5.8519664053360145
-0.8,1.0,-0.5,94.63258954349264,5.367410456507358
-0.8,1.0,-0.3999999999999999,95.11301027498313,4.886989725016875
-0.8,1.0,-0.29999999999999993,95.58929578913543,4.410704210864566
-0.8,1.0,-0.19999999999999996,96.06144608594957,3.9385539140504306
-0.8,1.0,-0.09999999999999998,96.52946116542554,3.4705388345744552
-0.8,1.0,0.0,96.99334102756333,3.006658972436668
-0.8,1.0,0.10000000000000009,97.45308567236296,2.5469143276370403
-0.8,1.0,0.20000000000000018,97.9086950998244,2.091304900175601
-0.8,1.0,0.30000000000000004,98.36016930994766,1.6398306900523352
-0.8,1.0,0.40000000000000013,98.80750830273277,1.1924916972672293
-0.8,1.0,0.5,99.2507120781797,0.7492879218202972
-0.8,1.0,0.6000000000000001,99.68978063628846,0.31021936371153913
-0.8,1.0,0.7000000000000002,100.12471397705905,0.12471397705904508
-0.8,1.0,0.8,100.55551210049146,0.5555121004914554
-0.8,1.0,0.9000000000000001,100.98217500658569,0.9821750065856918
-0.8,1.0,1.0,101.40470269534177,1.4047026953417685
-0.7,-1.0,-1.0,85.70292179321885,14.297078206781151
-0.7,-1.0,-0.9,86.20281320739628,13.797186792603725
-0.7,-1.0,-0.8,86.69856940423556,13.301430595764444
-0.7,-1.0,-0.7,87.19019038373665,12.809809616263351
-0.7,-1.0,-0.6,87.67767614589958,12.322323854100418
-0.7,-1.0,-0.5,88.16102669072433,11.838973309275673
-0.7,-1.0,-0.3999999999999999,88.64024201821093,11.359757981789073
-0.7,-1.0,-0.29999999999999993,89.11532212835931,10.88467787164069
-0.7,-1.0,-0.19999999999999996,89.58626702116955,10.413732978830453
-0.7,-1.0,-0.09999999999999998,90.05307669664161,9.946923303358389
-0.7,-1.0,0.0,90.5157511547755,9.4842488452245
-0.7,-1.0,0.10000000000000009,90.97429039557122,9.025709604428783
-0.7,-1.0,0.20000000000000018,91.42869441902876,8.571305580971242
-0.7,-1.0,0.30000000000000004,91.87896322514813,8.121036774851873
-0.7,-1.0,0.40000000000000013,92.32509681392933,7.674903186070665
-0.7,-1.0,0.5,92.76709518537233,7.232904814627673
-0.7,-1.0,0.6000000000000001,93.20495833947719,6.795041660522813
-0.7,-1.0,0.7000000000000002,93.63868627624386,6.36131372375614
-0.7,-1.0,0.8,94.06827899567237,5.931721004327628
-0.7,-1.0,0.9000000000000001,94.4937364977627,5.506263502237303
-0.7,-1.0,1.0,94.91505878251488,5.084941217485124
-0.7,-0.9,-1.0,86.21753674212351,13.782463257876486
-0.7,-0.9,-0.9,86.71751865959,13.282481340410001
-0.7,-0.9,-0.8,87.21336535971834,12.786634640281662
-0.7,-0.9,-0.7,87.70507684250849,12.29492315749151
-0.7,-0.9,-0.6,88.19265310796047,11.807346892039533
-0.7,-0.9,-0.5,88.67609415607429,11.323905843925715
-0.7,-0.9,-0.3999999999999999,89.15539998684993,10.844600013150071
-0.7,-0.9,-0.29999999999999993,89.63057060028737,10.36942939971263
-0.7,-0.9,-0.19999999999999996,90.10160599638665,9.898394003613348
-0.7,-0.9,-0.09999999999999998,90.56850617514779,9.431493824852211
-0.7,-0.9,0.0,91.03127113657072,8.968728863429277
-0.7,-0.9,0.10000000000000009,91.4899008806555,8.510099119344503
-0.7,-0.9,0.20000000000000018,91.9443954074021,8.055604592597902
-0.7,-0.9,0.30000000000000004,92.39475471681052,7.6052452831894755
-0.7,-0.9,0.40000000000000013,92.84097880888078,7.159021191119223
-0.7,-0.9,0.5,93.28306768361283,6.716932316387172
-0.7,-0.9,0.6000000000000001,93.72102134100675,6.278978658993253
-0.7,-0.9,0.7000000000000002,94.15483978106248,5.845160218937522
-0.7,-0.9,0.8,94.58452300378003,5.415476996219965
-0.7,-0.9,0.9000000000000001,95.01007100915943,4.989928990840568
-0.7,-0.9,1.0,95.43148379720066,4.568516202799344
-0.7,-0.8,-1.0,86.7149773950894,13.285022604910594
-0.7,-0.8,-0.9,87.21504981584496,12.784950184155036
-0.7,-0.8,-0.8,87.71098701926236,12.289012980737638
-0.7,-0.8,-0.7,88.20278900534157,11.797210994658428
-0.7,-0.8,-0.6,88.69045577408261,11.309544225917392
-0.7,-0.8,-0.5,89.17398732548547,10.82601267451453
-0.7,-0.8,-0.3999999999999999,89.65338365955017,10.346616340449827
-0.7,-0.8,-0.29999999999999993,90.12864477627667,9.871355223723327
-0.7,-0.8,-0.19999999999999996,90.59977067566501,9.400229324334987
-0.7,-0.8,-0.09999999999999998,91.0667613577152,8.933238642284806
-0.7,-0.8,0.0,91.52961682242719,8.470383177572813
-0.7,-0.8,0.10000000000000009,91.98833706980102,8.01166293019898
-0.7,-0.8,0.20000000000000018,92.44292209983666,7.5570779001633355
-0.7,-0.8,0.30000000000000004,92.89337191253415,7.10662808746585
-0.7,-0.8,0.40000000000000013,93.33968650789348,6.660313492106525
-0.7,-0.8,0.5,93.78186588591458,6.218134114085416
-0.7,-0.8,0.6000000000000001,94.21991004659755,5.780089953402452
-0.7,-0.8,0.7000000000000002,94.65381898994234,5.346181010057663
-0.7,-0.8,0.8,95.08359271594895,4.916407284051047
-0.7,-0.8,0.9000000000000001,95.5092312246174,4.490768775382605
-0.7,-0.8,1.0,95.93073451594766,4.0692654840523375
-0.7,-0.7,-1.0,87.19524375211657,12.804756247883432
-0.7,-0.7,-0.9,87.69540667616117,12.30459332383883
-0.7,-0.7,-0.8,88.19143438286761,11.808565617132388
-0.7,-0.7,-0.7,88.68332687223588,11.316673127764119
-0.7,-0.7,-0.6,89.17108414426598,10.828915855734024
-0.7,-0.7,-0.5,89.6547061989579,10.345293801042104
-0.7,-0.7,-0.3999999999999999,90.13419303631166,9.865806963688343
-0.7,-0.7,-0.29999999999999993,90.60954465632722,9.390455343672784
-0.7,-0.7,-0.19999999999999996,91.08076105900462,8.919238940995385
-0.7,-0.7,-0.09999999999999998,91.54784224434385,8.452157755656145
-0.7,-0.7,0.0,92.01078821234489,7.989211787655108
-0.7,-0.7,0.10000000000000009,92.46959896300778,7.530401036992217
-0.7,-0.7,0.20000000000000018,92.92427449633249,7.075725503667513
-0.7,-0.7,0.30000000000000004,93.37481481231903,6.6251851876809695
-0.7,-0.7,0.40000000000000013,93.8212199109674,6.1787800890326
-0.7,-0.7,0.5,94.26348979227757,5.736510207722432
-0.7,-0.7,0.6000000000000001,94.70162445624959,5.29837554375041
-0.7,-0.7,0.7000000000000002,95.13562390288344,4.864376097116562
-0.7,-0.7,0.8,95.5654881321791,4.434511867820902
-0.7,-0.7,0.9000000000000001,95.9912171441366,4.0087828558634016
-0.7,-0.7,1.0,96.41281093875594,3.587189061244061
-0.7,-0.6,-1.0,87.65833581320496,12.341664186795043
-0.7,-0.6,-0.9,88.15858924053862,11.841410759461382
-0.7,-0.6,-0.8,88.65470745053412,11.345292549465881
-0.7,-0.6,-0.7,89.14669044319145,10.853309556808554
-0.7,-0.6,-0.6,89.6345382185106,10.365461781489401
-0.7,-0.6,-0.5,90.11825077649156,9.881749223508436
-0.7,-0.6,-0.3999999999999999,90.59782811713438,9.402171882865616
-0.7,-0.6,-0.29999999999999993,91.073270240439,8.926729759560999
-0.7,-0.6,-0.19999999999999996,91.54457714640544,8.455422853594555
-0.7,-0.6,-0.09999999999999998,92.01174883503374,7.9882511649662575
-0.7,-0.6,0.0,92.47478530632385,7.525214693676148
-0.7,-0.6,0.10000000000000009,92.93368656027579,7.066313439724212
-0.7,-0.6,0.20000000000000018,93.38845259688955,6.61154740311045
-0.7,-0.6,0.30000000000000004,93.83908341616515,6.160916583834847
-0.7,-0.6,0.40000000000000013,94.28557901810257,5.714420981897433
-0.7,-0.6,0.5,94.7279394027018,5.272060597298207
-0.7,-0.6,0.6000000000000001,95.16616456996287,4.8338354300371265
-0.7,-0.6,0.7000000000000002,95.60025451988577,4.399745480114234
-0.7,-0.6,0.8,96.0302092524705,3.969790747529501
-0.7,-0.6,0.9000000000000001,96.45602876771706,3.543971232282942
-0.7,-0.6,1.0,96.87771306562544,3.122286934374557
-0.7,-0.5,-1.0,88.10425357835462,11.895746421645384
-0.7,-0.5,-0.9,88.60459750897733,11.395402491022665
-0.7,-0.5,-0.8,89.10080622226188,10.89919377773812
-0.7,-0.5,-0.7,89.59287971820825,10.407120281791748
-0.7,-0.5,-0.6,90.08081799681646,9.919182003183536
-0.7,-0.5,-0.5,90.56462105808649,9.435378941913513
-0.7,-0.5,-0.3999999999999999,91.04428890201837,8.955711097981634
-0.7,-0.5,-0.29999999999999993,91.51982152861203,8.480178471387973
-0.7,-0.5,-0.19999999999999996,91.99121893786754,8.008781062132456
-0.7,-0.5,-0.09999999999999998,92.45848112978489,7.541518870215114
-0.7,-0.5,0.0,92.92160810436405,7.078391895635946
-0.7,-0.5,0.10000000000000009,93.38059986160505,6.619400138394951
-0.7,-0.5,0.20000000000000018,93.83545640150787,6.164543598492131
-0.7,-0.5,0.30000000000000004,94.28617772407252,5.713822275927484
-0.7,-0.5,0.40000000000000013,94.732763829299,5.267236170700997
-0.7,-0.5,0.5,95.17521471718727,4.8247852828127265
-0.7,-0.5,0.6000000000000001,95.61353038773741,4.386469612262587
-0.7,-0.5,0.7000000000000002,96.04771084094936,3.952289159050636
-0.7,-0.5,0.8,96.47775607682316,3.5222439231768448
-0.7,-0.5,0.9000000000000001,96.90366609535876,3.0963339046412415
-0.7,-0.5,1.0,97.32544089655622,2.6745591034437837
-0.7,-0.3999999999999999,-1.0,88.53299704756549,11.467002952434513
-0.7,-0.3999999999999999,-0.9,89.03343148147727,10.966568518522735
-0.7,-0.3999999999999999,-0.8,89.52973069805087,10.47026930194913
-0.7,-0.3999999999999999,-0.7,90.0218946972863,9.9781053027137
-0.7,-0.3999999999999999,-0.6,90.50992347918356,9.490076520816444
-0.7,-0.3999999999999999,-0.5,90.99381704374265,9.006182956257348
-0.7,-0.3999999999999999,-0.3999999999999999,91.47357539096357,8.526424609036425
-0.7,-0.3999999999999999,-0.29999999999999993,91.9491985208463,8.050801479153705
-0.7,-0.3999999999999999,-0.19999999999999996,92.42068643339086,7.5793135666091445
-0.7,-0.3999999999999999,-0.09999999999999998,92.88803912859727,7.111960871402729
-0.7,-0.3999999999999999,0.0,93.35125660646548,6.648743393534517
-0.7,-0.3999999999999999,0.10000000000000009,93.81033886699554,6.1896611330044635
-0.7,-0.3999999999999999,0.20000000000000018,94.26528591018742,5.734714089812584
-0.7,-0.3999999999999999,0.30000000000000004,94.71609773604112,5.283902263958879
-0.7,-0.3999999999999999,0.40000000000000013,95.16277434455665,4.837225655443348
-0.7,-0.3999999999999999,0.5,95.60531573573398,4.394684264266019
-0.7,-0.3999999999999999,0.6000000000000001,96.04372190957318,3.956278090426821
-0.7,-0.3999999999999999,0.7000000000000002,96.47799286607419,3.522007133925811
-0.7,-0.3999999999999999,0.8,96.90812860523702,3.0918713947629755
-0.7,-0.3999999999999999,0.9000000000000001,97.33412912706169,2.6658708729383136
-0.7,-0.3999999999999999,1.0,97.7559944315482,2.244005568451797
-0.7,-0.29999999999999993,-1.0,88.9445662208376,11.0554337791624
-0.7,-0.29999999999999993,-0.9,89.44509115803844,10.554908841961563
-0.7,-0.29999999999999993,-0.8,89.9414808779011,10.0585191220989
-0.7,-0.29999999999999993,-0.7,90.43373538042559,9.566264619574412
-0.7,-0.29999999999999993,-0.6,90.9218546656119,9.078145334388097
-0.7,-0.29999999999999993,-0.5,91.40583873346004,8.594161266539956
-0.7,-0.29999999999999993,-0.3999999999999999,91.88568758397003,8.114312416029975
-0.7,-0.29999999999999993,-0.29999999999999993,92.3614012171418,7.638598782858196
-0.7,-0.29999999999999993,-0.19999999999999996,92.83297963297542,7.167020367024577
-0.7,-0.29999999999999993,-0.09999999999999998,93.30042283147088,6.699577168529117
-0.7,-0.29999999999999993,0.0,93.76373081262815,6.236269187371846
-0.7,-0.29999999999999993,0.10000000000000009,94.22290357644727,5.7770964235527344
-0.7,-0.29999999999999993,0.20000000000000018,94.67794112292819,5.322058877071811
-0.7,-0.29999999999999993,0.30000000000000004,95.12884345207095,4.871156547929047
-0.7,-0.29999999999999993,0.40000000000000013,95.57561056387554,4.424389436124457
-0.7,-0.29999999999999993,0.5,96.01824245834193,3.9817575416580695
-0.7,-0.29999999999999993,0.6000000000000001,96.45673913547019,3.543260864529813
-0.7,-0.29999999999999993,0.7000000000000002,96.89110059526026,3.108899404739745
-0.7,-0.29999999999999993,0.8,97.32132683771215,2.6786731622878506
-0.7,-0.29999999999999993,0.9000000000000001,97.74741786282587,2.25258213717413
-0.7,-0.29999999999999993,1.0,98.16937367060143,1.8306263293985694
-0.7,-0.19999999999999996,-1.0,89.33896109817096,10.661038901829045
-0.7,-0.19999999999999996,-0.9,89.83957653866085,10.16042346133915
-0.7,-0.19999999999999996,-0.8,90.33605676181256,9.663943238187443
-0.7,-0.19999999999999996,-0.7,90.8284017676261,9.171598232373896
-0.7,-0.19999999999999996,-0.6,91.31661155610148,8.683388443898522
-0.7,-0.19999999999999996,-0.5,91.80068612723868,8.199313872761323
-0.7,-0.19999999999999996,-0.3999999999999999,92.28062548103772,7.719374518962283
-0.7,-0.19999999999999996,-0.29999999999999993,92.75642961749855,7.243570382501446
-0.7,-0.19999999999999996,-0.19999999999999996,93.22809853662123,6.771901463378768
-0.7,-0.19999999999999996,-0.09999999999999998,93.69563223840574,6.304367761594264
-0.7,-0.19999999999999996,0.0,94.15903072285207,5.840969277147934
-0.7,-0.19999999999999996,0.10000000000000009,94.61829398996024,5.381706010039764
-0.7,-0.19999999999999996,0.20000000000000018,95.07342203973022,4.926577960269782
-0.7,-0.19999999999999996,0.30000000000000004,95.52441487216204,4.4755851278379595
-0.7,-0.19999999999999996,0.40000000000000013,95.97127248725569,4.028727512744311
-0.7,-0.19999999999999996,0.5,96.41399488501114,3.5860051149888648
-0.7,-0.19999999999999996,0.6000000000000001,96.85258206542844,3.147417934571564
-0.7,-0.19999999999999996,0.7000000000000002,97.28703402850755,2.7129659714924514
-0.7,-0.19999999999999996,0.8,97.7173507742485,2.2826492257514985
-0.7,-0.19999999999999996,0.9000000000000001,98.14353230265128,1.8564676973487195
-0.7,-0.19999999999999996,1.0,98.5655786137159,1.4344213862841002
-0.7,-0.09999999999999998,-1.0,89.71618167956555,10.283818320434449
-0.7,-0.09999999999999998,-0.9,90.2168876233445,9.783112376655495
-0.7,-0.09999999999999998,-0.8,90.71345834978527,9.28654165021473
-0.7,-0.09999999999999998,-0.7,91.20589385888788,8.794106141112124
-0.7,-0.09999999999999998,-0.6,91.69419415065231,8.305805849347692
-0.7,-0.09999999999999998,-0.5,92.17835922507855,7.821640774921448
-0.7,-0.09999999999999998,-0.3999999999999999,92.65838908216665,7.34161091783335
-0.7,-0.09999999999999998,-0.29999999999999993,93.13428372191655,6.865716278083454
-0.7,-0.09999999999999998,-0.19999999999999996,93.60604314432827,6.393956855671732
-0.7,-0.09999999999999998,-0.09999999999999998,94.07366734940184,5.926332650598155
-0.7,-0.09999999999999998,0.0,94.53715633713723,5.462843662862767
-0.7,-0.09999999999999998,0.10000000000000009,94.99651010753445,5.003489892465552
-0.7,-0.09999999999999998,0.20000000000000018,95.45172866059349,4.5482713394065115
-0.7,-0.09999999999999998,0.30000000000000004,95.90281199631437,4.0971880036856305
-0.7,-0.09999999999999998,0.40000000000000013,96.34976011469706,3.6502398853029376
-0.7,-0.09999999999999998,0.5,96.79257301574157,3.207426984258433
-0.7,-0.09999999999999998,0.6000000000000001,97.23125069944791,2.768749300552088
-0.7,-0.09999999999999998,0.7000000000000002,97.6657931658161,2.3342068341839024
-0.7,-0.09999999999999998,0.8,98.09620041484611,1.903799585153891
-0.7,-0.09999999999999998,0.9000000000000001,98.52247244653793,1.4775275534620675
-0.7,-0.09999999999999998,1.0,98.94460926089161,1.0553907391083897
-0.7,0.0,-1.0,90.07622796502139,9.923772034978612
-0.7,0.0,-0.9,90.5770244120894,9.4229755879106
-0.7,0.0,-0.8,91.07368564181922,8.926314358180775
-0.7,0.0,-0.7,91.56621165421089,8.433788345789111
-0.7,0.0,-0.6,92.05460244926437,7.945397550735635
-0.7,0.0,-0.5,92.53885802697967,7.461141973020332
-0.7,0.0,-0.3999999999999999,93.01897838735682,6.9810216126431754
-0.7,0.0,-0.29999999999999993,93.49496353039576,6.505036469604235
-0.7,0.0,-0.19999999999999996,93.96681345609656,6.03318654390344
-0.7,0.0,-0.09999999999999998,94.43452816445918,5.565471835540819
-0.7,0.0,0.0,94.89810765548363,5.101892344516372
-0.7,0.0,0.10000000000000009,95.3575519291699,4.642448070830099
-0.7,0.0,0.20000000000000018,95.812860985518,4.187139014482
-0.7,0.0,0.30000000000000004,96.26403482452793,3.7359651754720744
-0.7,0.0,0.40000000000000013,96.71107344619969,3.2889265538003087
-0.7,0.0,0.5,97.15397685053324,2.8460231494667596
-0.7,0.0,0.6000000000000001,97.59274503752864,2.407254962471356
-0.7,0.0,0.7000000000000002,98.02737800718589,1.972621992814112
-0.7,0.0,0.8,98.45787575950494,1.5421242404950561
-0.7,0.0,0.9000000000000001,98.88423829448584,1.11576170551416
-0.7,0.0,1.0,99.30646561212856,0.6935343878714377
-0.7,0.10000000000000009,-1.0,90.41909995453847,9.580900045461533
-0.7,0.10000000000000009,-0.9,90.91998690489554,9.080013095104462
-0.7,0.10000000000000009,-0.8,91.41673863791442,8.58326136208558
-0.7,0.10000000000000009,-0.7,91.90935515359513,8.09064484640487
-0.7,0.10000000000000009,-0.6,92.39783645193766,7.602163548062336
-0.7,0.10000000000000009,-0.5,92.88218253294204,7.117817467057961
-0.7,0.10000000000000009,-0.3999999999999999,93.36239339660824,6.63760660339176
-0.7,0.10000000000000009,-0.29999999999999993,93.83846904293624,6.161530957063761
-0.7,0.10000000000000009,-0.19999999999999996,94.31040947192608,5.689590528073921
-0.7,0.10000000000000009,-0.09999999999999998,94.77821468357777,5.221785316422228
-0.7,0.10000000000000009,0.0,95.24188467789126,4.758115322108736
-0.7,0.10000000000000009,0.10000000000000009,95.7014194548666,4.2985805451334045
-0.7,0.10000000000000009,0.20000000000000018,96.15681901450374,3.843180985496261
-0.7,0.10000000000000009,0.30000000000000004,96.60808335680274,3.3919166431972627
-0.7,0.10000000000000009,0.40000000000000013,97.05521248176355,2.9447875182364527
-0.7,0.10000000000000009,0.5,97.49820638938616,2.501793610613845
-0.7,0.10000000000000009,0.6000000000000001,97.93706507967062,2.0629349203293827
-0.7,0.10000000000000009,0.7000000000000002,98.37178855261692,1.6282114473830802
-0.7,0.10000000000000009,0.8,98.80237680822503,1.1976231917749658
-0.7,0.10000000000000009,0.9000000000000001,99.22882984649497,0.7711701535050253
-0.7,0.10000000000000009,1.0,99.65114766742674,0.34885233257325865
-0.7,0.20000000000000018,-1.0,90.7447976481168,9.255202351883199
-0.7,0.20000000000000018,-0.9,91.24577510176292,8.754224898237084
-0.7,0.20000000000000018,-0.8,91.74261733807086,8.257382661929142
-0.7,0.20000000000000018,-0.7,92.23532435704062,7.764675642959375
-0.7,0.20000000000000018,-0.6,92.72389615867222,7.276103841327782
-0.7,0.20000000000000018,-0.5,93.20833274296564,6.791667257034362
-0.7,0.20000000000000018,-0.3999999999999999,93.6886341099209,6.311365890079102
-0.7,0.20000000000000018,-0.29999999999999993,94.16480025953796,5.835199740462045
-0.7,0.20000000000000018,-0.19999999999999996,94.63683119181685,5.363168808183147
-0.7,0.20000000000000018,-0.09999999999999998,95.10472690675759,4.895273093242409
-0.7,0.20000000000000018,0.0,95.56848740436014,4.431512595639859
-0.7,0.20000000000000018,0.10000000000000009,96.02811268462453,3.9718873153754686
-0.7,0.20000000000000018,0.20000000000000018,96.48360274755073,3.5163972524492664
-0.7,0.20000000000000018,0.30000000000000004,96.93495759313878,3.065042406861224
-0.7,0.20000000000000018,0.40000000000000013,97.38217722138864,2.6178227786113553
-0.7,0.20000000000000018,0.5,97.82526163230031,2.174738367699689
-0.7,0.20000000000000018,0.6000000000000001,98.26421082587383,1.7357891741261682
-0.7,0.20000000000000018,0.7000000000000002,98.69902480210918,1.3009751978908213
-0.7,0.20000000000000018,0.8,99.12970356100637,0.8702964389936341
-0.7,0.20000000000000018,0.9000000000000001,99.55624710256537,0.443752897434635
-0.7,0.20000000000000018,1.0,99.97865542678619,0.02134457321380978
-0.7,0.30000000000000004,-1.0,91.05332104575638,8.946678954243623
-0.7,0.30000000000000004,-0.9,91.55438900269154,8.445610997308464
-0.7,0.30000000000000004,-0.8,92.05132174228852,7.948678257711478
-0.7,0.30000000000000004,-0.7,92.54411926454735,7.455880735452652
-0.7,0.30000000000000004,-0.6,93.032781569468,6.967218430532
-0.7,0.30000000000000004,-0.5,93.51730865705048,6.482691342949522
-0.7,0.30000000000000004,-0.3999999999999999,93.9977005272948,6.002299472705204
-0.7,0.30000000000000004,-0.29999999999999993,94.47395718020091,5.526042819799088
-0.7,0.30000000000000004,-0.19999999999999996,94.94607861576887,5.053921384231131
-0.7,0.30000000000000004,-0.09999999999999998,95.41406483399865,4.585935166001349
-0.7,0.30000000000000004,0.0,95.87791583489026,4.12208416510974
-0.7,0.30000000000000004,0.10000000000000009,96.33763161844371,3.6623683815562913
-0.7,0.30000000000000004,0.20000000000000018,96.79321218465897,3.2067878153410305
-0.7,0.30000000000000004,0.30000000000000004,97.24465753353607,2.7553424664639294
-0.7,0.30000000000000004,0.40000000000000013,97.691967665075,2.3080323349250023
-0.7,0.30000000000000004,0.5,98.13514257927572,1.8648574207242774
-0.7,0.30000000000000004,0.6000000000000001,98.57418227613829,1.4258177238617122
-0.7,0.30000000000000004,0.7000000000000002,99.0090867556627,0.9909132443373068
-0.7,0.30000000000000004,0.8,99.43985601784892,0.5601439821510752
-0.7,0.30000000000000004,0.9000000000000001,99.86649006269698,0.13350993730301752
-0.7,0.30000000000000004,1.0,100.28898889020687,0.28898889020686624
-0.7,0.40000000000000013,-1.0,91.34467014745717,8.655329852542835
-0.7,0.40000000000000013,-0.9,91.8458286076814,8.154171392318602
-0.7,0.40000000000000013,-0.8,92.34285185056744,7.657148149432558
-0.7,0.40000000000000013,-0.7,92.83573987611533,7.164260123884674
-0.7,0.40000000000000013,-0.6,93.32449268432504,6.675507315674963
-0.7,0.40000000000000013,-0.5,93.80911027519656,6.190889724803441
-0.7,0.40000000000000013,-0.3999999999999999,94.28959264872994,5.710407351270064
-0.7,0.40000000000000013,-0.29999999999999993,94.76593980492511,5.234060195074889
-0.7,0.40000000000000013,-0.19999999999999996,95.23815174378211,4.761848256217888
-0.7,0.40000000000000013,-0.09999999999999998,95.70622846530097,4.293771534699033
-0.7,0.40000000000000013,0.0,96.17016996948162,3.82983003051838
-0.7,0.40000000000000013,0.10000000000000009,96.62997625632413,3.3700237436758727
-0.7,0.40000000000000013,0.20000000000000018,97.08564732582845,2.9143526741715533
-0.7,0.40000000000000013,0.30000000000000004,97.53718317799459,2.462816822005408
-0.7,0.40000000000000013,0.40000000000000013,97.98458381282258,2.015416187177422
-0.7,0.40000000000000013,0.5,98.42784923031236,1.5721507696876387
-0.7,0.40000000000000013,0.6000000000000001,98.86697943046399,1.133020569536015
-0.7,0.40000000000000013,0.7000000000000002,99.30197441327745,0.6980255867225509
-0.7,0.40000000000000013,0.8,99.73283417875274,0.26716582124726074
-0.7,0.40000000000000013,0.9000000000000001,100.15955872688984,0.1595587268898413
-0.7,0.40000000000000013,1.0,100.58214805768878,0.5821480576887836
-0.7,0.5,-1.0,91.61884495321922,8.381155046780776
-0.7,0.5,-0.9,92.1200939167325,7.8799060832675
-0.7,0.5,-0.8,92.6172076629076,7.382792337092397
-0.7,0.5,-0.7,93.11018619174455,6.889813808255454
-0.7,0.5,-0.6,93.5990295032433,6.400970496756699
-0.7,0.5,-0.5,94.08373759740388,5.916262402596118
-0.7,0.5,-0.3999999999999999,94.56431047422632,5.435689525773682
-0.7,0.5,-0.29999999999999993,95.04074813371054,4.959251866289463
-0.7,0.5,-0.19999999999999996,95.51305057585661,4.48694942414339
-0.7,0.5,-0.09999999999999998,95.98121780066451,4.01878219933549
-0.7,0.5,0.0,96.44524980813424,3.5547501918657645
-0.7,0.5,0.10000000000000009,96.90514659826579,3.0948534017342126
-0.7,0.5,0.20000000000000018,97.36090817105917,2.6390918289408347
-0.7,0.5,0.30000000000000004,97.81253452651437,2.1874654734856307
-0.7,0.5,0.40000000000000013,98.2600256646314,1.7399743353686006
-0.7,0.5,0.5,98.70338158541024,1.2966184145897586
-0.7,0.5,0.6000000000000001,99.14260228885092,0.8573977111490763
-0.7,0.5,0.7000000000000002,99.57768777495345,0.42231222504655364
-0.7,0.5,0.8,100.00863804371778,0.008638043717780874
-0.7,0.5,0.9000000000000001,100.43545309514396,0.4354530951439557
-0.7,0.5,1.0,100.85813292923194,0.8581329292319424
-0.7,0.6000000000000001,-1.0,91.87584546304251,8.12415453695749
-0.7,0.6000000000000001,-0.9,92.37718492984486,7.622815070155141
-0.7,0.6000000000000001,-0.8,92.87438917930902,7.12561082069098
-0.7,0.6000000000000001,-0.7,93.36745821143501,6.632541788564993
-0.7,0.6000000000000001,-0.6,93.85639202622282,6.143607973777179
-0.7,0.6000000000000001,-0.5,94.34119062367247,5.658809376327525
-0.7,0.6000000000000001,-0.3999999999999999,94.82185400378395,5.178145996216045
-0.7,0.6000000000000001,-0.29999999999999993,95.29838216655723,4.701617833442768
-0.7,0.6000000000000001,-0.19999999999999996,95.77077511199235,4.22922488800765
-0.7,0.6000000000000001,-0.09999999999999998,96.23903284008932,3.7609671599106775
-0.7,0.6000000000000001,0.0,96.70315535084809,3.2968446491519074
-0.7,0.6000000000000001,0.10000000000000009,97.1631426442687,2.836857355731297
-0.7,0.6000000000000001,0.20000000000000018,97.61899472035113,2.3810052796488748
-0.7,0.6000000000000001,0.30000000000000004,98.0707115790954,1.929288420904598
-0.7,0.6000000000000001,0.40000000000000013,98.51829322050149,1.4817067794985093
-0.7,0.6000000000000001,0.5,98.96173964456938,1.038260355430623
-0.7,0.6000000000000001,0.6000000000000001,99.40105085129912,0.598949148700882
-0.7,0.6000000000000001,0.7000000000000002,99.8362268406907,0.1637731593093008
-0.7,0.6000000000000001,0.8,100.26726761274409,0.2672676127440923
-0.7,0.6000000000000001,0.9000000000000001,100.69417316745931,0.6941731674593115
-0.7,0.6000000000000001,1.0,101.11694350483636,1.1169435048363567
-0.7,0.7000000000000002,-1.0,92.11567167692705,7.88432832307295
-0.7,0.7000000000000002,-0.9,92.61710164701844,7.382898352981556
-0.7,0.7000000000000002,-0.8,93.11439639977166,6.885603600228336
-0.7,0.7000000000000002,-0.7,93.60755593518671,6.39244406481329
-0.7,0.7000000000000002,-0.6,94.09658025326358,5.903419746736418
-0.7,0.7000000000000002,-0.5,94.58146935400228,5.41853064599772
-0.7,0.7000000000000002,-0.3999999999999999,95.06222323740282,4.937776762597181
-0.7,0.7000000000000002,-0.29999999999999993,95.53884190346515,4.461158096534845
-0.7,0.7000000000000002,-0.19999999999999996,96.01132535218933,3.9886746478106687
-0.7,0.7000000000000002,-0.09999999999999998,96.47967358357535,3.520326416424652
-0.7,0.7000000000000002,0.0,96.94388659762318,3.0561134023768233
-0.7,0.7000000000000002,0.10000000000000009,97.40396439433285,2.5960356056671543
-0.7,0.7000000000000002,0.20000000000000018,97.85990697370433,2.1400930262956734
-0.7,0.7000000000000002,0.30000000000000004,98.31171433573765,1.6882856642623523
-0.7,0.7000000000000002,0.40000000000000013,98.7593864804328,1.240613519567205
-0.7,0.7000000000000002,0.5,99.20292340778974,0.7970765922102601
-0.7,0.7000000000000002,0.6000000000000001,99.64232511780854,0.3576748821914606
-0.7,0.7000000000000002,0.7000000000000002,100.07759161048916,0.07759161048916496
-0.7,0.7000000000000002,0.8,100.50872288583162,0.5087228858316166
-0.7,0.7000000000000002,0.9000000000000001,100.9357189438359,0.9357189438358944
-0.7,0.7000000000000002,1.0,101.358579784502,1.3585797845019982
-0.7,0.8,-1.0,92.33832359487282,7.6616764051271815
-0.7,0.8,-0.9,92.83984406825327,7.160155931746729
-0.7,0.8,-0.8,93.33722932429555,6.662770675704451
-0.7,0.8,-0.7,93.83047936299964,6.16952063700036
-0.7,0.8,-0.6,94.31959418436557,5.68040581563443
-0.7,0.8,-0.5,94.80457378839333,5.195426211606673
-0.7,0.8,-0.3999999999999999,95.28541817508292,4.714581824917076
-0.7,0.8,-0.29999999999999993,95.76212734443432,4.237872655565681
-0.7,0.8,-0.19999999999999996,96.23470129644755,3.765298703552446
-0.7,0.8,-0.09999999999999998,96.70314003112262,3.296859968877385
-0.7,0.8,0.0,97.1674435484595,2.8325564515404977
-0.7,0.8,0.10000000000000009,97.62761184845823,2.37238815154177
-0.7,0.8,0.20000000000000018,98.08364493111877,1.9163550688812307
-0.7,0.8,0.30000000000000004,98.53554279644115,1.464457203558851
-0.7,0.8,0.40000000000000013,98.98330544442535,1.0166945555746452
-0.7,0.8,0.5,99.42693287507134,0.5730671249286559
-0.7,0.8,0.6000000000000001,99.8664250883792,0.13357491162079782
-0.7,0.8,0.7000000000000002,100.30178208434889,0.3017820843488863
-0.7,0.8,0.8,100.7330038629804,0.7330038629803965
-0.7,0.8,0.9000000000000001,101.16009042427373,1.1600904242737329
-0.7,0.8,1.0,101.5830417682289,1.5830417682288953
-0.7,0.9000000000000001,-1.0,92.54380121687983,7.456198783120172
-0.7,0.9000000000000001,-0.9,93.04541219354934,6.954587806450661
-0.7,0.9000000000000001,-0.8,93.54288795288066,6.457112047119338
-0.7,0.9000000000000001,-0.7,94.03622849487382,5.963771505126175
-0.7,0.9000000000000001,-0.6,94.52543381952881,5.474566180471186
-0.7,0.9000000000000001,-0.5,95.01050392684562,4.989496073154385
-0.7,0.9000000000000001,-0.3999999999999999,95.49143881682427,4.508561183175729
-0.7,0.9000000000000001,-0.29999999999999993,95.96823848946472,4.031761510535276
-0.7,0.9000000000000001,-0.19999999999999996,96.440902944767,3.5590970552329964
-0.7,0.9000000000000001,-0.09999999999999998,96.90943218273114,3.0905678172688624
-0.7,0.9000000000000001,0.0,97.37382620335707,2.626173796642931
-0.7,0.9000000000000001,0.10000000000000009,97.83408500664486,2.1659149933551447
-0.7,0.9000000000000001,0.20000000000000018,98.29020859259445,1.7097914074055467
-0.7,0.9000000000000001,0.30000000000000004,98.74219696120588,1.2578030387941226
-0.7,0.9000000000000001,0.40000000000000013,99.19005011247914,0.8099498875208582
-0.7,0.9000000000000001,0.5,99.6337680464142,0.3662319535857961
-0.7,0.9000000000000001,0.6000000000000001,100.0733507630111,0.07335076301110632
-0.7,0.9000000000000001,0.7000000000000002,100.50879826226985,0.508798262269849
-0.7,0.9000000000000001,0.8,100.9401105441904,0.9401105441904036
-0.7,0.9000000000000001,0.9000000000000001,101.3672876087728,1.3672876087727985
-0.7,0.9000000000000001,1.0,101.79032945601702,1.7903294560170195
-0.7,1.0,-1.0,92.7321045429481,7.267895457051907
-0.7,1.0,-0.9,93.23380602290665,6.7661939770933515
-0.7,1.0,-0.8,93.73137228552703,6.26862771447297
-0.7,1.0,-0.7,94.22480333080925,5.775196669190748
-0.7,1.0,-0.6,94.71409915875329,5.285900841246715
-0.7,1.0,-0.5,95.19925976935914,4.800740230640855
-0.7,1.0,-0.3999999999999999,95.68028516262686,4.319714837373141
-0.7,1.0,-0.29999999999999993,96.15717533855636,3.842824661443643
-0.7,1.0,-0.19999999999999996,96.62993029714771,3.370069702852291
-0.7,1.0,-0.09999999999999998,97.09855003840089,2.9014499615991127
-0.7,1.0,0.0,97.56303456231589,2.4369654376841083
-0.7,1.0,0.10000000000000009,98.02338386889272,1.9766161311072779
-0.7,1.0,0.20000000000000018,98.47959795813136,1.5204020418686355
-0.7,1.0,0.30000000000000004,98.93167683003186,1.0683231699681386
-0.7,1.0,0.40000000000000013,99.37962048459417,0.6203795154058298
-0.7,1.0,0.5,99.82342892181829,0.17657107818170914
-0.7,1.0,0.6000000000000001,100.26310214170425,0.26310214170425184
-0.7,1.0,0.7000000000000002,100.69864014425205,0.6986401442520531
-0.7,1.0,0.8,101.13004292946167,1.1300429294616663
-0.7,1.0,0.9000000000000001,101.5573104973331,1.5573104973331056
-0.7,1.0,1.0,101.98044284786639,1.9804428478663851
-0.6,-1.0,-1.0,86.25595805956635,13.744041940433647
-0.6,-1.0,-0.9,86.75645413552098,13.243545864479017
-0.6,-1.0,-0.8,87.25281499413747,12.747185005862534
-0.6,-1.0,-0.7,87.74504063541578,12.254959364584224
-0.6,-1.0,-0.6,88.23313105935591,11.766868940644088
-0.6,-1.0,-0.5,88.71708626595787,11.282913734042125
-0.6,-1.0,-0.3999999999999999,89.19690625522168,10.803093744778323
-0.6,-1.0,-0.29999999999999993,89.67259102714729,10.327408972852709
-0.6,-1.0,-0.19999999999999996,90.1441405817347,9.855859418265297
-0.6,-1.0,-0.09999999999999998,90.61155491898398,9.388445081016016
-0.6,-1.0,0.0,91.07483403889508,8.925165961104923
-0.6,-1.0,0.10000000000000009,91.53397794146801,8.46602205853199
-0.6,-1.0,0.20000000000000018,91.98898662670275,8.011013373297246
-0.6,-1.0,0.30000000000000004,92.43986009459934,7.560139905400661
-0.6,-1.0,0.40000000000000013,92.88659834515775,7.113401654842249
-0.6,-1.0,0.5,93.32920137837796,6.6707986216220405
-0.6,-1.0,0.6000000000000001,93.76766919426001,6.232330805739991
-0.6,-1.0,0.7000000000000002,94.2020017928039,5.797998207196102
-0.6,-1.0,0.8,94.63219917400961,5.367800825990386
-0.6,-1.0,0.9000000000000001,95.05826133787716,4.9417386621228445
-0.6,-1.0,1.0,95.48018828440652,4.519811715593477
-0.6,-0.9,-1.0,86.77165109501743,13.228348904982568
-0.6,-0.9,-0.9,87.27223767426112,12.72776232573888
-0.6,-0.9,-0.8,87.76868903616666,12.231310963833337
-0.6,-0.9,-0.7,88.26100518073402,11.738994819265983
-0.6,-0.9,-0.6,88.74918610796321,11.250813892036788
-0.6,-0.9,-0.5,89.23323181785423,10.766768182145768
-0.6,-0.9,-0.3999999999999999,89.71314231040708,10.286857689592921
-0.6,-0.9,-0.29999999999999993,90.18891758562175,9.811082414378248
-0.6,-0.9,-0.19999999999999996,90.66055764349824,9.339442356501763
-0.6,-0.9,-0.09999999999999998,91.12806248403656,8.871937515963438
-0.6,-0.9,0.0,91.59143210723671,8.408567892763287
-0.6,-0.9,0.10000000000000009,92.0506665130987,7.9493334869012955
-0.6,-0.9,0.20000000000000018,92.5057657016225,7.494234298377506
-0.6,-0.9,0.30000000000000004,92.95672967280814,7.043270327191863
-0.6,-0.9,0.40000000000000013,93.4035584266556,6.596441573344407
-0.6,-0.9,0.5,93.84625196316487,6.153748036835125
-0.6,-0.9,0.6000000000000001,94.28481028233598,5.715189717664018
-0.6,-0.9,0.7000000000000002,94.71923338416892,5.280766615831084
-0.6,-0.9,0.8,95.14952126866369,4.85047873133631
-0.6,-0.9,0.9000000000000001,95.57567393582029,4.424326064179709
-0.6,-0.9,1.0,95.99769138563872,4.002308614361283
-0.6,-0.8,-1.0,87.27016983452974,12.729830165470261
-0.6,-0.8,-0.9,87.7708469170625,12.2291530829375
-0.6,-0.8,-0.8,88.26738878225709,11.732611217742914
-0.6,-0.8,-0.7,88.7597954301135,11.240204569886501
-0.6,-0.8,-0.6,89.24806686063175,10.751933139368248
-0.6,-0.8,-0.5,89.73220307381182,10.267796926188183
-0.6,-0.8,-0.3999999999999999,90.21220406965374,9.787795930346263
-0.6,-0.8,-0.29999999999999993,90.68806984815745,9.311930151842546
-0.6,-0.8,-0.19999999999999996,91.159800409323,8.840199590677003
-0.6,-0.8,-0.09999999999999998,91.62739575315038,8.372604246849619
-0.6,-0.8,0.0,92.09085587963959,7.909144120360409
-0.6,-0.8,0.10000000000000009,92.55018078879063,7.449819211209373
-0.6,-0.8,0.20000000000000018,93.00537048060349,6.994629519396511
-0.6,-0.8,0.30000000000000004,93.45642495507818,6.543575044921823
-0.6,-0.8,0.40000000000000013,93.90334421221469,6.096655787785309
-0.6,-0.8,0.5,94.34612825201303,5.653871747986969
-0.6,-0.8,0.6000000000000001,94.78477707447318,5.215222925526817
-0.6,-0.8,0.7000000000000002,95.21929067959519,4.78070932040481
-0.6,-0.8,0.8,95.64966906737901,4.350330932620992
-0.6,-0.8,0.9000000000000001,96.07591223782467,3.9240877621753327
-0.6,-0.8,1.0,96.49802019093214,3.501979809067862
-0.6,-0.7,-1.0,87.75151427810331,12.248485721896685
-0.6,-0.7,-0.9,88.2522818639251,11.747718136074894
-0.6,-0.7,-0.8,88.74891423240875,11.251085767591249
-0.6,-0.7,-0.7,89.24141138355424,10.758588616445763
-0.6,-0.7,-0.6,89.72977331736153,10.270226682638466
-0.6,-0.7,-0.5,90.21400003383066,9.785999966169342
-0.6,-0.7,-0.3999999999999999,90.69409153296162,9.305908467038378
-0.6,-0.7,-0.29999999999999993,91.17004781475441,8.829952185245588
-0.6,-0.7,-0.19999999999999996,91.641868879209,8.358131120791
-0.6,-0.7,-0.09999999999999998,92.10955472632544,7.890445273674558
-0.6,-0.7,0.0,92.5731053561037,7.426894643896304
-0.6,-0.7,0.10000000000000009,93.0325207685438,6.9674792314561955
-0.6,-0.7,0.20000000000000018,93.48780096364571,6.512199036354289
-0.6,-0.7,0.30000000000000004,93.93894594140946,6.061054058590543
-0.6,-0.7,0.40000000000000013,94.38595570183503,5.61404429816497
-0.6,-0.7,0.5,94.82883024492243,5.171169755077571
-0.6,-0.7,0.6000000000000001,95.26756957067164,4.73243042932836
-0.6,-0.7,0.7000000000000002,95.70217367908269,4.297826320917309
-0.6,-0.7,0.8,96.13264257015557,3.867357429844432
-0.6,-0.7,0.9000000000000001,96.55897624389029,3.441023756109715
-0.6,-0.7,1.0,96.98117470028683,3.0188252997131713
-0.6,-0.6,-1.0,88.21568442573812,11.784315574261882
-0.6,-0.6,-0.9,88.71654251484897,11.283457485151033
-0.6,-0.6,-0.8,89.21326538662167,10.786734613378329
-0.6,-0.6,-0.7,89.7058530410562,10.294146958943799
-0.6,-0.6,-0.6,90.19430547815256,9.805694521847443
-0.6,-0.6,-0.5,90.67862269791074,9.32137730208926
-0.6,-0.6,-0.3999999999999999,91.15880470033076,8.841195299669238
-0.6,-0.6,-0.29999999999999993,91.6348514854126,8.365148514587403
-0.6,-0.6,-0.19999999999999996,92.10676305315624,7.893236946843757
-0.6,-0.6,-0.09999999999999998,92.57453940356174,7.425460596438256
-0.6,-0.6,0.0,93.03818053662906,6.961819463370944
-0.6,-0.6,0.10000000000000009,93.49768645235821,6.502313547641791
-0.6,-0.6,0.20000000000000018,93.95305715074917,6.046942849250826
-0.6,-0.6,0.30000000000000004,94.40429263180198,5.5957073681980205
-0.6,-0.6,0.40000000000000013,94.85139289551661,5.148607104483389
-0.6,-0.6,0.5,95.29435794189305,4.705642058106946
-0.6,-0.6,0.6000000000000001,95.73318777093132,4.266812229068677
-0.6,-0.6,0.7000000000000002,96.16788238263143,3.832117617368567
-0.6,-0.6,0.8,96.59844177699337,3.4015582230066315
-0.6,-0.6,0.9000000000000001,97.02486595401713,2.9751340459828697
-0.6,-0.6,1.0,97.44715491370272,2.552845086297282
-0.6,-0.5,-1.0,88.66268027743413,11.337319722565866
-0.6,-0.5,-0.9,89.16362886983407,10.83637113016593
-0.6,-0.5,-0.8,89.66044224489583,10.339557755104167
-0.6,-0.5,-0.7,90.15312040261942,9.846879597380578
-0.6,-0.5,-0.6,90.64166334300484,9.358336656995164
-0.6,-0.5,-0.5,91.12607106605208,8.873928933947923
-0.6,-0.5,-0.3999999999999999,91.60634357176114,8.393656428238856
-0.6,-0.5,-0.29999999999999993,92.08248086013204,7.917519139867963
-0.6,-0.5,-0.19999999999999996,92.55448293116474,7.445517068835258
-0.6,-0.5,-0.09999999999999998,93.0223497848593,6.977650215140699
-0.6,-0.5,0.0,93.48608142121567,6.5139185787843275
-0.6,-0.5,0.10000000000000009,93.94567784023388,6.054322159766116
-0.6,-0.5,0.20000000000000018,94.4011390419139,5.598860958086107
-0.6,-0.5,0.30000000000000004,94.85246502625576,5.147534973744243
-0.6,-0.5,0.40000000000000013,95.29965579325945,4.700344206740553
-0.6,-0.5,0.5,95.74271134292495,4.257288657075051
-0.6,-0.5,0.6000000000000001,96.18163167525228,3.8183683247477234
-0.6,-0.5,0.7000000000000002,96.61641679024144,3.383583209758555
-0.6,-0.5,0.8,97.04706668789244,2.952933312107561
-0.6,-0.5,0.9000000000000001,97.47358136820525,2.526418631794755
-0.6,-0.5,1.0,97.8959608311799,2.104039168820094
-0.6,-0.3999999999999999,-1.0,89.09250183319143,10.907498166808566
-0.6,-0.3999999999999999,-0.9,89.59354092888042,10.406459071119585
-0.6,-0.3999999999999999,-0.8,90.09044480723122,9.909555192768778
-0.6,-0.3999999999999999,-0.7,90.58321346824387,9.41678653175613
-0.6,-0.3999999999999999,-0.6,91.07184691191834,8.928153088081658
-0.6,-0.3999999999999999,-0.5,91.55634513825463,8.443654861745372
-0.6,-0.3999999999999999,-0.3999999999999999,92.03670814725277,7.963291852747233
-0.6,-0.3999999999999999,-0.29999999999999993,92.51293593891272,7.487064061087281
-0.6,-0.3999999999999999,-0.19999999999999996,92.98502851323447,7.014971486765532
-0.6,-0.3999999999999999,-0.09999999999999998,93.45298587021809,6.547014129781914
-0.6,-0.3999999999999999,0.0,93.91680800986352,6.083191990136484
-0.6,-0.3999999999999999,0.10000000000000009,94.37649493217077,5.623505067829228
-0.6,-0.3999999999999999,0.20000000000000018,94.83204663713985,5.167953362860146
-0.6,-0.3999999999999999,0.30000000000000004,95.28346312477076,4.716536875229238
-0.6,-0.3999999999999999,0.40000000000000013,95.73074439506351,4.26925560493649
-0.6,-0.3999999999999999,0.5,96.17389044801807,3.8261095519819293
-0.6,-0.3999999999999999,0.6000000000000001,96.61290128363444,3.387098716365557
-0.6,-0.3999999999999999,0.7000000000000002,97.04777690191267,2.9522230980873303
-0.6,-0.3999999999999999,0.8,97.47851730285272,2.5214826971472775
-0.6,-0.3999999999999999,0.9000000000000001,97.90512248645459,2.0948775135454127
-0.6,-0.3999999999999999,1.0,98.3275924527183,1.6724075472816935
-0.6,-0.29999999999999993,-1.0,89.50514909300996,10.494850906990038
-0.6,-0.29999999999999993,-0.9,90.00627869198799,9.993721308012013
-0.6,-0.29999999999999993,-0.8,90.50327307362787,9.496726926372133
-0.6,-0.29999999999999993,-0.7,90.99613223792956,9.003867762070442
-0.6,-0.29999999999999993,-0.6,91.48485618489309,8.51514381510691
-0.6,-0.29999999999999993,-0.5,91.96944491451843,8.030555085481566
-0.6,-0.29999999999999993,-0.3999999999999999,92.44989842680563,7.550101573194368
-0.6,-0.29999999999999993,-0.29999999999999993,92.92621672175463,7.073783278245372
-0.6,-0.29999999999999993,-0.19999999999999996,93.39839979936544,6.601600200634564
-0.6,-0.29999999999999993,-0.09999999999999998,93.86644765963811,6.133552340361888
-0.6,-0.29999999999999993,0.0,94.33036030257259,5.669639697427414
-0.6,-0.29999999999999993,0.10000000000000009,94.79013772816892,5.209862271831085
-0.6,-0.29999999999999993,0.20000000000000018,95.24577993642704,4.754220063572959
-0.6,-0.29999999999999993,0.30000000000000004,95.69728692734702,4.302713072652978
-0.6,-0.29999999999999993,0.40000000000000013,96.14465870092882,3.855341299071185
-0.6,-0.29999999999999993,0.5,96.58789525717242,3.41210474282758
-0.6,-0.29999999999999993,0.6000000000000001,97.02699659607786,2.973003403922135
-0.6,-0.29999999999999993,0.7000000000000002,97.46196271764514,2.538037282354864
-0.6,-0.29999999999999993,0.8,97.89279362187425,2.1072063781257526
-0.6,-0.29999999999999993,0.9000000000000001,98.31948930876517,1.6805106912348293
-0.6,-0.29999999999999993,1.0,98.74204977831795,1.2579502216820515
-0.6,-0.19999999999999996,-1.0,89.90062205688972,10.099377943110284
-0.6,-0.19999999999999996,-0.9,90.40184215915681,9.598157840843186
-0.6,-0.19999999999999996,-0.8,90.89892704408574,9.101072955914262
-0.6,-0.19999999999999996,-0.7,91.39187671167649,8.608123288323512
-0.6,-0.19999999999999996,-0.6,91.88069116192908,8.119308838070921
-0.6,-0.19999999999999996,-0.5,92.36537039484348,7.634629605156519
-0.6,-0.19999999999999996,-0.3999999999999999,92.84591441041972,7.154085589580276
-0.6,-0.19999999999999996,-0.29999999999999993,93.32232320865778,6.677676791342222
-0.6,-0.19999999999999996,-0.19999999999999996,93.79459678955766,6.205403210442341
-0.6,-0.19999999999999996,-0.09999999999999998,94.26273515311938,5.73726484688062
-0.6,-0.19999999999999996,0.0,94.72673829934291,5.273261700657088
-0.6,-0.19999999999999996,0.10000000000000009,95.18660622822829,4.813393771771715
-0.6,-0.19999999999999996,0.20000000000000018,95.64233893977547,4.35766106022453
-0.6,-0.19999999999999996,0.30000000000000004,96.09393643398451,3.90606356601549
-0.6,-0.19999999999999996,0.40000000000000013,96.54139871085536,3.4586012891446387
-0.6,-0.19999999999999996,0.5,96.98472577038802,3.0152742296119754
-0.6,-0.19999999999999996,0.6000000000000001,97.42391761258251,2.576082387417486
-0.6,-0.19999999999999996,0.7000000000000002,97.85897423743886,2.141025762561142
-0.6,-0.19999999999999996,0.8,98.28989564495701,1.7101043550429864
-0.6,-0.19999999999999996,0.9000000000000001,98.716681835137,1.2833181648630045
-0.6,-0.19999999999999996,1.0,99.1393328079788,0.8606671920211966
-0.6,-0.09999999999999998,-1.0,90.27892072483073,9.721079275169274
-0.6,-0.09999999999999998,-0.9,90.78023133038688,9.219768669613117
-0.6,-0.09999999999999998,-0.8,91.27740671860487,8.722593281395135
-0.6,-0.09999999999999998,-0.7,91.77044688948467,8.229553110515326
-0.6,-0.09999999999999998,-0.6,92.25935184302631,7.740648156973691
-0.6,-0.09999999999999998,-0.5,92.74412157922977,7.25587842077023
-0.6,-0.09999999999999998,-0.3999999999999999,93.22475609809507,6.775243901904929
-0.6,-0.09999999999999998,-0.29999999999999993,93.70125539962218,6.298744600377816
-0.6,-0.09999999999999998,-0.19999999999999996,94.17361948381111,5.826380516188891
-0.6,-0.09999999999999998,-0.09999999999999998,94.64184835066189,5.358151649338112
-0.6,-0.09999999999999998,0.0,95.10594200017448,4.89405799982552
-0.6,-0.09999999999999998,0.10000000000000009,95.56590043234891,4.434099567651089
-0.6,-0.09999999999999998,0.20000000000000018,96.02172364718515,3.978276352814845
-0.6,-0.09999999999999998,0.30000000000000004,96.47341164468324,3.526588355316761
-0.6,-0.09999999999999998,0.40000000000000013,96.92096442484315,3.0790355751568512
-0.6,-0.09999999999999998,0.5,97.36438198766487,2.6356180123351294
-0.6,-0.09999999999999998,0.6000000000000001,97.80366433314842,2.1963356668515814
-0.6,-0.09999999999999998,0.7000000000000002,98.2388114612938,1.7611885387061932
-0.6,-0.09999999999999998,0.8,98.66982337210102,1.3301766278989788
-0.6,-0.09999999999999998,0.9000000000000001,99.09670006557006,0.9032999344299384
-0.6,-0.09999999999999998,1.0,99.51944154170093,0.48055845829907184
-0.6,0.0,-1.0,90.64004509683298,9.359954903167022
-0.6,0.0,-0.9,91.14144620567818,8.858553794321821
-0.6,0.0,-0.8,91.63871209718522,8.36128790281478
-0.6,0.0,-0.7,92.13184277135409,7.868157228645913
-0.6,0.0,-0.6,92.62083822818478,7.37916177181522
-0.6,0.0,-0.5,93.10569846767729,6.894301532322714
-0.6,0.0,-0.3999999999999999,93.58642348983165,6.413576510168355
-0.6,0.0,-0.29999999999999993,94.06301329464782,5.936986705352183
-0.6,0.0,-0.19999999999999996,94.5354678821258,5.4645321178741995
-0.6,0.0,-0.09999999999999998,95.00378725226564,4.996212747734361
-0.6,0.0,0.0,95.46797140506727,4.532028594932726
-0.6,0.0,0.10000000000000009,95.92802034053076,4.0719796594692355
-0.6,0.0,0.20000000000000018,96.38393405865607,3.6160659413439333
-0.6,0.0,0.30000000000000004,96.83571255944321,3.164287440556791
-0.6,0.0,0.40000000000000013,97.28335584289218,2.7166441571078224
-0.6,0.0,0.5,97.72686390900296,2.273136090997042
-0.6,0.0,0.6000000000000001,98.16623675777555,1.8337632422244496
-0.6,0.0,0.7000000000000002,98.60147438921,1.3985256107900028
-0.6,0.0,0.8,99.03257680330627,0.9674231966937299
-0.6,0.0,0.9000000000000001,99.45954400006437,0.5404559999356309
-0.6,0.0,1.0,99.8823759794843,0.11762402051570575
-0.6,0.10000000000000009,-1.0,90.98399517289646,9.016004827103544
-0.6,0.10000000000000009,-0.9,91.48548678503073,8.51451321496927
-0.6,0.10000000000000009,-0.8,91.98284317982682,8.017156820173184
-0.6,0.10000000000000009,-0.7,92.47606435728474,7.523935642715259
-0.6,0.10000000000000009,-0.6,92.9651503174045,7.034849682595507
-0.6,0.10000000000000009,-0.5,93.45010106018606,6.549898939813943
-0.6,0.10000000000000009,-0.3999999999999999,93.93091658562948,6.069083414370525
-0.6,0.10000000000000009,-0.29999999999999993,94.40759689373469,5.592403106265309
-0.6,0.10000000000000009,-0.19999999999999996,94.88014198450173,5.1198580154982665
-0.6,0.10000000000000009,-0.09999999999999998,95.34855185793063,4.65144814206937
-0.6,0.10000000000000009,0.0,95.81282651402132,4.187173485978676
-0.6,0.10000000000000009,0.10000000000000009,96.27296595277387,3.7270340472261267
-0.6,0.10000000000000009,0.20000000000000018,96.72897017418822,3.2710298258117803
-0.6,0.10000000000000009,0.30000000000000004,97.18083917826442,2.8191608217355792
-0.6,0.10000000000000009,0.40000000000000013,97.62857296500245,2.371427034997552
-0.6,0.10000000000000009,0.5,98.07217153440227,1.9278284655977274
-0.6,0.10000000000000009,0.6000000000000001,98.51163488646394,1.4883651135360623
-0.6,0.10000000000000009,0.7000000000000002,98.94696302118744,1.0530369788125569
-0.6,0.10000000000000009,0.8,99.37815593857276,0.6218440614272396
-0.6,0.10000000000000009,0.9000000000000001,99.80521363861992,0.19478636138008198
-0.6,0.10000000000000009,1.0,100.22813612132889,0.2281361213288875
-0.6,0.20000000000000018,-1.0,91.31077095302119,8.68922904697881
-0.6,0.20000000000000018,-0.9,91.81235306844451,8.187646931555491
-0.6,0.20000000000000018,-0.8,92.30979996652967,7.690200033470333
-0.6,0.20000000000000018,-0.7,92.80311164727664,7.196888352723363
-0.6,0.20000000000000018,-0.6,93.29228811068543,6.707711889314567
-0.6,0.20000000000000018,-0.5,93.77732935675607,6.22267064324393
-0.6,0.20000000000000018,-0.3999999999999999,94.25823538548853,5.741764614511467
-0.6,0.20000000000000018,-0.29999999999999993,94.73500619688282,5.264993803117179
-0.6,0.20000000000000018,-0.19999999999999996,95.20764179093891,4.792358209061092
-0.6,0.20000000000000018,-0.09999999999999998,95.67614216765686,4.323857832343137
-0.6,0.20000000000000018,0.0,96.14050732703662,3.859492672963384
-0.6,0.20000000000000018,0.10000000000000009,96.60073726907821,3.399262730921791
-0.6,0.20000000000000018,0.20000000000000018,97.05683199378163,2.9431680062183716
-0.6,0.20000000000000018,0.30000000000000004,97.50879150114687,2.4912084988531262
-0.6,0.20000000000000018,0.40000000000000013,97.95661579117396,2.0433842088260405
-0.6,0.20000000000000018,0.5,98.40030486386284,1.5996951361371572
-0.6,0.20000000000000018,0.6000000000000001,98.83985871921355,1.1601412807864477
-0.6,0.20000000000000018,0.7000000000000002,99.27527735722612,0.7247226427738838
-0.6,0.20000000000000018,0.8,99.70656077790049,0.2934392220995079
-0.6,0.20000000000000018,0.9000000000000001,100.13370898123671,0.13370898123670827
-0.6,0.20000000000000018,1.0,100.55672196723474,0.5567219672347363
-0.6,0.30000000000000004,-1.0,91.62037243720718,8.37962756279282
-0.6,0.30000000000000004,-0.9,92.12204505591954,7.877954944080457
-0.6,0.30000000000000004,-0.8,92.61958245729375,7.380417542706255
-0.6,0.30000000000000004,-0.7,93.11298464132977,6.887015358670226
-0.6,0.30000000000000004,-0.6,93.60225160802763,6.397748391972371
-0.6,0.30000000000000004,-0.5,94.08738335738732,5.912616642612676
-0.6,0.30000000000000004,-0.3999999999999999,94.56837988940885,5.431620110591155
-0.6,0.30000000000000004,-0.29999999999999993,95.04524120409218,4.954758795907821
-0.6,0.30000000000000004,-0.19999999999999996,95.51796730143732,4.482032698562676
-0.6,0.30000000000000004,-0.09999999999999998,95.98655818144432,4.013441818555677
-0.6,0.30000000000000004,0.0,96.45101384411315,3.548986155886851
-0.6,0.30000000000000004,0.10000000000000009,96.9113342894438,3.0886657105561994
-0.6,0.30000000000000004,0.20000000000000018,97.36751951743626,2.632480482563736
-0.6,0.30000000000000004,0.30000000000000004,97.81956952809057,2.180430471909432
-0.6,0.30000000000000004,0.40000000000000013,98.26748432140671,1.7325156785932876
-0.6,0.30000000000000004,0.5,98.71126389738465,1.2887361026153457
-0.6,0.30000000000000004,0.6000000000000001,99.15090825602442,0.8490917439755776
-0.6,0.30000000000000004,0.7000000000000002,99.58641739732603,0.4135826026739693
-0.6,0.30000000000000004,0.8,100.01779132128947,0.017791321289465145
-0.6,0.30000000000000004,0.9000000000000001,100.44503002791474,0.4450300279147399
-0.6,0.30000000000000004,1.0,100.86813351720184,0.8681335172018407
-0.6,0.40000000000000013,-1.0,91.91279962545437,8.087200374545631
-0.6,0.40000000000000013,-0.9,92.4145627474558,7.585437252544196
-0.6,0.40000000000000013,-0.8,92.91219065211907,7.087809347880935
-0.6,0.40000000000000013,-0.7,93.40568333944415,6.594316660555847
-0.6,0.40000000000000013,-0.6,93.89504080943107,6.104959190568934
-0.6,0.40000000000000013,-0.5,94.3802630620798,5.6197369379201945
-0.6,0.40000000000000013,-0.3999999999999999,94.86135009739039,5.138649902609615
-0.6,0.40000000000000013,-0.29999999999999993,95.33830191536278,4.661698084637223
-0.6,0.40000000000000013,-0.19999999999999996,95.81111851599698,4.188881484003019
-0.6,0.40000000000000013,-0.09999999999999998,96.27979989929304,3.720200100706961
-0.6,0.40000000000000013,0.0,96.74434606525091,3.255653934749091
-0.6,0.40000000000000013,0.10000000000000009,97.20475701387062,2.795242986129381
-0.6,0.40000000000000013,0.20000000000000018,97.66103274515214,2.3389672548478586
-0.6,0.40000000000000013,0.30000000000000004,98.1131732590955,1.886826740904496
-0.6,0.40000000000000013,0.40000000000000013,98.56117855570069,1.4388214442993075
-0.6,0.40000000000000013,0.5,99.0050486349677,0.994951365032307
-0.6,0.40000000000000013,0.6000000000000001,99.44478349689652,0.5552165031034804
-0.6,0.40000000000000013,0.7000000000000002,99.88038314148719,0.11961685851281345
-0.6,0.40000000000000013,0.8,100.31184756873968,0.31184756873967956
-0.6,0.40000000000000013,0.9000000000000001,100.73917677865401,0.7391767786540129
-0.6,0.40000000000000013,1.0,101.16237077123016,1.162370771230158
-0.6,0.5,-1.0,92.18805251776283,7.811947482237173
-0.6,0.5,-0.9,92.68990614305332,7.310093856946679
-0.6,0.5,-0.8,93.18762455100564,6.812375448994359
-0.6,0.5,-0.7,93.68120774161979,6.318792258380213
-0.6,0.5,-0.6,94.17065571489574,5.829344285104256
-0.6,0.5,-0.5,94.65596847083354,5.3440315291664575
-0.6,0.5,-0.3999999999999999,95.13714600943318,4.862853990566819
-0.6,0.5,-0.29999999999999993,95.61418833069463,4.385811669305369
-0.6,0.5,-0.19999999999999996,96.0870954346179,3.9129045653821066
-0.6,0.5,-0.09999999999999998,96.555867321203,3.444132678797004
-0.6,0.5,0.0,97.02050399044992,2.9794960095500755
-0.6,0.5,0.10000000000000009,97.4810054423587,2.5189945576413066
-0.6,0.5,0.20000000000000018,97.93737167692927,2.062628323070726
-0.6,0.5,0.30000000000000004,98.3896026941617,1.6103973058383048
-0.6,0.5,0.40000000000000013,98.83769849405593,1.1623015059440718
-0.6,0.5,0.5,99.28165907661199,0.7183409233880127
-0.6,0.5,0.6000000000000001,99.72148444182987,0.2785155581701275
-0.6,0.5,0.7000000000000002,100.1571745897096,0.15717458970959797
-0.6,0.5,0.8,100.58872952025115,0.5887295202511496
-0.6,0.5,0.9000000000000001,101.01614923345451,1.016149233454513
-0.6,0.5,1.0,101.43943372931972,1.4394337293197168
-0.6,0.6000000000000001,-1.0,92.44613111413256,7.553868885867445
-0.6,0.6000000000000001,-0.9,92.94807524271208,7.051924757287921
-0.6,0.6000000000000001,-0.8,93.44588415395346,6.5541158460465425
-0.6,0.6000000000000001,-0.7,93.93955784785666,6.060442152143338
-0.6,0.6000000000000001,-0.6,94.42909632442168,5.570903675578322
-0.6,0.6000000000000001,-0.5,94.91449958364854,5.085500416351465
-0.6,0.6000000000000001,-0.3999999999999999,95.39576762553722,4.604232374462782
-0.6,0.6000000000000001,-0.29999999999999993,95.87290045008773,4.127099549912273
-0.6,0.6000000000000001,-0.19999999999999996,96.34589805730005,3.6541019426999526
-0.6,0.6000000000000001,-0.09999999999999998,96.81476044717421,3.1852395528257915
-0.6,0.6000000000000001,0.0,97.2794876197102,2.7205123802898044
-0.6,0.6000000000000001,0.10000000000000009,97.74007957490801,2.259920425091991
-0.6,0.6000000000000001,0.20000000000000018,98.19653631276765,1.8034636872323517
-0.6,0.6000000000000001,0.30000000000000004,98.64885783328913,1.351142166710872
-0.6,0.6000000000000001,0.40000000000000013,99.09704413647242,0.9029558635275805
-0.6,0.6000000000000001,0.5,99.54109522231754,0.45890477768246285
-0.6,0.6000000000000001,0.6000000000000001,99.98101109082448,0.018988909175519098
-0.6,0.6000000000000001,0.7000000000000002,100.41679174199325,0.41679174199325075
-0.6,0.6000000000000001,0.8,100.84843717582386,0.8484371758238609
-0.6,0.6000000000000001,0.9000000000000001,101.27594739231628,1.275947392316283
-0.6,0.6000000000000001,1.0,101.69932239147055,1.6993223914705453
-0.6,0.7000000000000002,-1.0,92.6870354145635,7.312964585436504
-0.6,0.7000000000000002,-0.9,93.18907004643208,6.810929953567921
-0.6,0.7000000000000002,-0.8,93.6869694609625,6.313030539037499
-0.6,0.7000000000000002,-0.7,94.18073365815476,5.8192663418452355
-0.6,0.7000000000000002,-0.6,94.67036263800884,5.329637361991161
-0.6,0.7000000000000002,-0.5,95.15585640052475,4.844143599475245
-0.6,0.7000000000000002,-0.3999999999999999,95.6372149457025,4.362785054297504
-0.6,0.7000000000000002,-0.29999999999999993,96.11443827354205,3.8855617264579507
-0.6,0.7000000000000002,-0.19999999999999996,96.58752638404343,3.4124736159565714
-0.6,0.7000000000000002,-0.09999999999999998,97.05647927720665,2.9435207227933518
-0.6,0.7000000000000002,0.0,97.5212969530317,2.478703046968306
-0.6,0.7000000000000002,0.10000000000000009,97.98197941151857,2.018020588481434
-0.6,0.7000000000000002,0.20000000000000018,98.43852665266725,1.5614733473327504
-0.6,0.7000000000000002,0.30000000000000004,98.89093867647779,1.1090613235222122
-0.6,0.7000000000000002,0.40000000000000013,99.33921548295014,0.6607845170498621
-0.6,0.7000000000000002,0.5,99.78335707208431,0.21664292791568585
-0.6,0.7000000000000002,0.6000000000000001,100.2233634438803,0.22336344388030227
-0.6,0.7000000000000002,0.7000000000000002,100.65923459833813,0.6592345983381307
-0.6,0.7000000000000002,0.8,101.0909705354578,1.0909705354577994
-0.6,0.7000000000000002,0.9000000000000001,101.51857125523928,1.51857125523928
-0.6,0.7000000000000002,1.0,101.9420367576826,1.942036757682601
-0.6,0.8,-1.0,92.91076541905566,7.089234580944336
-0.6,0.8,-0.9,93.41289055421332,6.58710944578668
-0.6,0.8,-0.8,93.9108804720328,6.089119527967199
-0.6,0.8,-0.7,94.40473517251411,5.595264827485892
-0.6,0.8,-0.6,94.89445465565724,5.105545344342758
-0.6,0.8,-0.5,95.3800389214622,4.6199610785377985
-0.6,0.8,-0.3999999999999999,95.86148796992902,4.138512030070984
-0.6,0.8,-0.29999999999999993,96.33880180105763,3.6611981989423725
-0.6,0.8,-0.19999999999999996,96.81198041484805,3.188019585151949
-0.6,0.8,-0.09999999999999998,97.28102381130033,2.7189761886996706
-0.6,0.8,0.0,97.74593199041442,2.2540680095855805
-0.6,0.8,0.10000000000000009,98.20670495219036,1.793295047809636
-0.6,0.8,0.20000000000000018,98.6633426966281,1.3366573033718936
-0.6,0.8,0.30000000000000004,99.11584522372769,0.884154776272311
-0.6,0.8,0.40000000000000013,99.5642125334891,0.4357874665109023
-0.6,0.8,0.5,100.00844462591232,0.008444625912318315
-0.6,0.8,0.6000000000000001,100.44854150099738,0.4485415009973792
-0.6,0.8,0.7000000000000002,100.88450315874427,0.8845031587442662
-0.6,0.8,0.8,101.31632959915298,1.3163295991529793
-0.6,0.8,0.9000000000000001,101.74402082222352,1.7440208222235185
-0.6,0.8,1.0,102.16757682795588,2.167576827955884
-0.6,0.9000000000000001,-1.0,93.11732112760909,6.882678872390912
-0.6,0.9000000000000001,-0.9,93.61953676605579,6.380463233944212
-0.6,0.9000000000000001,-0.8,94.11761718716433,5.882382812835672
-0.6,0.9000000000000001,-0.7,94.6115623909347,5.388437609065306
-0.6,0.9000000000000001,-0.6,95.10137237736689,4.898627622633114
-0.6,0.9000000000000001,-0.5,95.5870471464609,4.412952853539096
-0.6,0.9000000000000001,-0.3999999999999999,96.06858669821676,3.9314133017832376
-0.6,0.9000000000000001,-0.29999999999999993,96.54599103263443,3.454008967365567
-0.6,0.9000000000000001,-0.19999999999999996,97.01926014971392,2.980739850286085
-0.6,0.9000000000000001,-0.09999999999999998,97.48839404945525,2.511605950544748
-0.6,0.9000000000000001,0.0,97.9533927318584,2.0466072681415994
-0.6,0.9000000000000001,0.10000000000000009,98.41425619692339,1.5857438030766104
-0.6,0.9000000000000001,0.20000000000000018,98.87098444465019,1.1290155553498096
-0.6,0.9000000000000001,0.30000000000000004,99.32357747503883,0.6764225249611684
-0.6,0.9000000000000001,0.40000000000000013,99.7720352880893,0.2279647119107011
-0.6,0.9000000000000001,0.5,100.21635788380158,0.21635788380157805
-0.6,0.9000000000000001,0.6000000000000001,100.65654526217568,0.6565452621756833
-0.6,0.9000000000000001,0.7000000000000002,101.09259742321163,1.092597423211629
-0.6,0.9000000000000001,0.8,101.5245143669094,1.5245143669094006
-0.6,0.9000000000000001,0.9000000000000001,101.952296093269,1.9522960932689983
-0.6,0.9000000000000001,1.0,102.37594260229042,2.375942602290422
-0.6,1.0,-1.0,93.30670254022377,6.6932974597762325
-0.6,1.0,-0.9,93.80900868195951,6.1909913180404885
-0.6,1.0,-0.8,94.30717960635711,5.69282039364289
-0.6,1.0,-0.7,94.80121531341652,5.19878468658348
-0.6,1.0,-0.6,95.29111580313777,4.708884196862229
-0.6,1.0,-0.5,95.77688107552085,4.223118924479152
-0.6,1.0,-0.3999999999999999,96.25851113056576,3.741488869434235
-0.6,1.0,-0.29999999999999993,96.73600596827248,3.2639940317275205
-0.6,1.0,-0.19999999999999996,97.20936558864102,2.7906344113589796
-0.6,1.0,-0.09999999999999998,97.67858999167142,2.3214100083285842
-0.6,1.0,0.0,98.14367917736362,1.856320822636377
-0.6,1.0,0.10000000000000009,98.60463314571767,1.3953668542823294
-0.6,1.0,0.20000000000000018,99.06145189673352,0.9385481032664842
-0.6,1.0,0.30000000000000004,99.51413543041122,0.48586456958878443
-0.6,1.0,0.40000000000000013,99.96268374675074,0.03731625324925858
-0.6,1.0,0.5,100.40709684575208,0.40709684575207916
-0.6,1.0,0.6000000000000001,100.84737472741524,0.847374727415243
-0.6,1.0,0.7000000000000002,101.28351739174023,1.283517391740233
-0.6,1.0,0.8,101.71552483872706,1.7155248387270632
-0.6,1.0,0.9000000000000001,102.14339706837572,2.1433970683757195
-0.6,1.0,1.0,102.5671340806862,2.567134080686202
-0.5,-1.0,-1.0,86.81994540620903,13.18005459379097
-0.5,-1.0,-0.9,87.32104614394088,12.678953856059124
-0.5,-1.0,-0.8,87.81801166433458,12.181988335665423
-0.5,-1.0,-0.7,88.31084196739009,11.68915803260991
-0.5,-1.0,-0.6,88.79953705310743,11.200462946892571
-0.5,-1.0,-0.5,89.2840969214866,10.715903078513406
-0.5,-1.0,-0.3999999999999999,89.7645215725276,10.235478427472401
-0.5,-1.0,-0.29999999999999993,90.24081100623043,9.75918899376957
-0.5,-1.0,-0.19999999999999996,90.71296522259507,9.287034777404926
-0.5,-1.0,-0.09999999999999998,91.18098422162154,8.819015778378457
-0.5,-1.0,0.0,91.64486800330984,8.355131996690162
-0.5,-1.0,0.10000000000000009,92.10461656765997,7.895383432340026
-0.5,-1.0,0.20000000000000018,92.56022991467194,7.439770085328064
-0.5,-1.0,0.30000000000000004,93.01170804434572,6.988291955654276
-0.5,-1.0,0.40000000000000013,93.45905095668134,6.540949043318662
-0.5,-1.0,0.5,93.90225865167876,6.097741348321236
-0.5,-1.0,0.6000000000000001,94.34133112933804,5.6586688706619555
-0.5,-1.0,0.7000000000000002,94.77626838965912,5.223731610340877
-0.5,-1.0,0.8,95.20707043264204,4.792929567357959
-0.5,-1.0,0.9000000000000001,95.63373725828679,4.366262741713214
-0.5,-1.0,1.0,96.05626886659337,3.9437311334066294
-0.5,-0.9,-1.0,87.33671652820652,12.663283471793477
-0.5,-0.9,-0.9,87.83790776922741,12.162092230772586
-0.5,-0.9,-0.8,88.33496379291016,11.665036207089841
-0.5,-0.9,-0.7,88.82788459925473,11.17211540074527
-0.5,-0.9,-0.6,89.31667018826113,10.683329811738872
-0.5,-0.9,-0.5,89.80132055992935,10.198679440070649
-0.5,-0.9,-0.3999999999999999,90.28183571425943,9.71816428574057
-0.5,-0.9,-0.29999999999999993,90.7582156512513,9.241784348748695
-0.5,-0.9,-0.19999999999999996,91.230460370905,8.769539629094993
-0.5,-0.9,-0.09999999999999998,91.69856987322053,8.301430126779465
-0.5,-0.9,0.0,92.16254415819789,7.837455841802111
-0.5,-0.9,0.10000000000000009,92.62238322583708,7.377616774162917
-0.5,-0.9,0.20000000000000018,93.07808707613809,6.92191292386191
-0.5,-0.9,0.30000000000000004,93.52965570910094,6.470344290899064
-0.5,-0.9,0.40000000000000013,93.97708912472561,6.022910875274391
-0.5,-0.9,0.5,94.4203873230121,5.579612676987907
-0.5,-0.9,0.6000000000000001,94.85955030396042,5.140449696039582
-0.5,-0.9,0.7000000000000002,95.29457806757055,4.705421932429445
-0.5,-0.9,0.8,95.72547061384253,4.274529386157468
-0.5,-0.9,0.9000000000000001,96.15222794277634,3.847772057223665
-0.5,-0.9,1.0,96.57485005437198,3.4251499456280214
-0.5,-0.8,-1.0,87.83631335426524,12.163686645734757
-0.5,-0.8,-0.9,88.3375950985752,11.662404901424793
-0.5,-0.8,-0.8,88.834741625547,11.165258374453003
-0.5,-0.8,-0.7,89.32775293518063,10.672247064819373
-0.5,-0.8,-0.6,89.81662902747608,10.183370972523917
-0.5,-0.8,-0.5,90.30136990243336,9.698630097566635
-0.5,-0.8,-0.3999999999999999,90.78197556005249,9.218024439947513
-0.5,-0.8,-0.29999999999999993,91.25844600033341,8.741553999666593
-0.5,-0.8,-0.19999999999999996,91.73078122327617,8.269218776723832
-0.5,-0.8,-0.09999999999999998,92.19898122888075,7.801018771119246
-0.5,-0.8,0.0,92.66304601714717,7.336953982852833
-0.5,-0.8,0.10000000000000009,93.12297558807542,6.87702441192458
-0.5,-0.8,0.20000000000000018,93.57876994166547,6.42123005833453
-0.5,-0.8,0.30000000000000004,94.03042907791738,5.9695709220826245
-0.5,-0.8,0.40000000000000013,94.4779529968311,5.522047003168893
-0.5,-0.8,0.5,94.92134169840665,5.07865830159335
-0.5,-0.8,0.6000000000000001,95.36059518264403,4.639404817355967
-0.5,-0.8,0.7000000000000002,95.79571344954323,4.2042865504567715
-0.5,-0.8,0.8,96.22669649910425,3.77330350089575
-0.5,-0.8,0.9000000000000001,96.65354433132711,3.3464556686728884
-0.5,-0.8,1.0,97.0762569462118,2.9237430537882005
-0.5,-0.7,-1.0,88.3187358843852,11.681264115614795
-0.5,-0.7,-0.9,88.82010813198423,11.179891868015773
-0.5,-0.7,-0.8,89.31734516224508,10.682654837754924
-0.5,-0.7,-0.7,89.81044697516776,10.189553024832236
-0.5,-0.7,-0.6,90.29941357075226,9.700586429247736
-0.5,-0.7,-0.5,90.7842449489986,9.215755051001395
-0.5,-0.7,-0.3999999999999999,91.26494110990679,8.735058890093214
-0.5,-0.7,-0.29999999999999993,91.74150205347676,8.258497946523235
-0.5,-0.7,-0.19999999999999996,92.21392777970858,7.786072220291416
-0.5,-0.7,-0.09999999999999998,92.68221828860223,7.317781711397771
-0.5,-0.7,0.0,93.14637358015769,6.853626419842314
-0.5,-0.7,0.10000000000000009,93.606393654375,6.3936063456250025
-0.5,-0.7,0.20000000000000018,94.0622785112541,5.937721488745893
-0.5,-0.7,0.30000000000000004,94.51402815079507,5.48597184920493
-0.5,-0.7,0.40000000000000013,94.96164257299786,5.03835742700214
-0.5,-0.7,0.5,95.40512177786245,4.594878222137552
-0.5,-0.7,0.6000000000000001,95.84446576538889,4.15553423461111
-0.5,-0.7,0.7000000000000002,96.27967453557713,3.7203254644228707
-0.5,-0.7,0.8,96.71074808842722,3.2892519115727765
-0.5,-0.7,0.9000000000000001,97.13768642393914,2.8623135760608562
-0.5,-0.7,1.0,97.56048954211289,2.43951045788711
-0.5,-0.6,-1.0,88.78398411856642,11.216015881433577
-0.5,-0.6,-0.9,89.28544686945449,10.71455313054551
-0.5,-0.6,-0.8,89.7827744030044,10.217225596995604
-0.5,-0.6,-0.7,90.27596671921614,9.724033280783857
-0.5,-0.6,-0.6,90.7650238180897,9.234976181910298
-0.5,-0.6,-0.5,91.24994569962509,8.750054300374913
-0.5,-0.6,-0.3999999999999999,91.73073236382233,8.269267636177673
-0.5,-0.6,-0.29999999999999993,92.20738381068136,7.792616189318636
-0.5,-0.6,-0.19999999999999996,92.67990004020224,7.3200999597977585
-0.5,-0.6,-0.09999999999999998,93.14828105238493,6.851718947615069
-0.5,-0.6,0.0,93.61252684722945,6.3874731527705535
-0.5,-0.6,0.10000000000000009,94.07263742473582,5.927362575264183
-0.5,-0.6,0.20000000000000018,94.52861278490398,5.471387215096016
-0.5,-0.6,0.30000000000000004,94.980452927734,5.019547072265993
-0.5,-0.6,0.40000000000000013,95.42815785322584,4.571842146774159
-0.5,-0.6,0.5,95.87172756137949,4.128272438620513
-0.5,-0.6,0.6000000000000001,96.31116205219499,3.6888379478050126
-0.5,-0.6,0.7000000000000002,96.74646132567229,3.2535386743277144
-0.5,-0.6,0.8,97.17762538181144,2.8223746181885616
-0.5,-0.6,0.9000000000000001,97.6046542206124,2.395345779387597
-0.5,-0.6,1.0,98.0275478420752,1.9724521579248062
-0.5,-0.5,-1.0,89.23205805680888,10.767941943191119
-0.5,-0.5,-0.9,89.733611310986,10.266388689013993
-0.5,-0.5,-0.8,90.23102934782497,9.768970652175028
-0.5,-0.5,-0.7,90.72431216732576,9.275687832674237
-0.5,-0.5,-0.6,91.21345976948838,8.78654023051162
-0.5,-0.5,-0.5,91.69847215431284,8.301527845687161
-0.5,-0.5,-0.3999999999999999,92.17934932179912,7.820650678200877
-0.5,-0.5,-0.29999999999999993,92.65609127194722,7.3439087280527815
-0.5,-0.5,-0.19999999999999996,93.12869800475714,6.87130199524286
-0.5,-0.5,-0.09999999999999998,93.59716952022889,6.4028304797711115
-0.5,-0.5,0.0,94.06150581836248,5.938494181637523
-0.5,-0.5,0.10000000000000009,94.52170689915789,5.478293100842109
-0.5,-0.5,0.20000000000000018,94.97777276261512,5.022227237384882
-0.5,-0.5,0.30000000000000004,95.42970340873418,4.570296591265816
-0.5,-0.5,0.40000000000000013,95.87749883751508,4.122501162484923
-0.5,-0.5,0.5,96.3211590489578,3.678840951042204
-0.5,-0.5,0.6000000000000001,96.76068404306234,3.2393159569376593
-0.5,-0.5,0.7000000000000002,97.1960738198287,2.8039261801713025
-0.5,-0.5,0.8,97.6273283792569,2.3726716207431053
-0.5,-0.5,0.9000000000000001,98.05444772134692,1.9455522786530821
-0.5,-0.5,1.0,98.4774318460988,1.5225681539012044
-0.5,-0.3999999999999999,-1.0,89.66295769911258,10.337042300887418
-0.5,-0.3999999999999999,-0.9,90.16460145657875,9.835398543421249
-0.5,-0.3999999999999999,-0.8,90.66210999670677,9.337890003293225
-0.5,-0.3999999999999999,-0.7,91.15548331949662,8.844516680503375
-0.5,-0.3999999999999999,-0.6,91.6447214249483,8.355278575051699
-0.5,-0.3999999999999999,-0.5,92.1298243130618,7.870175686938197
-0.5,-0.3999999999999999,-0.3999999999999999,92.61079198383715,7.389208016162854
-0.5,-0.3999999999999999,-0.29999999999999993,93.0876244372743,6.9123755627257
-0.5,-0.3999999999999999,-0.19999999999999996,93.56032167337328,6.439678326626719
-0.5,-0.3999999999999999,-0.09999999999999998,94.02888369213409,5.971116307865913
-0.5,-0.3999999999999999,0.0,94.49331049355672,5.50668950644328
-0.5,-0.3999999999999999,0.10000000000000009,94.9536020776412,5.046397922358807
-0.5,-0.3999999999999999,0.20000000000000018,95.40975844438748,4.590241555612522
-0.5,-0.3999999999999999,0.30000000000000004,95.8617795937956,4.138220406204397
-0.5,-0.3999999999999999,0.40000000000000013,96.30966552586555,3.6903344741344455
-0.5,-0.3999999999999999,0.5,96.75341624059732,3.2465837594026823
-0.5,-0.3999999999999999,0.6000000000000001,97.19303173799092,2.806968262009079
-0.5,-0.3999999999999999,0.7000000000000002,97.62851201804634,2.3714879819536634
-0.5,-0.3999999999999999,0.8,98.05985708076359,1.9401429192364077
-0.5,-0.3999999999999999,0.9000000000000001,98.48706692614267,1.512933073857326
-0.5,-0.3999999999999999,1.0,98.9101415541836,1.0898584458164038
-0.5,-0.29999999999999993,-1.0,90.07668304547751,9.923316954522491
-0.5,-0.29999999999999993,-0.9,90.57841730623274,9.421582693767263
-0.5,-0.29999999999999993,-0.8,91.07601634964982,8.92398365035018
-0.5,-0.29999999999999993,-0.7,91.56948017572873,8.430519824271272
-0.5,-0.29999999999999993,-0.6,92.05880878446945,7.9411912155305515
-0.5,-0.29999999999999993,-0.5,92.54400217587201,7.455997824127991
-0.5,-0.29999999999999993,-0.3999999999999999,93.02506034993641,6.97493965006359
-0.5,-0.29999999999999993,-0.29999999999999993,93.50198330666262,6.498016693337377
-0.5,-0.29999999999999993,-0.19999999999999996,93.97477104605066,6.0252289539493376
-0.5,-0.29999999999999993,-0.09999999999999998,94.44342356810051,5.556576431899487
-0.5,-0.29999999999999993,0.0,94.9079408728122,5.092059127187795
-0.5,-0.29999999999999993,0.10000000000000009,95.36832296018574,4.631677039814264
-0.5,-0.29999999999999993,0.20000000000000018,95.82456983022108,4.17543016977892
-0.5,-0.29999999999999993,0.30000000000000004,96.27668148291826,3.7233185170817364
-0.5,-0.29999999999999993,0.40000000000000013,96.72465791827726,3.2753420817227408
-0.5,-0.29999999999999993,0.5,97.16849913629808,2.831500863701919
-0.5,-0.29999999999999993,0.6000000000000001,97.60820513698074,2.391794863019257
-0.5,-0.29999999999999993,0.7000000000000002,98.04377592032522,1.956224079674783
-0.5,-0.29999999999999993,0.8,98.47521148633153,1.5247885136684687
-0.5,-0.29999999999999993,0.9000000000000001,98.90251183499966,1.0974881650003425
-0.5,-0.29999999999999993,1.0,99.32567696632964,0.6743230336703618
-0.5,-0.19999999999999996,-1.0,90.47323409590368,9.526765904096322
-0.5,-0.19999999999999996,-0.9,90.97505885994796,9.024941140052036
-0.5,-0.19999999999999996,-0.8,91.4727484066541,8.527251593345895
-0.5,-0.19999999999999996,-0.7,91.96630273602206,8.033697263977942
-0.5,-0.19999999999999996,-0.6,92.45572184805185,7.5442781519481485
-0.5,-0.19999999999999996,-0.5,92.94100574274347,7.058994257256529
-0.5,-0.19999999999999996,-0.3999999999999999,93.42215442009692,6.577845579903084
-0.5,-0.19999999999999996,-0.29999999999999993,93.89916788011219,6.100832119887812
-0.5,-0.19999999999999996,-0.19999999999999996,94.37204612278927,5.627953877210729
-0.5,-0.19999999999999996,-0.09999999999999998,94.8407891481282,5.159210851871805
-0.5,-0.19999999999999996,0.0,95.30539695612894,4.694603043871055
-0.5,-0.19999999999999996,0.10000000000000009,95.76586954679152,4.234130453208479
-0.5,-0.19999999999999996,0.20000000000000018,96.22220692011592,3.777793079884077
-0.5,-0.19999999999999996,0.30000000000000004,96.67440907610215,3.325590923897849
-0.5,-0.19999999999999996,0.40000000000000013,97.12247601475022,2.8775239852497805
-0.5,-0.19999999999999996,0.5,97.56640773606009,2.4335922639399143
-0.5,-0.19999999999999996,0.6000000000000001,98.0062042400318,1.9937957599681937
-0.5,-0.19999999999999996,0.7000000000000002,98.44186552666534,1.5581344733346612
-0.5,-0.19999999999999996,0.8,98.8733915959607,1.1266084040393025
-0.5,-0.19999999999999996,0.9000000000000001,99.3007824479179,0.6992175520821036
-0.5,-0.19999999999999996,1.0,99.72403808253691,0.27596191746309273
-0.5,-0.09999999999999998,-1.0,90.8526108503911,9.147389149608898
-0.5,-0.09999999999999998,-0.9,91.35452611772443,8.645473882275567
-0.5,-0.09999999999999998,-0.8,91.85230616771963,8.147693832280368
-0.5,-0.09999999999999998,-0.7,92.34595100037664,7.654048999623356
-0.5,-0.09999999999999998,-0.6,92.83546061569548,7.164539384304518
-0.5,-0.09999999999999998,-0.5,93.32083501367616,6.6791649863238405
-0.5,-0.09999999999999998,-0.3999999999999999,93.80207419431866,6.197925805681336
-0.5,-0.09999999999999998,-0.29999999999999993,94.279178157623,5.720821842377006
-0.5,-0.09999999999999998,-0.19999999999999996,94.75214690358914,5.247853096410864
-0.5,-0.09999999999999998,-0.09999999999999998,95.2209804322171,4.779019567782896
-0.5,-0.09999999999999998,0.0,95.68567874350691,4.314321256493088
-0.5,-0.09999999999999998,0.10000000000000009,96.14624183745855,3.853758162541453
-0.5,-0.09999999999999998,0.20000000000000018,96.60266971407201,3.3973302859279926
-0.5,-0.09999999999999998,0.30000000000000004,97.0549623733473,2.945037626652706
-0.5,-0.09999999999999998,0.40000000000000013,97.5031198152844,2.496880184715593
-0.5,-0.09999999999999998,0.5,97.94714203988335,2.052857960116654
-0.5,-0.09999999999999998,0.6000000000000001,98.38702904714411,1.612970952855889
-0.5,-0.09999999999999998,0.7000000000000002,98.82278083706669,1.1772191629333122
-0.5,-0.09999999999999998,0.8,99.25439740965112,0.7456025903488808
-0.5,-0.09999999999999998,0.9000000000000001,99.68187876489736,0.31812123510263746
-0.5,-0.09999999999999998,1.0,100.10522490280545,0.10522490280544616
-0.5,0.0,-1.0,91.21481330893974,8.785186691060261
-0.5,0.0,-0.9,91.71681907956214,8.283180920437857
-0.5,0.0,-0.8,92.2146896328464,7.785310367153599
-0.5,0.0,-0.7,92.70842496879247,7.291575031207529
-0.5,0.0,-0.6,93.19802508740037,6.801974912599633
-0.5,0.0,-0.5,93.68348998867009,6.31651001132991
-0.5,0.0,-0.3999999999999999,94.16481967260165,5.835180327398348
-0.5,0.0,-0.29999999999999993,94.64201413919504,5.357985860804959
-0.5,0.0,-0.19999999999999996,95.11507338845024,4.8849266115497585
-0.5,0.0,-0.09999999999999998,95.58399742036727,4.416002579632732
-0.5,0.0,0.0,96.04878623494612,3.951213765053879
-0.5,0.0,0.10000000000000009,96.50943983218681,3.490560167813186
-0.5,0.0,0.20000000000000018,96.96595821208932,3.034041787910681
-0.5,0.0,0.30000000000000004,97.41834137465368,2.5816586253463214
-0.5,0.0,0.40000000000000013,97.86658931987985,2.13341068012015
-0.5,0.0,0.5,98.31070204776783,1.6892979522321667
-0.5,0.0,0.6000000000000001,98.75067955831766,1.2493204416823431
-0.5,0.0,0.7000000000000002,99.18652185152929,0.8134781484707077
-0.5,0.0,0.8,99.61822892740278,0.38177107259721765
-0.5,0.0,0.9000000000000001,100.04580078593808,0.04580078593808423
-0.5,0.0,1.0,100.46923742713523,0.4692374271352264
-0.5,0.10000000000000009,-1.0,91.55984147154965,8.440158528450354
-0.5,0.10000000000000009,-0.9,92.06193774546111,7.938062254538892
-0.5,0.10000000000000009,-0.8,92.5598988020344,7.440101197965603
-0.5,0.10000000000000009,-0.7,93.05372464126953,6.946275358730475
-0.5,0.10000000000000009,-0.6,93.54341526316648,6.45658473683352
-0.5,0.10000000000000009,-0.5,94.02897066772526,5.971029332274739
-0.5,0.10000000000000009,-0.3999999999999999,94.51039085494588,5.489609145054118
-0.5,0.10000000000000009,-0.29999999999999993,94.98767582482832,5.012324175171685
-0.5,0.10000000000000009,-0.19999999999999996,95.46082557737257,4.5391744226274255
-0.5,0.10000000000000009,-0.09999999999999998,95.92984011257866,4.07015988742134
-0.5,0.10000000000000009,0.0,96.39471943044657,3.605280569553429
-0.5,0.10000000000000009,0.10000000000000009,96.85546353097632,3.1445364690236772
-0.5,0.10000000000000009,0.20000000000000018,97.31207241416789,2.6879275858321137
-0.5,0.10000000000000009,0.30000000000000004,97.76454608002129,2.23545391997871
-0.5,0.10000000000000009,0.40000000000000013,98.21288452853652,1.7871154714634798
-0.5,0.10000000000000009,0.5,98.65708775971356,1.342912240286438
-0.5,0.10000000000000009,0.6000000000000001,99.09715577355244,0.9028442264475558
-0.5,0.10000000000000009,0.7000000000000002,99.53308857005314,0.46691142994686174
-0.5,0.10000000000000009,0.8,99.96488614921567,0.03511385078432738
-0.5,0.10000000000000009,0.9000000000000001,100.39254851104003,0.3925485110400331
-0.5,0.10000000000000009,1.0,100.81607565552622,0.8160756555262196
-0.5,0.20000000000000018,-1.0,91.88769533822078,8.11230466177922
-0.5,0.20000000000000018,-0.9,92.3898821154213,7.610117884578699
-0.5,0.20000000000000018,-0.8,92.88793367528365,7.112066324716352
-0.5,0.20000000000000018,-0.7,93.38185001780784,6.618149982192165
-0.5,0.20000000000000018,-0.6,93.87163114299385,6.128368857006151
-0.5,0.20000000000000018,-0.5,94.35727705084169,5.642722949158312
-0.5,0.20000000000000018,-0.3999999999999999,94.83878774135137,5.161212258648632
-0.5,0.20000000000000018,-0.29999999999999993,95.31616321452285,4.683836785477155
-0.5,0.20000000000000018,-0.19999999999999996,95.78940347035616,4.210596529643837
-0.5,0.20000000000000018,-0.09999999999999998,96.2585085088513,3.741491491148693
-0.5,0.20000000000000018,0.0,96.72347833000828,3.2765216699917232
-0.5,0.20000000000000018,0.10000000000000009,97.18431293382707,2.815687066172927
-0.5,0.20000000000000018,0.20000000000000018,97.6410123203077,2.358987679692305
-0.5,0.20000000000000018,0.30000000000000004,98.09357648945016,1.9064235105498426
-0.5,0.20000000000000018,0.40000000000000013,98.54200544125445,1.457994558745554
-0.5,0.20000000000000018,0.5,98.98629917572055,1.0137008242794536
-0.5,0.20000000000000018,0.6000000000000001,99.42645769284847,0.5735423071515271
-0.5,0.20000000000000018,0.7000000000000002,99.86248099263823,0.13751900736177447
-0.5,0.20000000000000018,0.8,100.29436907508982,0.29436907508981847
-0.5,0.20000000000000018,0.9000000000000001,100.72212194020324,0.7221219402032375
-0.5,0.20000000000000018,1.0,101.14573958797847,1.1457395879784684
-0.5,0.30000000000000004,-1.0,92.19837490895316,7.801625091046844
-0.5,0.30000000000000004,-0.9,92.70065218944274,7.299347810557265
-0.5,0.30000000000000004,-0.8,93.19879425259414,6.801205747405859
-0.5,0.30000000000000004,-0.7,93.69280109840739,6.3071989015926135
-0.5,0.30000000000000004,-0.6,94.18267272688244,5.817327273117556
-0.5,0.30000000000000004,-0.5,94.66840913801934,5.331590861980658
-0.5,0.30000000000000004,-0.3999999999999999,95.15001033181808,4.8499896681819195
-0.5,0.30000000000000004,-0.29999999999999993,95.62747630827862,4.372523691721383
-0.5,0.30000000000000004,-0.19999999999999996,96.10080706740099,3.899192932599007
-0.5,0.30000000000000004,-0.09999999999999998,96.57000260918518,3.429997390814819
-0.5,0.30000000000000004,0.0,97.03506293363121,2.9649370663687904
-0.5,0.30000000000000004,0.10000000000000009,97.49598804073906,2.504011959260936
-0.5,0.30000000000000004,0.20000000000000018,97.95277793050874,2.047222069491255
-0.5,0.30000000000000004,0.30000000000000004,98.40543260294027,1.594567397059734
-0.5,0.30000000000000004,0.40000000000000013,98.8539520580336,1.1460479419664011
-0.5,0.30000000000000004,0.5,99.29833629578876,0.7016637042112421
-0.5,0.30000000000000004,0.6000000000000001,99.73858531620574,0.26141468379425703
-0.5,0.30000000000000004,0.7000000000000002,100.17469911928455,0.17469911928455417
-0.5,0.30000000000000004,0.8,100.60667770502519,0.6066777050251915
-0.5,0.30000000000000004,0.9000000000000001,101.03452107342767,1.034521073427669
-0.5,0.30000000000000004,1.0,101.45822922449199,1.458229224491987
-0.5,0.40000000000000013,-1.0,92.49188018374677,7.508119816253227
-0.5,0.40000000000000013,-0.9,92.99424796752541,7.005752032474589
-0.5,0.40000000000000013,-0.8,93.49248053396587,6.507519466034125
-0.5,0.40000000000000013,-0.7,93.98657788306818,6.013422116931821
-0.5,0.40000000000000013,-0.6,94.4765400148323,5.523459985167705
-0.5,0.40000000000000013,-0.5,94.96236692925824,5.037633070741762
-0.5,0.40000000000000013,-0.3999999999999999,95.44405862634603,4.555941373653965
-0.5,0.40000000000000013,-0.29999999999999993,95.92161510609563,4.078384893904371
-0.5,0.40000000000000013,-0.19999999999999996,96.39503636850705,3.60496363149295
-0.5,0.40000000000000013,-0.09999999999999998,96.86432241358031,3.135677586419689
-0.5,0.40000000000000013,0.0,97.32947324131538,2.670526758684616
-0.5,0.40000000000000013,0.10000000000000009,97.79048885171231,2.209511148287689
-0.5,0.40000000000000013,0.20000000000000018,98.24736924477104,1.7526307552289637
-0.5,0.40000000000000013,0.30000000000000004,98.7001144204916,1.2998855795083983
-0.5,0.40000000000000013,0.40000000000000013,99.14872437887401,0.8512756211259926
-0.5,0.40000000000000013,0.5,99.59319911991821,0.4068008800817893
-0.5,0.40000000000000013,0.6000000000000001,100.03353864362425,0.033538643624254405
-0.5,0.40000000000000013,0.7000000000000002,100.46974294999212,0.4697429499921242
-0.5,0.40000000000000013,0.8,100.90181203902182,0.90181203902182
-0.5,0.40000000000000013,0.9000000000000001,101.32974591071336,1.3297459107133562
-0.5,0.40000000000000013,1.0,101.7535445650667,1.7535445650667043
-0.5,0.5,-1.0,92.76821116260166,7.231788837398341
-0.5,0.5,-0.9,93.27066944966933,6.729330550330673
-0.5,0.5,-0.8,93.76899251939885,6.23100748060115
-0.5,0.5,-0.7,94.2631803717902,5.736819628209801
-0.5,0.5,-0.6,94.75323300684337,5.246766993156626
-0.5,0.5,-0.5,95.23915042455839,4.760849575441611
-0.5,0.5,-0.3999999999999999,95.72093262493523,4.27906737506477
-0.5,0.5,-0.29999999999999993,96.19857960797388,3.8014203920261167
-0.5,0.5,-0.19999999999999996,96.67209137367436,3.3279086263256374
-0.5,0.5,-0.09999999999999998,97.14146792203667,2.858532077963332
-0.5,0.5,0.0,97.6067092530608,2.3932907469392006
-0.5,0.5,0.10000000000000009,98.06781536674679,1.9321846332532147
-0.5,0.5,0.20000000000000018,98.52478626309457,1.475213736905431
-0.5,0.5,0.30000000000000004,98.9776219421042,1.022378057895807
-0.5,0.5,0.40000000000000013,99.42632240377564,0.573677596224357
-0.5,0.5,0.5,99.8708876481089,0.12911235189109505
-0.5,0.5,0.6000000000000001,100.31131767510401,0.3113176751040072
-0.5,0.5,0.7000000000000002,100.74761248476094,0.7476124847609356
-0.5,0.5,0.8,101.17977207707969,1.17977207707969
-0.5,0.5,0.9000000000000001,101.60779645206027,1.6077964520602706
-0.5,0.5,1.0,102.03168560970269,2.0316856097026914
-0.5,0.6000000000000001,-1.0,93.02736784551776,6.972632154482241
-0.5,0.6000000000000001,-0.9,93.5299166358745,6.4700833641255
-0.5,0.6000000000000001,-0.8,94.02833020889308,5.971669791106919
-0.5,0.6000000000000001,-0.7,94.52260856457349,5.477391435426512
-0.5,0.6000000000000001,-0.6,95.01275170291572,4.987248297084278
-0.5,0.6000000000000001,-0.5,95.49875962391978,4.501240376080219
-0.5,0.6000000000000001,-0.3999999999999999,95.98063232758568,4.019367672414319
-0.5,0.6000000000000001,-0.29999999999999993,96.4583698139134,3.541630186086607
-0.5,0.6000000000000001,-0.19999999999999996,96.93197208290293,3.0680279170970692
-0.5,0.6000000000000001,-0.09999999999999998,97.4014391345543,2.5985608654457053
-0.5,0.6000000000000001,0.0,97.86677096886748,2.1332290311325153
-0.5,0.6000000000000001,0.10000000000000009,98.32796758584252,1.672032414157485
-0.5,0.6000000000000001,0.20000000000000018,98.78502898547936,1.2149710145206427
-0.5,0.6000000000000001,0.30000000000000004,99.23795516777804,0.7620448322219602
-0.5,0.6000000000000001,0.40000000000000013,99.68674613273855,0.31325386726145155
-0.5,0.6000000000000001,0.5,100.13140188036087,0.13140188036086897
-0.5,0.6000000000000001,0.6000000000000001,100.57192241064503,0.5719224106450298
-0.5,0.6000000000000001,0.7000000000000002,101.00830772359099,1.0083077235909883
-0.5,0.6000000000000001,0.8,101.4405578191988,1.4405578191988013
-0.5,0.6000000000000001,0.9000000000000001,101.86867269746844,1.8686726974684404
-0.5,0.6000000000000001,1.0,102.2926523583999,2.2926523583999057
-0.5,0.7000000000000002,-1.0,93.2693502324951,6.7306497675049
-0.5,0.7000000000000002,-0.9,93.7719895261409,6.228010473859101
-0.5,0.7000000000000002,-0.8,94.27049360244854,5.729506397551461
-0.5,0.7000000000000002,-0.7,94.764862461418,5.235137538581995
-0.5,0.7000000000000002,-0.6,95.25509610304928,4.744903896950717
-0.5,0.7000000000000002,-0.5,95.7411945273424,4.258805472657599
-0.5,0.7000000000000002,-0.3999999999999999,96.22315773429736,3.7768422657026406
-0.5,0.7000000000000002,-0.29999999999999993,96.70098572391413,3.2990142760858703
-0.5,0.7000000000000002,-0.19999999999999996,97.17467849619271,2.825321503807288
-0.5,0.7000000000000002,-0.09999999999999998,97.64423605113313,2.3557639488668656
-0.5,0.7000000000000002,0.0,98.10965838873538,1.890341611264617
-0.5,0.7000000000000002,0.10000000000000009,98.57094550899947,1.429054491000528
-0.5,0.7000000000000002,0.20000000000000018,99.02809741192537,0.9719025880746273
-0.5,0.7000000000000002,0.30000000000000004,99.4811140975131,0.5188859024869004
-0.5,0.7000000000000002,0.40000000000000013,99.92999556576267,0.07000443423733316
-0.5,0.7000000000000002,0.5,100.37474181667405,0.37474181667404594
-0.5,0.7000000000000002,0.6000000000000001,100.81535285024727,0.8153528502472653
-0.5,0.7000000000000002,0.7000000000000002,101.25182866648228,1.2518286664822824
-0.5,0.7000000000000002,0.8,101.68416926537915,1.684169265379154
-0.5,0.7000000000000002,0.9000000000000001,102.11237464693785,2.1123746469378517
-0.5,0.7000000000000002,1.0,102.53644481115838,2.5364448111583755
-0.5,0.8,-1.0,93.4941583235337,6.505841676466304
-0.5,0.8,-0.9,93.99688812046854,6.00311187953146
-0.5,0.8,-0.8,94.49548270006524,5.504517299934761
-0.5,0.8,-0.7,94.98994206232375,5.010057937676251
-0.5,0.8,-0.6,95.4802662072441,4.5197337927559005
-0.5,0.8,-0.5,95.96645513482626,4.033544865173738
-0.5,0.8,-0.3999999999999999,96.44850884507028,3.551491154929721
-0.5,0.8,-0.29999999999999993,96.92642733797611,3.073572662023892
-0.5,0.8,-0.19999999999999996,97.40021061354375,2.5997893864562513
-0.5,0.8,-0.09999999999999998,97.86985867177323,2.1301413282267703
-0.5,0.8,0.0,98.33537151266452,1.6646284873354773
-0.5,0.8,0.10000000000000009,98.79674913621767,1.2032508637823298
-0.5,0.8,0.20000000000000018,99.25399154243262,0.7460084575673847
-0.5,0.8,0.30000000000000004,99.70709873130942,0.29290126869058497
-0.5,0.8,0.40000000000000013,100.15607070284804,0.1560707028480408
-0.5,0.8,0.5,100.60090745704846,0.6009074570484643
-0.5,0.8,0.6000000000000001,101.04160899391074,1.0416089939107422
-0.5,0.8,0.7000000000000002,101.47817531343482,1.478175313434818
-0.5,0.8,0.8,101.91060641562075,1.910606415620748
-0.5,0.8,0.9000000000000001,102.33890230046849,2.33890230046849
-0.5,0.8,1.0,102.76306296797807,2.7630629679780725
-0.5,0.9000000000000001,-1.0,93.70179211863352,6.29820788136648
-0.5,0.9000000000000001,-0.9,94.20461241885742,5.7953875811425775
-0.5,0.9000000000000001,-0.8,94.70329750174318,5.2967024982568205
-0.5,0.9000000000000001,-0.7,95.19784736729075,4.802152632709252
-0.5,0.9000000000000001,-0.6,95.68826201550014,4.311737984499857
-0.5,0.9000000000000001,-0.5,96.17454144637138,3.8254585536286214
-0.5,0.9000000000000001,-0.3999999999999999,96.65668565990444,3.34331434009556
-0.5,0.9000000000000001,-0.29999999999999993,97.13469465609931,2.865305343900687
-0.5,0.9000000000000001,-0.19999999999999996,97.60856843495603,2.3914315650439733
-0.5,0.9000000000000001,-0.09999999999999998,98.07830699647455,1.9216930035254478
-0.5,0.9000000000000001,0.0,98.54391034065492,1.456089659345082
-0.5,0.9000000000000001,0.10000000000000009,99.00537846749711,0.9946215325028902
-0.5,0.9000000000000001,0.20000000000000018,99.46271137700111,0.5372886229988865
-0.5,0.9000000000000001,0.30000000000000004,99.91590906916697,0.08409093083302821
-0.5,0.9000000000000001,0.40000000000000013,100.36497154399464,0.36497154399464193
-0.5,0.9000000000000001,0.5,100.80989880148412,0.809898801484124
-0.5,0.9000000000000001,0.6000000000000001,101.25069084163546,1.2506908416354605
-0.5,0.9000000000000001,0.7000000000000002,101.6873476644486,1.6873476644485947
-0.5,0.9000000000000001,0.8,102.11986926992357,2.1198692699235693
-0.5,0.9000000000000001,0.9000000000000001,102.54825565806038,2.548255658060384
-0.5,0.9000000000000001,1.0,102.97250682885901,2.972506828859011
-0.5,1.0,-1.0,93.89225161779459,6.107748382205415
-0.5,1.0,-0.9,94.39516242130755,5.604837578692454
-0.5,1.0,-0.8,94.89393800748236,5.106061992517638
-0.5,1.0,-0.7,95.38857837631899,4.611421623681011
-0.5,1.0,-0.6,95.87908352781744,4.120916472182557
-0.5,1.0,-0.5,96.36545346197772,3.6345465380222777
-0.5,1.0,-0.3999999999999999,96.84768817879984,3.1523118212001577
-0.5,1.0,-0.29999999999999993,97.32578767828377,2.674212321716226
-0.5,1.0,-0.19999999999999996,97.79975196042955,2.200248039570454
-0.5,1.0,-0.09999999999999998,98.26958102523713,1.7304189747628698
-0.5,1.0,0.0,98.73527487270654,1.2647251272934596
-0.5,1.0,0.10000000000000009,99.19683350283779,0.8031664971622092
-0.5,1.0,0.20000000000000018,99.65425691563085,0.3457430843691469
-0.5,1.0,0.30000000000000004,100.10754511108576,0.1075451110857557
-0.5,1.0,0.40000000000000013,100.55669808920248,0.5566980892024844
-0.5,1.0,0.5,101.00171584998104,1.0017158499810392
-0.5,1.0,0.6000000000000001,101.44259839342142,1.4425983934214202
-0.5,1.0,0.7000000000000002,101.87934571952361,1.879345719523613
-0.5,1.0,0.8,102.31195782828765,2.311957828287646
-0.5,1.0,0.9000000000000001,102.7404347197135,2.7404347197135053
-0.5,1.0,1.0,103.16477639380119,3.1647763938011906
-0.3999999999999999,-1.0,-1.0,87.3948838331469,12.605116166853094
-0.3999999999999999,-1.0,-0.9,87.89658923265597,12.10341076734403
-0.3999999999999999,-1.0,-0.8,88.39415941482687,11.605840585173127
-0.3999999999999999,-1.0,-0.7,88.88759437965957,11.112405620340425
-0.3999999999999999,-1.0,-0.6,89.37689412715413,10.62310587284587
-0.3999999999999999,-1.0,-0.5,89.8620586573105,10.137941342689501
-0.3999999999999999,-1.0,-0.3999999999999999,90.34308797012872,9.656912029871279
-0.3999999999999999,-1.0,-0.29999999999999993,90.81998206560874,9.180017934391259
-0.3999999999999999,-1.0,-0.19999999999999996,91.2927409437506,8.707259056249399
-0.3999999999999999,-1.0,-0.09999999999999998,91.7613646045543,8.238635395445698
-0.3999999999999999,-1.0,0.0,92.22585304801979,7.774146951980214
-0.3999999999999999,-1.0,0.10000000000000009,92.68620627414714,7.313793725852861
-0.3999999999999999,-1.0,0.20000000000000018,93.14242428293629,6.85757571706371
-0.3999999999999999,-1.0,0.30000000000000004,93.5945070743873,6.405492925612705
-0.3999999999999999,-1.0,0.40000000000000013,94.04245464850013,5.957545351499874
-0.3999999999999999,-1.0,0.5,94.48626700527475,5.513732994725245
-0.3999999999999999,-1.0,0.6000000000000001,94.92594414471124,5.074055855288762
-0.3999999999999999,-1.0,0.7000000000000002,95.36148606680953,4.638513933190467
-0.3999999999999999,-1.0,0.8,95.79289277156967,4.207107228430331
-0.3999999999999999,-1.0,0.9000000000000001,96.2201642589916,3.779835741008398
-0.3999999999999999,-1.0,1.0,96.64330052907539,3.3566994709246103
-0.3999999999999999,-0.9,-1.0,87.91273304169079,12.087266958309215
-0.3999999999999999,-0.9,-0.9,88.41452894448892,11.585471055511078
-0.3999999999999999,-0.9,-0.8,88.91218962994887,11.08781037005113
-0.3999999999999999,-0.9,-0.7,89.40571509807063,10.59428490192937
-0.3999999999999999,-0.9,-0.6,89.89510534885424,10.104894651145756
-0.3999999999999999,-0.9,-0.5,90.38036038229967,9.61963961770033
-0.3999999999999999,-0.9,-0.3999999999999999,90.86148019840695,9.138519801593048
-0.3999999999999999,-0.9,-0.29999999999999993,91.33846479717603,8.66153520282397
-0.3999999999999999,-0.9,-0.19999999999999996,91.81131417860693,8.188685821393065
-0.3999999999999999,-0.9,-0.09999999999999998,92.2800283426997,7.719971657300306
-0.3999999999999999,-0.9,0.0,92.74460728945424,7.255392710545763
-0.3999999999999999,-0.9,0.10000000000000009,93.20505101887063,6.794948981129366
-0.3999999999999999,-0.9,0.20000000000000018,93.66135953094886,6.338640469051143
-0.3999999999999999,-0.9,0.30000000000000004,94.1135328256889,5.886467174311093
-0.3999999999999999,-0.9,0.40000000000000013,94.5615709030908,5.4384290969092035
-0.3999999999999999,-0.9,0.5,95.00547376315448,4.994526236845516
-0.3999999999999999,-0.9,0.6000000000000001,95.44524140588001,4.554758594119988
-0.3999999999999999,-0.9,0.7000000000000002,95.88087383126738,4.11912616873262
-0.3999999999999999,-0.9,0.8,96.31237103931656,3.6876289606834405
-0.3999999999999999,-0.9,0.9000000000000001,96.73973303002755,3.2602669699724487
-0.3999999999999999,-0.9,1.0,97.16295980340041,2.837040196599588
-0.3999999999999999,-0.8,-1.0,88.41340795429592,11.58659204570408
-0.3999999999999999,-0.8,-0.9,88.9152943603831,11.0847056396169
-0.3999999999999999,-0.8,-0.8,89.41304554913211,10.586954450867893
-0.3999999999999999,-0.8,-0.7,89.90666152054294,10.09333847945706
-0.3999999999999999,-0.8,-0.6,90.3961422746156,9.603857725384401
-0.3999999999999999,-0.8,-0.5,90.88148781135008,9.118512188649916
-0.3999999999999999,-0.8,-0.3999999999999999,91.36269813074641,8.63730186925359
-0.3999999999999999,-0.8,-0.29999999999999993,91.83977323280455,8.160226767195454
-0.3999999999999999,-0.8,-0.19999999999999996,92.31271311752452,7.687286882475476
-0.3999999999999999,-0.8,-0.09999999999999998,92.78151778490633,7.2184822150936725
-0.3999999999999999,-0.8,0.0,93.24618723494993,6.753812765050071
-0.3999999999999999,-0.8,0.10000000000000009,93.70672146765538,6.293278532344615
-0.3999999999999999,-0.8,0.20000000000000018,94.16312048302265,5.836879516977348
-0.3999999999999999,-0.8,0.30000000000000004,94.61538428105176,5.38461571894824
-0.3999999999999999,-0.8,0.40000000000000013,95.06351286174271,4.9364871382572915
-0.3999999999999999,-0.8,0.5,95.50750622509545,4.4924937749045455
-0.3999999999999999,-0.8,0.6000000000000001,95.94736437111004,4.052635628889959
-0.3999999999999999,-0.8,0.7000000000000002,96.38308729978645,3.616912700213547
-0.3999999999999999,-0.8,0.8,96.81467501112469,3.1853249888753083
-0.3999999999999999,-0.8,0.9000000000000001,97.24212750512474,2.757872494875258
-0.3999999999999999,-0.8,1.0,97.66544478178665,2.334555218213353
-0.3999999999999999,-0.7,-1.0,88.8969085709623,11.103091429037704
-0.3999999999999999,-0.7,-0.9,89.39888548033854,10.601114519661465
-0.3999999999999999,-0.7,-0.8,89.8967271723766,10.1032728276234
-0.3999999999999999,-0.7,-0.7,90.39043364707648,9.609566352923522
-0.3999999999999999,-0.7,-0.6,90.8800049044382,9.119995095561805
-0.3999999999999999,-0.7,-0.5,91.36544094446174,8.634559055538261
-0.3999999999999999,-0.7,-0.3999999999999999,91.84674176714712,8.153258232852878
-0.3999999999999999,-0.7,-0.29999999999999993,92.32390737249432,7.676092627505682
-0.3999999999999999,-0.7,-0.19999999999999996,92.79693776050334,7.20306223949666
-0.3999999999999999,-0.7,-0.09999999999999998,93.2658329311742,6.734167068825798
-0.3999999999999999,-0.7,0.0,93.73059288450686,6.269407115493138
-0.3999999999999999,-0.7,0.10000000000000009,94.19121762050138,5.8087823794986235
-0.3999999999999999,-0.7,0.20000000000000018,94.6477071391577,5.352292860842297
-0.3999999999999999,-0.7,0.30000000000000004,95.10006144047587,4.899938559524131
-0.3999999999999999,-0.7,0.40000000000000013,95.54828052445586,4.451719475544138
-0.3999999999999999,-0.7,0.5,95.99236439109767,4.0076356089023335
-0.3999999999999999,-0.7,0.6000000000000001,96.4323130404013,3.567686959598703
-0.3999999999999999,-0.7,0.7000000000000002,96.86812647236677,3.131873527633232
-0.3999999999999999,-0.7,0.8,97.29980468699407,2.700195313005935
-0.3999999999999999,-0.7,0.9000000000000001,97.72734768428317,2.272652315716826
-0.3999999999999999,-0.7,1.0,98.15075546423412,1.8492445357658767
-0.3999999999999999,-0.6,-1.0,89.36323489168993,10.636765108310072
-0.3999999999999999,-0.6,-0.9,89.86530230435521,10.134697695644789
-0.3999999999999999,-0.6,-0.8,90.36323449968232,9.63676550031768
-0.3999999999999999,-0.6,-0.7,90.85703147767126,9.142968522328744
-0.3999999999999999,-0.6,-0.6,91.34669323832203,8.653306761677968
-0.3999999999999999,-0.6,-0.5,91.83221978163463,8.167780218365365
-0.3999999999999999,-0.6,-0.3999999999999999,92.31361110760906,7.686388892390937
-0.3999999999999999,-0.6,-0.29999999999999993,92.79086721624532,7.209132783754683
-0.3999999999999999,-0.6,-0.19999999999999996,93.2639881075434,6.736011892456602
-0.3999999999999999,-0.6,-0.09999999999999998,93.73297378150332,6.267026218496682
-0.3999999999999999,-0.6,0.0,94.19782423812504,5.802175761874963
-0.3999999999999999,-0.6,0.10000000000000009,94.6585394774086,5.3414605225914045
-0.3999999999999999,-0.6,0.20000000000000018,95.11511949935398,4.88488050064602
-0.3999999999999999,-0.6,0.30000000000000004,95.5675643039612,4.4324356960387945
-0.3999999999999999,-0.6,0.40000000000000013,96.01587389123026,3.9841261087697433
-0.3999999999999999,-0.6,0.5,96.4600482611611,3.5399517388388944
-0.3999999999999999,-0.6,0.6000000000000001,96.90008741375381,3.099912586246191
-0.3999999999999999,-0.6,0.7000000000000002,97.33599134900834,2.6640086509916614
-0.3999999999999999,-0.6,0.8,97.7677600669247,2.2322399330753058
-0.3999999999999999,-0.6,0.9000000000000001,98.19539356750285,1.8046064324971525
-0.3999999999999999,-0.6,1.0,98.61889185074287,1.3811081492571304
-0.3999999999999999,-0.5,-1.0,89.8123869164788,10.1876130835212
-0.3999999999999999,-0.5,-0.9,90.31454483243313,9.685455167566872
-0.3999999999999999,-0.5,-0.8,90.8125675310493,9.187432468950703
-0.3999999999999999,-0.5,-0.7,91.30645501232729,8.69354498767271
-0.3999999999999999,-0.5,-0.6,91.79620727626713,8.203792723732874
-0.3999999999999999,-0.5,-0.5,92.28182432286879,7.718175677131214
-0.3999999999999999,-0.5,-0.3999999999999999,92.76330615213227,7.236693847867727
-0.3999999999999999,-0.5,-0.29999999999999993,93.24065276405759,6.759347235942414
-0.3999999999999999,-0.5,-0.19999999999999996,93.71386415864471,6.286135841355289
-0.3999999999999999,-0.5,-0.09999999999999998,94.18294033589369,5.81705966410631
-0.3999999999999999,-0.5,0.0,94.64788129580447,5.352118704195533
-0.3999999999999999,-0.5,0.10000000000000009,95.10868703837708,4.891312961622916
-0.3999999999999999,-0.5,0.20000000000000018,95.56535756361151,4.434642436388486
-0.3999999999999999,-0.5,0.30000000000000004,96.0178928715078,3.9821071284922027
-0.3999999999999999,-0.5,0.40000000000000013,96.4662929620659,3.533707037934093
-0.3999999999999999,-0.5,0.5,96.91055783528581,3.0894421647141854
-0.3999999999999999,-0.5,0.6000000000000001,97.35068749116758,2.6493125088324234
-0.3999999999999999,-0.5,0.7000000000000002,97.78668192971115,2.2133180702888495
-0.3999999999999999,-0.5,0.8,98.21854115091656,1.7814588490834353
-0.3999999999999999,-0.5,0.9000000000000001,98.64626515478378,1.3537348452162234
-0.3999999999999999,-0.5,1.0,99.06985394131286,0.9301460586871428
-0.3999999999999999,-0.3999999999999999,-1.0,90.2443646453289,9.7556353546711
-0.3999999999999999,-0.3999999999999999,-0.9,90.74661306457229,9.253386935427713
-0.3999999999999999,-0.3999999999999999,-0.8,91.2447262664775,8.7552737335225
-0.3999999999999999,-0.3999999999999999,-0.7,91.73870425104457,8.261295748955433
-0.3999999999999999,-0.3999999999999999,-0.6,92.22854701827345,7.771452981726554
-0.3999999999999999,-0.3999999999999999,-0.5,92.71425456816415,7.285745431835849
-0.3999999999999999,-0.3999999999999999,-0.3999999999999999,93.19582690071671,6.80417309928329
-0.3999999999999999,-0.3999999999999999,-0.29999999999999993,93.67326401593107,6.326735984068932
-0.3999999999999999,-0.3999999999999999,-0.19999999999999996,94.14656591380725,5.853434086192749
-0.3999999999999999,-0.3999999999999999,-0.09999999999999998,94.61573259434529,5.384267405654711
-0.3999999999999999,-0.3999999999999999,0.0,95.08076405754512,4.9192359424548755
-0.3999999999999999,-0.3999999999999999,0.10000000000000009,95.5416603034068,4.4583396965932
-0.3999999999999999,-0.3999999999999999,0.20000000000000018,95.99842133193029,4.001578668069712
-0.3999999999999999,-0.3999999999999999,0.30000000000000004,96.45104714311562,3.5489528568843838
-0.3999999999999999,-0.3999999999999999,0.40000000000000013,96.89953773696278,3.1004622630372154
-0.3999999999999999,-0.3999999999999999,0.5,97.34389311347175,2.6561068865282493
-0.3999999999999999,-0.3999999999999999,0.6000000000000001,97.78411327264256,2.215886727357443
-0.3999999999999999,-0.3999999999999999,0.7000000000000002,98.2201982144752,1.7798017855247963
-0.3999999999999999,-0.3999999999999999,0.8,98.65214793896966,1.3478520610303377
-0.3999999999999999,-0.3999999999999999,0.9000000000000001,99.07996244612593,0.9200375538740673
-0.3999999999999999,-0.3999999999999999,1.0,99.50364173594407,0.4963582640559281
-0.3999999999999999,-0.29999999999999993,-1.0,90.65916807824023,9.340831921759772
-0.3999999999999999,-0.29999999999999993,-0.9,91.16150700077269,8.838492999227313
-0.3999999999999999,-0.29999999999999993,-0.8,91.65971070596696,8.340289294033042
-0.3999999999999999,-0.29999999999999993,-0.7,92.15377919382307,7.84622080617693
-0.3999999999999999,-0.29999999999999993,-0.6,92.64371246434101,7.356287535658993
-0.3999999999999999,-0.29999999999999993,-0.5,93.12951051752077,6.870489482479229
-0.3999999999999999,-0.29999999999999993,-0.3999999999999999,93.61117335336237,6.388826646637625
-0.3999999999999999,-0.29999999999999993,-0.29999999999999993,94.08870097186579,5.911299028134209
-0.3999999999999999,-0.29999999999999993,-0.19999999999999996,94.56209337303105,5.437906626968953
-0.3999999999999999,-0.29999999999999993,-0.09999999999999998,95.03135055685813,4.968649443141871
-0.3999999999999999,-0.29999999999999993,0.0,95.49647252334702,4.503527476652977
-0.3999999999999999,-0.29999999999999993,0.10000000000000009,95.95745927249774,4.0425407275022565
-0.3999999999999999,-0.29999999999999993,0.20000000000000018,96.41431080431029,3.58568919568971
-0.3999999999999999,-0.29999999999999993,0.30000000000000004,96.86702711878468,3.1329728812153235
-0.3999999999999999,-0.29999999999999993,0.40000000000000013,97.3156082159209,2.6843917840790965
-0.3999999999999999,-0.29999999999999993,0.5,97.76005409571893,2.239945904281072
-0.3999999999999999,-0.29999999999999993,0.6000000000000001,98.2003647581788,1.799635241821207
-0.3999999999999999,-0.29999999999999993,0.7000000000000002,98.63654020330048,1.363459796699516
-0.3999999999999999,-0.29999999999999993,0.8,99.068580431084,0.9314195689159988
-0.3999999999999999,-0.29999999999999993,0.9000000000000001,99.49648544152933,0.5035145584706697
-0.3999999999999999,-0.29999999999999993,1.0,99.92025523463653,0.07974476536347197
-0.3999999999999999,-0.19999999999999996,-1.0,91.05679721521281,8.94320278478719
-0.3999999999999999,-0.19999999999999996,-0.9,91.55922664103431,8.440773358965686
-0.3999999999999999,-0.19999999999999996,-0.8,92.05752084951764,7.942479150482356
-0.3999999999999999,-0.19999999999999996,-0.7,92.55167984066281,7.448320159337186
-0.3999999999999999,-0.19999999999999996,-0.6,93.04170361446981,6.95829638553019
-0.3999999999999999,-0.19999999999999996,-0.5,93.52759217093863,6.472407829061368
-0.3999999999999999,-0.19999999999999996,-0.3999999999999999,94.0093455100693,5.990654489930705
-0.3999999999999999,-0.19999999999999996,-0.29999999999999993,94.48696363186177,5.513036368138231
-0.3999999999999999,-0.19999999999999996,-0.19999999999999996,94.96044653631607,5.03955346368393
-0.3999999999999999,-0.19999999999999996,-0.09999999999999998,95.42979422343221,4.570205776567789
-0.3999999999999999,-0.19999999999999996,0.0,95.89500669321016,4.1049933067898365
-0.3999999999999999,-0.19999999999999996,0.10000000000000009,96.35608394564994,3.6439160543500577
-0.3999999999999999,-0.19999999999999996,0.20000000000000018,96.81302598075155,3.186974019248453
-0.3999999999999999,-0.19999999999999996,0.30000000000000004,97.26583279851499,2.7341672014850076
-0.3999999999999999,-0.19999999999999996,0.40000000000000013,97.71450439894026,2.2854956010597363
-0.3999999999999999,-0.19999999999999996,0.5,98.15904078202735,1.840959217972653
-0.3999999999999999,-0.19999999999999996,0.6000000000000001,98.59944194777627,1.4005580522237295
-0.3999999999999999,-0.19999999999999996,0.7000000000000002,99.035707896187,0.9642921038129941
-0.3999999999999999,-0.19999999999999996,0.8,99.46783862725958,0.5321613727404184
-0.3999999999999999,-0.19999999999999996,0.9000000000000001,99.89583414099397,0.10416585900603081
-0.3999999999999999,-0.19999999999999996,1.0,100.31969443739021,0.3196944373902113
-0.3999999999999999,-0.09999999999999998,-1.0,91.43725205624662,8.56274794375338
-0.3999999999999999,-0.09999999999999998,-0.9,91.9397719853572,8.060228014642803
-0.3999999999999999,-0.09999999999999998,-0.8,92.43815669712959,7.561843302870415
-0.3999999999999999,-0.09999999999999998,-0.7,92.9324061915638,7.0675938084362
-0.3999999999999999,-0.09999999999999998,-0.6,93.42252046865985,6.5774795313401455
-0.3999999999999999,-0.09999999999999998,-0.5,93.90849952841774,6.091500471582265
-0.3999999999999999,-0.09999999999999998,-0.3999999999999999,94.39034337083746,5.609656629162544
-0.3999999999999999,-0.09999999999999998,-0.29999999999999993,94.86805199591898,5.131948004081025
-0.3999999999999999,-0.09999999999999998,-0.19999999999999996,95.34162540366233,4.658374596337666
-0.3999999999999999,-0.09999999999999998,-0.09999999999999998,95.81106359406753,4.188936405932466
-0.3999999999999999,-0.09999999999999998,0.0,96.27636656713454,3.723633432865455
-0.3999999999999999,-0.09999999999999998,0.10000000000000009,96.73753432286337,3.262465677136632
-0.3999999999999999,-0.09999999999999998,0.20000000000000018,97.19456686125403,2.8054331387459683
-0.3999999999999999,-0.09999999999999998,0.30000000000000004,97.64746418230654,2.3525358176934645
-0.3999999999999999,-0.09999999999999998,0.40000000000000013,98.09622628602087,1.9037737139791346
-0.3999999999999999,-0.09999999999999998,0.5,98.540853172397,1.459146827603007
-0.3999999999999999,-0.09999999999999998,0.6000000000000001,98.98134484143498,1.018655158565025
-0.3999999999999999,-0.09999999999999998,0.7000000000000002,99.41770129313478,0.5822987068652168
-0.3999999999999999,-0.09999999999999998,0.8,99.84992252749642,0.1500774725035825
-0.3999999999999999,-0.09999999999999998,0.9000000000000001,100.27800854451985,0.27800854451984947
-0.3999999999999999,-0.09999999999999998,1.0,100.70195934420514,0.701959344205136
-0.3999999999999999,0.0,-1.0,91.8005326013417,8.1994673986583
-0.3999999999999999,0.0,-0.9,92.30314303374132,7.696856966258679
-0.3999999999999999,0.0,-0.8,92.80161824880275,7.198381751197246
-0.3999999999999999,0.0,-0.7,93.29595824652604,6.704041753473959
-0.3999999999999999,0.0,-0.6,93.78616302691114,6.21383697308886
-0.3999999999999999,0.0,-0.5,94.27223258995808,5.7277674100419205
-0.3999999999999999,0.0,-0.3999999999999999,94.75416693566685,5.245833064333155
-0.3999999999999999,0.0,-0.29999999999999993,95.23196606403744,4.768033935962563
-0.3999999999999999,0.0,-0.19999999999999996,95.70562997506984,4.29437002493016
-0.3999999999999999,0.0,-0.09999999999999998,96.1751586687641,3.824841331235902
-0.3999999999999999,0.0,0.0,96.64055214512015,3.3594478548798463
-0.3999999999999999,0.0,0.10000000000000009,97.10181040413805,2.8981895958619504
-0.3999999999999999,0.0,0.20000000000000018,97.55893344581777,2.4410665541822283
-0.3999999999999999,0.0,0.30000000000000004,98.01192127015932,1.9880787298406801
-0.3999999999999999,0.0,0.40000000000000013,98.46077387716271,1.5392261228372917
-0.3999999999999999,0.0,0.5,98.9054912668279,1.0945087331721055
-0.3999999999999999,0.0,0.6000000000000001,99.34607343915494,0.6539265608450648
-0.3999999999999999,0.0,0.7000000000000002,99.78252039414379,0.2174796058562123
-0.3999999999999999,0.0,0.8,100.21483213179448,0.21483213179448057
-0.3999999999999999,0.0,0.9000000000000001,100.64300865210697,0.6430086521069711
-0.3999999999999999,0.0,1.0,101.06704995508133,1.0670499550813304
-0.3999999999999999,0.10000000000000009,-1.0,92.146638850498,7.853361149502007
-0.3999999999999999,0.10000000000000009,-0.9,92.64933978618667,7.3506602138133275
-0.3999999999999999,0.10000000000000009,-0.8,93.14790550453718,6.852094495462822
-0.3999999999999999,0.10000000000000009,-0.7,93.64233600554951,6.3576639944504905
-0.3999999999999999,0.10000000000000009,-0.6,94.13263128922367,5.867368710776333
-0.3999999999999999,0.10000000000000009,-0.5,94.61879135555967,5.381208644440335
-0.3999999999999999,0.10000000000000009,-0.3999999999999999,95.10081620455749,4.899183795442511
-0.3999999999999999,0.10000000000000009,-0.29999999999999993,95.57870583621713,4.421294163782875
-0.3999999999999999,0.10000000000000009,-0.19999999999999996,96.0524602505386,3.9475397494613986
-0.3999999999999999,0.10000000000000009,-0.09999999999999998,96.5220794475219,3.4779205524780963
-0.3999999999999999,0.10000000000000009,0.0,96.98756342716702,3.012436572832982
-0.3999999999999999,0.10000000000000009,0.10000000000000009,97.44891218947397,2.5510878105260275
-0.3999999999999999,0.10000000000000009,0.20000000000000018,97.90612573444274,2.093874265557261
-0.3999999999999999,0.10000000000000009,0.30000000000000004,98.35920406207335,1.6407959379266543
-0.3999999999999999,0.10000000000000009,0.40000000000000013,98.80814717236579,1.1918528276342073
-0.3999999999999999,0.10000000000000009,0.5,99.25295506532004,0.7470449346799626
-0.3999999999999999,0.10000000000000009,0.6000000000000001,99.69362774093612,0.30637225906387755
-0.3999999999999999,0.10000000000000009,0.7000000000000002,100.13016519921405,0.1301651992140478
-0.3999999999999999,0.10000000000000009,0.8,100.56256744015379,0.562567440153785
-0.3999999999999999,0.10000000000000009,0.9000000000000001,100.99083446375533,0.9908344637553341
-0.3999999999999999,0.10000000000000009,1.0,101.41496627001874,1.4149662700187378
-0.3999999999999999,0.20000000000000018,-1.0,92.47557080371554,7.5244291962844585
-0.3999999999999999,0.20000000000000018,-0.9,92.97836224269328,7.021637757306721
-0.3999999999999999,0.20000000000000018,-0.8,93.47701846433283,6.522981535667171
-0.3999999999999999,0.20000000000000018,-0.7,93.97153946863422,6.028460531365781
-0.3999999999999999,0.20000000000000018,-0.6,94.46192525559744,5.538074744402564
-0.3999999999999999,0.20000000000000018,-0.5,94.94817582522248,5.051824174777522
-0.3999999999999999,0.20000000000000018,-0.3999999999999999,95.43029117750937,4.569708822490625
-0.3999999999999999,0.20000000000000018,-0.29999999999999993,95.90827131245807,4.091728687541931
-0.3999999999999999,0.20000000000000018,-0.19999999999999996,96.38211623006859,3.61788376993141
-0.3999999999999999,0.20000000000000018,-0.09999999999999998,96.85182593034095,3.1481740696590492
-0.3999999999999999,0.20000000000000018,0.0,97.31740041327512,2.6825995867248764
-0.3999999999999999,0.20000000000000018,0.10000000000000009,97.77883967887112,2.2211603211288775
-0.3999999999999999,0.20000000000000018,0.20000000000000018,98.23614372712895,1.7638562728710525
-0.3999999999999999,0.20000000000000018,0.30000000000000004,98.68931255804863,1.310687441951373
-0.3999999999999999,0.20000000000000018,0.40000000000000013,99.13834617163012,0.8616538283698816
-0.3999999999999999,0.20000000000000018,0.5,99.58324456787342,0.4167554321265783
-0.3999999999999999,0.20000000000000018,0.6000000000000001,100.02400774677857,0.02400774677856532
-0.3999999999999999,0.20000000000000018,0.7000000000000002,100.46063570834554,0.460635708345535
-0.3999999999999999,0.20000000000000018,0.8,100.89312845257433,0.8931284525743308
-0.3999999999999999,0.20000000000000018,0.9000000000000001,101.32148597946494,1.3214859794649385
-0.3999999999999999,0.20000000000000018,1.0,101.74570828901739,1.7457082890173865
-0.3999999999999999,0.30000000000000004,-1.0,92.78732846099433,7.212671539005669
-0.3999999999999999,0.30000000000000004,-0.9,93.29021040326111,6.7097895967388865
-0.3999999999999999,0.30000000000000004,-0.8,93.78895712818972,6.211042871810278
-0.3999999999999999,0.30000000000000004,-0.7,94.28356863578017,5.7164313642198294
-0.3999999999999999,0.30000000000000004,-0.6,94.77404492603245,5.225955073967555
-0.3999999999999999,0.30000000000000004,-0.5,95.26038599894655,4.739614001053454
-0.3999999999999999,0.30000000000000004,-0.3999999999999999,95.74259185452249,4.257408145477513
-0.3999999999999999,0.30000000000000004,-0.29999999999999993,96.22066249276024,3.7793375072397595
-0.3999999999999999,0.30000000000000004,-0.19999999999999996,96.69459791365982,3.3054020863401803
-0.3999999999999999,0.30000000000000004,-0.09999999999999998,97.16439811722124,2.835601882778761
-0.3999999999999999,0.30000000000000004,0.0,97.63006310344447,2.3699368965555294
-0.3999999999999999,0.30000000000000004,0.10000000000000009,98.09159287232953,1.908407127670472
-0.3999999999999999,0.30000000000000004,0.20000000000000018,98.54898742387641,1.4510125761235884
-0.3999999999999999,0.30000000000000004,0.30000000000000004,99.00224675808514,0.9977532419148645
-0.3999999999999999,0.30000000000000004,0.40000000000000013,99.45137087495569,0.5486291250443145
-0.3999999999999999,0.30000000000000004,0.5,99.89635977448805,0.10364022551195262
-0.3999999999999999,0.30000000000000004,0.6000000000000001,100.33721345668225,0.33721345668224956
-0.3999999999999999,0.30000000000000004,0.7000000000000002,100.77393192153826,0.7739319215382636
-0.3999999999999999,0.30000000000000004,0.8,101.20651516905612,1.206515169056118
-0.3999999999999999,0.30000000000000004,0.9000000000000001,101.63496319923578,1.6349631992357843
-0.3999999999999999,0.30000000000000004,1.0,102.0592760120773,2.059276012077305
-0.3999999999999999,0.40000000000000013,-1.0,93.08191182233435,6.918088177665652
-0.3999999999999999,0.40000000000000013,-0.9,93.5848842678902,6.415115732109797
-0.3999999999999999,0.40000000000000013,-0.8,94.08372149610787,5.91627850389213
-0.3999999999999999,0.40000000000000013,-0.7,94.57842350698738,5.421576493012623
-0.3999999999999999,0.40000000000000013,-0.6,95.0689903005287,4.9310096994713035
-0.3999999999999999,0.40000000000000013,-0.5,95.55542187673186,4.444578123268144
-0.3999999999999999,0.40000000000000013,-0.3999999999999999,96.03771823559686,3.9622817644031443
-0.3999999999999999,0.40000000000000013,-0.29999999999999993,96.51587937712367,3.4841206228763326
-0.3999999999999999,0.40000000000000013,-0.19999999999999996,96.98990530131229,3.010094698687709
-0.3999999999999999,0.40000000000000013,-0.09999999999999998,97.45979600816277,2.540203991837231
-0.3999999999999999,0.40000000000000013,0.0,97.92555149767506,2.074448502324941
-0.3999999999999999,0.40000000000000013,0.10000000000000009,98.38717176984916,1.6128282301508392
-0.3999999999999999,0.40000000000000013,0.20000000000000018,98.8446568246851,1.155343175314897
-0.3999999999999999,0.40000000000000013,0.30000000000000004,99.29800666218289,0.7019933378171146
-0.3999999999999999,0.40000000000000013,0.40000000000000013,99.7472212823425,0.25277871765750604
-0.3999999999999999,0.40000000000000013,0.5,100.1923006851639,0.1923006851639002
-0.3999999999999999,0.40000000000000013,0.6000000000000001,100.63324487064716,0.633244870647161
-0.3999999999999999,0.40000000000000013,0.7000000000000002,101.07005383879225,1.0700538387922478
-0.3999999999999999,0.40000000000000013,0.8,101.50272758959916,1.5027275895991608
-0.3999999999999999,0.40000000000000013,0.9000000000000001,101.93126612306787,1.9312661230678714
-0.3999999999999999,0.40000000000000013,1.0,102.35566943919844,2.3556694391984365
-0.3999999999999999,0.5,-1.0,93.35932088773563,6.640679112264365
-0.3999999999999999,0.5,-0.9,93.86238383658053,6.137616163419466
-0.3999999999999999,0.5,-0.8,94.36131156808725,5.638688431912755
-0.3999999999999999,0.5,-0.7,94.85610408225581,5.143895917744189
-0.3999999999999999,0.5,-0.6,95.34676137908619,4.653238620913811
-0.3999999999999999,0.5,-0.5,95.8332834585784,4.166716541421593
-0.3999999999999999,0.5,-0.3999999999999999,96.31567032073245,3.684329679267549
-0.3999999999999999,0.5,-0.29999999999999993,96.79392196554832,3.2060780344516786
-0.3999999999999999,0.5,-0.19999999999999996,97.268038393026,2.7319616069739965
-0.3999999999999999,0.5,-0.09999999999999998,97.73801960316554,2.26198039683446
-0.3999999999999999,0.5,0.0,98.20386559596689,1.7961344040331113
-0.3999999999999999,0.5,0.10000000000000009,98.66557637143005,1.334423628569951
-0.3999999999999999,0.5,0.20000000000000018,99.12315192955505,0.8768480704449502
-0.3999999999999999,0.5,0.30000000000000004,99.57659227034188,0.42340772965812334
-0.3999999999999999,0.5,0.40000000000000013,100.02589739379054,0.025897393790543788
-0.3999999999999999,0.5,0.5,100.47106729990101,0.4710672999010086
-0.3999999999999999,0.5,0.6000000000000001,100.91210198867333,0.9121019886733279
-0.3999999999999999,0.5,0.7000000000000002,101.34900146010746,1.3490014601074591
-0.3999999999999999,0.5,0.8,101.78176571420343,1.7817657142034307
-0.3999999999999999,0.5,0.9000000000000001,102.2103947509612,2.2103947509612
-0.3999999999999999,0.5,1.0,102.63488857038084,2.634888570380838
-0.3999999999999999,0.6000000000000001,-1.0,93.61955565719815,6.380444342801852
-0.3999999999999999,0.6000000000000001,-0.9,94.1227091093321,5.877290890667894
-0.3999999999999999,0.6000000000000001,-0.8,94.6217273441279,5.378272655872095
-0.3999999999999999,0.6000000000000001,-0.7,95.1166103615855,4.883389638414499
-0.3999999999999999,0.6000000000000001,-0.6,95.60735816170494,4.392641838295063
-0.3999999999999999,0.6000000000000001,-0.5,96.09397074448621,3.9060292555137863
-0.3999999999999999,0.6000000000000001,-0.3999999999999999,96.57644810992932,3.4235518900706836
-0.3999999999999999,0.6000000000000001,-0.29999999999999993,97.05479025803423,2.945209741965769
-0.3999999999999999,0.6000000000000001,-0.19999999999999996,97.52899718880099,2.471002811199014
-0.3999999999999999,0.6000000000000001,-0.09999999999999998,97.99906890222957,2.000931097770433
-0.3999999999999999,0.6000000000000001,0.0,98.46500539831995,1.5349946016800544
-0.3999999999999999,0.6000000000000001,0.10000000000000009,98.9268066770722,1.073193322927807
-0.3999999999999999,0.6000000000000001,0.20000000000000018,99.38447273848624,0.6155272615137619
-0.3999999999999999,0.6000000000000001,0.30000000000000004,99.83800358256212,0.16199641743787652
-0.3999999999999999,0.6000000000000001,0.40000000000000013,100.28739920929985,0.2873992092998492
-0.3999999999999999,0.6000000000000001,0.5,100.73265961869937,0.7326596186993726
-0.3999999999999999,0.6000000000000001,0.6000000000000001,101.17378481076074,1.1737848107607363
-0.3999999999999999,0.6000000000000001,0.7000000000000002,101.61077478548394,1.6107747854839403
-0.3999999999999999,0.6000000000000001,0.8,102.04362954286896,2.043629542868956
-0.3999999999999999,0.6000000000000001,0.9000000000000001,102.47234908291578,2.472349082915784
-0.3999999999999999,0.6000000000000001,1.0,102.89693340562447,2.896933405624466
-0.3999999999999999,0.7000000000000002,-1.0,93.8626161307219,6.137383869278096
-0.3999999999999999,0.7000000000000002,-0.9,94.36586008614492,5.63413991385508
-0.3999999999999999,0.7000000000000002,-0.8,94.86496882422976,5.135031175770237
-0.3999999999999999,0.7000000000000002,-0.7,95.35994234497642,4.640057655023583
-0.3999999999999999,0.7000000000000002,-0.6,95.85078064838491,4.149219351615088
-0.3999999999999999,0.7000000000000002,-0.5,96.33748373445525,3.6625162655447525
-0.3999999999999999,0.7000000000000002,-0.3999999999999999,96.82005160318741,3.1799483968125912
-0.3999999999999999,0.7000000000000002,-0.29999999999999993,97.29848425458138,2.701515745418618
-0.3999999999999999,0.7000000000000002,-0.19999999999999996,97.77278168863718,2.227218311362819
-0.3999999999999999,0.7000000000000002,-0.09999999999999998,98.24294390535482,1.7570560946451792
-0.3999999999999999,0.7000000000000002,0.0,98.70897090473426,1.291029095265742
-0.3999999999999999,0.7000000000000002,0.10000000000000009,99.17086268677555,0.8291373132244502
-0.3999999999999999,0.7000000000000002,0.20000000000000018,99.62861925147865,0.3713807485213465
-0.3999999999999999,0.7000000000000002,0.30000000000000004,100.08224059884361,0.08224059884361168
-0.3999999999999999,0.7000000000000002,0.40000000000000013,100.53172672887038,0.5317267288703817
-0.3999999999999999,0.7000000000000002,0.5,100.97707764155896,0.9770776415589637
-0.3999999999999999,0.7000000000000002,0.6000000000000001,101.41829333690939,1.418293336909386
-0.3999999999999999,0.7000000000000002,0.7000000000000002,101.85537381492163,1.8553738149216343
-0.3999999999999999,0.7000000000000002,0.8,102.28831907559571,2.288319075595709
-0.3999999999999999,0.7000000000000002,0.9000000000000001,102.7171291189316,2.717129118931595
-0.3999999999999999,0.7000000000000002,1.0,103.14180394492932,3.141803944929322
-0.3999999999999999,0.8,-1.0,94.0885023083069,5.9114976916931
-0.3999999999999999,0.8,-0.9,94.59183676701898,5.408163232981025
-0.3999999999999999,0.8,-0.8,95.09103600839288,4.9089639916071235
-0.3999999999999999,0.8,-0.7,95.58610003242859,4.41389996757141
-0.3999999999999999,0.8,-0.6,96.07702883912613,3.922971160873871
-0.3999999999999999,0.8,-0.5,96.56382242848551,3.4361775715144915
-0.3999999999999999,0.8,-0.3999999999999999,97.04648080050673,2.9535191994932717
-0.3999999999999999,0.8,-0.29999999999999993,97.52500395518976,2.47499604481024
-0.3999999999999999,0.8,-0.19999999999999996,97.99939189253462,2.000608107465382
-0.3999999999999999,0.8,-0.09999999999999998,98.46964461254132,1.530355387458684
-0.3999999999999999,0.8,0.0,98.93576211520981,1.064237884790188
-0.3999999999999999,0.8,0.10000000000000009,99.39774440054016,0.6022555994598378
-0.3999999999999999,0.8,0.20000000000000018,99.85559146853232,0.14440853146767552
-0.3999999999999999,0.8,0.30000000000000004,100.30930331918633,0.30930331918632703
-0.3999999999999999,0.8,0.40000000000000013,100.75887995250216,0.7588799525021557
-0.3999999999999999,0.8,0.5,101.2043213684798,1.2043213684797962
-0.3999999999999999,0.8,0.6000000000000001,101.64562756711928,1.645627567119277
-0.3999999999999999,0.8,0.7000000000000002,102.08279854842057,2.0827985484205698
-0.3999999999999999,0.8,0.8,102.5158343123837,2.515834312383703
-0.3999999999999999,0.8,0.9000000000000001,102.94473485900865,2.9447348590086477
-0.3999999999999999,0.8,1.0,103.36950018829543,3.369500188295433
-0.3999999999999999,0.9000000000000001,-1.0,94.29721418995314,5.702785810046862
-0.3999999999999999,0.9000000000000001,-0.9,94.80063915195426,5.1993608480457425
-0.3999999999999999,0.9000000000000001,-0.8,95.29992889661722,4.700071103382783
-0.3999999999999999,0.9000000000000001,-0.7,95.79508342394199,4.204916576058011
-0.3999999999999999,0.9000000000000001,-0.6,96.2861027339286,3.713897266071399
-0.3999999999999999,0.9000000000000001,-0.5,96.77298682657702,3.227013173422975
-0.3999999999999999,0.9000000000000001,-0.3999999999999999,97.2557357018873,2.7442642981126966
-0.3999999999999999,0.9000000000000001,-0.29999999999999993,97.7343493598594,2.2656506401406062
-0.3999999999999999,0.9000000000000001,-0.19999999999999996,98.2088278004933,1.791172199506704
-0.3999999999999999,0.9000000000000001,-0.09999999999999998,98.67917102378905,1.3208289762109473
-0.3999999999999999,0.9000000000000001,0.0,99.1453790297466,0.8546209702533929
-0.3999999999999999,0.9000000000000001,0.10000000000000009,99.60745181836602,0.392548181633984
-0.3999999999999999,0.9000000000000001,0.20000000000000018,100.06538938964722,0.06538938964722263
-0.3999999999999999,0.9000000000000001,0.30000000000000004,100.51919174359028,0.5191917435902837
-0.3999999999999999,0.9000000000000001,0.40000000000000013,100.96885888019517,0.968858880195171
-0.3999999999999999,0.9000000000000001,0.5,101.41439079946186,1.4143907994618559
-0.3999999999999999,0.9000000000000001,0.6000000000000001,101.8557875013904,1.8557875013903953
-0.3999999999999999,0.9000000000000001,0.7000000000000002,102.29304898598076,2.293048985980761
-0.3999999999999999,0.9000000000000001,0.8,102.72617525323295,2.7261752532329524
-0.3999999999999999,0.9000000000000001,0.9000000000000001,103.15516630314694,3.1551663031469417
-0.3999999999999999,0.9000000000000001,1.0,103.58002213572279,3.5800221357227855
-0.3999999999999999,1.0,-1.0,94.48875177566063,5.511248224339369
-0.3999999999999999,1.0,-0.9,94.9922672409508,5.007732759049205
-0.3999999999999999,1.0,-0.8,95.49164748890281,4.508352511097186
-0.3999999999999999,1.0,-0.7,95.98689251951663,4.01310748048337
-0.3999999999999999,1.0,-0.6,96.4780023327923,3.5219976672076996
-0.3999999999999999,1.0,-0.5,96.96497692872978,3.035023071270217
-0.3999999999999999,1.0,-0.3999999999999999,97.44781630732912,2.55218369267088
-0.3999999999999999,1.0,-0.29999999999999993,97.92652046859025,2.0734795314097454
-0.3999999999999999,1.0,-0.19999999999999996,98.40108941251323,1.5989105874867704
-0.3999999999999999,1.0,-0.09999999999999998,98.87152313909803,1.1284768609019693
-0.3999999999999999,1.0,0.0,99.33782164834464,0.6621783516553563
-0.3999999999999999,1.0,0.10000000000000009,99.7999849402531,0.20001505974690303
-0.3999999999999999,1.0,0.20000000000000018,100.25801301482338,0.25801301482337635
-0.3999999999999999,1.0,0.30000000000000004,100.71190587205548,0.7119058720554818
-0.3999999999999999,1.0,0.40000000000000013,101.16166351194943,1.1616635119494276
-0.3999999999999999,1.0,0.5,101.60728593450517,1.607285934505171
-0.3999999999999999,1.0,0.6000000000000001,102.04877313972277,2.048773139722769
-0.3999999999999999,1.0,0.7000000000000002,102.48612512760218,2.486125127602179
-0.3999999999999999,1.0,0.8,102.91934189814343,2.919341898143429
-0.3999999999999999,1.0,0.9000000000000001,103.34842345134648,3.348423451346477
-0.3999999999999999,1.0,1.0,103.77336978721138,3.7733697872113794
-0.29999999999999993,-1.0,-1.0,87.98077334037995,12.019226659620045
-0.29999999999999993,-1.0,-0.9,88.48308340166622,11.51691659833378
-0.29999999999999993,-1.0,-0.8,88.98125824561433,11.018741754385672
-0.29999999999999993,-1.0,-0.7,89.47529787222425,10.524702127775754
-0.29999999999999993,-1.0,-0.6,89.965202281496,10.034797718503995
-0.29999999999999993,-1.0,-0.5,90.45097147342959,9.54902852657041
-0.29999999999999993,-1.0,-0.3999999999999999,90.93260544802501,9.067394551974985
-0.29999999999999993,-1.0,-0.29999999999999993,91.41010420528225,8.589895794717748
-0.29999999999999993,-1.0,-0.19999999999999996,91.88346774520132,8.116532254798685
-0.29999999999999993,-1.0,-0.09999999999999998,92.35269606778222,7.647303932217781
-0.29999999999999993,-1.0,0.0,92.81778917302493,7.182210826975066
-0.29999999999999993,-1.0,0.10000000000000009,93.27874706092949,6.72125293907051
-0.29999999999999993,-1.0,0.20000000000000018,93.73556973149584,6.264430268504157
-0.29999999999999993,-1.0,0.30000000000000004,94.18825718472405,5.811742815275949
-0.29999999999999993,-1.0,0.40000000000000013,94.63680942061409,5.363190579385915
-0.29999999999999993,-1.0,0.5,95.08122643916593,4.918773560834069
-0.29999999999999993,-1.0,0.6000000000000001,95.52150824037962,4.478491759620383
-0.29999999999999993,-1.0,0.7000000000000002,95.95765482425513,4.04234517574487
-0.29999999999999993,-1.0,0.8,96.38966619079245,3.610333809207546
-0.29999999999999993,-1.0,0.9000000000000001,96.81754233999162,3.1824576600083816
-0.29999999999999993,-1.0,1.0,97.24128327185261,2.758716728147391
-0.29999999999999993,-0.9,-1.0,88.49970063547025,11.500299364529752
-0.29999999999999993,-0.9,-0.9,89.00210120004559,10.997898799954413
-0.29999999999999993,-0.9,-0.8,89.50036654728274,10.499633452717262
-0.29999999999999993,-0.9,-0.7,89.99449667718171,10.005503322818285
-0.29999999999999993,-0.9,-0.6,90.48449158974253,9.515508410257468
-0.29999999999999993,-0.9,-0.5,90.97035128496518,9.029648715034824
-0.29999999999999993,-0.9,-0.3999999999999999,91.45207576284965,8.547924237150355
-0.29999999999999993,-0.9,-0.29999999999999993,91.92966502339594,8.070334976604059
-0.29999999999999993,-0.9,-0.19999999999999996,92.40311906660406,7.596880933395937
-0.29999999999999993,-0.9,-0.09999999999999998,92.87243789247403,7.127562107525975
-0.29999999999999993,-0.9,0.0,93.33762150100578,6.662378498994215
-0.29999999999999993,-0.9,0.10000000000000009,93.7986698921994,6.201330107800601
-0.29999999999999993,-0.9,0.20000000000000018,94.25558306605481,5.744416933945189
-0.29999999999999993,-0.9,0.30000000000000004,94.70836102257208,5.291638977427922
-0.29999999999999993,-0.9,0.40000000000000013,95.15700376175116,4.842996238248844
-0.29999999999999993,-0.9,0.5,95.60151128359206,4.39848871640794
-0.29999999999999993,-0.9,0.6000000000000001,96.0418835880948,3.958116411905195
-0.29999999999999993,-0.9,0.7000000000000002,96.47812067525936,3.521879324740638
-0.29999999999999993,-0.9,0.8,96.91022254508576,3.089777454914241
-0.29999999999999993,-0.9,0.9000000000000001,97.33818919757398,2.661810802426018
-0.29999999999999993,-0.9,1.0,97.76202063272402,2.237979367275983
-0.29999999999999993,-0.8,-1.0,89.00145363462178,10.998546365378218
-0.29999999999999993,-0.8,-0.9,89.50394470248618,10.49605529751382
-0.29999999999999993,-0.8,-0.8,90.00230055301239,9.99769944698761
-0.29999999999999993,-0.8,-0.7,90.49652118620043,9.503478813799575
-0.29999999999999993,-0.8,-0.6,90.98660660205029,9.013393397949713
-0.29999999999999993,-0.8,-0.5,91.47255680056199,8.52744319943801
-0.29999999999999993,-0.8,-0.3999999999999999,91.95437178173553,8.045628218264469
-0.29999999999999993,-0.8,-0.29999999999999993,92.43205154557087,7.5679484544291284
-0.29999999999999993,-0.8,-0.19999999999999996,92.90559609206805,7.094403907931948
-0.29999999999999993,-0.8,-0.09999999999999998,93.37500542122706,6.624994578772942
-0.29999999999999993,-0.8,0.0,93.84027953304789,6.159720466952109
-0.29999999999999993,-0.8,0.10000000000000009,94.30141842753055,5.69858157246945
-0.29999999999999993,-0.8,0.20000000000000018,94.75842210467502,5.24157789532498
-0.29999999999999993,-0.8,0.30000000000000004,95.21129056448133,4.788709435518669
-0.29999999999999993,-0.8,0.40000000000000013,95.66002380694948,4.339976193050518
-0.29999999999999993,-0.8,0.5,96.10462183207943,3.895378167920569
-0.29999999999999993,-0.8,0.6000000000000001,96.54508463987123,3.4549153601287657
-0.29999999999999993,-0.8,0.7000000000000002,96.98141223032485,3.0185877696751504
-0.29999999999999993,-0.8,0.8,97.4136046034403,2.586395396559695
-0.29999999999999993,-0.8,0.9000000000000001,97.84166175921759,2.158338240782413
-0.29999999999999993,-0.8,1.0,98.26558369765667,1.7344163023433339
-0.29999999999999993,-0.7,-1.0,89.48603233783459,10.513967662165413
-0.29999999999999993,-0.7,-0.9,89.98861390898801,10.011386091011985
-0.29999999999999993,-0.7,-0.8,90.48706026280328,9.512939737196717
-0.29999999999999993,-0.7,-0.7,90.98137139928038,9.018628600719623
-0.29999999999999993,-0.7,-0.6,91.4715473184193,8.528452681580703
-0.29999999999999993,-0.7,-0.5,91.95758802022004,8.042411979779956
-0.29999999999999993,-0.7,-0.3999999999999999,92.43949350468264,7.560506495317355
-0.29999999999999993,-0.7,-0.29999999999999993,92.91726377180704,7.082736228192957
-0.29999999999999993,-0.7,-0.19999999999999996,93.39089882159327,6.609101178406732
-0.29999999999999993,-0.7,-0.09999999999999998,93.86039865404135,6.139601345958653
-0.29999999999999993,-0.7,0.0,94.32576326915122,5.674236730848776
-0.29999999999999993,-0.7,0.10000000000000009,94.78699266692294,5.2130073330770585
-0.29999999999999993,-0.7,0.20000000000000018,95.24408684735647,4.755913152643529
-0.29999999999999993,-0.7,0.30000000000000004,95.69704581045184,4.30295418954816
-0.29999999999999993,-0.7,0.40000000000000013,96.14586955620904,3.8541304437909645
-0.29999999999999993,-0.7,0.5,96.59055808462806,3.409441915371943
-0.29999999999999993,-0.7,0.6000000000000001,97.0311113957089,2.968888604291095
-0.29999999999999993,-0.7,0.7000000000000002,97.46752948945158,2.5324705105484213
-0.29999999999999993,-0.7,0.8,97.89981236585609,2.100187634143907
-0.29999999999999993,-0.7,0.9000000000000001,98.32796002492242,1.6720399750775812
-0.29999999999999993,-0.7,1.0,98.75197246665056,1.2480275333494433
-0.29999999999999993,-0.6,-1.0,89.9534367451086,10.046563254891396
-0.29999999999999993,-0.6,-0.9,90.45610881955109,9.54389118044891
-0.29999999999999993,-0.6,-0.8,90.95464567665542,9.045354323344583
-0.29999999999999993,-0.6,-0.7,91.44904731642157,8.55095268357843
-0.29999999999999993,-0.6,-0.6,91.93931373884955,8.060686261150451
-0.29999999999999993,-0.6,-0.5,92.42544494393935,7.574555056060646
-0.29999999999999993,-0.6,-0.3999999999999999,92.907440931691,7.092559068309001
-0.29999999999999993,-0.6,-0.29999999999999993,93.38530170210446,6.6146982978955435
-0.29999999999999993,-0.6,-0.19999999999999996,93.85902725517974,6.14097274482026
-0.29999999999999993,-0.6,-0.09999999999999998,94.32861759091686,5.671382409083137
-0.29999999999999993,-0.6,0.0,94.7940727093158,5.205927290684201
-0.29999999999999993,-0.6,0.10000000000000009,95.25539261037659,4.744607389623411
-0.29999999999999993,-0.6,0.20000000000000018,95.71257729409916,4.287422705900838
-0.29999999999999993,-0.6,0.30000000000000004,96.16562676048359,3.8343732395164096
-0.29999999999999993,-0.6,0.40000000000000013,96.61454100952984,3.3854589904701555
-0.29999999999999993,-0.6,0.5,97.05932004123791,2.9406799587620895
-0.29999999999999993,-0.6,0.6000000000000001,97.49996385560782,2.5000361443921832
-0.29999999999999993,-0.6,0.7000000000000002,97.93647245263955,2.063527547360451
-0.29999999999999993,-0.6,0.8,98.36884583233311,1.6311541676668924
-0.29999999999999993,-0.6,0.9000000000000001,98.7970839946885,1.2029160053114936
-0.29999999999999993,-0.6,1.0,99.22118693970572,0.7788130602942829
-0.29999999999999993,-0.5,-1.0,90.40366685644389,9.596333143556109
-0.29999999999999993,-0.5,-0.9,90.90642943417542,9.093570565824578
-0.29999999999999993,-0.5,-0.8,91.40505679456881,8.594943205431193
-0.29999999999999993,-0.5,-0.7,91.89954893762402,8.100451062375981
-0.29999999999999993,-0.5,-0.6,92.38990586334104,7.610094136658958
-0.29999999999999993,-0.5,-0.5,92.8761275717199,7.1238724282800945
-0.29999999999999993,-0.5,-0.3999999999999999,93.35821406276061,6.641785937239391
-0.29999999999999993,-0.5,-0.29999999999999993,93.83616533646313,6.163834663536875
-0.29999999999999993,-0.5,-0.19999999999999996,94.30998139282747,5.690018607172533
-0.29999999999999993,-0.5,-0.09999999999999998,94.77966223185365,5.220337768146351
-0.29999999999999993,-0.5,0.0,95.24520785354164,4.754792146458357
-0.29999999999999993,-0.5,0.10000000000000009,95.70661825789148,4.293381742108522
-0.29999999999999993,-0.5,0.20000000000000018,96.16389344490311,3.8361065550968902
-0.29999999999999993,-0.5,0.30000000000000004,96.6170334145766,3.3829665854234037
-0.29999999999999993,-0.5,0.40000000000000013,97.0660381669119,2.933961833088105
-0.29999999999999993,-0.5,0.5,97.51090770190902,2.4890922980909806
-0.29999999999999993,-0.5,0.6000000000000001,97.95164201956798,2.048357980432016
-0.29999999999999993,-0.5,0.7000000000000002,98.38824111988878,1.6117588801112248
-0.29999999999999993,-0.5,0.8,98.82070500287139,1.1792949971286077
-0.29999999999999993,-0.5,0.9000000000000001,99.24903366851584,0.7509663314841646
-0.29999999999999993,-0.5,1.0,99.67322711682209,0.32677288317790953
-0.29999999999999993,-0.3999999999999999,-1.0,90.83672267184039,9.163277328159609
-0.29999999999999993,-0.3999999999999999,-0.9,91.339575752861,8.660424247139005
-0.29999999999999993,-0.3999999999999999,-0.8,91.83829361654342,8.161706383456576
-0.29999999999999993,-0.3999999999999999,-0.7,92.3328762628877,7.6671237371123055
-0.29999999999999993,-0.3999999999999999,-0.6,92.82332369189378,7.176676308106224
-0.29999999999999993,-0.3999999999999999,-0.5,93.3096359035617,6.6903640964383015
-0.29999999999999993,-0.3999999999999999,-0.3999999999999999,93.79181289789145,6.208187102108553
-0.29999999999999993,-0.3999999999999999,-0.29999999999999993,94.26985467488302,5.730145325116979
-0.29999999999999993,-0.3999999999999999,-0.19999999999999996,94.74376123453642,5.2562387654635785
-0.29999999999999993,-0.3999999999999999,-0.09999999999999998,95.21353257685165,4.786467423148352
-0.29999999999999993,-0.3999999999999999,0.0,95.6791687018287,4.320831298171299
-0.29999999999999993,-0.3999999999999999,0.10000000000000009,96.1406696094676,3.8593303905324063
-0.29999999999999993,-0.3999999999999999,0.20000000000000018,96.59803529976828,3.4019647002317157
-0.29999999999999993,-0.3999999999999999,0.30000000000000004,97.05126577273082,2.9487342272691848
-0.29999999999999993,-0.3999999999999999,0.40000000000000013,97.50036102835519,2.4996389716448135
-0.29999999999999993,-0.3999999999999999,0.5,97.94532106664137,2.0546789333586304
-0.29999999999999993,-0.3999999999999999,0.6000000000000001,98.38614588758938,1.6138541124106212
-0.29999999999999993,-0.3999999999999999,0.7000000000000002,98.82283549119923,1.1771645088007716
-0.29999999999999993,-0.3999999999999999,0.8,99.2553898774709,0.744610122529096
-0.29999999999999993,-0.3999999999999999,0.9000000000000001,99.6838090464044,0.31619095359559424
-0.29999999999999993,-0.3999999999999999,1.0,100.10809299799972,0.10809299799971939
-0.29999999999999993,-0.29999999999999993,-1.0,91.25260419129813,8.747395808701867
-0.29999999999999993,-0.29999999999999993,-0.9,91.7555477756078,8.244452224392205
-0.29999999999999993,-0.29999999999999993,-0.8,92.25435614257928,7.745643857420717
-0.29999999999999993,-0.29999999999999993,-0.7,92.74902929221261,7.250970707787388
-0.29999999999999993,-0.29999999999999993,-0.6,93.23956722450774,6.760432775492262
-0.29999999999999993,-0.29999999999999993,-0.5,93.72596993946472,6.2740300605352815
-0.29999999999999993,-0.29999999999999993,-0.3999999999999999,94.20823743708353,5.791762562916475
-0.29999999999999993,-0.29999999999999993,-0.29999999999999993,94.68636971736416,5.313630282635842
-0.29999999999999993,-0.29999999999999993,-0.19999999999999996,95.1603667803066,4.839633219693397
-0.29999999999999993,-0.29999999999999993,-0.09999999999999998,95.6302286259109,4.3697713740890975
-0.29999999999999993,-0.29999999999999993,0.0,96.09595525417701,3.9040447458229863
-0.29999999999999993,-0.29999999999999993,0.10000000000000009,96.55754666510495,3.442453334895049
-0.29999999999999993,-0.29999999999999993,0.20000000000000018,97.0150028586947,2.9849971413053
-0.29999999999999993,-0.29999999999999993,0.30000000000000004,97.46832383494629,2.5316761650537103
-0.29999999999999993,-0.29999999999999993,0.40000000000000013,97.91750959385972,2.0824904061402805
-0.29999999999999993,-0.29999999999999993,0.5,98.36256013543495,1.637439864565053
-0.29999999999999993,-0.29999999999999993,0.6000000000000001,98.80347545967203,1.196524540327971
-0.29999999999999993,-0.29999999999999993,0.7000000000000002,99.24025556657092,0.759744433429077
-0.29999999999999993,-0.29999999999999993,0.8,99.67290045613166,0.32709954386834283
-0.29999999999999993,-0.29999999999999993,0.9000000000000001,100.1014101283542,0.10141012835420327
-0.29999999999999993,-0.29999999999999993,1.0,100.52578458323859,0.5257845832385897
-0.29999999999999993,-0.19999999999999996,-1.0,91.65131141481712,8.348688585182884
-0.29999999999999993,-0.19999999999999996,-0.9,92.15434550241584,7.845654497584164
-0.29999999999999993,-0.19999999999999996,-0.8,92.65324437267638,7.346755627323617
-0.29999999999999993,-0.19999999999999996,-0.7,93.14800802559877,6.85199197440123
-0.29999999999999993,-0.19999999999999996,-0.6,93.63863646118295,6.361363538817045
-0.29999999999999993,-0.19999999999999996,-0.5,94.12512967942898,5.87487032057102
-0.29999999999999993,-0.19999999999999996,-0.3999999999999999,94.60748768033686,5.39251231966314
-0.29999999999999993,-0.19999999999999996,-0.29999999999999993,95.08571046390654,4.914289536093463
-0.29999999999999993,-0.19999999999999996,-0.19999999999999996,95.55979803013804,4.44020196986196
-0.29999999999999993,-0.19999999999999996,-0.09999999999999998,96.0297503790314,3.970249620968602
-0.29999999999999993,-0.19999999999999996,0.0,96.49556751058655,3.504432489413446
-0.29999999999999993,-0.19999999999999996,0.10000000000000009,96.95724942480355,3.0427505751964503
-0.29999999999999993,-0.19999999999999996,0.20000000000000018,97.41479612168236,2.5852038783176425
-0.29999999999999993,-0.19999999999999996,0.30000000000000004,97.868207601223,2.1317923987769944
-0.29999999999999993,-0.19999999999999996,0.40000000000000013,98.31748386342548,1.6825161365745203
-0.29999999999999993,-0.19999999999999996,0.5,98.76262490828977,1.2373750917102342
-0.29999999999999993,-0.19999999999999996,0.6000000000000001,99.2036307358159,0.7963692641840936
-0.29999999999999993,-0.19999999999999996,0.7000000000000002,99.64050134600386,0.3594986539961411
-0.29999999999999993,-0.19999999999999996,0.8,100.07323673885364,0.07323673885363746
-0.29999999999999993,-0.19999999999999996,0.9000000000000001,100.50183691436526,0.5018369143652563
-0.29999999999999993,-0.19999999999999996,1.0,100.92630187253869,0.9263018725386871
-0.29999999999999993,-0.09999999999999998,-1.0,92.03284434239734,7.96715565760266
-0.29999999999999993,-0.09999999999999998,-0.9,92.53596893328512,7.464031066714881
-0.29999999999999993,-0.09999999999999998,-0.8,93.03495830683472,6.965041693165276
-0.29999999999999993,-0.09999999999999998,-0.7,93.52981246304616,6.470187536953844
-0.29999999999999993,-0.09999999999999998,-0.6,94.02053140191941,5.979468598080587
-0.29999999999999993,-0.09999999999999998,-0.5,94.5071151234545,5.492884876545503
-0.29999999999999993,-0.09999999999999998,-0.3999999999999999,94.98956362765142,5.010436372348579
-0.29999999999999993,-0.09999999999999998,-0.29999999999999993,95.46787691451016,4.532123085489843
-0.29999999999999993,-0.09999999999999998,-0.19999999999999996,95.94205498403072,4.057945015969281
-0.29999999999999993,-0.09999999999999998,-0.09999999999999998,96.41209783621312,3.587902163786879
-0.29999999999999993,-0.09999999999999998,0.0,96.87800547105734,3.1219945289426647
-0.29999999999999993,-0.09999999999999998,0.10000000000000009,97.33977788856339,2.6602221114366102
-0.29999999999999993,-0.09999999999999998,0.20000000000000018,97.79741508873124,2.202584911268758
-0.29999999999999993,-0.09999999999999998,0.30000000000000004,98.25091707156096,1.7490829284390372
-0.29999999999999993,-0.09999999999999998,0.40000000000000013,98.7002838370525,1.2997161629475045
-0.29999999999999993,-0.09999999999999998,0.5,99.14551538520584,0.8544846147941598
-0.29999999999999993,-0.09999999999999998,0.6000000000000001,99.58661171602103,0.41338828397897487
-0.29999999999999993,-0.09999999999999998,0.7000000000000002,100.02357282949804,0.023572829498036185
-0.29999999999999993,-0.09999999999999998,0.8,100.45639872563687,0.45639872563687334
-0.29999999999999993,-0.09999999999999998,0.9000000000000001,100.88508940443754,0.8850894044375366
-0.29999999999999993,-0.09999999999999998,1.0,101.30964486590003,1.309644865900026
-0.29999999999999993,0.0,-1.0,92.39720297403883,7.602797025961166
-0.29999999999999993,0.0,-0.9,92.90041806821564,7.099581931784357
-0.29999999999999993,0.0,-0.8,93.3994979450543,6.600502054945693
-0.29999999999999993,0.0,-0.7,93.8944426045548,6.105557395445203
-0.29999999999999993,0.0,-0.6,94.3852520467171,5.614747953282901
-0.29999999999999993,0.0,-0.5,94.87192627154124,5.128073728458759
-0.29999999999999993,0.0,-0.3999999999999999,95.35446527902722,4.645534720972776
-0.29999999999999993,0.0,-0.29999999999999993,95.83286906917502,4.167130930824982
-0.29999999999999993,0.0,-0.19999999999999996,96.30713764198464,3.6928623580153612
-0.29999999999999993,0.0,-0.09999999999999998,96.7772709974561,3.2227290025439004
-0.29999999999999993,0.0,0.0,97.24326913558937,2.7567308644106276
-0.29999999999999993,0.0,0.10000000000000009,97.70513205638449,2.2948679436155146
-0.29999999999999993,0.0,0.20000000000000018,98.16285975984138,1.837140240158618
-0.29999999999999993,0.0,0.30000000000000004,98.61645224596015,1.3835477540398529
-0.29999999999999993,0.0,0.40000000000000013,99.06590951474074,0.9340904852592615
-0.29999999999999993,0.0,0.5,99.51123156618314,0.4887684338168583
-0.29999999999999993,0.0,0.6000000000000001,99.95241840028739,0.047581599712614775
-0.29999999999999993,0.0,0.7000000000000002,100.38947001705345,0.38947001705345485
-0.29999999999999993,0.0,0.8,100.82238641648135,0.8223864164813506
-0.29999999999999993,0.0,0.9000000000000001,101.25116759857107,1.2511675985710724
-0.29999999999999993,0.0,1.0,101.6758135633226,1.6758135633226061
-0.29999999999999993,0.10000000000000009,-1.0,92.74438730974153,7.255612690258474
-0.29999999999999993,0.10000000000000009,-0.9,93.24769290720742,6.752307092792577
-0.29999999999999993,0.10000000000000009,-0.8,93.74686328733513,6.253136712664869
-0.29999999999999993,0.10000000000000009,-0.7,94.24189845012468,5.75810154987532
-0.29999999999999993,0.10000000000000009,-0.6,94.73279839557604,5.26720160442396
-0.29999999999999993,0.10000000000000009,-0.5,95.21956312368923,4.780436876310773
-0.29999999999999993,0.10000000000000009,-0.3999999999999999,95.70219263446427,4.297807365535732
-0.29999999999999993,0.10000000000000009,-0.29999999999999993,96.18068692790112,3.819313072098879
-0.29999999999999993,0.10000000000000009,-0.19999999999999996,96.6550460039998,3.3449539960002
-0.29999999999999993,0.10000000000000009,-0.09999999999999998,97.1252698627603,2.8747301372396947
-0.29999999999999993,0.10000000000000009,0.0,97.59135850418264,2.4086414958173634
-0.29999999999999993,0.10000000000000009,0.10000000000000009,98.05331192826681,1.9466880717331918
-0.29999999999999993,0.10000000000000009,0.20000000000000018,98.51113013501276,1.4888698649872367
-0.29999999999999993,0.10000000000000009,0.30000000000000004,98.96481312442059,1.035186875579413
-0.29999999999999993,0.10000000000000009,0.40000000000000013,99.41436089649024,0.585639103509763
-0.29999999999999993,0.10000000000000009,0.5,99.8597734512217,0.1402265487783012
-0.29999999999999993,0.10000000000000009,0.6000000000000001,100.30105078861499,0.3010507886149867
-0.29999999999999993,0.10000000000000009,0.7000000000000002,100.73819290867011,0.7381929086701149
-0.29999999999999993,0.10000000000000009,0.8,101.17119981138707,1.1711998113870692
-0.29999999999999993,0.10000000000000009,0.9000000000000001,101.60007149676584,1.6000714967658354
-0.29999999999999993,0.10000000000000009,1.0,102.02480796480643,2.0248079648064277
-0.29999999999999993,0.20000000000000018,-1.0,93.07439734950547,6.925602650494525
-0.29999999999999993,0.20000000000000018,-0.9,93.57779345026043,6.42220654973957
-0.29999999999999993,0.20000000000000018,-0.8,94.0770543336772,5.9229456663228035
-0.29999999999999993,0.20000000000000018,-0.7,94.5721799997558,5.427820000244196
-0.29999999999999993,0.20000000000000018,-0.6,95.06317044849621,4.936829551503791
-0.29999999999999993,0.20000000000000018,-0.5,95.55002567989847,4.449974320101532
-0.29999999999999993,0.20000000000000018,-0.3999999999999999,96.03274569396255,3.9672543060374466
-0.29999999999999993,0.20000000000000018,-0.29999999999999993,96.51133049068847,3.488669509311535
-0.29999999999999993,0.20000000000000018,-0.19999999999999996,96.98578007007619,3.0142199299238115
-0.29999999999999993,0.20000000000000018,-0.09999999999999998,97.45609443212577,2.5439055678742335
-0.29999999999999993,0.20000000000000018,0.0,97.92227357683714,2.077726423162858
-0.29999999999999993,0.20000000000000018,0.10000000000000009,98.38431750421037,1.6156824957896276
-0.29999999999999993,0.20000000000000018,0.20000000000000018,98.84222621424539,1.157773785754614
-0.29999999999999993,0.20000000000000018,0.30000000000000004,99.29599970694227,0.7040002930577316
-0.29999999999999993,0.20000000000000018,0.40000000000000013,99.74563798230096,0.2543620176990373
-0.29999999999999993,0.20000000000000018,0.5,100.19114104032148,0.19114104032148305
-0.29999999999999993,0.20000000000000018,0.6000000000000001,100.63250888100383,0.6325088810038295
-0.29999999999999993,0.20000000000000018,0.7000000000000002,101.06974150434802,1.0697415043480163
-0.29999999999999993,0.20000000000000018,0.8,101.50283891035401,1.502838910354015
-0.29999999999999993,0.20000000000000018,0.9000000000000001,101.93180109902185,1.931801099021854
-0.29999999999999993,0.20000000000000018,1.0,102.35662807035149,2.3566280703514906
-0.29999999999999993,0.30000000000000004,-1.0,93.38723309333068,6.6127669066693215
-0.29999999999999993,0.30000000000000004,-0.9,93.89071969737468,6.109280302625322
-0.29999999999999993,0.30000000000000004,-0.8,94.3900710840805,5.609928915919497
-0.29999999999999993,0.30000000000000004,-0.7,94.88528725344817,5.114712746551831
-0.29999999999999993,0.30000000000000004,-0.6,95.37636820547763,4.6236317945223675
-0.29999999999999993,0.30000000000000004,-0.5,95.86331394016894,4.136686059831064
-0.29999999999999993,0.30000000000000004,-0.3999999999999999,96.3461244575221,3.6538755424779055
-0.29999999999999993,0.30000000000000004,-0.29999999999999993,96.82479975753705,3.1752002424629495
-0.29999999999999993,0.30000000000000004,-0.19999999999999996,97.29933984021383,2.7006601597861675
-0.29999999999999993,0.30000000000000004,-0.09999999999999998,97.76974470555245,2.230255294447545
-0.29999999999999993,0.30000000000000004,0.0,98.2360143535529,1.7639856464470967
-0.29999999999999993,0.30000000000000004,0.10000000000000009,98.69814878421518,1.301851215784822
-0.29999999999999993,0.30000000000000004,0.20000000000000018,99.15614799753925,0.8438520024607499
-0.29999999999999993,0.30000000000000004,0.30000000000000004,99.61001199352519,0.3899880064748089
-0.29999999999999993,0.30000000000000004,0.40000000000000013,100.05974077217294,0.059740772172943934
-0.29999999999999993,0.30000000000000004,0.5,100.50533433348251,0.5053343334825087
-0.29999999999999993,0.30000000000000004,0.6000000000000001,100.94679267745393,0.9467926774539279
-0.29999999999999993,0.30000000000000004,0.7000000000000002,101.38411580408716,1.384115804087159
-0.29999999999999993,0.30000000000000004,0.8,101.81730371338222,1.8173037133822163
-0.29999999999999993,0.30000000000000004,0.9000000000000001,102.2463564053391,2.2463564053390996
-0.29999999999999993,0.30000000000000004,1.0,102.67127387995782,2.6712738799578233
-0.29999999999999993,0.40000000000000013,-1.0,93.68289454121711,6.3171054587828905
-0.29999999999999993,0.40000000000000013,-0.9,94.18647164855017,5.813528351449833
-0.29999999999999993,0.40000000000000013,-0.8,94.68591353854505,5.314086461454949
-0.29999999999999993,0.40000000000000013,-0.7,95.18122021120176,4.818779788798238
-0.29999999999999993,0.40000000000000013,-0.6,95.67239166652028,4.327608333479716
-0.29999999999999993,0.40000000000000013,-0.5,96.15942790450066,3.84057209549934
-0.29999999999999993,0.40000000000000013,-0.3999999999999999,96.64232892514286,3.3576710748571372
-0.29999999999999993,0.40000000000000013,-0.29999999999999993,97.12109472844688,2.8789052715531227
-0.29999999999999993,0.40000000000000013,-0.19999999999999996,97.59572531441272,2.404274685587282
-0.29999999999999993,0.40000000000000013,-0.09999999999999998,98.0662206830404,1.9337793169596011
-0.29999999999999993,0.40000000000000013,0.0,98.53258083432989,1.4674191656701083
-0.29999999999999993,0.40000000000000013,0.10000000000000009,98.99480576828122,1.0051942317187752
-0.29999999999999993,0.40000000000000013,0.20000000000000018,99.45289548489436,0.5471045151056444
-0.29999999999999993,0.40000000000000013,0.30000000000000004,99.90684998416934,0.09315001583065907
-0.29999999999999993,0.40000000000000013,0.40000000000000013,100.35666926610615,0.35666926610615235
-0.29999999999999993,0.40000000000000013,0.5,100.80235333070479,0.8023533307047899
-0.29999999999999993,0.40000000000000013,0.6000000000000001,101.24390217796525,1.2439021779652535
-0.29999999999999993,0.40000000000000013,0.7000000000000002,101.68131580788754,1.6813158078875432
-0.29999999999999993,0.40000000000000013,0.8,102.11459422047166,2.114594220471659
-0.29999999999999993,0.40000000000000013,0.9000000000000001,102.5437374157176,2.543737415717601
-0.29999999999999993,0.40000000000000013,1.0,102.96874539362535,2.9687453936253547
-0.29999999999999993,0.5,-1.0,93.96138169316481,6.03861830683519
-0.29999999999999993,0.5,-0.9,94.4650493037869,5.534950696213102
-0.29999999999999993,0.5,-0.8,94.96458169707084,5.035418302929159
-0.29999999999999993,0.5,-0.7,95.45997887301661,4.54002112698339
-0.29999999999999993,0.5,-0.6,95.95124083162419,4.04875916837581
-0.29999999999999993,0.5,-0.5,96.43836757289361,3.561632427106389
-0.29999999999999993,0.5,-0.3999999999999999,96.92135909682487,3.0786409031751276
-0.29999999999999993,0.5,-0.29999999999999993,97.40021540341795,2.5997845965820545
-0.29999999999999993,0.5,-0.19999999999999996,97.87493649267284,2.1250635073271553
-0.29999999999999993,0.5,-0.09999999999999998,98.34552236458958,1.6544776354104158
-0.29999999999999993,0.5,0.0,98.81197301916812,1.1880269808318786
-0.29999999999999993,0.5,0.10000000000000009,99.27428845640851,0.7257115435914869
-0.29999999999999993,0.5,0.20000000000000018,99.7324686763107,0.26753132368929755
-0.29999999999999993,0.5,0.30000000000000004,100.18651367887475,0.18651367887474635
-0.29999999999999993,0.5,0.40000000000000013,100.63642346410062,0.6364234641006163
-0.29999999999999993,0.5,0.5,101.0821980319883,1.0821980319882982
-0.29999999999999993,0.5,0.6000000000000001,101.52383738253782,1.5238373825378204
-0.29999999999999993,0.5,0.7000000000000002,101.96134151574917,1.9613415157491687
-0.29999999999999993,0.5,0.8,102.39471043162234,2.394710431622343
-0.29999999999999993,0.5,0.9000000000000001,102.82394413015734,2.8239441301573436
-0.29999999999999993,0.5,1.0,103.24904261135416,3.249042611354156
-0.29999999999999993,0.6000000000000001,-1.0,94.22269454917372,5.777305450826276
-0.29999999999999993,0.6000000000000001,-0.9,94.7264526630849,5.273547336915101
-0.29999999999999993,0.6000000000000001,-0.8,95.22607555965789,4.773924440342114
-0.29999999999999993,0.6000000000000001,-0.7,95.7215632388927,4.278436761107301
-0.29999999999999993,0.6000000000000001,-0.6,96.21291570078935,3.7870842992106475
-0.29999999999999993,0.6000000000000001,-0.5,96.70013294534782,3.299867054652182
-0.29999999999999993,0.6000000000000001,-0.3999999999999999,97.18321497256814,2.8167850274318624
-0.29999999999999993,0.6000000000000001,-0.29999999999999993,97.66216178245027,2.3378382175497308
-0.29999999999999993,0.6000000000000001,-0.19999999999999996,98.13697337499421,1.8630266250057872
-0.29999999999999993,0.6000000000000001,-0.09999999999999998,98.60764975020001,1.3923502497999891
-0.29999999999999993,0.6000000000000001,0.0,99.07419090806762,0.9258090919323791
-0.29999999999999993,0.6000000000000001,0.10000000000000009,99.53659684859707,0.46340315140292887
-0.29999999999999993,0.6000000000000001,0.20000000000000018,99.9948675717883,0.005132428211695128
-0.29999999999999993,0.6000000000000001,0.30000000000000004,100.44900307764141,0.44900307764140734
-0.29999999999999993,0.6000000000000001,0.40000000000000013,100.89900336615634,0.8990033661563359
-0.29999999999999993,0.6000000000000001,0.5,101.34486843733306,1.3448684373330622
-0.29999999999999993,0.6000000000000001,0.6000000000000001,101.78659829117164,1.786598291171643
-0.29999999999999993,0.6000000000000001,0.7000000000000002,102.22419292767205,2.22419292767205
-0.29999999999999993,0.6000000000000001,0.8,102.65765234683427,2.6576523468342685
-0.29999999999999993,0.6000000000000001,0.9000000000000001,103.08697654865833,3.0869765486583276
-0.29999999999999993,0.6000000000000001,1.0,103.5121655331442,3.5121655331441985
-0.29999999999999993,0.7000000000000002,-1.0,94.46683310924388,5.533166890756121
-0.29999999999999993,0.7000000000000002,-0.9,94.97068172644411,5.029318273555887
-0.29999999999999993,0.7000000000000002,-0.8,95.47039512630616,4.529604873693842
-0.29999999999999993,0.7000000000000002,-0.7,95.96597330883003,4.03402669116997
-0.29999999999999993,0.7000000000000002,-0.6,96.45741627401573,3.5425837259842723
-0.29999999999999993,0.7000000000000002,-0.5,96.94472402186327,3.0552759781367342
-0.29999999999999993,0.7000000000000002,-0.3999999999999999,97.42789655237263,2.57210344762737
-0.29999999999999993,0.7000000000000002,-0.29999999999999993,97.90693386554382,2.09306613445618
-0.29999999999999993,0.7000000000000002,-0.19999999999999996,98.38183596137682,1.6181640386231777
-0.29999999999999993,0.7000000000000002,-0.09999999999999998,98.85260283987168,1.147397160128321
-0.29999999999999993,0.7000000000000002,0.0,99.31923450102833,0.6807654989716667
-0.29999999999999993,0.7000000000000002,0.10000000000000009,99.78173094484684,0.21826905515315786
-0.29999999999999993,0.7000000000000002,0.20000000000000018,100.24009217132713,0.24009217132713445
-0.29999999999999993,0.7000000000000002,0.30000000000000004,100.6943181804693,0.6943181804692955
-0.29999999999999993,0.7000000000000002,0.40000000000000013,101.14440897227327,1.1444089722732684
-0.29999999999999993,0.7000000000000002,0.5,101.59036454673907,1.5903645467390675
-0.29999999999999993,0.7000000000000002,0.6000000000000001,102.03218490386669,2.0321849038666926
-0.29999999999999993,0.7000000000000002,0.7000000000000002,102.46987004365616,2.469870043656158
-0.29999999999999993,0.7000000000000002,0.8,102.90341996610744,2.9034199661074354
-0.29999999999999993,0.7000000000000002,0.9000000000000001,103.33283467122055,3.332834671220553
-0.29999999999999993,0.7000000000000002,1.0,103.75811415899547,3.7581141589954683
-0.29999999999999993,0.8,-1.0,94.69379737337529,5.30620262662471
-0.29999999999999993,0.8,-0.9,95.19773649386457,4.802263506135432
-0.29999999999999993,0.8,-0.8,95.69754039701567,4.302459602984328
-0.29999999999999993,0.8,-0.7,96.1932090828286,3.806790917171398
-0.29999999999999993,0.8,-0.6,96.68474255130336,3.3152574486966415
-0.29999999999999993,0.8,-0.5,97.17214080243994,2.827859197560059
-0.29999999999999993,0.8,-0.3999999999999999,97.65540383623836,2.3445961637616364
-0.29999999999999993,0.8,-0.29999999999999993,98.13453165269861,1.8654683473013876
-0.29999999999999993,0.8,-0.19999999999999996,98.60952425182067,1.3904757481793268
-0.29999999999999993,0.8,-0.09999999999999998,99.08038163360457,0.9196183663954258
-0.29999999999999993,0.8,0.0,99.5471037980503,0.4528962019496987
-0.29999999999999993,0.8,0.10000000000000009,100.00969074515785,0.009690745157854508
-0.29999999999999993,0.8,0.20000000000000018,100.4681424749272,0.4681424749272054
-0.29999999999999993,0.8,0.30000000000000004,100.92245898735841,0.9224589873584108
-0.29999999999999993,0.8,0.40000000000000013,101.37264028245146,1.3726402824514565
-0.29999999999999993,0.8,0.5,101.8186863602063,1.8186863602063
-0.29999999999999993,0.8,0.6000000000000001,102.26059722062298,2.2605972206229836
-0.29999999999999993,0.8,0.7000000000000002,102.69837286370151,2.6983728637015076
-0.29999999999999993,0.8,0.8,103.13201328944184,3.1320132894418435
-0.29999999999999993,0.8,0.9000000000000001,103.561518497844,3.5615184978440055
-0.29999999999999993,0.8,1.0,103.98688848890798,3.9868884889079794
-0.29999999999999993,0.9000000000000001,-1.0,94.90358734156793,5.096412658432072
-0.29999999999999993,0.9000000000000001,-0.9,95.40761696534626,4.592383034653736
-0.29999999999999993,0.9000000000000001,-0.8,95.90751137178643,4.092488628213573
-0.29999999999999993,0.9000000000000001,-0.7,96.4032705608884,3.5967294391115985
-0.29999999999999993,0.9000000000000001,-0.6,96.89489453265222,3.1051054673477836
-0.29999999999999993,0.9000000000000001,-0.5,97.38238328707787,2.6176167129221284
-0.29999999999999993,0.9000000000000001,-0.3999999999999999,97.86573682416535,2.134263175834647
-0.29999999999999993,0.9000000000000001,-0.29999999999999993,98.34495514391465,1.655044856085354
-0.29999999999999993,0.9000000000000001,-0.19999999999999996,98.82003824632577,1.1799617536742346
-0.29999999999999993,0.9000000000000001,-0.09999999999999998,99.29098613139872,0.709013868601275
-0.29999999999999993,0.9000000000000001,0.0,99.7577987991335,0.24220120086650354
-0.29999999999999993,0.9000000000000001,0.10000000000000009,100.22047624953011,0.22047624953010825
-0.29999999999999993,0.9000000000000001,0.20000000000000018,100.67901848258852,0.6790184825885177
-0.29999999999999993,0.9000000000000001,0.30000000000000004,101.13342549830878,1.1334254983087817
-0.29999999999999993,0.9000000000000001,0.40000000000000013,101.58369729669087,1.5836972966908718
-0.29999999999999993,0.9000000000000001,0.5,102.02983387773477,2.0298338777347738
-0.29999999999999993,0.9000000000000001,0.6000000000000001,102.47183524144052,2.471835241440516
-0.29999999999999993,0.9000000000000001,0.7000000000000002,102.9097013878081,2.9097013878080986
-0.29999999999999993,0.9000000000000001,0.8,103.3434323168375,3.343432316837493
-0.29999999999999993,0.9000000000000001,0.9000000000000001,103.77302802852871,3.7730280285287137
-0.29999999999999993,0.9000000000000001,1.0,104.19848852288175,4.198488522881746
-0.29999999999999993,1.0,-1.0,95.09620301382182,4.903796986178179
-0.29999999999999993,1.0,-0.9,95.6003231408892,4.399676859110798
-0.29999999999999993,1.0,-0.8,96.10030805061842,3.8996919493815767
-0.29999999999999993,1.0,-0.7,96.59615774300946,3.4038422569905435
-0.29999999999999993,1.0,-0.6,97.08787221806233,2.91212778193767
-0.29999999999999993,1.0,-0.5,97.57545147577703,2.4245485242229705
-0.29999999999999993,1.0,-0.3999999999999999,98.05889551615357,1.9411044838464306
-0.29999999999999993,1.0,-0.29999999999999993,98.53820433919192,1.4617956608080789
-0.29999999999999993,1.0,-0.19999999999999996,99.0133779448921,0.986622055107901
-0.29999999999999993,1.0,-0.09999999999999998,99.4844163332541,0.5155836667458971
-0.29999999999999993,1.0,0.0,99.95131950427793,0.04868049572206701
-0.29999999999999993,1.0,0.10000000000000009,100.4140874579636,0.41408745796360336
-0.29999999999999993,1.0,0.20000000000000018,100.87272019431107,0.8727201943110714
-0.29999999999999993,1.0,0.30000000000000004,101.3272177133204,1.327217713320394
-0.29999999999999993,1.0,0.40000000000000013,101.77758001499154,1.7775800149915426
-0.29999999999999993,1.0,0.5,102.2238070993245,2.223807099324503
-0.29999999999999993,1.0,0.6000000000000001,102.6658989663193,2.665898966319304
-0.29999999999999993,1.0,0.7000000000000002,103.10385561597592,3.1038556159759167
-0.29999999999999993,1.0,0.8,103.53767704829437,3.53767704829437
-0.29999999999999993,1.0,0.9000000000000001,103.96736326327465,3.967363263274649
-0.29999999999999993,1.0,1.0,104.39291426091674,4.39291426091674
-0.19999999999999996,-1.0,-1.0,88.57761392790817,11.422386072091825
-0.19999999999999996,-1.0,-0.9,89.08052865097167,10.919471349028328
-0.19999999999999996,-1.0,-0.8,89.57930815669698,10.420691843303018
-0.19999999999999996,-1.0,-0.7,90.07395244508412,9.926047554915883
-0.19999999999999996,-1.0,-0.6,90.5644615161331,9.435538483866907
-0.19999999999999996,-1.0,-0.5,91.05083536984387,8.949164630156133
-0.19999999999999996,-1.0,-0.3999999999999999,91.5330740062165,8.466925993783505
-0.19999999999999996,-1.0,-0.29999999999999993,92.01117742525095,7.988822574749051
-0.19999999999999996,-1.0,-0.19999999999999996,92.48514562694722,7.514854373052785
-0.19999999999999996,-1.0,-0.09999999999999998,92.95497861130532,7.045021388694678
-0.19999999999999996,-1.0,0.0,93.42067637832524,6.57932362167476
-0.19999999999999996,-1.0,0.10000000000000009,93.88223892800701,6.117761071992987
-0.19999999999999996,-1.0,0.20000000000000018,94.33966626035058,5.660333739649417
-0.19999999999999996,-1.0,0.30000000000000004,94.79295837535598,5.20704162464402
-0.19999999999999996,-1.0,0.40000000000000013,95.24211527302323,4.757884726976769
-0.19999999999999996,-1.0,0.5,95.68713695335228,4.3128630466477205
-0.19999999999999996,-1.0,0.6000000000000001,96.12802341634317,3.8719765836568314
-0.19999999999999996,-1.0,0.7000000000000002,96.5647746619959,3.435225338004102
-0.19999999999999996,-1.0,0.8,96.99739069031044,3.0026093096895607
-0.19999999999999996,-1.0,0.9000000000000001,97.4258715012868,2.5741284987131934
-0.19999999999999996,-1.0,1.0,97.85021709492503,2.1497829050749715
-0.19999999999999996,-0.9,-1.0,89.09761930954488,10.902380690455118
-0.19999999999999996,-0.9,-0.9,89.60062453589742,10.399375464102576
-0.19999999999999996,-0.9,-0.8,90.0994945449118,9.900505455088194
-0.19999999999999996,-0.9,-0.7,90.594229336588,9.405770663412
-0.19999999999999996,-0.9,-0.6,91.08482891092602,8.91517108907398
-0.19999999999999996,-0.9,-0.5,91.57129326792585,8.428706732074147
-0.19999999999999996,-0.9,-0.3999999999999999,92.05362240758754,7.9463775924124604
-0.19999999999999996,-0.9,-0.29999999999999993,92.53181632991104,7.468183670088962
-0.19999999999999996,-0.9,-0.19999999999999996,93.00587503489636,6.994124965103637
-0.19999999999999996,-0.9,-0.09999999999999998,93.47579852254353,6.524201477456472
-0.19999999999999996,-0.9,0.0,93.9415867928525,6.058413207147495
-0.19999999999999996,-0.9,0.10000000000000009,94.40323984582334,5.596760154176664
-0.19999999999999996,-0.9,0.20000000000000018,94.86075768145596,5.139242318544035
-0.19999999999999996,-0.9,0.30000000000000004,95.31414029975042,4.68585970024958
-0.19999999999999996,-0.9,0.40000000000000013,95.76338770070672,4.236612299293284
-0.19999999999999996,-0.9,0.5,96.20849988432482,3.791500115675177
-0.19999999999999996,-0.9,0.6000000000000001,96.64947685060477,3.3505231493952294
-0.19999999999999996,-0.9,0.7000000000000002,97.08631859954654,2.9136814004534557
-0.19999999999999996,-0.9,0.8,97.51902513115014,2.480974868849856
-0.19999999999999996,-0.9,0.9000000000000001,97.94759644541557,2.05240355458443
-0.19999999999999996,-0.9,1.0,98.37203254234282,1.6279674576571779
-0.19999999999999996,-0.8,-1.0,89.60045039524283,10.39954960475717
-0.19999999999999996,-0.8,-0.9,90.10354612488443,9.896453875115569
-0.19999999999999996,-0.8,-0.8,90.60250663718786,9.397493362812142
-0.19999999999999996,-0.8,-0.7,91.09733193215311,8.90266806784689
-0.19999999999999996,-0.8,-0.6,91.58802200978019,8.41197799021981
-0.19999999999999996,-0.8,-0.5,92.07457687006908,7.92542312993092
-0.19999999999999996,-0.8,-0.3999999999999999,92.55699651301983,7.443003486980174
-0.19999999999999996,-0.8,-0.29999999999999993,93.03528093863238,6.964719061367617
-0.19999999999999996,-0.8,-0.19999999999999996,93.50943014690677,6.490569853093234
-0.19999999999999996,-0.8,-0.09999999999999998,93.97944413784298,6.020555862157025
-0.19999999999999996,-0.8,0.0,94.44532291144101,5.554677088558989
-0.19999999999999996,-0.8,0.10000000000000009,94.90706646770089,5.092933532299114
-0.19999999999999996,-0.8,0.20000000000000018,95.36467480662257,4.635325193377426
-0.19999999999999996,-0.8,0.30000000000000004,95.81814792820609,4.181852071793912
-0.19999999999999996,-0.8,0.40000000000000013,96.26748583245144,3.7325141675485582
-0.19999999999999996,-0.8,0.5,96.71268851935861,3.2873114806413923
-0.19999999999999996,-0.8,0.6000000000000001,97.15375598892761,2.846244011072386
-0.19999999999999996,-0.8,0.7000000000000002,97.59068824115845,2.409311758841554
-0.19999999999999996,-0.8,0.8,98.0234852760511,1.9765147239488954
-0.19999999999999996,-0.8,0.9000000000000001,98.45214709360557,1.547852906394425
-0.19999999999999996,-0.8,1.0,98.87667369382189,1.1233263061781145
-0.19999999999999996,-0.7,-1.0,90.08610718500202,9.913892814997979
-0.19999999999999996,-0.7,-0.9,90.58929341793268,9.41070658206732
-0.19999999999999996,-0.7,-0.8,91.08834443352517,8.911655566474835
-0.19999999999999996,-0.7,-0.7,91.58326023177946,8.416739768220538
-0.19999999999999996,-0.7,-0.6,92.0740408126956,7.9259591873044
-0.19999999999999996,-0.7,-0.5,92.56068617627355,7.439313823726451
-0.19999999999999996,-0.7,-0.3999999999999999,93.04319632251334,6.956803677486661
-0.19999999999999996,-0.7,-0.29999999999999993,93.52157125141495,6.478428748585046
-0.19999999999999996,-0.7,-0.19999999999999996,93.9958109629784,6.004189037021604
-0.19999999999999996,-0.7,-0.09999999999999998,94.46591545720368,5.534084542796322
-0.19999999999999996,-0.7,0.0,94.93188473409076,5.068115265909242
-0.19999999999999996,-0.7,0.10000000000000009,95.39371879363969,4.606281206360308
-0.19999999999999996,-0.7,0.20000000000000018,95.85141763585044,4.148582364149561
-0.19999999999999996,-0.7,0.30000000000000004,96.304981260723,3.6950187392770033
-0.19999999999999996,-0.7,0.40000000000000013,96.75440966825741,3.2455903317425907
-0.19999999999999996,-0.7,0.5,97.19970285845363,2.800297141546366
-0.19999999999999996,-0.7,0.6000000000000001,97.64086083131168,2.3591391686883156
-0.19999999999999996,-0.7,0.7000000000000002,98.07788358683158,1.9221164131684247
-0.19999999999999996,-0.7,0.8,98.51077112501329,1.4892288749867078
-0.19999999999999996,-0.7,0.9000000000000001,98.93952344585682,1.0604765541431789
-0.19999999999999996,-0.7,1.0,99.36414054936219,0.6358594506378097
-0.19999999999999996,-0.6,-1.0,90.55458967882245,9.445410321177548
-0.19999999999999996,-0.6,-0.9,91.05786641504217,8.94213358495783
-0.19999999999999996,-0.6,-0.8,91.5570079339237,8.4429920660763
-0.19999999999999996,-0.6,-0.7,92.05201423546707,7.94798576453293
-0.19999999999999996,-0.6,-0.6,92.54288531967225,7.457114680327749
-0.19999999999999996,-0.6,-0.5,93.02962118653926,6.970378813460741
-0.19999999999999996,-0.6,-0.3999999999999999,93.51222183606811,6.4877781639318925
-0.19999999999999996,-0.6,-0.29999999999999993,93.99068726825878,6.009312731741218
-0.19999999999999996,-0.6,-0.19999999999999996,94.46501748311127,5.534982516888732
-0.19999999999999996,-0.6,-0.09999999999999998,94.93521248062561,5.064787519374391
-0.19999999999999996,-0.6,0.0,95.40127226080175,4.598727739198253
-0.19999999999999996,-0.6,0.10000000000000009,95.86319682363974,4.13680317636026
-0.19999999999999996,-0.6,0.20000000000000018,96.32098616913953,3.6790138308604696
-0.19999999999999996,-0.6,0.30000000000000004,96.77464029730116,3.2253597026988388
-0.19999999999999996,-0.6,0.40000000000000013,97.22415920812462,2.775840791875382
-0.19999999999999996,-0.6,0.5,97.6695429016099,2.3304570983900987
-0.19999999999999996,-0.6,0.6000000000000001,98.11079137775701,1.8892086222429896
-0.19999999999999996,-0.6,0.7000000000000002,98.54790463656596,1.45209536343404
-0.19999999999999996,-0.6,0.8,98.98088267803672,1.0191173219632788
-0.19999999999999996,-0.6,0.9000000000000001,99.40972550216932,0.5902744978306771
-0.19999999999999996,-0.6,1.0,99.83443310896374,0.16556689103626354
-0.19999999999999996,-0.5,-1.0,91.00589787670415,8.994102123295846
-0.19999999999999996,-0.5,-0.9,91.5092651162129,8.490734883787098
-0.19999999999999996,-0.5,-0.8,92.0084971383835,7.991502861616496
-0.19999999999999996,-0.5,-0.7,92.50359394321592,7.496406056784082
-0.19999999999999996,-0.5,-0.6,92.99455553071014,7.005444469289856
-0.19999999999999996,-0.5,-0.5,93.48138190086623,6.518618099133775
-0.19999999999999996,-0.5,-0.3999999999999999,93.96407305368413,6.035926946315868
-0.19999999999999996,-0.5,-0.29999999999999993,94.44262898916385,5.55737101083615
-0.19999999999999996,-0.5,-0.19999999999999996,94.9170497073054,5.082950292694605
-0.19999999999999996,-0.5,-0.09999999999999998,95.3873352081088,4.612664791891206
-0.19999999999999996,-0.5,0.0,95.85348549157399,4.146514508426009
-0.19999999999999996,-0.5,0.10000000000000009,96.31550055770103,3.6844994422989714
-0.19999999999999996,-0.5,0.20000000000000018,96.77338040648989,3.226619593510108
-0.19999999999999996,-0.5,0.30000000000000004,97.22712503794057,2.772874962059433
-0.19999999999999996,-0.5,0.40000000000000013,97.67673445205308,2.3232655479469173
-0.19999999999999996,-0.5,0.5,98.12220864882741,1.8777913511725899
-0.19999999999999996,-0.5,0.6000000000000001,98.56354762826359,1.436452371736408
-0.19999999999999996,-0.5,0.7000000000000002,99.00075139036159,0.9992486096384141
-0.19999999999999996,-0.5,0.8,99.4338199351214,0.5661800648785942
-0.19999999999999996,-0.5,0.9000000000000001,99.86275326254307,0.13724673745693394
-0.19999999999999996,-0.5,1.0,100.28755137262652,0.28755137262652397
-0.19999999999999996,-0.3999999999999999,-1.0,91.44003177864707,8.559968221352932
-0.19999999999999996,-0.3999999999999999,-0.9,91.94348952144487,8.056510478555126
-0.19999999999999996,-0.3999999999999999,-0.8,92.44281204690452,7.557187953095479
-0.19999999999999996,-0.3999999999999999,-0.7,92.937999355026,7.062000644974006
-0.19999999999999996,-0.3999999999999999,-0.6,93.42905144580928,6.570948554190721
-0.19999999999999996,-0.3999999999999999,-0.5,93.91596831925442,6.084031680745582
-0.19999999999999996,-0.3999999999999999,-0.3999999999999999,94.39874997536138,5.601250024638617
-0.19999999999999996,-0.3999999999999999,-0.29999999999999993,94.87739641413016,5.1226035858698395
-0.19999999999999996,-0.3999999999999999,-0.19999999999999996,95.35190763556076,4.648092364439236
-0.19999999999999996,-0.3999999999999999,-0.09999999999999998,95.82228363965321,4.177716360346793
-0.19999999999999996,-0.3999999999999999,0.0,96.28852442640746,3.711475573592537
-0.19999999999999996,-0.3999999999999999,0.10000000000000009,96.75062999582356,3.2493700041764413
-0.19999999999999996,-0.3999999999999999,0.20000000000000018,97.20860034790147,2.7913996520985336
-0.19999999999999996,-0.3999999999999999,0.30000000000000004,97.6624354826412,2.3375645173587998
-0.19999999999999996,-0.3999999999999999,0.40000000000000013,98.11213540004277,1.8878645999572257
-0.19999999999999996,-0.3999999999999999,0.5,98.55770010010616,1.4422998998938397
-0.19999999999999996,-0.3999999999999999,0.6000000000000001,98.99912958283139,1.0008704171686134
-0.19999999999999996,-0.3999999999999999,0.7000000000000002,99.43642384821845,0.5635761517815467
-0.19999999999999996,-0.3999999999999999,0.8,99.86958289626733,0.13041710373266824
-0.19999999999999996,-0.3999999999999999,0.9000000000000001,100.29860672697804,0.29860672697803636
-0.19999999999999996,-0.3999999999999999,1.0,100.72349534035057,0.7234953403505671
-0.19999999999999996,-0.29999999999999993,-1.0,91.85699138465122,8.143008615348776
-0.19999999999999996,-0.29999999999999993,-0.9,92.36053963073809,7.639460369261911
-0.19999999999999996,-0.29999999999999993,-0.8,92.8599526594868,7.140047340513206
-0.19999999999999996,-0.29999999999999993,-0.7,93.35523047089733,6.644769529102675
-0.19999999999999996,-0.29999999999999993,-0.6,93.84637306496967,6.153626935030331
-0.19999999999999996,-0.29999999999999993,-0.5,94.33338044170384,5.666619558296162
-0.19999999999999996,-0.29999999999999993,-0.3999999999999999,94.81625260109986,5.183747398900138
-0.19999999999999996,-0.29999999999999993,-0.29999999999999993,95.2949895431577,4.705010456842302
-0.19999999999999996,-0.29999999999999993,-0.19999999999999996,95.76959126787736,4.2304087321226405
-0.19999999999999996,-0.29999999999999993,-0.09999999999999998,96.24005777525886,3.7599422247411383
-0.19999999999999996,-0.29999999999999993,0.0,96.70638906530218,3.293610934697824
-0.19999999999999996,-0.29999999999999993,0.10000000000000009,97.16858513800733,2.83141486199267
-0.19999999999999996,-0.29999999999999993,0.20000000000000018,97.6266459933743,2.3733540066257035
-0.19999999999999996,-0.29999999999999993,0.30000000000000004,98.08057163140309,1.9194283685969111
-0.19999999999999996,-0.29999999999999993,0.40000000000000013,98.53036205209371,1.4696379479062927
-0.19999999999999996,-0.29999999999999993,0.5,98.97601725544615,1.023982744553848
-0.19999999999999996,-0.29999999999999993,0.6000000000000001,99.41753724146044,0.5824627585395632
-0.19999999999999996,-0.29999999999999993,0.7000000000000002,99.85492201013655,0.14507798986345222
-0.19999999999999996,-0.29999999999999993,0.8,100.28817156147448,0.28817156147448486
-0.19999999999999996,-0.29999999999999993,0.9000000000000001,100.71728589547425,0.717285895474248
-0.19999999999999996,-0.29999999999999993,1.0,101.14226501213584,1.1422650121358373
-0.19999999999999996,-0.19999999999999996,-1.0,92.25677669471662,7.743223305283379
-0.19999999999999996,-0.19999999999999996,-0.9,92.76041544409254,7.239584555907456
-0.19999999999999996,-0.19999999999999996,-0.8,93.2599189761303,6.740081023869706
-0.19999999999999996,-0.19999999999999996,-0.7,93.75528729082988,6.244712709170116
-0.19999999999999996,-0.19999999999999996,-0.6,94.24652038819129,5.753479611808714
-0.19999999999999996,-0.19999999999999996,-0.5,94.73361826821451,5.266381731785486
-0.19999999999999996,-0.19999999999999996,-0.3999999999999999,95.2165809308996,4.783419069100404
-0.19999999999999996,-0.19999999999999996,-0.29999999999999993,95.69540837624649,4.30459162375351
-0.19999999999999996,-0.19999999999999996,-0.19999999999999996,96.1701006042552,3.8298993957448033
-0.19999999999999996,-0.19999999999999996,-0.09999999999999998,96.64065761492576,3.3593423850742425
-0.19999999999999996,-0.19999999999999996,0.0,97.10707940825813,2.89292059174187
-0.19999999999999996,-0.19999999999999996,0.10000000000000009,97.56936598425233,2.430634015747671
-0.19999999999999996,-0.19999999999999996,0.20000000000000018,98.02751734290835,1.9724826570916463
-0.19999999999999996,-0.19999999999999996,0.30000000000000004,98.4815334842262,1.5184665157737953
-0.19999999999999996,-0.19999999999999996,0.40000000000000013,98.9314144082059,1.068585591794104
-0.19999999999999996,-0.19999999999999996,0.5,99.37716011484738,0.6228398851526151
-0.19999999999999996,-0.19999999999999996,0.6000000000000001,99.81877060415073,0.18122939584927167
-0.19999999999999996,-0.19999999999999996,0.7000000000000002,100.2562458761159,0.2562458761158979
-0.19999999999999996,-0.19999999999999996,0.8,100.68958593074288,0.6895859307428793
-0.19999999999999996,-0.19999999999999996,0.9000000000000001,101.1187907680317,1.118790768031701
-0.19999999999999996,-0.19999999999999996,1.0,101.54386038798233,1.5438603879823347
-0.19999999999999996,-0.09999999999999998,-1.0,92.63938770884326,7.360612291156741
-0.19999999999999996,-0.09999999999999998,-0.9,93.14311696150823,6.856883038491773
-0.19999999999999996,-0.09999999999999998,-0.8,93.64271099683505,6.357289003164951
-0.19999999999999996,-0.09999999999999998,-0.7,94.13816981482368,5.861830185176316
-0.19999999999999996,-0.09999999999999998,-0.6,94.62949341547414,5.370506584525856
-0.19999999999999996,-0.09999999999999998,-0.5,95.11668179878643,4.883318201213569
-0.19999999999999996,-0.09999999999999998,-0.3999999999999999,95.59973496476057,4.400265035239428
-0.19999999999999996,-0.09999999999999998,-0.29999999999999993,96.07865291339651,3.9213470866034896
-0.19999999999999996,-0.09999999999999998,-0.19999999999999996,96.55343564469429,3.4465643553057106
-0.19999999999999996,-0.09999999999999998,-0.09999999999999998,97.0240831586539,2.9759168413461055
-0.19999999999999996,-0.09999999999999998,0.0,97.49059545527533,2.5094045447246742
-0.19999999999999996,-0.09999999999999998,0.10000000000000009,97.95297253455858,2.047027465441417
-0.19999999999999996,-0.09999999999999998,0.20000000000000018,98.41121439650367,1.5887856034963335
-0.19999999999999996,-0.09999999999999998,0.30000000000000004,98.86532104111056,1.1346789588894381
-0.19999999999999996,-0.09999999999999998,0.40000000000000013,99.31529246837931,0.6847075316206883
-0.19999999999999996,-0.09999999999999998,0.5,99.76112867830986,0.2388713216901408
-0.19999999999999996,-0.09999999999999998,0.6000000000000001,100.20282967090226,0.20282967090226123
-0.19999999999999996,-0.09999999999999998,0.7000000000000002,100.64039544615648,0.6403954461564751
-0.19999999999999996,-0.09999999999999998,0.8,101.07382600407253,1.0738260040725294
-0.19999999999999996,-0.09999999999999998,0.9000000000000001,101.5031213446504,1.5031213446503955
-0.19999999999999996,-0.09999999999999998,1.0,101.92828146789009,1.9282814678900877
-0.19999999999999996,0.0,-1.0,93.00482442703114,6.995175572968861
-0.19999999999999996,0.0,-0.9,93.50864418298517,6.491355817014835
-0.19999999999999996,0.0,-0.8,94.00832872160103,5.991671278398968
-0.19999999999999996,0.0,-0.7,94.50387804287874,5.496121957121261
-0.19999999999999996,0.0,-0.6,94.99529214681824,5.004707853181756
-0.19999999999999996,0.0,-0.5,95.48257103341959,4.517428966580411
-0.19999999999999996,0.0,-0.3999999999999999,95.96571470268279,4.034285297317211
-0.19999999999999996,0.0,-0.29999999999999993,96.44472315460779,3.555276845392214
-0.19999999999999996,0.0,-0.19999999999999996,96.91959638919461,3.0804036108053907
-0.19999999999999996,0.0,-0.09999999999999998,97.39033440644327,2.609665593556727
-0.19999999999999996,0.0,0.0,97.85693720635376,2.143062793646237
-0.19999999999999996,0.0,0.10000000000000009,98.31940478892608,1.6805952110739213
-0.19999999999999996,0.0,0.20000000000000018,98.7777371541602,1.2222628458397935
-0.19999999999999996,0.0,0.30000000000000004,99.23193430205616,0.7680656979438396
-0.19999999999999996,0.0,0.40000000000000013,99.68199623261397,0.3180037673860312
-0.19999999999999996,0.0,0.5,100.12792294583357,0.12792294583357489
-0.19999999999999996,0.0,0.6000000000000001,100.56971444171502,0.5697144417150213
-0.19999999999999996,0.0,0.7000000000000002,101.00737072025831,1.007370720258308
-0.19999999999999996,0.0,0.8,101.4408917814634,1.4408917814634066
-0.19999999999999996,0.0,0.9000000000000001,101.87027762533033,1.8702776253303313
-0.19999999999999996,0.0,1.0,102.29552825185908,2.295528251859082
-0.19999999999999996,0.10000000000000009,-1.0,93.35308684928025,6.6469131507197545
-0.19999999999999996,0.10000000000000009,-0.9,93.85699710852334,6.143002891476655
-0.19999999999999996,0.10000000000000009,-0.8,94.35677215042827,5.64322784957173
-0.19999999999999996,0.10000000000000009,-0.7,94.85241197499502,5.147588025004978
-0.19999999999999996,0.10000000000000009,-0.6,95.34391658222359,4.656083417776415
-0.19999999999999996,0.10000000000000009,-0.5,95.83128597211399,4.168714027886011
-0.19999999999999996,0.10000000000000009,-0.3999999999999999,96.31452014466623,3.6854798553337673
-0.19999999999999996,0.10000000000000009,-0.29999999999999993,96.79361909988029,3.2063809001197114
-0.19999999999999996,0.10000000000000009,-0.19999999999999996,97.26858283775617,2.7314171622438295
-0.19999999999999996,0.10000000000000009,-0.09999999999999998,97.73941135829389,2.260588641706107
-0.19999999999999996,0.10000000000000009,0.0,98.20610466149344,1.7938953385065588
-0.19999999999999996,0.10000000000000009,0.10000000000000009,98.66866274735482,1.3313372526451843
-0.19999999999999996,0.10000000000000009,0.20000000000000018,99.127085615878,0.872914384121998
-0.19999999999999996,0.10000000000000009,0.30000000000000004,99.58137326706301,0.4186267329369855
-0.19999999999999996,0.10000000000000009,0.40000000000000013,100.03152570090987,0.03152570090986728
-0.19999999999999996,0.10000000000000009,0.5,100.47754291741853,0.47754291741853194
-0.19999999999999996,0.10000000000000009,0.6000000000000001,100.91942491658904,0.9194249165890369
-0.19999999999999996,0.10000000000000009,0.7000000000000002,101.35717169842137,1.357171698421368
-0.19999999999999996,0.10000000000000009,0.8,101.79078326291553,1.7907832629155251
-0.19999999999999996,0.10000000000000009,0.9000000000000001,102.22025961007151,2.2202596100715084
-0.19999999999999996,0.10000000000000009,1.0,102.6456007398893,2.6456007398893036
-0.19999999999999996,0.20000000000000018,-1.0,93.68417497559061,6.315825024409392
-0.19999999999999996,0.20000000000000018,-0.9,94.18817573812277,5.811824261877234
-0.19999999999999996,0.20000000000000018,-0.8,94.68804128331674,5.3119587166832645
-0.19999999999999996,0.20000000000000018,-0.7,95.18377161117255,4.816228388827454
-0.19999999999999996,0.20000000000000018,-0.6,95.67536672169017,4.3246332783098325
-0.19999999999999996,0.20000000000000018,-0.5,96.16282661486963,3.83717338513037
-0.19999999999999996,0.20000000000000018,-0.3999999999999999,96.64615129071093,3.3538487092890676
-0.19999999999999996,0.20000000000000018,-0.29999999999999993,97.12534074921405,2.874659250785953
-0.19999999999999996,0.20000000000000018,-0.19999999999999996,97.60039499037899,2.3996050096210126
-0.19999999999999996,0.20000000000000018,-0.09999999999999998,98.07131401420577,1.9286859857942318
-0.19999999999999996,0.20000000000000018,0.0,98.53809782069435,1.4619021793056532
-0.19999999999999996,0.20000000000000018,0.10000000000000009,99.00074640984478,0.9992535901552202
-0.19999999999999996,0.20000000000000018,0.20000000000000018,99.45925978165702,0.5407402183429753
-0.19999999999999996,0.20000000000000018,0.30000000000000004,99.9136379361311,0.08636206386890422
-0.19999999999999996,0.20000000000000018,0.40000000000000013,100.36388087326701,0.36388087326700713
-0.19999999999999996,0.20000000000000018,0.5,100.80998859306473,0.8099885930647304
-0.19999999999999996,0.20000000000000018,0.6000000000000001,101.2519610955243,1.251961095524294
-0.19999999999999996,0.20000000000000018,0.7000000000000002,101.68979838064568,1.6897983806456836
-0.19999999999999996,0.20000000000000018,0.8,102.12350044842889,2.123500448428885
-0.19999999999999996,0.20000000000000018,0.9000000000000001,102.55306729887393,2.553067298873927
-0.19999999999999996,0.20000000000000018,1.0,102.97849893198078,2.9784989319807806
-0.19999999999999996,0.30000000000000004,-1.0,93.99808880596223,6.001911194037774
-0.19999999999999996,0.30000000000000004,-0.9,94.50218007178341,5.497819928216586
-0.19999999999999996,0.30000000000000004,-0.8,95.00213612026646,4.9978638797335435
-0.19999999999999996,0.30000000000000004,-0.7,95.49795695141133,4.502043048588675
-0.19999999999999996,0.30000000000000004,-0.6,95.98964256521799,4.010357434782009
-0.19999999999999996,0.30000000000000004,-0.5,96.47719296168651,3.5228070383134877
-0.19999999999999996,0.30000000000000004,-0.3999999999999999,96.96060814081687,3.0393918591831266
-0.19999999999999996,0.30000000000000004,-0.29999999999999993,97.43988810260903,2.560111897390968
-0.19999999999999996,0.30000000000000004,-0.19999999999999996,97.91503284706303,2.0849671529369687
-0.19999999999999996,0.30000000000000004,-0.09999999999999998,98.38604237417887,1.6139576258211292
-0.19999999999999996,0.30000000000000004,0.0,98.85291668395651,1.1470833160434921
-0.19999999999999996,0.30000000000000004,0.10000000000000009,99.315655776396,0.6843442236040005
-0.19999999999999996,0.30000000000000004,0.20000000000000018,99.7742596514973,0.22574034850269697
-0.19999999999999996,0.30000000000000004,0.30000000000000004,100.22872830926042,0.22872830926041843
-0.19999999999999996,0.30000000000000004,0.40000000000000013,100.67906174968539,0.6790617496853883
-0.19999999999999996,0.30000000000000004,0.5,101.12525997277217,1.1252599727721702
-0.19999999999999996,0.30000000000000004,0.6000000000000001,101.56732297852078,1.567322978520778
-0.19999999999999996,0.30000000000000004,0.7000000000000002,102.00525076693123,2.0052507669312263
-0.19999999999999996,0.30000000000000004,0.8,102.4390433380035,2.4390433380035006
-0.19999999999999996,0.30000000000000004,0.9000000000000001,102.86870069173759,2.868700691737587
-0.19999999999999996,0.30000000000000004,1.0,103.29422282813351,3.2942228281335133
-0.19999999999999996,0.40000000000000013,-1.0,94.29482834039506,5.705171659604943
-0.19999999999999996,0.40000000000000013,-0.9,94.79901010950532,5.200989890494682
-0.19999999999999996,0.40000000000000013,-0.8,95.29905666127742,4.700943338722581
-0.19999999999999996,0.40000000000000013,-0.7,95.79496799571133,4.205032004288668
-0.19999999999999996,0.40000000000000013,-0.6,96.28674411280706,3.7132558871929433
-0.19999999999999996,0.40000000000000013,-0.5,96.77438501256464,3.225614987435364
-0.19999999999999996,0.40000000000000013,-0.3999999999999999,97.25789069498404,2.7421093050159584
-0.19999999999999996,0.40000000000000013,-0.29999999999999993,97.73726116006527,2.262738839934727
-0.19999999999999996,0.40000000000000013,-0.19999999999999996,98.21249640780832,1.7875035921916833
-0.19999999999999996,0.40000000000000013,-0.09999999999999998,98.68359643821321,1.3164035617867853
-0.19999999999999996,0.40000000000000013,0.0,99.15056125127991,0.8494387487200896
-0.19999999999999996,0.40000000000000013,0.10000000000000009,99.61339084700846,0.3866091529915394
-0.19999999999999996,0.40000000000000013,0.20000000000000018,100.07208522539881,0.07208522539880846
-0.19999999999999996,0.40000000000000013,0.30000000000000004,100.526644386451,0.5266443864509966
-0.19999999999999996,0.40000000000000013,0.40000000000000013,100.97706833016501,0.9770683301650109
-0.19999999999999996,0.40000000000000013,0.5,101.42335705654085,1.4233570565408513
-0.19999999999999996,0.40000000000000013,0.6000000000000001,101.86551056557852,1.8655105655785178
-0.19999999999999996,0.40000000000000013,0.7000000000000002,102.30352885727801,2.3035288572780104
-0.19999999999999996,0.40000000000000013,0.8,102.73741193163934,2.7374119316393433
-0.19999999999999996,0.40000000000000013,0.9000000000000001,103.16715978866249,3.167159788662488
-0.19999999999999996,0.40000000000000013,1.0,103.59277242834746,3.592772428347459
-0.19999999999999996,0.5,-1.0,94.57439357888916,5.425606421110842
-0.19999999999999996,0.5,-0.9,95.07866585128846,4.921334148711537
-0.19999999999999996,0.5,-0.8,95.57880290634961,4.421197093650392
-0.19999999999999996,0.5,-0.7,96.07480474407258,3.92519525592742
-0.19999999999999996,0.5,-0.6,96.56667136445738,3.4333286355426225
-0.19999999999999996,0.5,-0.5,97.054402767504,2.9455972324959987
-0.19999999999999996,0.5,-0.3999999999999999,97.53799895321247,2.4620010467875346
-0.19999999999999996,0.5,-0.29999999999999993,98.01745992158274,1.9825400784172587
-0.19999999999999996,0.5,-0.19999999999999996,98.49278567261486,1.5072143273851424
-0.19999999999999996,0.5,-0.09999999999999998,98.9639762063088,1.0360237936912
-0.19999999999999996,0.5,0.0,99.43103152266455,0.5689684773354458
-0.19999999999999996,0.5,0.10000000000000009,99.89395162168215,0.10604837831785119
-0.19999999999999996,0.5,0.20000000000000018,100.35273650336157,0.3527365033615695
-0.19999999999999996,0.5,0.30000000000000004,100.8073861677028,0.807386167702802
-0.19999999999999996,0.5,0.40000000000000013,101.25790061470587,1.2579006147058749
-0.19999999999999996,0.5,0.5,101.70427984437076,1.7042798443707596
-0.19999999999999996,0.5,0.6000000000000001,102.1465238566975,2.146523856697499
-0.19999999999999996,0.5,0.7000000000000002,102.58463265168605,2.58463265168605
-0.19999999999999996,0.5,0.8,103.01860622933643,3.0186062293364273
-0.19999999999999996,0.5,0.9000000000000001,103.44844458964863,3.4484445896486307
-0.19999999999999996,0.5,1.0,103.87414773262267,3.8741477326226743
-0.19999999999999996,0.6000000000000001,-1.0,94.83678452144449,5.163215478555514
-0.19999999999999996,0.6000000000000001,-0.9,95.34114729713286,4.6588527028671365
-0.19999999999999996,0.6000000000000001,-0.8,95.84137485548307,4.158625144516932
-0.19999999999999996,0.6000000000000001,-0.7,96.3374671964951,3.6625328035049023
-0.19999999999999996,0.6000000000000001,-0.6,96.82942432016895,3.170575679831046
-0.19999999999999996,0.6000000000000001,-0.5,97.31724622650462,2.682753773495378
-0.19999999999999996,0.6000000000000001,-0.3999999999999999,97.80093291550214,2.1990670844978553
-0.19999999999999996,0.6000000000000001,-0.29999999999999993,98.28048438716148,1.7195156128385207
-0.19999999999999996,0.6000000000000001,-0.19999999999999996,98.75590064148264,1.24409935851736
-0.19999999999999996,0.6000000000000001,-0.09999999999999998,99.22718167846564,0.7728183215343591
-0.19999999999999996,0.6000000000000001,0.0,99.69432749811045,0.3056725018895463
-0.19999999999999996,0.6000000000000001,0.10000000000000009,100.1573381004171,0.15733810041710683
-0.19999999999999996,0.6000000000000001,0.20000000000000018,100.61621348538557,0.6162134853855719
-0.19999999999999996,0.6000000000000001,0.30000000000000004,101.07095365301586,1.070953653015863
-0.19999999999999996,0.6000000000000001,0.40000000000000013,101.521558603308,1.5215586033079944
-0.19999999999999996,0.6000000000000001,0.5,101.96802833626194,1.9680283362619377
-0.19999999999999996,0.6000000000000001,0.6000000000000001,102.41036285187772,2.4103628518777214
-0.19999999999999996,0.6000000000000001,0.7000000000000002,102.84856215015533,2.848562150155331
-0.19999999999999996,0.6000000000000001,0.8,103.28262623109478,3.282626231094781
-0.19999999999999996,0.6000000000000001,0.9000000000000001,103.71255509469604,3.712555094696043
-0.19999999999999996,0.6000000000000001,1.0,104.13834874095913,4.138348740959131
-0.19999999999999996,0.7000000000000002,-1.0,95.08200116806104,4.917998831938959
-0.19999999999999996,0.7000000000000002,-0.9,95.58645444703848,4.413545552961523
-0.19999999999999996,0.7000000000000002,-0.8,96.08677250867774,3.91322749132226
-0.19999999999999996,0.7000000000000002,-0.7,96.58295535297883,3.4170446470211715
-0.19999999999999996,0.7000000000000002,-0.6,97.07500297994174,2.9249970200582567
-0.19999999999999996,0.7000000000000002,-0.5,97.56291538956647,2.43708461043353
-0.19999999999999996,0.7000000000000002,-0.3999999999999999,98.04669258185305,1.9533074181469487
-0.19999999999999996,0.7000000000000002,-0.29999999999999993,98.52633455680143,1.4736654431985698
-0.19999999999999996,0.7000000000000002,-0.19999999999999996,99.00184131441165,0.9981586855883506
-0.19999999999999996,0.7000000000000002,-0.09999999999999998,99.47321285468371,0.5267871453162911
-0.19999999999999996,0.7000000000000002,0.0,99.94044917761758,0.05955082238241971
-0.19999999999999996,0.7000000000000002,0.10000000000000009,100.40355028321329,0.403550283213292
-0.19999999999999996,0.7000000000000002,0.20000000000000018,100.86251617147082,0.8625161714708156
-0.19999999999999996,0.7000000000000002,0.30000000000000004,101.31734684239017,1.3173468423901653
-0.19999999999999996,0.7000000000000002,0.40000000000000013,101.76804229597134,1.768042295971341
-0.19999999999999996,0.7000000000000002,0.5,102.21460253221434,2.214602532214343
-0.19999999999999996,0.7000000000000002,0.6000000000000001,102.65702755111919,2.657027551119185
-0.19999999999999996,0.7000000000000002,0.7000000000000002,103.09531735268585,3.0953173526858535
-0.19999999999999996,0.7000000000000002,0.8,103.52947193691435,3.529471936914348
-0.19999999999999996,0.7000000000000002,0.9000000000000001,103.95949130380467,3.9594913038046684
-0.19999999999999996,0.7000000000000002,1.0,104.38537545335682,4.385375453356815
-0.19999999999999996,0.8,-1.0,95.31004351873885,4.689956481261149
-0.19999999999999996,0.8,-0.9,95.81458730100535,4.185412698994654
-0.19999999999999996,0.8,-0.8,96.31499586593367,3.6850041340663324
-0.19999999999999996,0.8,-0.7,96.8112692135238,3.1887307864761993
-0.19999999999999996,0.8,-0.6,97.30340734377577,2.696592656224226
-0.19999999999999996,0.8,-0.5,97.79141025668956,2.2085897433104407
-0.19999999999999996,0.8,-0.3999999999999999,98.27527795226518,1.724722047734815
-0.19999999999999996,0.8,-0.29999999999999993,98.75501043050264,1.2449895694973634
-0.19999999999999996,0.8,-0.19999999999999996,99.23060769140191,0.7693923085980856
-0.19999999999999996,0.8,-0.09999999999999998,99.70206973496302,0.2979302650369817
-0.19999999999999996,0.8,0.0,100.16939656118595,0.16939656118594826
-0.19999999999999996,0.8,0.10000000000000009,100.63258817007072,0.6325881700707185
-0.19999999999999996,0.8,0.20000000000000018,101.09164456161729,1.0916445616172865
-0.19999999999999996,0.8,0.30000000000000004,101.5465657358257,1.5465657358256948
-0.19999999999999996,0.8,0.40000000000000013,101.99735169269593,1.9973516926959292
-0.19999999999999996,0.8,0.5,102.44400243222799,2.4440024322279896
-0.19999999999999996,0.8,0.6000000000000001,102.88651795442189,2.8865179544218904
-0.19999999999999996,0.8,0.7000000000000002,103.3248982592776,3.324898259277603
-0.19999999999999996,0.8,0.8,103.75914334679516,3.759143346795156
-0.19999999999999996,0.8,0.9000000000000001,104.18925321697454,4.189253216974535
-0.19999999999999996,0.8,1.0,104.61522786981573,4.615227869815726
-0.19999999999999996,0.9000000000000001,-1.0,95.5209115734779,4.479088426522097
-0.19999999999999996,0.9000000000000001,-0.9,96.02554585903346,3.974454140966543
-0.19999999999999996,0.9000000000000001,-0.8,96.52604492725082,3.4739550727491775
-0.19999999999999996,0.9000000000000001,-0.7,97.02240877813003,2.9775912218699716
-0.19999999999999996,0.9000000000000001,-0.6,97.51463741167105,2.485362588328954
-0.19999999999999996,0.9000000000000001,-0.5,98.00273082787389,1.99726917212611
-0.19999999999999996,0.9000000000000001,-0.3999999999999999,98.48668902673857,1.5133109732614258
-0.19999999999999996,0.9000000000000001,-0.29999999999999993,98.96651200826507,1.0334879917349298
-0.19999999999999996,0.9000000000000001,-0.19999999999999996,99.4421997724534,0.5578002275465934
-0.19999999999999996,0.9000000000000001,-0.09999999999999998,99.91375231930357,0.08624768069643096
-0.19999999999999996,0.9000000000000001,0.0,100.38116964881556,0.3811696488155576
-0.19999999999999996,0.9000000000000001,0.10000000000000009,100.84445176098937,0.8444517609893722
-0.19999999999999996,0.9000000000000001,0.20000000000000018,101.30359865582501,1.303598655825013
-0.19999999999999996,0.9000000000000001,0.30000000000000004,101.75861033332247,1.7586103333224656
-0.19999999999999996,0.9000000000000001,0.40000000000000013,102.20948679348177,2.209486793481773
-0.19999999999999996,0.9000000000000001,0.5,102.65622803630288,2.6562280363028776
-0.19999999999999996,0.9000000000000001,0.6000000000000001,103.09883406178582,3.0988340617858228
-0.19999999999999996,0.9000000000000001,0.7000000000000002,103.53730486993061,3.537304869930608
-0.19999999999999996,0.9000000000000001,0.8,103.9716404607372,3.9716404607372056
-0.19999999999999996,0.9000000000000001,0.9000000000000001,104.40184083420564,4.401840834205643
-0.19999999999999996,0.9000000000000001,1.0,104.82790599033589,4.827905990335893
-0.19999999999999996,1.0,-1.0,95.71460533227821,4.285394667721789
-0.19999999999999996,1.0,-0.9,96.21933012112281,3.780669878877191
-0.19999999999999996,1.0,-0.8,96.71991969262923,3.280080307370767
-0.19999999999999996,1.0,-0.7,97.21637404679748,2.7836259532025167
-0.19999999999999996,1.0,-0.6,97.70869318362756,2.2913068163724404
-0.19999999999999996,1.0,-0.5,98.19687710311946,1.803122896880538
-0.19999999999999996,1.0,-0.3999999999999999,98.6809258052732,1.3190741947267952
-0.19999999999999996,1.0,-0.29999999999999993,99.16083929008876,0.8391607099112406
-0.19999999999999996,1.0,-0.19999999999999996,99.63661755756614,0.36338244243385986
-0.19999999999999996,1.0,-0.09999999999999998,100.10826060770536,0.10826060770536117
-0.19999999999999996,1.0,0.0,100.57576844050641,0.5757684405064083
-0.19999999999999996,1.0,0.10000000000000009,101.03914105596928,1.0391410559692815
-0.19999999999999996,1.0,0.20000000000000018,101.49837845409397,1.4983784540939666
-0.19999999999999996,1.0,0.30000000000000004,101.95348063488048,1.9534806348804779
-0.19999999999999996,1.0,0.40000000000000013,102.40444759832884,2.4044475983288436
-0.19999999999999996,1.0,0.5,102.851279344439,2.851279344439007
-0.19999999999999996,1.0,0.6000000000000001,103.29397587321101,3.2939758732110107
-0.19999999999999996,1.0,0.7000000000000002,103.73253718464484,3.7325371846448405
-0.19999999999999996,1.0,0.8,104.16696327874051,4.166963278740511
-0.19999999999999996,1.0,0.9000000000000001,104.59725415549799,4.597254155497993
-0.19999999999999996,1.0,1.0,105.0234098149173,5.023409814917301
-0.09999999999999998,-1.0,-1.0,89.1854055957316,10.814594404268405
-0.09999999999999998,-1.0,-0.9,89.6889249805723,10.311075019427705
-0.09999999999999998,-1.0,-0.8,90.18830914807482,9.811690851925178
-0.09999999999999998,-1.0,-0.7,90.68355809823916,9.31644190176084
-0.09999999999999998,-1.0,-0.6,91.17467183106534,8.82532816893466
-0.09999999999999998,-1.0,-0.5,91.66165034655333,8.33834965344667
-0.09999999999999998,-1.0,-0.3999999999999999,92.14449364470316,7.855506355296839
-0.09999999999999998,-1.0,-0.29999999999999993,92.62320172551482,7.376798274485182
-0.09999999999999998,-1.0,-0.19999999999999996,93.0977745889883,6.902225411011699
-0.09999999999999998,-1.0,-0.09999999999999998,93.56821223512361,6.43178776487639
-0.09999999999999998,-1.0,0.0,94.03451466392075,5.965485336079254
-0.09999999999999998,-1.0,0.10000000000000009,94.49668187537972,5.503318124620279
-0.09999999999999998,-1.0,0.20000000000000018,94.9547138695005,5.045286130499505
-0.09999999999999998,-1.0,0.30000000000000004,95.40861064628312,4.5913893537168775
-0.09999999999999998,-1.0,0.40000000000000013,95.85837220572756,4.141627794272438
-0.09999999999999998,-1.0,0.5,96.30399854783381,3.696001452166186
-0.09999999999999998,-1.0,0.6000000000000001,96.74548967260192,3.25451032739808
-0.09999999999999998,-1.0,0.7000000000000002,97.18284558003185,2.8171544199681477
-0.09999999999999998,-1.0,0.8,97.6160662701236,2.3839337298764036
-0.09999999999999998,-1.0,0.9000000000000001,98.04515174287718,1.9548482571228192
-0.09999999999999998,-1.0,1.0,98.47010199829259,1.5298980017074086
-0.09999999999999998,-0.9,-1.0,89.70648906391472,10.293510936085283
-0.09999999999999998,-0.9,-0.9,90.21009895204446,9.789901047955539
-0.09999999999999998,-0.9,-0.8,90.70957362283605,9.290426377163953
-0.09999999999999998,-0.9,-0.7,91.20491307628944,8.795086923710556
-0.09999999999999998,-0.9,-0.6,91.69611731240468,8.30388268759532
-0.09999999999999998,-0.9,-0.5,92.18318633118172,7.816813668818284
-0.09999999999999998,-0.9,-0.3999999999999999,92.6661201326206,7.333879867379395
-0.09999999999999998,-0.9,-0.29999999999999993,93.14491871672132,6.855081283278679
-0.09999999999999998,-0.9,-0.19999999999999996,93.61958208348385,6.380417916516151
-0.09999999999999998,-0.9,-0.09999999999999998,94.09011023290823,5.909889767091769
-0.09999999999999998,-0.9,0.0,94.55650316499441,5.44349683500559
-0.09999999999999998,-0.9,0.10000000000000009,95.01876087974244,4.981239120257555
-0.09999999999999998,-0.9,0.20000000000000018,95.47688337715228,4.5231166228477235
-0.09999999999999998,-0.9,0.30000000000000004,95.93087065722396,4.069129342776037
-0.09999999999999998,-0.9,0.40000000000000013,96.38072271995745,3.619277280042553
-0.09999999999999998,-0.9,0.5,96.82643956535277,3.1735604346472286
-0.09999999999999998,-0.9,0.6000000000000001,97.26802119340992,2.731978806590078
-0.09999999999999998,-0.9,0.7000000000000002,97.70546760412891,2.2945323958710873
-0.09999999999999998,-0.9,0.8,98.13877879750972,1.8612212024902846
-0.09999999999999998,-0.9,0.9000000000000001,98.56795477355234,1.4320452264476558
-0.09999999999999998,-0.9,1.0,98.99299553225683,1.0070044677431724
-0.09999999999999998,-0.8,-1.0,90.21039823615907,9.789601763840935
-0.09999999999999998,-0.8,-0.9,90.71409862757787,9.285901372422131
-0.09999999999999998,-0.8,-0.8,91.21366380165851,8.786336198341488
-0.09999999999999998,-0.8,-0.7,91.70909375840097,8.290906241599032
-0.09999999999999998,-0.8,-0.6,92.20038849780525,7.79961150219475
-0.09999999999999998,-0.8,-0.5,92.68754801987134,7.312451980128657
-0.09999999999999998,-0.8,-0.3999999999999999,93.1705723245993,6.829427675400694
-0.09999999999999998,-0.8,-0.29999999999999993,93.64946141198907,6.350538588010934
-0.09999999999999998,-0.8,-0.19999999999999996,94.12421528204065,5.875784717959348
-0.09999999999999998,-0.8,-0.09999999999999998,94.59483393475408,5.405166065245922
-0.09999999999999998,-0.8,0.0,95.06131737012933,4.938682629870669
-0.09999999999999998,-0.8,0.10000000000000009,95.52366558816641,4.476334411833591
-0.09999999999999998,-0.8,0.20000000000000018,95.9818785888653,4.0181214111347
-0.09999999999999998,-0.8,0.30000000000000004,96.43595637222604,3.5640436277739553
-0.09999999999999998,-0.8,0.40000000000000013,96.88589893824859,3.1141010617514127
-0.09999999999999998,-0.8,0.5,97.33170628693296,2.668293713067044
-0.09999999999999998,-0.8,0.6000000000000001,97.77337841827917,2.226621581720835
-0.09999999999999998,-0.8,0.7000000000000002,98.21091533228721,1.7890846677127854
-0.09999999999999998,-0.8,0.8,98.64431702895708,1.3556829710429241
-0.09999999999999998,-0.8,0.9000000000000001,99.07358350828876,0.9264164917112367
-0.09999999999999998,-0.8,1.0,99.49871477028228,0.5012852297177233
-0.09999999999999998,-0.7,-1.0,90.69713311246468,9.302866887535316
-0.09999999999999998,-0.7,-0.9,91.20092400717253,8.799075992827468
-0.09999999999999998,-0.7,-0.8,91.70057968454222,8.29942031545778
-0.09999999999999998,-0.7,-0.7,92.19610014457373,7.803899855426266
-0.09999999999999998,-0.7,-0.6,92.68748538726707,7.312514612732926
-0.09999999999999998,-0.7,-0.5,93.17473541262223,6.825264587377774
-0.09999999999999998,-0.7,-0.3999999999999999,93.65785022063923,6.342149779360767
-0.09999999999999998,-0.7,-0.29999999999999993,94.13682981131805,5.8631701886819485
-0.09999999999999998,-0.7,-0.19999999999999996,94.6116741846587,5.388325815341304
-0.09999999999999998,-0.7,-0.09999999999999998,95.08238334066118,4.917616659338819
-0.09999999999999998,-0.7,0.0,95.54895727932548,4.451042720674522
-0.09999999999999998,-0.7,0.10000000000000009,96.01139600065162,3.988603999348385
-0.09999999999999998,-0.7,0.20000000000000018,96.46969950463956,3.5303004953604358
-0.09999999999999998,-0.7,0.30000000000000004,96.92386779128935,3.0761322087106464
-0.09999999999999998,-0.7,0.40000000000000013,97.37390086060095,2.626099139399045
-0.09999999999999998,-0.7,0.5,97.8197987125744,2.1802012874256036
-0.09999999999999998,-0.7,0.6000000000000001,98.26156134720966,1.738438652790336
-0.09999999999999998,-0.7,0.7000000000000002,98.69918876450676,1.3008112354932422
-0.09999999999999998,-0.7,0.8,99.13268096446568,0.8673190355343223
-0.09999999999999998,-0.7,0.9000000000000001,99.56203794708642,0.43796205291357637
-0.09999999999999998,-0.7,1.0,99.987259712369,0.012740287631004321
-0.09999999999999998,-0.6,-1.0,91.1666936928315,8.833306307168499
-0.09999999999999998,-0.6,-0.9,91.67057509082842,8.329424909171578
-0.09999999999999998,-0.6,-0.8,92.17032127148717,7.829678728512832
-0.09999999999999998,-0.6,-0.7,92.66593223480774,7.334067765192259
-0.09999999999999998,-0.6,-0.6,93.15740798079014,6.84259201920986
-0.09999999999999998,-0.6,-0.5,93.64474850943434,6.355251490565664
-0.09999999999999998,-0.6,-0.3999999999999999,94.1279538207404,5.872046179259598
-0.09999999999999998,-0.6,-0.29999999999999993,94.60702391470828,5.392976085291721
-0.09999999999999998,-0.6,-0.19999999999999996,95.08195879133798,4.918041208662018
-0.09999999999999998,-0.6,-0.09999999999999998,95.55275845062953,4.4472415493704744
-0.09999999999999998,-0.6,0.0,96.01942289258288,3.980577107417119
-0.09999999999999998,-0.6,0.10000000000000009,96.48195211719808,3.5180478828019233
-0.09999999999999998,-0.6,0.20000000000000018,96.94034612447507,3.05965387552493
-0.09999999999999998,-0.6,0.30000000000000004,97.39460491441392,2.605395085586082
-0.09999999999999998,-0.6,0.40000000000000013,97.84472848701458,2.155271512985422
-0.09999999999999998,-0.6,0.5,98.29071684227706,1.7092831577229362
-0.09999999999999998,-0.6,0.6000000000000001,98.73256998020139,1.26743001979861
-0.09999999999999998,-0.6,0.7000000000000002,99.17028790078754,0.8297120992124576
-0.09999999999999998,-0.6,0.8,99.60387060403552,0.39612939596447916
-0.09999999999999998,-0.6,0.9000000000000001,100.03331808994531,0.03331808994531116
-0.09999999999999998,-0.6,1.0,100.45863035851696,0.458630358516956
-0.09999999999999998,-0.5,-1.0,91.61907997725962,8.380920022740384
-0.09999999999999998,-0.5,-0.9,92.12305187854557,7.876948121454433
-0.09999999999999998,-0.5,-0.8,92.62288856249337,7.377111437506628
-0.09999999999999998,-0.5,-0.7,93.118590029103,6.881409970896996
-0.09999999999999998,-0.5,-0.6,93.61015627837445,6.389843721625553
-0.09999999999999998,-0.5,-0.5,94.09758731030773,5.9024126896922695
-0.09999999999999998,-0.5,-0.3999999999999999,94.58088312490284,5.41911687509716
-0.09999999999999998,-0.5,-0.29999999999999993,95.06004372215976,4.939956277840238
-0.09999999999999998,-0.5,-0.19999999999999996,95.53506910207852,4.464930897921477
-0.09999999999999998,-0.5,-0.09999999999999998,96.00595926465911,3.9940407353408887
-0.09999999999999998,-0.5,0.0,96.47271420990153,3.5272857900984746
-0.09999999999999998,-0.5,0.10000000000000009,96.93533393780578,3.0646660621942203
-0.09999999999999998,-0.5,0.20000000000000018,97.39381844837183,2.6061815516281683
-0.09999999999999998,-0.5,0.30000000000000004,97.84816774159974,2.151832258400262
-0.09999999999999998,-0.5,0.40000000000000013,98.29838181748946,1.7016181825105434
-0.09999999999999998,-0.5,0.5,98.74446067604099,1.2555393239590131
-0.09999999999999998,-0.5,0.6000000000000001,99.18640431725437,0.8135956827456283
-0.09999999999999998,-0.5,0.7000000000000002,99.62421274112958,0.3757872588704174
-0.09999999999999998,-0.5,0.8,100.0578859476666,0.057885947666605375
-0.09999999999999998,-0.5,0.9000000000000001,100.48742393686547,0.4874239368654685
-0.09999999999999998,-0.5,1.0,100.91282670872616,0.9128267087261577
-0.09999999999999998,-0.3999999999999999,-1.0,92.05429196574893,7.945708034251069
-0.09999999999999998,-0.3999999999999999,-0.9,92.55835437032395,7.441645629676046
-0.09999999999999998,-0.3999999999999999,-0.8,93.0582815575608,6.941718442439196
-0.09999999999999998,-0.3999999999999999,-0.7,93.55407352745948,6.4459264725405205
-0.09999999999999998,-0.3999999999999999,-0.6,94.04573028002,5.9542697199800045
-0.09999999999999998,-0.3999999999999999,-0.5,94.53325181524232,5.466748184757677
-0.09999999999999998,-0.3999999999999999,-0.3999999999999999,95.01663813312649,4.9833618668735085
-0.09999999999999998,-0.3999999999999999,-0.29999999999999993,95.49588923367247,4.504110766327528
-0.09999999999999998,-0.3999999999999999,-0.19999999999999996,95.97100511688029,4.028994883119708
-0.09999999999999998,-0.3999999999999999,-0.09999999999999998,96.44198578274994,3.5580142172500615
-0.09999999999999998,-0.3999999999999999,0.0,96.90883123128141,3.091168768718589
-0.09999999999999998,-0.3999999999999999,0.10000000000000009,97.37154146247471,2.6284585375252902
-0.09999999999999998,-0.3999999999999999,0.20000000000000018,97.83011647632982,2.1698835236701797
-0.09999999999999998,-0.3999999999999999,0.30000000000000004,98.28455627284679,1.7154437271532146
-0.09999999999999998,-0.3999999999999999,0.40000000000000013,98.73486085202555,1.2651391479744518
-0.09999999999999998,-0.3999999999999999,0.5,99.18103021386615,0.8189697861338487
-0.09999999999999998,-0.3999999999999999,0.6000000000000001,99.62306435836858,0.37693564163141957
-0.09999999999999998,-0.3999999999999999,0.7000000000000002,100.06096328553285,0.06096328553284991
-0.09999999999999998,-0.3999999999999999,0.8,100.49472699535893,0.4947269953589313
-0.09999999999999998,-0.3999999999999999,0.9000000000000001,100.92435548784685,0.924355487846853
-0.09999999999999998,-0.3999999999999999,1.0,101.3498487629966,1.3498487629966007
-0.09999999999999998,-0.29999999999999993,-1.0,92.4723296582995,7.5276703417004995
-0.09999999999999998,-0.29999999999999993,-0.9,92.97648256616357,7.023517433836432
-0.09999999999999998,-0.29999999999999993,-0.8,93.47650025668948,6.5234997433105235
-0.09999999999999998,-0.29999999999999993,-0.7,93.97238272987721,6.027617270122789
-0.09999999999999998,-0.29999999999999993,-0.6,94.46412998572679,5.535870014273215
-0.09999999999999998,-0.29999999999999993,-0.5,94.95174202423817,5.048257975761828
-0.09999999999999998,-0.29999999999999993,-0.3999999999999999,95.43521884541138,4.564781154588616
-0.09999999999999998,-0.29999999999999993,-0.29999999999999993,95.91456044924642,4.085439550753577
-0.09999999999999998,-0.29999999999999993,-0.19999999999999996,96.3897668357433,3.610233164256698
-0.09999999999999998,-0.29999999999999993,-0.09999999999999998,96.860838004902,3.139161995097993
-0.09999999999999998,-0.29999999999999993,0.0,97.32777395672252,2.672226043277476
-0.09999999999999998,-0.29999999999999993,0.10000000000000009,97.79057469120488,2.209425308795119
-0.09999999999999998,-0.29999999999999993,0.20000000000000018,98.24924020834906,1.7507597916509354
-0.09999999999999998,-0.29999999999999993,0.30000000000000004,98.70377050815507,1.296229491844926
-0.09999999999999998,-0.29999999999999993,0.40000000000000013,99.1541655906229,0.8458344093771046
-0.09999999999999998,-0.29999999999999993,0.5,99.60042545575254,0.3995745442474572
-0.09999999999999998,-0.29999999999999993,0.6000000000000001,100.04255010354404,0.04255010354404476
-0.09999999999999998,-0.29999999999999993,0.7000000000000002,100.48053953399736,0.4805395339973586
-0.09999999999999998,-0.29999999999999993,0.8,100.9143937471125,0.9143937471124985
-0.09999999999999998,-0.29999999999999993,0.9000000000000001,101.34411274288946,1.3441127428894646
-0.09999999999999998,-0.29999999999999993,1.0,101.76969652132827,1.769696521328271
-0.09999999999999998,-0.19999999999999996,-1.0,92.8731930549113,7.126806945088703
-0.09999999999999998,-0.19999999999999996,-0.9,93.37743646606442,6.622563533935576
-0.09999999999999998,-0.19999999999999996,-0.8,93.87754465987939,6.122455340120609
-0.09999999999999998,-0.19999999999999996,-0.7,94.37351763635618,5.626482363643817
-0.09999999999999998,-0.19999999999999996,-0.6,94.8653553954948,5.134644604505198
-0.09999999999999998,-0.19999999999999996,-0.5,95.35305793729525,4.646942062704753
-0.09999999999999998,-0.19999999999999996,-0.3999999999999999,95.83662526175752,4.1633747382424815
-0.09999999999999998,-0.19999999999999996,-0.29999999999999993,96.31605736888162,3.6839426311183843
-0.09999999999999998,-0.19999999999999996,-0.19999999999999996,96.79135425866754,3.208645741332461
-0.09999999999999998,-0.19999999999999996,-0.09999999999999998,97.2625159311153,2.7374840688846973
-0.09999999999999998,-0.19999999999999996,0.0,97.72954238622488,2.270457613775122
-0.09999999999999998,-0.19999999999999996,0.10000000000000009,98.19243362399631,1.8075663760036917
-0.09999999999999998,-0.19999999999999996,0.20000000000000018,98.65118964442954,1.348810355570464
-0.09999999999999998,-0.19999999999999996,0.30000000000000004,99.1058104475246,0.894189552475396
-0.09999999999999998,-0.19999999999999996,0.40000000000000013,99.55629603328148,0.4437039667185161
-0.09999999999999998,-0.19999999999999996,0.5,100.00264640170019,0.0026464017001899265
-0.09999999999999998,-0.19999999999999996,0.6000000000000001,100.44486155278074,0.44486155278073625
-0.09999999999999998,-0.19999999999999996,0.7000000000000002,100.88294148652311,0.8829414865231087
-0.09999999999999998,-0.19999999999999996,0.8,101.31688620292731,1.3168862029273072
-0.09999999999999998,-0.19999999999999996,0.9000000000000001,101.74669570199333,1.7466957019933318
-0.09999999999999998,-0.19999999999999996,1.0,102.17236998372118,2.1723699837211825
-0.09999999999999998,-0.09999999999999998,-1.0,93.25688215558435,6.74311784441565
-0.09999999999999998,-0.09999999999999998,-0.9,93.76121607002652,6.238783929973479
-0.09999999999999998,-0.09999999999999998,-0.8,94.26141476713055,5.738585232869454
-0.09999999999999998,-0.09999999999999998,-0.7,94.7574782468964,5.242521753103603
-0.09999999999999998,-0.09999999999999998,-0.6,95.24940650932407,4.750593490675925
-0.09999999999999998,-0.09999999999999998,-0.5,95.73719955441358,4.2628004455864215
-0.09999999999999998,-0.09999999999999998,-0.3999999999999999,96.22085738216491,3.7791426178350918
-0.09999999999999998,-0.09999999999999998,-0.29999999999999993,96.70037999257805,3.29962000742195
-0.09999999999999998,-0.09999999999999998,-0.19999999999999996,97.17576738565303,2.8242326143469683
-0.09999999999999998,-0.09999999999999998,-0.09999999999999998,97.64701956138985,2.352980438610146
-0.09999999999999998,-0.09999999999999998,0.0,98.11413651978849,1.885863480211512
-0.09999999999999998,-0.09999999999999998,0.10000000000000009,98.57711826084896,1.4228817391510376
-0.09999999999999998,-0.09999999999999998,0.20000000000000018,99.03596478457125,0.9640352154287513
-0.09999999999999998,-0.09999999999999998,0.30000000000000004,99.49067609095536,0.5093239090446389
-0.09999999999999998,-0.09999999999999998,0.40000000000000013,99.9412521800013,0.05874781999870038
-0.09999999999999998,-0.09999999999999998,0.5,100.38769305170906,0.3876930517090642
-0.09999999999999998,-0.09999999999999998,0.6000000000000001,100.82999870607867,0.8299987060786691
-0.09999999999999998,-0.09999999999999998,0.7000000000000002,101.2681691431101,1.2681691431101
-0.09999999999999998,-0.09999999999999998,0.8,101.70220436280336,1.7022043628033572
-0.09999999999999998,-0.09999999999999998,0.9000000000000001,102.13210436515844,2.1321043651584404
-0.09999999999999998,-0.09999999999999998,1.0,102.55786915017535,2.5578691501753497
-0.09999999999999998,0.0,-1.0,93.62339696031862,6.376603039681385
-0.09999999999999998,0.0,-0.9,94.12782137804987,5.872178621950127
-0.09999999999999998,0.0,-0.8,94.62811057844294,5.371889421557057
-0.09999999999999998,0.0,-0.7,95.12426456149785,4.875735438502147
-0.09999999999999998,0.0,-0.6,95.61628332721459,4.383716672785411
-0.09999999999999998,0.0,-0.5,96.10416687559314,3.895833124406863
-0.09999999999999998,0.0,-0.3999999999999999,96.58791520663353,3.412084793366475
-0.09999999999999998,0.0,-0.29999999999999993,97.06752832033573,2.9324716796642747
-0.09999999999999998,0.0,-0.19999999999999996,97.54300621669977,2.456993783300234
-0.09999999999999998,0.0,-0.09999999999999998,98.01434889572565,1.9856511042743534
-0.09999999999999998,0.0,0.0,98.48155635741333,1.518443642586675
-0.09999999999999998,0.0,0.10000000000000009,98.94462860176286,1.055371398237142
-0.09999999999999998,0.0,0.20000000000000018,99.4035656287742,0.5964343712257971
-0.09999999999999998,0.0,0.30000000000000004,99.85836743844737,0.14163256155262616
-0.09999999999999998,0.0,0.40000000000000013,100.30903403078237,0.3090340307823709
-0.09999999999999998,0.0,0.5,100.7555654057792,0.7555654057791941
-0.09999999999999998,0.0,0.6000000000000001,101.19796156343784,1.1979615634378433
-0.09999999999999998,0.0,0.7000000000000002,101.63622250375833,1.636222503758333
-0.09999999999999998,0.0,0.8,102.07034822674063,2.0703482267406343
-0.09999999999999998,0.0,0.9000000000000001,102.50033873238478,2.500338732384776
-0.09999999999999998,0.0,1.0,102.92619402069076,2.926194020690758
-0.09999999999999998,0.10000000000000009,-1.0,93.97273746911415,6.027262530885849
-0.09999999999999998,0.10000000000000009,-0.9,94.47725239013445,5.522747609865547
-0.09999999999999998,0.10000000000000009,-0.8,94.97763209381658,5.022367906183419
-0.09999999999999998,0.10000000000000009,-0.7,95.47387658016055,4.52612341983945
-0.09999999999999998,0.10000000000000009,-0.6,95.96598584916633,4.03401415083367
-0.09999999999999998,0.10000000000000009,-0.5,96.45395990083395,3.5460400991660492
-0.09999999999999998,0.10000000000000009,-0.3999999999999999,96.93779873516338,3.0622012648366166
-0.09999999999999998,0.10000000000000009,-0.29999999999999993,97.41750235215466,2.5824976478453436
-0.09999999999999998,0.10000000000000009,-0.19999999999999996,97.89307075180774,2.106929248192259
-0.09999999999999998,0.10000000000000009,-0.09999999999999998,98.36450393412267,1.6354960658773336
-0.09999999999999998,0.10000000000000009,0.0,98.83180189909942,1.1681981009005824
-0.09999999999999998,0.10000000000000009,0.10000000000000009,99.294964646738,0.7050353532620051
-0.09999999999999998,0.10000000000000009,0.20000000000000018,99.7539921770384,0.24600782296160162
-0.09999999999999998,0.10000000000000009,0.30000000000000004,100.20888449000063,0.20888449000062792
-0.09999999999999998,0.10000000000000009,0.40000000000000013,100.65964158562468,0.6596415856246836
-0.09999999999999998,0.10000000000000009,0.5,101.10626346391055,1.106263463910551
-0.09999999999999998,0.10000000000000009,0.6000000000000001,101.54875012485826,1.548750124858259
-0.09999999999999998,0.10000000000000009,0.7000000000000002,101.9871015684678,1.987101568467807
-0.09999999999999998,0.10000000000000009,0.8,102.42131779473917,2.421317794739167
-0.09999999999999998,0.10000000000000009,0.9000000000000001,102.85139880367237,2.8513988036723674
-0.09999999999999998,0.10000000000000009,1.0,103.27734459526738,3.2773445952673796
-0.09999999999999998,0.20000000000000018,-1.0,94.30490368197091,5.695096318029087
-0.09999999999999998,0.20000000000000018,-0.9,94.80950910628027,5.190490893719726
-0.09999999999999998,0.20000000000000018,-0.8,95.30997931325146,4.6900206867485394
-0.09999999999999998,0.20000000000000018,-0.7,95.80631430288449,4.193685697115512
-0.09999999999999998,0.20000000000000018,-0.6,96.29851407517933,3.7014859248206733
-0.09999999999999998,0.20000000000000018,-0.5,96.78657863013599,3.213421369864008
-0.09999999999999998,0.20000000000000018,-0.3999999999999999,97.27050796775448,2.729492032245517
-0.09999999999999998,0.20000000000000018,-0.29999999999999993,97.75030208803481,2.2496979119651854
-0.09999999999999998,0.20000000000000018,-0.19999999999999996,98.22596099097696,1.774039009023042
-0.09999999999999998,0.20000000000000018,-0.09999999999999998,98.69748467658094,1.3025153234190583
-0.09999999999999998,0.20000000000000018,0.0,99.16487314484674,0.8351268551532627
-0.09999999999999998,0.20000000000000018,0.10000000000000009,99.62812639577439,0.37187360422561255
-0.09999999999999998,0.20000000000000018,0.20000000000000018,100.08724442936384,0.08724442936383525
-0.09999999999999998,0.20000000000000018,0.30000000000000004,100.54222724561512,0.5422272456151234
-0.09999999999999998,0.20000000000000018,0.40000000000000013,100.99307484452822,0.9930748445282234
-0.09999999999999998,0.20000000000000018,0.5,101.43978722610315,1.4397872261031495
-0.09999999999999998,0.20000000000000018,0.6000000000000001,101.88236439033993,1.88236439033993
-0.09999999999999998,0.20000000000000018,0.7000000000000002,102.32080633723852,2.3208063372385226
-0.09999999999999998,0.20000000000000018,0.8,102.75511306679894,2.755113066798941
-0.09999999999999998,0.20000000000000018,0.9000000000000001,103.18528457902119,3.185284579021186
-0.09999999999999998,0.20000000000000018,1.0,103.61132087390527,3.611320873905271
-0.09999999999999998,0.30000000000000004,-1.0,94.61989559888892,5.380104401111083
-0.09999999999999998,0.30000000000000004,-0.9,95.12459152648735,4.87540847351265
-0.09999999999999998,0.30000000000000004,-0.8,95.6251522367476,4.374847763252404
-0.09999999999999998,0.30000000000000004,-0.7,96.12157772966967,3.878422270330333
-0.09999999999999998,0.30000000000000004,-0.6,96.61386800525356,3.3861319947464352
-0.09999999999999998,0.30000000000000004,-0.5,97.10202306349929,2.8979769365007115
-0.09999999999999998,0.30000000000000004,-0.3999999999999999,97.58604290440684,2.4139570955931617
-0.09999999999999998,0.30000000000000004,-0.29999999999999993,98.06592752797621,1.9340724720237858
-0.09999999999999998,0.30000000000000004,-0.19999999999999996,98.54167693420742,1.4583230657925839
-0.09999999999999998,0.30000000000000004,-0.09999999999999998,99.01329112310046,0.9867088768995416
-0.09999999999999998,0.30000000000000004,0.0,99.48077009465531,0.5192299053446874
-0.09999999999999998,0.30000000000000004,0.10000000000000009,99.94411384887201,0.05588615112799289
-0.09999999999999998,0.30000000000000004,0.20000000000000018,100.40332238575051,0.4033223857505135
-0.09999999999999998,0.30000000000000004,0.30000000000000004,100.85839570529086,0.8583957052908602
-0.09999999999999998,0.30000000000000004,0.40000000000000013,101.30933380749302,1.3093338074930188
-0.09999999999999998,0.30000000000000004,0.5,101.756136692357,1.7561366923570034
-0.09999999999999998,0.30000000000000004,0.6000000000000001,102.19880435988283,2.1988043598828284
-0.09999999999999998,0.30000000000000004,0.7000000000000002,102.63733681007048,2.6373368100704795
-0.09999999999999998,0.30000000000000004,0.8,103.07173404291996,3.0717340429199567
-0.09999999999999998,0.30000000000000004,0.9000000000000001,103.50199605843126,3.50199605843126
-0.09999999999999998,0.30000000000000004,1.0,103.9281228566044,3.9281228566044035
-0.09999999999999998,0.40000000000000013,-1.0,94.91771321986818,5.082286780131824
-0.09999999999999998,0.40000000000000013,-0.9,95.42249965075565,4.577500349244346
-0.09999999999999998,0.40000000000000013,-0.8,95.92315086430496,4.076849135695042
-0.09999999999999998,0.40000000000000013,-0.7,96.41966686051607,3.580333139483926
-0.09999999999999998,0.40000000000000013,-0.6,96.91204763938903,3.08795236061097
-0.09999999999999998,0.40000000000000013,-0.5,97.40029320092381,2.5997067990761877
-0.09999999999999998,0.40000000000000013,-0.3999999999999999,97.88440354512042,2.1155964548795794
-0.09999999999999998,0.40000000000000013,-0.29999999999999993,98.36437867197886,1.635621328021145
-0.09999999999999998,0.40000000000000013,-0.19999999999999996,98.84021858149912,1.1597814185008843
-0.09999999999999998,0.40000000000000013,-0.09999999999999998,99.3119232736812,0.6880767263187977
-0.09999999999999998,0.40000000000000013,0.0,99.77949274852512,0.22050725147488492
-0.09999999999999998,0.40000000000000013,0.10000000000000009,100.24292700603087,0.24292700603086814
-0.09999999999999998,0.40000000000000013,0.20000000000000018,100.70222604619843,0.7022260461984331
-0.09999999999999998,0.40000000000000013,0.30000000000000004,101.15738986902784,1.1573898690278384
-0.09999999999999998,0.40000000000000013,0.40000000000000013,101.60841847451906,1.6084184745190555
-0.09999999999999998,0.40000000000000013,0.5,102.05531186267208,2.0553118626720845
-0.09999999999999998,0.40000000000000013,0.6000000000000001,102.49807003348697,2.498070033486968
-0.09999999999999998,0.40000000000000013,0.7000000000000002,102.93669298696368,2.9366929869636778
-0.09999999999999998,0.40000000000000013,0.8,103.37118072310221,3.3711807231022135
-0.09999999999999998,0.40000000000000013,0.9000000000000001,103.80153324190258,3.8015332419025754
-0.09999999999999998,0.40000000000000013,1.0,104.22775054336475,4.227750543364749
-0.09999999999999998,0.5,-1.0,95.19835654490868,4.801643455091323
-0.09999999999999998,0.5,-0.9,95.7032334790852,4.296766520914801
-0.09999999999999998,0.5,-0.8,96.20397519592356,3.7960248040764384
-0.09999999999999998,0.5,-0.7,96.70058169542374,3.299418304576264
-0.09999999999999998,0.5,-0.6,97.19305297758575,2.806947022414249
-0.09999999999999998,0.5,-0.5,97.68138904240959,2.3186109575904084
-0.09999999999999998,0.5,-0.3999999999999999,98.16558988989524,1.8344101101047556
-0.09999999999999998,0.5,-0.29999999999999993,98.64565552004274,1.3543444799572626
-0.09999999999999998,0.5,-0.19999999999999996,99.12158593285204,0.8784140671479577
-0.09999999999999998,0.5,-0.09999999999999998,99.5933811283232,0.4066188716767982
-0.09999999999999998,0.5,0.0,100.06104110645617,0.06104110645617311
-0.09999999999999998,0.5,0.10000000000000009,100.52456586725097,0.5245658672509705
-0.09999999999999998,0.5,0.20000000000000018,100.9839554107076,0.9839554107075941
-0.09999999999999998,0.5,0.30000000000000004,101.43920973682606,1.439209736826058
-0.09999999999999998,0.5,0.40000000000000013,101.89032884560632,1.8903288456063194
-0.09999999999999998,0.5,0.5,102.33731273704842,2.3373127370484212
-0.09999999999999998,0.5,0.6000000000000001,102.78016141115235,2.780161411152349
-0.09999999999999998,0.5,0.7000000000000002,103.21887486791812,3.2188748679181174
-0.09999999999999998,0.5,0.8,103.65345310734571,3.6534531073457117
-0.09999999999999998,0.5,0.9000000000000001,104.08389612943512,4.083896129435118
-0.09999999999999998,0.5,1.0,104.51020393418636,4.5102039341863644
-0.09999999999999998,0.6000000000000001,-1.0,95.46182557401042,4.538174425989581
-0.09999999999999998,0.6000000000000001,-0.9,95.966793011476,4.033206988524
-0.09999999999999998,0.6000000000000001,-0.8,96.46762523160342,3.532374768396579
-0.09999999999999998,0.6000000000000001,-0.7,96.96432223439265,3.035677765607346
-0.09999999999999998,0.6000000000000001,-0.6,97.45688401984373,2.543115980156273
-0.09999999999999998,0.6000000000000001,-0.5,97.9453105879566,2.054689412043402
-0.09999999999999998,0.6000000000000001,-0.3999999999999999,98.42960193873132,1.5703980612686763
-0.09999999999999998,0.6000000000000001,-0.29999999999999993,98.90975807216788,1.0902419278321247
-0.09999999999999998,0.6000000000000001,-0.19999999999999996,99.38577898826624,0.6142210117337612
-0.09999999999999998,0.6000000000000001,-0.09999999999999998,99.85766468702646,0.14233531297354318
-0.09999999999999998,0.6000000000000001,0.0,100.32541516844847,0.3254151684484725
-0.09999999999999998,0.6000000000000001,0.10000000000000009,100.78903043253234,0.7890304325323427
-0.09999999999999998,0.6000000000000001,0.20000000000000018,101.24851047927801,1.2485104792780106
-0.09999999999999998,0.6000000000000001,0.30000000000000004,101.70385530868552,1.7038553086855188
-0.09999999999999998,0.6000000000000001,0.40000000000000013,102.15506492075485,2.155064920754853
-0.09999999999999998,0.6000000000000001,0.5,102.602139315486,2.6021393154859993
-0.09999999999999998,0.6000000000000001,0.6000000000000001,103.045078492879,3.045078492879
-0.09999999999999998,0.6000000000000001,0.7000000000000002,103.48388245293381,3.4838824529338126
-0.09999999999999998,0.6000000000000001,0.8,103.91855119565045,3.9185511956504513
-0.09999999999999998,0.6000000000000001,0.9000000000000001,104.34908472102893,4.34908472102893
-0.09999999999999998,0.6000000000000001,1.0,104.77548302906922,4.775483029069221
-0.09999999999999998,0.7000000000000002,-1.0,95.70812030717339,4.291879692826612
-0.09999999999999998,0.7000000000000002,-0.9,96.21317824792804,3.7868217520719583
-0.09999999999999998,0.7000000000000002,-0.8,96.71410097134451,3.2858990286554928
-0.09999999999999998,0.7000000000000002,-0.7,97.2108884774228,2.789111522577201
-0.09999999999999998,0.7000000000000002,-0.6,97.70354076616292,2.2964592338370835
-0.09999999999999998,0.7000000000000002,-0.5,98.19205783756486,1.8079421624351397
-0.09999999999999998,0.7000000000000002,-0.3999999999999999,98.67643969162864,1.3235603083713556
-0.09999999999999998,0.7000000000000002,-0.29999999999999993,99.15668632835424,0.8433136716457597
-0.09999999999999998,0.7000000000000002,-0.19999999999999996,99.63279774774166,0.3672022522583376
-0.09999999999999998,0.7000000000000002,-0.09999999999999998,100.10477394979092,0.1047739497909248
-0.09999999999999998,0.7000000000000002,0.0,100.57261493450201,0.5726149345020133
-0.09999999999999998,0.7000000000000002,0.10000000000000009,101.03632070187493,1.0363207018749279
-0.09999999999999998,0.7000000000000002,0.20000000000000018,101.49589125190965,1.4958912519096543
-0.09999999999999998,0.7000000000000002,0.30000000000000004,101.95132658460622,1.951326584606221
-0.09999999999999998,0.7000000000000002,0.40000000000000013,102.4026266999646,2.4026266999645998
-0.09999999999999998,0.7000000000000002,0.5,102.84979159798482,2.8497915979848187
-0.09999999999999998,0.7000000000000002,0.6000000000000001,103.29282127866686,3.292821278666864
-0.09999999999999998,0.7000000000000002,0.7000000000000002,103.73171574201073,3.731715742010735
-0.09999999999999998,0.7000000000000002,0.8,104.16647498801643,4.166474988016432
-0.09999999999999998,0.7000000000000002,0.9000000000000001,104.59709901668397,4.59709901668397
-0.09999999999999998,0.7000000000000002,1.0,105.02358782801332,5.023587828013319
-0.09999999999999998,0.8,-1.0,95.93724074439761,4.062759255602387
-0.09999999999999998,0.8,-0.9,96.44238918844131,3.557610811558689
-0.09999999999999998,0.8,-0.8,96.94340241514683,3.056597584853165
-0.09999999999999998,0.8,-0.7,97.44028042451419,2.559719575485815
-0.09999999999999998,0.8,-0.6,97.93302321654336,2.0669767834566386
-0.09999999999999998,0.8,-0.5,98.42163079123435,1.5783692087656505
-0.09999999999999998,0.8,-0.3999999999999999,98.90610314858719,1.0938968514128078
-0.09999999999999998,0.8,-0.29999999999999993,99.38644028860185,0.6135597113981532
-0.09999999999999998,0.8,-0.19999999999999996,99.86264221127833,0.1373577887216726
-0.09999999999999998,0.8,-0.09999999999999998,100.33470891661665,0.33470891661664837
-0.09999999999999998,0.8,0.0,100.80264040461678,0.8026404046167812
-0.09999999999999998,0.8,0.10000000000000009,101.26643667527875,1.2664366752787544
-0.09999999999999998,0.8,0.20000000000000018,101.72609772860254,1.7260977286025394
-0.09999999999999998,0.8,0.30000000000000004,102.18162356458816,2.1816235645881648
-0.09999999999999998,0.8,0.40000000000000013,102.6330141832356,2.633014183235602
-0.09999999999999998,0.8,0.5,103.08026958454487,3.0802695845448653
-0.09999999999999998,0.8,0.6000000000000001,103.52338976851597,3.523389768515969
-0.09999999999999998,0.8,0.7000000000000002,103.9623747351489,3.9623747351488987
-0.09999999999999998,0.8,0.8,104.39722448444365,4.3972244844436545
-0.09999999999999998,0.8,0.9000000000000001,104.82793901640024,4.8279390164002365
-0.09999999999999998,0.8,1.0,105.25451833101864,5.2545183310186445
-0.09999999999999998,0.9000000000000001,-1.0,96.14918688568306,3.850813114316935
-0.09999999999999998,0.9000000000000001,-0.9,96.65442583301582,3.3455741669841785
-0.09999999999999998,0.9000000000000001,-0.8,97.1555295630104,2.844470436989596
-0.09999999999999998,0.9000000000000001,-0.7,97.65249807566681,2.347501924333187
-0.09999999999999998,0.9000000000000001,-0.6,98.14533137098505,1.8546686290149523
-0.09999999999999998,0.9000000000000001,-0.5,98.63402944896508,1.3659705510349198
-0.09999999999999998,0.9000000000000001,-0.3999999999999999,99.11859230960698,0.8814076903930186
-0.09999999999999998,0.9000000000000001,-0.29999999999999993,99.5990199529107,0.40098004708930546
-0.09999999999999998,0.9000000000000001,-0.19999999999999996,100.07531237887623,0.07531237887623377
-0.09999999999999998,0.9000000000000001,-0.09999999999999998,100.54746958750361,0.5474695875036133
-0.09999999999999998,0.9000000000000001,0.0,101.0154915787928,1.0154915787928047
-0.09999999999999998,0.9000000000000001,0.10000000000000009,101.47937835274382,1.4793783527438222
-0.09999999999999998,0.9000000000000001,0.20000000000000018,101.93912990935667,1.9391299093566658
-0.09999999999999998,0.9000000000000001,0.30000000000000004,102.39474624863135,2.3947462486313498
-0.09999999999999998,0.9000000000000001,0.40000000000000013,102.84622737056785,2.8462273705678456
-0.09999999999999998,0.9000000000000001,0.5,103.29357327516617,3.2935732751661675
-0.09999999999999998,0.9000000000000001,0.6000000000000001,103.73678396242632,3.7367839624263155
-0.09999999999999998,0.9000000000000001,0.7000000000000002,104.1758594323483,4.175859432348304
-0.09999999999999998,0.9000000000000001,0.8,104.61079968493212,4.610799684932118
-0.09999999999999998,0.9000000000000001,0.9000000000000001,105.04160472017776,5.041604720177759
-0.09999999999999998,0.9000000000000001,1.0,105.46827453808523,5.468274538085225
-0.09999999999999998,1.0,-1.0,96.34395873102977,3.6560412689702275
-0.09999999999999998,1.0,-0.9,96.84928818165159,3.1507118183484124
-0.09999999999999998,1.0,-0.8,97.35048241493521,2.6495175850647854
-0.09999999999999998,1.0,-0.7,97.84754143088068,2.152458569119318
-0.09999999999999998,1.0,-0.6,98.34046522948796,1.659534770512039
-0.09999999999999998,1.0,-0.5,98.82925381075707,1.1707461892429336
-0.09999999999999998,1.0,-0.3999999999999999,99.31390717468803,0.6860928253119738
-0.09999999999999998,1.0,-0.29999999999999993,99.79442532128078,0.2055746787192163
-0.09999999999999998,1.0,-0.19999999999999996,100.27080825053538,0.2708082505353815
-0.09999999999999998,1.0,-0.09999999999999998,100.7430559624518,0.7430559624518054
-0.09999999999999998,1.0,0.0,101.21116845703006,1.2111684570300554
-0.09999999999999998,1.0,0.10000000000000009,101.67514573427015,1.6751457342701457
-0.09999999999999998,1.0,0.20000000000000018,102.13498779417203,2.1349877941720337
-0.09999999999999998,1.0,0.30000000000000004,102.59069463673578,2.590694636735776
-0.09999999999999998,1.0,0.40000000000000013,103.04226626196132,3.0422662619613163
-0.09999999999999998,1.0,0.5,103.4897026698487,3.489702669848697
-0.09999999999999998,1.0,0.6000000000000001,103.93300386039792,3.9330038603979176
-0.09999999999999998,1.0,0.7000000000000002,104.37216983360895,4.37216983360895
-0.09999999999999998,1.0,0.8,104.80720058948182,4.807200589481823
-0.09999999999999998,1.0,0.9000000000000001,105.23809612801651,5.238096128016508
-0.09999999999999998,1.0,1.0,105.66485644921303,5.664856449213033
0.0,-1.0,-1.0,89.80414834385022,10.195851656149785
0.0,-1.0,-0.9,90.3082723904681,9.691727609531895
0.0,-1.0,-0.8,90.80826121974783,9.191738780252166
0.0,-1.0,-0.7,91.30411483168939,8.69588516831061
0.0,-1.0,-0.6,91.79583322629277,8.204166773707229
0.0,-1.0,-0.5,92.28341640355798,7.716583596442021
0.0,-1.0,-0.3999999999999999,92.76686436348503,7.233135636514973
0.0,-1.0,-0.29999999999999993,93.24617710607387,6.753822893926127
0.0,-1.0,-0.19999999999999996,93.72135463132456,6.278645368675441
0.0,-1.0,-0.09999999999999998,94.19239693923709,5.807603060762915
0.0,-1.0,0.0,94.65930402981142,5.340695970188577
0.0,-1.0,0.10000000000000009,95.1220759030476,4.877924096952398
0.0,-1.0,0.20000000000000018,95.58071255894559,4.419287441054408
0.0,-1.0,0.30000000000000004,96.03521399750542,3.964786002494577
0.0,-1.0,0.40000000000000013,96.48558021872708,3.5144197812729203
0.0,-1.0,0.5,96.93181122261053,3.068188777389466
0.0,-1.0,0.6000000000000001,97.37390700915584,2.626092990844157
0.0,-1.0,0.7000000000000002,97.81186757836298,2.1881324216370217
0.0,-1.0,0.8,98.24569293023194,1.7543070697680605
0.0,-1.0,0.9000000000000001,98.67538306476273,1.3246169352372732
0.0,-1.0,1.0,99.10093798195535,0.8990620180446456
0.0,-0.9,-1.0,90.32630989857972,9.673690101420277
0.0,-0.9,-0.9,90.83052444848668,9.169475551513315
0.0,-0.9,-0.8,91.33060378105546,8.669396218944541
0.0,-0.9,-0.7,91.82654789628607,8.173452103713927
0.0,-0.9,-0.6,92.31835679417851,7.681643205821487
0.0,-0.9,-0.5,92.80603047473278,7.193969525267221
0.0,-0.9,-0.3999999999999999,93.28956893794889,6.710431062051114
0.0,-0.9,-0.29999999999999993,93.76897218382679,6.23102781617321
0.0,-0.9,-0.19999999999999996,94.24424021236652,5.75575978763348
0.0,-0.9,-0.09999999999999998,94.7153730235681,5.284626976431895
0.0,-0.9,0.0,95.1823706174315,4.817629382568498
0.0,-0.9,0.10000000000000009,95.64523299395674,4.354767006043261
0.0,-0.9,0.20000000000000018,96.10396015314379,3.896039846856212
0.0,-0.9,0.30000000000000004,96.55855209499266,3.4414479050073368
0.0,-0.9,0.40000000000000013,97.00900881950338,2.9909911804966214
0.0,-0.9,0.5,97.45533032667589,2.5446696733241083
0.0,-0.9,0.6000000000000001,97.89751661651026,2.1024833834897407
0.0,-0.9,0.7000000000000002,98.33556768900645,1.664432310993547
0.0,-0.9,0.8,98.76948354416447,1.2305164558355273
0.0,-0.9,0.9000000000000001,99.1992641819843,0.8007358180156956
0.0,-0.9,1.0,99.62490960246598,0.3750903975340236
0.0,-0.8,-1.0,90.83129715737049,9.168702842629514
0.0,-0.8,-0.9,91.33560221056649,8.664397789433508
0.0,-0.8,-0.8,91.83577204642434,8.164227953575661
0.0,-0.8,-0.7,92.33180666494401,7.668193335055989
0.0,-0.8,-0.6,92.8237060661255,7.176293933874504
0.0,-0.8,-0.5,93.31147024996882,6.688529750031179
0.0,-0.8,-0.3999999999999999,93.79509921647397,6.204900783526028
0.0,-0.8,-0.29999999999999993,94.27459296564093,5.7254070343590655
0.0,-0.8,-0.19999999999999996,94.74995149746974,5.250048502530262
0.0,-0.8,-0.09999999999999998,95.22117481196037,4.778825188039633
0.0,-0.8,0.0,95.68826290911282,4.311737090887178
0.0,-0.8,0.10000000000000009,96.15121578892712,3.848784211072882
0.0,-0.8,0.20000000000000018,96.61003345140321,3.3899665485967887
0.0,-0.8,0.30000000000000004,97.06471589654116,2.935284103458841
0.0,-0.8,0.40000000000000013,97.51526312434092,2.484736875659081
0.0,-0.8,0.5,97.96167513480249,2.0383248651975094
0.0,-0.8,0.6000000000000001,98.40395192792592,1.5960480720740833
0.0,-0.8,0.7000000000000002,98.84209350371115,1.1579064962888452
0.0,-0.8,0.8,99.27609986215823,0.7239001378417669
0.0,-0.8,0.9000000000000001,99.70597100326714,0.2940289967328624
0.0,-0.8,1.0,100.13170692703785,0.13170692703785392
0.0,-0.7,-1.0,91.31911012022249,8.68088987977751
0.0,-0.7,-0.9,91.82350567670755,8.176494323292445
0.0,-0.7,-0.8,92.32376601585446,7.67623398414554
0.0,-0.7,-0.7,92.81989113766318,7.180108862336823
0.0,-0.7,-0.6,93.31188104213372,6.68811895786628
0.0,-0.7,-0.5,93.7997357292661,6.200264270733896
0.0,-0.7,-0.3999999999999999,94.28345519906031,5.716544800939687
0.0,-0.7,-0.29999999999999993,94.76303945151633,5.236960548483665
0.0,-0.7,-0.19999999999999996,95.23848848663418,4.761511513365818
0.0,-0.7,-0.09999999999999998,95.70980230441388,4.290197695586116
0.0,-0.7,0.0,96.17698090485538,3.823019095144616
0.0,-0.7,0.10000000000000009,96.64002428795872,3.359975712041276
0.0,-0.7,0.20000000000000018,97.09893245372389,2.90106754627611
0.0,-0.7,0.30000000000000004,97.55370540215088,2.4462945978491177
0.0,-0.7,0.40000000000000013,98.00434313323971,1.9956568667602852
0.0,-0.7,0.5,98.45084564699033,1.5491543530096692
0.0,-0.7,0.6000000000000001,98.89321294340282,1.1067870565971845
0.0,-0.7,0.7000000000000002,99.33144502247711,0.6685549775228878
0.0,-0.7,0.8,99.76554188421323,0.23445811578676512
0.0,-0.7,0.9000000000000001,100.1955035286112,0.1955035286111979
0.0,-0.7,1.0,100.62132995567097,0.6213299556709728
0.0,-0.6,-1.0,91.78974878713575,8.21025121286425
0.0,-0.6,-0.9,92.29423484690986,7.705765153090141
0.0,-0.6,-0.8,92.79458568934581,7.2054143106541915
0.0,-0.6,-0.7,93.29080131444358,6.709198685556416
0.0,-0.6,-0.6,93.7828817222032,6.2171182777968
0.0,-0.6,-0.5,94.27082691262463,5.729173087375372
0.0,-0.6,-0.3999999999999999,94.7546368857079,5.245363114292104
0.0,-0.6,-0.29999999999999993,95.23431164145296,4.765688358547038
0.0,-0.6,-0.19999999999999996,95.70985117985988,4.290148820140118
0.0,-0.6,-0.09999999999999998,96.18125550092863,3.8187444990713715
0.0,-0.6,0.0,96.64852460465919,3.351475395340813
0.0,-0.6,0.10000000000000009,97.11165849105159,2.8883415089484146
0.0,-0.6,0.20000000000000018,97.5706571601058,2.429342839894204
0.0,-0.6,0.30000000000000004,98.02552061182186,1.974479388178139
0.0,-0.6,0.40000000000000013,98.47624884619974,1.5237511538002622
0.0,-0.6,0.5,98.92284186323941,1.0771581367605876
0.0,-0.6,0.6000000000000001,99.36529966294094,0.6347003370590585
0.0,-0.6,0.7000000000000002,99.80362224530431,0.19637775469568908
0.0,-0.6,0.8,100.23780961032949,0.23780961032949222
0.0,-0.6,0.9000000000000001,100.6678617580165,0.6678617580164996
0.0,-0.6,1.0,101.09377868836535,1.0937786883653473
0.0,-0.5,-1.0,92.24321315811025,7.756786841889749
0.0,-0.5,-0.9,92.74778972117342,7.252210278826581
0.0,-0.5,-0.8,93.24823106689843,6.751768933101573
0.0,-0.5,-0.7,93.74453719528526,6.255462804714739
0.0,-0.5,-0.6,94.23670810633392,5.763291893666079
0.0,-0.5,-0.5,94.72474380004441,5.275256199955592
0.0,-0.5,-0.3999999999999999,95.20864427641673,4.791355723583266
0.0,-0.5,-0.29999999999999993,95.68840953545086,4.311590464549141
0.0,-0.5,-0.19999999999999996,96.16403957714682,3.8359604228531765
0.0,-0.5,-0.09999999999999998,96.63553440150463,3.3644655984953715
0.0,-0.5,0.0,97.10289400852425,2.8971059914757546
0.0,-0.5,0.10000000000000009,97.5661183982057,2.4338816017942975
0.0,-0.5,0.20000000000000018,98.02520757054897,1.9747924294510284
0.0,-0.5,0.30000000000000004,98.48016152555408,1.519838474445919
0.0,-0.5,0.40000000000000013,98.93098026322102,1.0690197367789835
0.0,-0.5,0.5,99.37766378354975,0.6223362164502504
0.0,-0.5,0.6000000000000001,99.82021208654034,0.17978791345966272
0.0,-0.5,0.7000000000000002,100.25862517219275,0.25862517219275105
0.0,-0.5,0.8,100.69290304050699,0.6929030405069909
0.0,-0.5,0.9000000000000001,101.12304569148306,1.1230456914830569
0.0,-0.5,1.0,101.54905312512096,1.5490531251209632
0.0,-0.3999999999999999,-1.0,92.67950323314598,7.320496766854021
0.0,-0.3999999999999999,-0.9,93.1841702994982,6.815829700501794
0.0,-0.3999999999999999,-0.8,93.68470214851226,6.315297851487742
0.0,-0.3999999999999999,-0.7,94.18109878018815,5.818901219811849
0.0,-0.3999999999999999,-0.6,94.67336019452587,5.32663980547413
0.0,-0.3999999999999999,-0.5,95.16148639152541,4.838513608474585
0.0,-0.3999999999999999,-0.3999999999999999,95.6454773711868,4.3545226288132
0.0,-0.3999999999999999,-0.29999999999999993,96.12533313350998,3.874666866490017
0.0,-0.3999999999999999,-0.19999999999999996,96.60105367849499,3.398946321505008
0.0,-0.3999999999999999,-0.09999999999999998,97.07263900614186,2.9273609938581444
0.0,-0.3999999999999999,0.0,97.54008911645053,2.459910883549469
0.0,-0.3999999999999999,0.10000000000000009,98.00340400942105,1.9965959905789532
0.0,-0.3999999999999999,0.20000000000000018,98.46258368505337,1.5374163149466256
0.0,-0.3999999999999999,0.30000000000000004,98.91762814334753,1.0823718566524718
0.0,-0.3999999999999999,0.40000000000000013,99.36853738430352,0.6314626156964778
0.0,-0.3999999999999999,0.5,99.81531140792131,0.18468859207868604
0.0,-0.3999999999999999,0.6000000000000001,100.25795021420096,0.2579502142009602
0.0,-0.3999999999999999,0.7000000000000002,100.69645380314243,0.6964538031424325
0.0,-0.3999999999999999,0.8,101.13082217474573,1.130822174745731
0.0,-0.3999999999999999,0.9000000000000001,101.56105532901084,1.5610553290108413
0.0,-0.3999999999999999,1.0,101.9871532659378,1.9871532659378062
0.0,-0.29999999999999993,-1.0,93.09861901224295,6.901380987757051
0.0,-0.29999999999999993,-0.9,93.60337658188423,6.396623418115766
0.0,-0.29999999999999993,-0.8,94.10399893418735,5.896001065812655
0.0,-0.29999999999999993,-0.7,94.6004860691523,5.399513930847704
0.0,-0.29999999999999993,-0.6,95.09283798677906,4.90716201322094
0.0,-0.29999999999999993,-0.5,95.58105468706766,4.418945312932337
0.0,-0.29999999999999993,-0.3999999999999999,96.0651361700181,3.934863829981893
0.0,-0.29999999999999993,-0.29999999999999993,96.54508243563033,3.4549175643696657
0.0,-0.29999999999999993,-0.19999999999999996,97.02089348390442,2.979106516095584
0.0,-0.29999999999999993,-0.09999999999999998,97.49256931484032,2.507430685159676
0.0,-0.29999999999999993,0.0,97.96010992843806,2.039890071561942
0.0,-0.29999999999999993,0.10000000000000009,98.42351532469763,1.5764846753023676
0.0,-0.29999999999999993,0.20000000000000018,98.882785503619,1.1172144963809956
0.0,-0.29999999999999993,0.30000000000000004,99.33792046520223,0.662079534797769
0.0,-0.29999999999999993,0.40000000000000013,99.78892020944727,0.21107979055273063
0.0,-0.29999999999999993,0.5,100.23578473635412,0.23578473635411967
0.0,-0.29999999999999993,0.6000000000000001,100.67851404592282,0.6785140459228245
0.0,-0.29999999999999993,0.7000000000000002,101.11710813815334,1.1171081381533412
0.0,-0.29999999999999993,0.8,101.5515670130457,1.5515670130456982
0.0,-0.29999999999999993,0.9000000000000001,101.98189067059987,1.9818906705998671
0.0,-0.29999999999999993,1.0,102.40807911081589,2.4080791108158905
0.0,-0.19999999999999996,-1.0,93.50056049540115,6.499439504598854
0.0,-0.19999999999999996,-0.9,94.00540856833149,5.9945914316685105
0.0,-0.19999999999999996,-0.8,94.50612142392367,5.493878576076327
0.0,-0.19999999999999996,-0.7,95.00269906217767,4.997300937822331
0.0,-0.19999999999999996,-0.6,95.4951414830935,4.504858516906495
0.0,-0.19999999999999996,-0.5,95.98344868667115,4.016551313328847
0.0,-0.19999999999999996,-0.3999999999999999,96.46762067291064,3.532379327089359
0.0,-0.19999999999999996,-0.29999999999999993,96.94765744181194,3.0523425581880588
0.0,-0.19999999999999996,-0.19999999999999996,97.42355899337507,2.5764410066249326
0.0,-0.19999999999999996,-0.09999999999999998,97.89532532760005,2.104674672399952
0.0,-0.19999999999999996,0.0,98.36295644448683,1.6370435555131735
0.0,-0.19999999999999996,0.10000000000000009,98.82645234403545,1.1735476559645548
0.0,-0.19999999999999996,0.20000000000000018,99.28581302624589,0.71418697375411
0.0,-0.19999999999999996,0.30000000000000004,99.74103849111816,0.2589615088818391
0.0,-0.19999999999999996,0.40000000000000013,100.19212873865227,0.1921287386522721
0.0,-0.19999999999999996,0.5,100.63908376884817,0.6390837688481668
0.0,-0.19999999999999996,0.6000000000000001,101.08190358170592,1.081903581705916
0.0,-0.19999999999999996,0.7000000000000002,101.5205881772255,1.5205881772255054
0.0,-0.19999999999999996,0.8,101.9551375554069,1.9551375554069068
0.0,-0.19999999999999996,0.9000000000000001,102.38555171625015,2.3855517162501485
0.0,-0.19999999999999996,1.0,102.8118306597552,2.811830659755202
0.0,-0.09999999999999998,-1.0,93.88532768262061,6.114672317379387
0.0,-0.09999999999999998,-0.9,94.39026625884,5.6097337411599995
0.0,-0.09999999999999998,-0.8,94.89106961772123,5.108930382278771
0.0,-0.09999999999999998,-0.7,95.3877377592643,4.612262240735703
0.0,-0.09999999999999998,-0.6,95.88027068346918,4.119729316530822
0.0,-0.09999999999999998,-0.5,96.36866839033588,3.631331609664116
0.0,-0.09999999999999998,-0.3999999999999999,96.85293087986443,3.147069120135569
0.0,-0.09999999999999998,-0.29999999999999993,97.33305815205478,2.6669418479452247
0.0,-0.09999999999999998,-0.19999999999999996,97.80905020690697,2.1909497930930257
0.0,-0.09999999999999998,-0.09999999999999998,98.280907044421,1.7190929555790007
0.0,-0.09999999999999998,0.0,98.74862866459684,1.2513713354031637
0.0,-0.09999999999999998,0.10000000000000009,99.21221506743451,0.7877849325654864
0.0,-0.09999999999999998,0.20000000000000018,99.671666252934,0.3283337470659973
0.0,-0.09999999999999998,0.30000000000000004,100.12698222109535,0.1269822210953464
0.0,-0.09999999999999998,0.40000000000000013,100.5781629719185,0.578162971918502
0.0,-0.09999999999999998,0.5,101.02520850540346,1.0252085054034552
0.0,-0.09999999999999998,0.6000000000000001,101.46811882155026,1.468118821550263
0.0,-0.09999999999999998,0.7000000000000002,101.9068939203589,1.9068939203588968
0.0,-0.09999999999999998,0.8,102.34153380182937,2.341533801829371
0.0,-0.09999999999999998,0.9000000000000001,102.77203846596166,2.772038465961657
0.0,-0.09999999999999998,1.0,103.19840791275578,3.1984079127557834
0.0,0.0,-1.0,94.25292057390129,5.747079426098708
0.0,0.0,-0.9,94.75794965340975,5.242050346590247
0.0,0.0,-0.8,95.25884351558004,4.74115648441996
0.0,0.0,-0.7,95.75560216041215,4.244397839587847
0.0,0.0,-0.6,96.24822558790609,3.7517744120939085
0.0,0.0,-0.5,96.73671379806186,3.2632862019381434
0.0,0.0,-0.3999999999999999,97.22106679087946,2.778933209120538
0.0,0.0,-0.29999999999999993,97.70128456635886,2.298715433641135
0.0,0.0,-0.19999999999999996,98.17736712450011,1.8226328754998917
0.0,0.0,-0.09999999999999998,98.64931446530319,1.350685534696808
0.0,0.0,0.0,99.11712658876809,0.8828734112319125
0.0,0.0,0.10000000000000009,99.58080349489482,0.4191965051051767
0.0,0.0,0.20000000000000018,100.04034518368337,0.04034518368337103
0.0,0.0,0.30000000000000004,100.49575165513376,0.4957516551337591
0.0,0.0,0.40000000000000013,100.94702290924597,0.9470229092459732
0.0,0.0,0.5,101.39415894601999,1.394158946019985
0.0,0.0,0.6000000000000001,101.83715976545585,1.8371597654558514
0.0,0.0,0.7000000000000002,102.27602536755354,2.276025367553544
0.0,0.0,0.8,102.71075575231306,2.7107557523130623
0.0,0.0,0.9000000000000001,103.1413509197344,3.141350919734407
0.0,0.0,1.0,103.56781086981758,3.5678108698175777
0.0,0.10000000000000009,-1.0,94.60333916924323,5.3966608307567725
0.0,0.10000000000000009,-0.9,95.10845875204075,4.891541247959253
0.0,0.10000000000000009,-0.8,95.60944311750009,4.390556882499908
0.0,0.10000000000000009,-0.7,96.10629226562125,3.8937077343787507
0.0,0.10000000000000009,-0.6,96.59900619640425,3.400993803595753
0.0,0.10000000000000009,-0.5,97.08758490984907,2.9124150901509296
0.0,0.10000000000000009,-0.3999999999999999,97.57202840595573,2.4279715940442657
0.0,0.10000000000000009,-0.29999999999999993,98.0523366847242,1.947663315275804
0.0,0.10000000000000009,-0.19999999999999996,98.52850974615448,1.4714902538455163
0.0,0.10000000000000009,-0.09999999999999998,99.00054759024663,0.9994524097533741
0.0,0.10000000000000009,0.0,99.46845021700058,0.53154978299942
0.0,0.10000000000000009,0.10000000000000009,99.93221762641637,0.0677823735836256
0.0,0.10000000000000009,0.20000000000000018,100.39184981849398,0.3918498184939807
0.0,0.10000000000000009,0.30000000000000004,100.84734679323341,0.8473467932334131
0.0,0.10000000000000009,0.40000000000000013,101.29870855063469,1.2987085506346858
0.0,0.10000000000000009,0.5,101.74593509069776,1.7459350906977562
0.0,0.10000000000000009,0.6000000000000001,102.18902641342268,2.189026413422681
0.0,0.10000000000000009,0.7000000000000002,102.62798251880943,2.627982518809432
0.0,0.10000000000000009,0.8,103.062803406858,3.062803406857995
0.0,0.10000000000000009,0.9000000000000001,103.4934890775684,3.493489077568398
0.0,0.10000000000000009,1.0,103.92003953094063,3.9200395309406275
0.0,0.20000000000000018,-1.0,94.9365834686464,5.063416531353596
0.0,0.20000000000000018,-0.9,95.44179355473298,4.558206445267018
0.0,0.20000000000000018,-0.8,95.94286842348137,4.057131576518628
0.0,0.20000000000000018,-0.7,96.4398080748916,3.5601919251083984
0.0,0.20000000000000018,-0.6,96.93261250896364,3.0673874910363566
0.0,0.20000000000000018,-0.5,97.42128172569753,2.5787182743024744
0.0,0.20000000000000018,-0.3999999999999999,97.90581572509325,2.094184274906752
0.0,0.20000000000000018,-0.29999999999999993,98.38621450715075,1.6137854928492459
0.0,0.20000000000000018,-0.19999999999999996,98.86247807187011,1.1375219281298854
0.0,0.20000000000000018,-0.09999999999999998,99.3346064192513,0.6653935807486988
0.0,0.20000000000000018,0.0,99.80259954929431,0.19740045070568613
0.0,0.20000000000000018,0.10000000000000009,100.26645746199917,0.26645746199916687
0.0,0.20000000000000018,0.20000000000000018,100.72618015736582,0.7261801573658175
0.0,0.20000000000000018,0.30000000000000004,101.18176763539432,1.1817676353943227
0.0,0.20000000000000018,0.40000000000000013,101.63321989608464,1.6332198960846398
0.0,0.20000000000000018,0.5,102.08053693943677,2.0805369394367688
0.0,0.20000000000000018,0.6000000000000001,102.52371876545075,2.5237187654507522
0.0,0.20000000000000018,0.7000000000000002,102.96276537412655,2.9627653741265476
0.0,0.20000000000000018,0.8,103.39767676546418,3.3976767654641833
0.0,0.20000000000000018,0.9000000000000001,103.82845293946363,3.828452939463631
0.0,0.20000000000000018,1.0,104.25509389612492,4.255093896124919
0.0,0.30000000000000004,-1.0,95.25265347211084,4.747346527889164
0.0,0.30000000000000004,-0.9,95.75795406148644,4.242045938513556
0.0,0.30000000000000004,-0.8,96.2591194335239,3.7408805664760933
0.0,0.30000000000000004,-0.7,96.75614958822318,3.243850411776819
0.0,0.30000000000000004,-0.6,97.2490445255843,2.7509554744157043
0.0,0.30000000000000004,-0.5,97.73780424560722,2.2621957543927778
0.0,0.30000000000000004,-0.3999999999999999,98.22242874829199,1.777571251708011
0.0,0.30000000000000004,-0.29999999999999993,98.70291803363857,1.2970819663614321
0.0,0.30000000000000004,-0.19999999999999996,99.17927210164697,0.8207278983530273
0.0,0.30000000000000004,-0.09999999999999998,99.65149095231723,0.3485090476827679
0.0,0.30000000000000004,0.0,100.11957458564929,0.11957458564928913
0.0,0.30000000000000004,0.10000000000000009,100.58352300164319,0.5835230016431865
0.0,0.30000000000000004,0.20000000000000018,101.04333620029891,1.04333620029891
0.0,0.30000000000000004,0.30000000000000004,101.49901418161646,1.4990141816164595
0.0,0.30000000000000004,0.40000000000000013,101.95055694559585,1.9505569455958494
0.0,0.30000000000000004,0.5,102.39796449223702,2.3979644922370227
0.0,0.30000000000000004,0.6000000000000001,102.84123682154005,2.8412368215400505
0.0,0.30000000000000004,0.7000000000000002,103.28037393350492,3.2803739335049187
0.0,0.30000000000000004,0.8,103.7153758281316,3.7153758281315987
0.0,0.30000000000000004,0.9000000000000001,104.14624250542012,4.146242505420119
0.0,0.30000000000000004,1.0,104.57297396537047,4.5729739653704655
0.0,0.40000000000000013,-1.0,95.55154917963648,4.448450820363519
0.0,0.40000000000000013,-0.9,96.05694027230116,3.943059727698838
0.0,0.40000000000000013,-0.8,96.55819614762767,3.441803852372331
0.0,0.40000000000000013,-0.7,97.05531680561602,2.944683194383984
0.0,0.40000000000000013,-0.6,97.54830224626618,2.451697753733825
0.0,0.40000000000000013,-0.5,98.03715246957816,1.9628475304218398
0.0,0.40000000000000013,-0.3999999999999999,98.52186747555199,1.4781325244480144
0.0,0.40000000000000013,-0.29999999999999993,99.00244726418761,0.9975527358123912
0.0,0.40000000000000013,-0.19999999999999996,99.47889183548509,0.5211081645149136
0.0,0.40000000000000013,-0.09999999999999998,99.95120118944439,0.04879881055560986
0.0,0.40000000000000013,0.0,100.4193753260655,0.41937532606550576
0.0,0.40000000000000013,0.10000000000000009,100.88341424534846,0.8834142453484617
0.0,0.40000000000000013,0.20000000000000018,101.34331794729323,1.3433179472932295
0.0,0.40000000000000013,0.30000000000000004,101.79908643189985,1.7990864318998518
0.0,0.40000000000000013,0.40000000000000013,102.25071969916829,2.250719699168286
0.0,0.40000000000000013,0.5,102.69821774909852,2.698217749098518
0.0,0.40000000000000013,0.6000000000000001,103.1415805816906,3.1415805816906044
0.0,0.40000000000000013,0.7000000000000002,103.58080819694452,3.580808196944517
0.0,0.40000000000000013,0.8,104.01590059486027,4.01590059486027
0.0,0.40000000000000013,0.9000000000000001,104.44685777543783,4.4468577754378344
0.0,0.40000000000000013,1.0,104.87367973867723,4.873679738677225
0.0,0.5,-1.0,95.8332705912234,4.166729408776604
0.0,0.5,-0.9,96.33875218717712,3.6612478128228787
0.0,0.5,-0.8,96.84009856579269,3.1599014342073133
0.0,0.5,-0.7,97.33730972707008,2.6626902729299218
0.0,0.5,-0.6,97.8303856710093,2.169614328990704
0.0,0.5,-0.5,98.31932639761034,1.6806736023896605
0.0,0.5,-0.3999999999999999,98.80413190687322,1.1958680931267764
0.0,0.5,-0.29999999999999993,99.2848021987979,0.7151978012020948
0.0,0.5,-0.19999999999999996,99.76133727338443,0.23866272661557275
0.0,0.5,-0.09999999999999998,100.23373713063279,0.23373713063278956
0.0,0.5,0.0,100.70200177054296,0.7020017705429638
0.0,0.5,0.10000000000000009,101.16613119311498,1.1661311931149783
0.0,0.5,0.20000000000000018,101.6261253983488,1.6261253983488047
0.0,0.5,0.30000000000000004,102.08198438624447,2.0819843862444714
0.0,0.5,0.40000000000000013,102.53370815680196,2.533708156801964
0.0,0.5,0.5,102.98129671002125,2.9812967100212546
0.0,0.5,0.6000000000000001,103.4247500459024,3.4247500459023996
0.0,0.5,0.7000000000000002,103.86406816444537,3.8640681644453707
0.0,0.5,0.8,104.29925106565017,4.299251065650168
0.0,0.5,0.9000000000000001,104.73029874951679,4.730298749516791
0.0,0.5,1.0,105.15721121604525,5.157211216045255
0.0,0.6000000000000001,-1.0,96.09781770687154,3.9021822931284618
0.0,0.6000000000000001,-0.9,96.60338980611434,3.396610193885664
0.0,0.6000000000000001,-0.8,97.10482668801896,2.89517331198104
0.0,0.6000000000000001,-0.7,97.60212835258541,2.39787164741459
0.0,0.6000000000000001,-0.6,98.09529479981367,1.9047052001863278
0.0,0.6000000000000001,-0.5,98.58432602970377,1.4156739702962255
0.0,0.6000000000000001,-0.3999999999999999,99.06922204225572,0.930777957744283
0.0,0.6000000000000001,-0.29999999999999993,99.54998283746946,0.4500171625305427
0.0,0.6000000000000001,-0.19999999999999996,100.02660841534502,0.026608415345023673
0.0,0.6000000000000001,-0.09999999999999998,100.49909877588244,0.49909877588244456
0.0,0.6000000000000001,0.0,100.96745391908168,0.9674539190816773
0.0,0.6000000000000001,0.10000000000000009,101.43167384494275,1.4316738449427504
0.0,0.6000000000000001,0.20000000000000018,101.89175855346564,1.8917585534656354
0.0,0.6000000000000001,0.30000000000000004,102.34770804465035,2.3477080446503464
0.0,0.6000000000000001,0.40000000000000013,102.7995223184969,2.799522318496898
0.0,0.6000000000000001,0.5,103.24720137500525,3.247201375005247
0.0,0.6000000000000001,0.6000000000000001,103.69074521417545,3.6907452141754504
0.0,0.6000000000000001,0.7000000000000002,104.13015383600747,4.130153836007466
0.0,0.6000000000000001,0.8,104.56542724050132,4.565427240501322
0.0,0.6000000000000001,0.9000000000000001,104.996565427657,4.9965654276570035
0.0,0.6000000000000001,1.0,105.42356839747451,5.4235683974745115
0.0,0.7000000000000002,-1.0,96.34519052658092,3.6548094734190784
0.0,0.7000000000000002,-0.9,96.85085312911278,3.149146870887222
0.0,0.7000000000000002,-0.8,97.35238051430645,2.6476194856935535
0.0,0.7000000000000002,-0.7,97.84977268216196,2.150227317838045
0.0,0.7000000000000002,-0.6,98.34302963267929,1.6569703673207101
0.0,0.7000000000000002,-0.5,98.83215136585844,1.1678486341415635
0.0,0.7000000000000002,-0.3999999999999999,99.31713788169944,0.6828621183005623
0.0,0.7000000000000002,-0.29999999999999993,99.79798918020222,0.20201081979777769
0.0,0.7000000000000002,-0.19999999999999996,100.27470526136686,0.27470526136686146
0.0,0.7000000000000002,-0.09999999999999998,100.74728612519333,0.7472861251933267
0.0,0.7000000000000002,0.0,101.21573177168162,1.215731771681618
0.0,0.7000000000000002,0.10000000000000009,101.68004220083175,1.6800422008317497
0.0,0.7000000000000002,0.20000000000000018,102.14021741264368,2.140217412643679
0.0,0.7000000000000002,0.30000000000000004,102.59625740711746,2.596257407117463
0.0,0.7000000000000002,0.40000000000000013,103.04816218425306,3.0481621842530586
0.0,0.7000000000000002,0.5,103.49593174405047,3.4959317440504662
0.0,0.7000000000000002,0.6000000000000001,103.93956608650971,3.939566086509714
0.0,0.7000000000000002,0.7000000000000002,104.3790652116308,4.379065211630802
0.0,0.7000000000000002,0.8,104.81442911941372,4.814429119413717
0.0,0.7000000000000002,0.9000000000000001,105.24565780985844,5.245657809858443
0.0,0.7000000000000002,1.0,105.67275128296501,5.6727512829650095
0.0,0.8,-1.0,96.57538905035155,3.4246109496484536
0.0,0.8,-0.9,97.08114215617246,2.9188578438275385
0.0,0.8,-0.8,97.58276004465519,2.4172399553448116
0.0,0.8,-0.7,98.08024271579974,1.9197572842002586
0.0,0.8,-0.6,98.57359016960613,1.4264098303938653
0.0,0.8,-0.5,99.06280240607434,0.93719759392566
0.0,0.8,-0.3999999999999999,99.5478794252044,0.4521205747956003
0.0,0.8,-0.29999999999999993,100.02882122699624,0.0288212269962429
0.0,0.8,-0.19999999999999996,100.50562781144993,0.5056278114499264
0.0,0.8,-0.09999999999999998,100.97829917856546,0.9782991785654644
0.0,0.8,0.0,101.4468353283428,1.4468353283428002
0.0,0.8,0.10000000000000009,101.91123626078198,1.9112362607819762
0.0,0.8,0.20000000000000018,102.37150197588298,2.3715019758829783
0.0,0.8,0.30000000000000004,102.8276324736458,2.8276324736458065
0.0,0.8,0.40000000000000013,103.27962775407048,3.279627754070475
0.0,0.8,0.5,103.72748781715693,3.727487817156927
0.0,0.8,0.6000000000000001,104.17121266290523,4.1712126629052335
0.0,0.8,0.7000000000000002,104.61080229131538,4.61080229131538
0.0,0.8,0.8,105.04625670238734,5.046256702387339
0.0,0.8,0.9000000000000001,105.47757589612112,5.477575896121124
0.0,0.8,1.0,105.90475987251675,5.904759872516749
0.0,0.9000000000000001,-1.0,96.78841327818341,3.2115867218165874
0.0,0.9000000000000001,-0.9,97.29425688729337,2.705743112706628
0.0,0.9000000000000001,-0.8,97.79596527906517,2.2040347209348283
0.0,0.9000000000000001,-0.7,98.29353845349878,1.7064615465012167
0.0,0.9000000000000001,-0.6,98.78697641059422,1.213023589405779
0.0,0.9000000000000001,-0.5,99.27627915035148,0.7237208496485152
0.0,0.9000000000000001,-0.3999999999999999,99.76144667277059,0.23855332722941114
0.0,0.9000000000000001,-0.29999999999999993,100.24247897785149,0.24247897785149064
0.0,0.9000000000000001,-0.19999999999999996,100.71937606559425,0.7193760655942469
0.0,0.9000000000000001,-0.09999999999999998,101.19213793599883,1.1921379359988293
0.0,0.9000000000000001,0.0,101.66076458906522,1.6607645890652236
0.0,0.9000000000000001,0.10000000000000009,102.12525602479346,2.125256024793458
0.0,0.9000000000000001,0.20000000000000018,102.5856122431835,2.5856122431835047
0.0,0.9000000000000001,0.30000000000000004,103.0418332442354,3.0418332442354057
0.0,0.9000000000000001,0.40000000000000013,103.49391902794912,3.4939190279491186
0.0,0.9000000000000001,0.5,103.94186959432463,3.941869594324629
0.0,0.9000000000000001,0.6000000000000001,104.385684943362,4.385684943361994
0.0,0.9000000000000001,0.7000000000000002,104.82536507506119,4.825365075061185
0.0,0.9000000000000001,0.8,105.2609099894222,5.260909989422203
0.0,0.9000000000000001,0.9000000000000001,105.69231968644506,5.69231968644506
0.0,0.9000000000000001,1.0,106.11959416612973,6.11959416612973
0.0,1.0,-1.0,96.98426321007653,3.0157367899234657
0.0,1.0,-0.9,97.49019732247554,2.509802677524462
0.0,1.0,-0.8,97.99199621753638,2.008003782463618
0.0,1.0,-0.7,98.48965989525905,1.5103401047409477
0.0,1.0,-0.6,98.98318835564355,1.0168116443564514
0.0,1.0,-0.5,99.47258159868987,0.5274184013101291
0.0,1.0,-0.3999999999999999,99.95783962439803,0.04216037560196639
0.0,1.0,-0.29999999999999993,100.438962432768,0.43896243276799396
0.0,1.0,-0.19999999999999996,100.9159500237998,0.9159500237997946
0.0,1.0,-0.09999999999999998,101.38880239749344,1.3888023974934356
0.0,1.0,0.0,101.85751955384889,1.8575195538488884
0.0,1.0,0.10000000000000009,102.32210149286618,2.3221014928661816
0.0,1.0,0.20000000000000018,102.78254821454529,2.7825482145452867
0.0,1.0,0.30000000000000004,103.23885971888623,3.238859718886232
0.0,1.0,0.40000000000000013,103.691036005889,3.6910360058890035
0.0,1.0,0.5,104.13907707555357,4.139077075553573
0.0,1.0,0.6000000000000001,104.58298292788,4.582982927879996
0.0,1.0,0.7000000000000002,105.02275356286825,5.022753562868246
0.0,1.0,0.8,105.45838898051832,5.458388980518322
0.0,1.0,0.9000000000000001,105.88988918083022,5.889889180830224
0.0,1.0,1.0,106.31725416380397,6.317254163803966
0.10000000000000009,-1.0,-1.0,90.43384217226398,9.56615782773602
0.10000000000000009,-1.0,-0.9,90.93857088065909,9.061429119340914
0.10000000000000009,-1.0,-0.8,91.43916437171603,8.560835628283968
0.10000000000000009,-1.0,-0.7,91.93562264543479,8.06437735456521
0.10000000000000009,-1.0,-0.6,92.42794570181539,7.572054298184611
0.10000000000000009,-1.0,-0.5,92.9161335408578,7.0838664591422
0.10000000000000009,-1.0,-0.3999999999999999,93.40018616256205,6.599813837437949
0.10000000000000009,-1.0,-0.29999999999999993,93.88010356692813,6.119896433071872
0.10000000000000009,-1.0,-0.19999999999999996,94.355885753956,5.644114246043998
0.10000000000000009,-1.0,-0.09999999999999998,94.82753272364575,5.172467276354254
0.10000000000000009,-1.0,0.0,95.29504447599729,4.704955524002713
0.10000000000000009,-1.0,0.10000000000000009,95.75842101101067,4.241578988989332
0.10000000000000009,-1.0,0.20000000000000018,96.21766232868588,3.7823376713141243
0.10000000000000009,-1.0,0.30000000000000004,96.67276842902291,3.3272315709770908
0.10000000000000009,-1.0,0.40000000000000013,97.12373931202178,2.876260687978217
0.10000000000000009,-1.0,0.5,97.57057497768245,2.4294250223175453
0.10000000000000009,-1.0,0.6000000000000001,98.01327542600495,1.9867245739950476
0.10000000000000009,-1.0,0.7000000000000002,98.4518406569893,1.5481593430106955
0.10000000000000009,-1.0,0.8,98.88627067063547,1.1137293293645314
0.10000000000000009,-1.0,0.9000000000000001,99.31656546694347,0.683434533056527
0.10000000000000009,-1.0,1.0,99.74272504591329,0.25727495408671075
0.10000000000000009,-0.9,-1.0,90.95708181353993,9.04291818646007
0.10000000000000009,-0.9,-0.9,91.46190102522408,8.53809897477592
0.10000000000000009,-0.9,-0.8,91.96258501957007,8.03741498042993
0.10000000000000009,-0.9,-0.7,92.45913379657789,7.540866203422112
0.10000000000000009,-0.9,-0.6,92.95154735624753,7.048452643752469
0.10000000000000009,-0.9,-0.5,93.43982569857901,6.560174301420986
0.10000000000000009,-0.9,-0.3999999999999999,93.92396882357232,6.076031176427676
0.10000000000000009,-0.9,-0.29999999999999993,94.40397673122744,5.596023268772555
0.10000000000000009,-0.9,-0.19999999999999996,94.87984942154438,5.120150578455622
0.10000000000000009,-0.9,-0.09999999999999998,95.35158689452317,4.648413105476834
0.10000000000000009,-0.9,0.0,95.81918915016378,4.18081084983622
0.10000000000000009,-0.9,0.10000000000000009,96.28265618846622,3.7173438115337802
0.10000000000000009,-0.9,0.20000000000000018,96.74198800943047,3.2580119905695284
0.10000000000000009,-0.9,0.30000000000000004,97.19718461305656,2.8028153869434362
0.10000000000000009,-0.9,0.40000000000000013,97.64824599934448,2.351754000655518
0.10000000000000009,-0.9,0.5,98.09517216829421,1.9048278317057878
0.10000000000000009,-0.9,0.6000000000000001,98.53796311990578,1.4620368800942174
0.10000000000000009,-0.9,0.7000000000000002,98.97661885417918,1.0233811458208208
0.10000000000000009,-0.9,0.8,99.4111393711144,0.5888606288855982
0.10000000000000009,-0.9,0.9000000000000001,99.84152467071145,0.15847532928854946
0.10000000000000009,-0.9,1.0,100.26777475297033,0.2677747529703254
0.10000000000000009,-0.8,-1.0,91.46314715887708,8.536852841122922
0.10000000000000009,-0.8,-0.9,91.9680568738503,8.031943126149699
0.10000000000000009,-0.8,-0.8,92.46883137148535,7.531168628514649
0.10000000000000009,-0.8,-0.7,92.96547065178223,7.034529348217774
0.10000000000000009,-0.8,-0.6,93.45797471474093,6.542025285259072
0.10000000000000009,-0.8,-0.5,93.94634356036146,6.053656439638544
0.10000000000000009,-0.8,-0.3999999999999999,94.43057718864382,5.569422811356176
0.10000000000000009,-0.8,-0.29999999999999993,94.910675599588,5.089324400411996
0.10000000000000009,-0.8,-0.19999999999999996,95.386638793194,4.613361206806005
0.10000000000000009,-0.8,-0.09999999999999998,95.85846676946184,4.141533230538158
0.10000000000000009,-0.8,0.0,96.3261595283915,3.6738404716085
0.10000000000000009,-0.8,0.10000000000000009,96.789717069983,3.2102829300170015
0.10000000000000009,-0.8,0.20000000000000018,97.24913939423631,2.750860605763691
0.10000000000000009,-0.8,0.30000000000000004,97.70442650115146,2.2955734988485403
0.10000000000000009,-0.8,0.40000000000000013,98.15557839072844,1.8444216092715635
0.10000000000000009,-0.8,0.5,98.60259506296723,1.3974049370327748
0.10000000000000009,-0.8,0.6000000000000001,99.04547651786784,0.95452348213216
0.10000000000000009,-0.8,0.7000000000000002,99.4842227554303,0.5157772445697049
0.10000000000000009,-0.8,0.8,99.91883377565458,0.08116622434542364
0.10000000000000009,-0.8,0.9000000000000001,100.34930957854068,0.3493095785406837
0.10000000000000009,-0.8,1.0,100.77565016408862,0.7756501640886171
0.10000000000000009,-0.7,-1.0,91.9520382082755,8.047961791724504
0.10000000000000009,-0.7,-0.9,92.45703842653778,7.542961573462222
0.10000000000000009,-0.7,-0.8,92.95790342746187,7.042096572538128
0.10000000000000009,-0.7,-0.7,93.4546332110478,6.545366788952194
0.10000000000000009,-0.7,-0.6,93.94722777729557,6.052772222704434
0.10000000000000009,-0.7,-0.5,94.43568712620515,5.564312873794847
0.10000000000000009,-0.7,-0.3999999999999999,94.92001125777657,5.079988742223435
0.10000000000000009,-0.7,-0.29999999999999993,95.4002001720098,4.599799827990196
0.10000000000000009,-0.7,-0.19999999999999996,95.87625386890485,4.123746131095146
0.10000000000000009,-0.7,-0.09999999999999998,96.34817234846176,3.651827651538241
0.10000000000000009,-0.7,0.0,96.81595561068048,3.1840443893195243
0.10000000000000009,-0.7,0.10000000000000009,97.27960365556102,2.7203963444389814
0.10000000000000009,-0.7,0.20000000000000018,97.73911648310339,2.2608835168966124
0.10000000000000009,-0.7,0.30000000000000004,98.1944940933076,1.805505906692403
0.10000000000000009,-0.7,0.40000000000000013,98.64573648617363,1.3542635138263677
0.10000000000000009,-0.7,0.5,99.09284366170148,0.9071563382985204
0.10000000000000009,-0.7,0.6000000000000001,99.53581561989114,0.4641843801088612
0.10000000000000009,-0.7,0.7000000000000002,99.97465236074265,0.02534763925734751
0.10000000000000009,-0.7,0.8,100.40935388425599,0.4093538842559923
0.10000000000000009,-0.7,0.9000000000000001,100.83992019043116,0.8399201904311582
0.10000000000000009,-0.7,1.0,101.26635127926815,1.2663512792681502
0.10000000000000009,-0.6,-1.0,92.42375496173514,7.576245038264858
0.10000000000000009,-0.6,-0.9,92.92884568328648,7.071154316713518
0.10000000000000009,-0.6,-0.8,93.42980118749963,6.570198812500365
0.10000000000000009,-0.6,-0.7,93.92662147437463,6.0733785256253725
0.10000000000000009,-0.6,-0.6,94.41930654391145,5.580693456088554
0.10000000000000009,-0.6,-0.5,94.90785639611008,5.092143603889923
0.10000000000000009,-0.6,-0.3999999999999999,95.39227103097056,4.607728969029438
0.10000000000000009,-0.6,-0.29999999999999993,95.87255044849285,4.127449551507155
0.10000000000000009,-0.6,-0.19999999999999996,96.34869464867695,3.651305351323046
0.10000000000000009,-0.6,-0.09999999999999998,96.82070363152292,3.1792963684770825
0.10000000000000009,-0.6,0.0,97.28857739703068,2.7114226029693214
0.10000000000000009,-0.6,0.10000000000000009,97.7523159452003,2.2476840547997057
0.10000000000000009,-0.6,0.20000000000000018,98.21191927603171,1.7880807239682923
0.10000000000000009,-0.6,0.30000000000000004,98.66738738952498,1.3326126104750244
0.10000000000000009,-0.6,0.40000000000000013,99.11872028568006,0.8812797143199447
0.10000000000000009,-0.6,0.5,99.56591796449696,0.4340820355030388
0.10000000000000009,-0.6,0.6000000000000001,100.0089804259757,0.008980425975693151
0.10000000000000009,-0.6,0.7000000000000002,100.44790767011625,0.4479076701162512
0.10000000000000009,-0.6,0.8,100.88269969691865,0.8826996969186496
0.10000000000000009,-0.6,0.9000000000000001,101.31335650638286,1.3133565063828598
0.10000000000000009,-0.6,1.0,101.73987809850891,1.7398780985089104
0.10000000000000009,-0.5,-1.0,92.87829741925606,7.121702580743943
0.10000000000000009,-0.5,-0.9,93.38347864409644,6.616521355903558
0.10000000000000009,-0.5,-0.8,93.88452465159867,6.115475348401333
0.10000000000000009,-0.5,-0.7,94.3814354417627,5.618564558237296
0.10000000000000009,-0.5,-0.6,94.87421101458857,5.1257889854114325
0.10000000000000009,-0.5,-0.5,95.36285137007627,4.637148629923729
0.10000000000000009,-0.5,-0.3999999999999999,95.8473565082258,4.1526434917741994
0.10000000000000009,-0.5,-0.29999999999999993,96.32772642903716,3.672273570962844
0.10000000000000009,-0.5,-0.19999999999999996,96.80396113251031,3.1960388674896905
0.10000000000000009,-0.5,-0.09999999999999998,97.27606061864532,2.7239393813546826
0.10000000000000009,-0.5,0.0,97.74402488744215,2.2559751125578487
0.10000000000000009,-0.5,0.10000000000000009,98.20785393890081,1.7921460610991886
0.10000000000000009,-0.5,0.20000000000000018,98.66754777302128,1.3324522269787167
0.10000000000000009,-0.5,0.30000000000000004,99.12310638980361,0.8768936101963902
0.10000000000000009,-0.5,0.40000000000000013,99.57452978924775,0.4254702107522519
0.10000000000000009,-0.5,0.5,100.02181797135371,0.02181797135371255
0.10000000000000009,-0.5,0.6000000000000001,100.46497093612149,0.4649709361214889
0.10000000000000009,-0.5,0.7000000000000002,100.9039886835511,0.9039886835511055
0.10000000000000009,-0.5,0.8,101.33887121364256,1.3388712136425625
0.10000000000000009,-0.5,0.9000000000000001,101.76961852639583,1.7696185263958313
0.10000000000000009,-0.5,1.0,102.19623062181094,2.1962306218109404
0.10000000000000009,-0.3999999999999999,-1.0,93.3156655808382,6.6843344191618
0.10000000000000009,-0.3999999999999999,-0.9,93.82093730896764,6.179062691032357
0.10000000000000009,-0.3999999999999999,-0.8,94.32207381975891,5.677926180241087
0.10000000000000009,-0.3999999999999999,-0.7,94.81907511321201,5.180924886787992
0.10000000000000009,-0.3999999999999999,-0.6,95.31194118932693,4.68805881067307
0.10000000000000009,-0.3999999999999999,-0.5,95.80067204810368,4.199327951896322
0.10000000000000009,-0.3999999999999999,-0.3999999999999999,96.28526768954228,3.7147323104577197
0.10000000000000009,-0.3999999999999999,-0.29999999999999993,96.76572811364268,3.2342718863573197
0.10000000000000009,-0.3999999999999999,-0.19999999999999996,97.24205332040489,2.7579466795951078
0.10000000000000009,-0.3999999999999999,-0.09999999999999998,97.71424330982896,2.2857566901710413
0.10000000000000009,-0.3999999999999999,0.0,98.18229808191484,1.817701918085163
0.10000000000000009,-0.3999999999999999,0.10000000000000009,98.64621763666256,1.3537823633374444
0.10000000000000009,-0.3999999999999999,0.20000000000000018,99.1060019740721,0.8939980259278997
0.10000000000000009,-0.3999999999999999,0.30000000000000004,99.56165109414347,0.43834890585652886
0.10000000000000009,-0.3999999999999999,0.40000000000000013,100.01316499687667,0.013164996876668056
0.10000000000000009,-0.3999999999999999,0.5,100.46054368227168,0.46054368227167686
0.10000000000000009,-0.3999999999999999,0.6000000000000001,100.90378715032851,0.9037871503285118
0.10000000000000009,-0.3999999999999999,0.7000000000000002,101.34289540104719,1.342895401047187
0.10000000000000009,-0.3999999999999999,0.8,101.7778684344277,1.7778684344277025
0.10000000000000009,-0.3999999999999999,0.9000000000000001,102.20870625047003,2.20870625047003
0.10000000000000009,-0.3999999999999999,1.0,102.6354088491742,2.6354088491741976
0.10000000000000009,-0.29999999999999993,-1.0,93.73585944648158,6.264140553518416
0.10000000000000009,-0.29999999999999993,-0.9,94.24122167790007,5.7587783220999285
0.10000000000000009,-0.29999999999999993,-0.8,94.7424486919804,5.2575513080196
0.10000000000000009,-0.29999999999999993,-0.7,95.23954048872255,4.760459511277446
0.10000000000000009,-0.29999999999999993,-0.6,95.73249706812653,4.267502931873466
0.10000000000000009,-0.29999999999999993,-0.5,96.22131843019234,3.7786815698076595
0.10000000000000009,-0.29999999999999993,-0.3999999999999999,96.70600457491999,3.2939954250800128
0.10000000000000009,-0.29999999999999993,-0.29999999999999993,97.18655550230945,2.813444497690554
0.10000000000000009,-0.29999999999999993,-0.19999999999999996,97.66297121236072,2.3370287876392837
0.10000000000000009,-0.29999999999999993,-0.09999999999999998,98.13525170507384,1.8647482949261587
0.10000000000000009,-0.29999999999999993,0.0,98.60339698044878,1.3966030195512218
0.10000000000000009,-0.29999999999999993,0.10000000000000009,99.06740703848556,0.9325929615144446
0.10000000000000009,-0.29999999999999993,0.20000000000000018,99.52728187918414,0.4727181208158555
0.10000000000000009,-0.29999999999999993,0.30000000000000004,99.98302150254457,0.016978497455426123
0.10000000000000009,-0.29999999999999993,0.40000000000000013,100.43462590856683,0.43462590856682937
0.10000000000000009,-0.29999999999999993,0.5,100.8820950972509,0.8820950972508967
0.10000000000000009,-0.29999999999999993,0.6000000000000001,101.32542906859679,1.3254290685967902
0.10000000000000009,-0.29999999999999993,0.7000000000000002,101.76462782260452,1.764627822604524
0.10000000000000009,-0.29999999999999993,0.8,102.19969135927408,2.199691359274084
0.10000000000000009,-0.29999999999999993,0.9000000000000001,102.63061967860547,2.63061967860547
0.10000000000000009,-0.29999999999999993,1.0,103.05741278059868,3.057412780598682
0.10000000000000009,-0.19999999999999996,-1.0,94.1388790161862,5.861120983813805
0.10000000000000009,-0.19999999999999996,-0.9,94.64433175089374,5.355668249106259
0.10000000000000009,-0.19999999999999996,-0.8,95.14564926826313,4.854350731736872
0.10000000000000009,-0.19999999999999996,-0.7,95.64283156829434,4.357168431705659
0.10000000000000009,-0.19999999999999996,-0.6,96.13587865098738,3.8641213490126205
0.10000000000000009,-0.19999999999999996,-0.5,96.62479051634223,3.3752094836577697
0.10000000000000009,-0.19999999999999996,-0.3999999999999999,97.10956716435894,2.8904328356410645
0.10000000000000009,-0.19999999999999996,-0.29999999999999993,97.59020859503745,2.4097914049625473
0.10000000000000009,-0.19999999999999996,-0.19999999999999996,98.06671480837778,1.9332851916222182
0.10000000000000009,-0.19999999999999996,-0.09999999999999998,98.53908580437997,1.4609141956200347
0.10000000000000009,-0.19999999999999996,0.0,99.00732158304395,0.9926784169560534
0.10000000000000009,-0.19999999999999996,0.10000000000000009,99.47142214436978,0.5285778556302176
0.10000000000000009,-0.19999999999999996,0.20000000000000018,99.93138748835743,0.06861251164256998
0.10000000000000009,-0.19999999999999996,0.30000000000000004,100.38721761500692,0.387217615006918
0.10000000000000009,-0.19999999999999996,0.40000000000000013,100.83891252431822,0.8389125243182178
0.10000000000000009,-0.19999999999999996,0.5,101.28647221629134,1.2864722162913438
0.10000000000000009,-0.19999999999999996,0.6000000000000001,101.7298966909263,1.7298966909262958
0.10000000000000009,-0.19999999999999996,0.7000000000000002,102.16918594822309,2.169185948223088
0.10000000000000009,-0.19999999999999996,0.8,102.60433998818169,2.6043399881816924
0.10000000000000009,-0.19999999999999996,0.9000000000000001,103.03535881080214,3.035358810802137
0.10000000000000009,-0.19999999999999996,1.0,103.46224241608442,3.462242416084422
0.10000000000000009,-0.09999999999999998,-1.0,94.52472428995205,5.475275710047953
0.10000000000000009,-0.09999999999999998,-0.9,95.03026752794867,4.969732472051334
0.10000000000000009,-0.09999999999999998,-0.8,95.5316755486071,4.468324451392903
0.10000000000000009,-0.09999999999999998,-0.7,96.02894835192737,3.9710516480726312
0.10000000000000009,-0.09999999999999998,-0.6,96.52208593790945,3.477914062090548
0.10000000000000009,-0.09999999999999998,-0.5,97.01108830655338,2.9889116934466244
0.10000000000000009,-0.09999999999999998,-0.3999999999999999,97.49595545785914,2.5040445421408606
0.10000000000000009,-0.09999999999999998,-0.29999999999999993,97.9766873918267,2.023312608173299
0.10000000000000009,-0.09999999999999998,-0.19999999999999996,98.45328410845609,1.5467158915439114
0.10000000000000009,-0.09999999999999998,-0.09999999999999998,98.92574560774732,1.0742543922526835
0.10000000000000009,-0.09999999999999998,0.0,99.39407188970037,0.6059281102996295
0.10000000000000009,-0.09999999999999998,0.10000000000000009,99.85826295431525,0.14173704568474932
0.10000000000000009,-0.09999999999999998,0.20000000000000018,100.31831880159196,0.3183188015919569
0.10000000000000009,-0.09999999999999998,0.30000000000000004,100.7742394315305,0.7742394315305035
0.10000000000000009,-0.09999999999999998,0.40000000000000013,101.22602484413086,1.2260248441308619
0.10000000000000009,-0.09999999999999998,0.5,101.67367503939305,1.6736750393930464
0.10000000000000009,-0.09999999999999998,0.6000000000000001,102.11719001731704,2.117190017317043
0.10000000000000009,-0.09999999999999998,0.7000000000000002,102.5565697779029,2.5565697779028937
0.10000000000000009,-0.09999999999999998,0.8,102.99181432115056,2.9918143211505566
0.10000000000000009,-0.09999999999999998,0.9000000000000001,103.42292364706006,3.4229236470600597
0.10000000000000009,-0.09999999999999998,1.0,103.84989775563139,3.849897755631389
0.10000000000000009,0.0,-1.0,94.89339526777917,5.1066047322208306
0.10000000000000009,0.0,-0.9,95.39902900906482,4.600970990935181
0.10000000000000009,0.0,-0.8,95.90052753301231,4.099472466987692
0.10000000000000009,0.0,-0.7,96.39789083962164,3.6021091603783617
0.10000000000000009,0.0,-0.6,96.89111892889278,3.10888107110722
0.10000000000000009,0.0,-0.5,97.38021180082576,2.6197881991742378
0.10000000000000009,0.0,-0.3999999999999999,97.86516945542057,2.1348305445794296
0.10000000000000009,0.0,-0.29999999999999993,98.34599189267719,1.6540081073228095
0.10000000000000009,0.0,-0.19999999999999996,98.82267911259564,1.1773208874043632
0.10000000000000009,0.0,-0.09999999999999998,99.29523111517592,0.7047688848240767
0.10000000000000009,0.0,0.0,99.76364790041802,0.23635209958197834
0.10000000000000009,0.0,0.10000000000000009,100.22792946832197,0.22792946832197458
0.10000000000000009,0.0,0.20000000000000018,100.68807581888773,0.6880758188877252
0.10000000000000009,0.0,0.30000000000000004,101.14408695211532,1.144086952115316
0.10000000000000009,0.0,0.40000000000000013,101.59596286800475,1.5959628680047473
0.10000000000000009,0.0,0.5,102.04370356655598,2.043703566555976
0.10000000000000009,0.0,0.6000000000000001,102.48730904776905,2.4873090477690454
0.10000000000000009,0.0,0.7000000000000002,102.92677931164394,2.9267793116439407
0.10000000000000009,0.0,0.8,103.36211435818066,3.362114358180662
0.10000000000000009,0.0,0.9000000000000001,103.79331418737922,3.7933141873792238
0.10000000000000009,0.0,1.0,104.2203787992396,4.220378799239597
0.10000000000000009,0.10000000000000009,-1.0,95.24489194966749,4.75510805033251
0.10000000000000009,0.10000000000000009,-0.9,95.75061619424223,4.249383805757773
0.10000000000000009,0.10000000000000009,-0.8,96.25220522147877,3.747794778521225
0.10000000000000009,0.10000000000000009,-0.7,96.74965903137715,3.250340968622851
0.10000000000000009,0.10000000000000009,-0.6,97.24297762393735,2.7570223760626504
0.10000000000000009,0.10000000000000009,-0.5,97.73216099915938,2.267839000840624
0.10000000000000009,0.10000000000000009,-0.3999999999999999,98.21720915704324,1.7827908429567572
0.10000000000000009,0.10000000000000009,-0.29999999999999993,98.69812209758892,1.3018779024110785
0.10000000000000009,0.10000000000000009,-0.19999999999999996,99.17489982079643,0.8251001792035737
0.10000000000000009,0.10000000000000009,-0.09999999999999998,99.64754232666577,0.3524576733342286
0.10000000000000009,0.10000000000000009,0.0,100.11604961519693,0.11604961519692836
0.10000000000000009,0.10000000000000009,0.10000000000000009,100.58042168638993,0.5804216863899256
0.10000000000000009,0.10000000000000009,0.20000000000000018,101.04065854024473,1.0406585402447348
0.10000000000000009,0.10000000000000009,0.30000000000000004,101.49676017676138,1.4967601767613843
0.10000000000000009,0.10000000000000009,0.40000000000000013,101.94872659593987,1.948726595939874
0.10000000000000009,0.10000000000000009,0.5,102.39655779778016,2.3965577977801615
0.10000000000000009,0.10000000000000009,0.6000000000000001,102.84025378228228,2.840253782282275
0.10000000000000009,0.10000000000000009,0.7000000000000002,103.27981454944623,3.279814549446229
0.10000000000000009,0.10000000000000009,0.8,103.71524009927201,3.715240099272009
0.10000000000000009,0.10000000000000009,0.9000000000000001,104.14653043175961,4.146530431759615
0.10000000000000009,0.10000000000000009,1.0,104.57368554690906,4.573685546909061
0.10000000000000009,0.20000000000000018,-1.0,95.57921433561708,4.420785664382919
0.10000000000000009,0.20000000000000018,-0.9,96.08502908348086,3.914970916519138
0.10000000000000009,0.20000000000000018,-0.8,96.58670861400647,3.4132913859935314
0.10000000000000009,0.20000000000000018,-0.7,97.0842529271939,2.9157470728060986
0.10000000000000009,0.20000000000000018,-0.6,97.57766202304316,2.4223379769568396
0.10000000000000009,0.20000000000000018,-0.5,98.06693590155425,1.9330640984457546
0.10000000000000009,0.20000000000000018,-0.3999999999999999,98.55207456272717,1.4479254372728292
0.10000000000000009,0.20000000000000018,-0.29999999999999993,99.03307800656191,0.9669219934380919
0.10000000000000009,0.20000000000000018,-0.19999999999999996,99.50994623305846,0.4900537669415428
0.10000000000000009,0.20000000000000018,-0.09999999999999998,99.98267924221686,0.01732075778313913
0.10000000000000009,0.20000000000000018,0.0,100.45127703403706,0.4512770340370622
0.10000000000000009,0.20000000000000018,0.10000000000000009,100.91573960851912,0.9157396085191181
0.10000000000000009,0.20000000000000018,0.20000000000000018,101.37606696566299,1.3760669656629858
0.10000000000000009,0.20000000000000018,0.30000000000000004,101.8322591054687,1.8322591054686939
0.10000000000000009,0.20000000000000018,0.40000000000000013,102.28431602793623,2.284316027936228
0.10000000000000009,0.20000000000000018,0.5,102.73223773306557,2.732237733065574
0.10000000000000009,0.20000000000000018,0.6000000000000001,103.17602422085675,3.176024220856746
0.10000000000000009,0.20000000000000018,0.7000000000000002,103.61567549130976,3.6156754913097586
0.10000000000000009,0.20000000000000018,0.8,104.0511915444246,4.051191544424597
0.10000000000000009,0.20000000000000018,0.9000000000000001,104.48257238020126,4.482572380201262
0.10000000000000009,0.20000000000000018,1.0,104.90981799863975,4.9098179986397525
0.10000000000000009,0.30000000000000004,-1.0,95.8963624256279,4.103637574372101
0.10000000000000009,0.30000000000000004,-0.9,96.40226767678074,3.5977323232192617
0.10000000000000009,0.30000000000000004,-0.8,96.9040377105954,3.0959622894045964
0.10000000000000009,0.30000000000000004,-0.7,97.4016725270719,2.598327472928105
0.10000000000000009,0.30000000000000004,-0.6,97.89517212621021,2.1048278737897874
0.10000000000000009,0.30000000000000004,-0.5,98.38453650801034,1.615463491989658
0.10000000000000009,0.30000000000000004,-0.3999999999999999,98.86976567247233,1.130234327527674
0.10000000000000009,0.30000000000000004,-0.29999999999999993,99.35085961959612,0.6491403804038782
0.10000000000000009,0.30000000000000004,-0.19999999999999996,99.82781834938173,0.1721816506182705
0.10000000000000009,0.30000000000000004,-0.09999999999999998,100.30064186182918,0.3006418618291775
0.10000000000000009,0.30000000000000004,0.0,100.76933015693845,0.7693301569384516
0.10000000000000009,0.30000000000000004,0.10000000000000009,101.23388323470957,1.233883234709566
0.10000000000000009,0.30000000000000004,0.20000000000000018,101.69430109514249,1.6943010951424924
0.10000000000000009,0.30000000000000004,0.30000000000000004,102.15058373823724,2.150583738237245
0.10000000000000009,0.30000000000000004,0.40000000000000013,102.60273116399384,2.6027311639938375
0.10000000000000009,0.30000000000000004,0.5,103.05074337241224,3.050743372412242
0.10000000000000009,0.30000000000000004,0.6000000000000001,103.49462036349247,3.494620363492473
0.10000000000000009,0.30000000000000004,0.7000000000000002,103.93436213723453,3.9343621372345297
0.10000000000000009,0.30000000000000004,0.8,104.36996869363843,4.369968693638427
0.10000000000000009,0.30000000000000004,0.9000000000000001,104.80144003270415,4.80144003270415
0.10000000000000009,0.30000000000000004,1.0,105.2287761544317,5.228776154431699
0.10000000000000009,0.40000000000000013,-1.0,96.19633621969997,3.8036637803000275
0.10000000000000009,0.40000000000000013,-0.9,96.70233197414187,3.2976680258581297
0.10000000000000009,0.40000000000000013,-0.8,97.20419251124558,2.79580748875442
0.10000000000000009,0.40000000000000013,-0.7,97.70191783101113,2.29808216898887
0.10000000000000009,0.40000000000000013,-0.6,98.19550793343849,1.804492066561508
0.10000000000000009,0.40000000000000013,-0.5,98.6849628185277,1.3150371814723059
0.10000000000000009,0.40000000000000013,-0.3999999999999999,99.17028248627872,0.8297175137212776
0.10000000000000009,0.40000000000000013,-0.29999999999999993,99.65146693669158,0.34853306330842315
0.10000000000000009,0.40000000000000013,-0.19999999999999996,100.12851616976623,0.12851616976622893
0.10000000000000009,0.40000000000000013,-0.09999999999999998,100.60143018550275,0.6014301855027497
0.10000000000000009,0.40000000000000013,0.0,101.07020898390108,1.0702089839010824
0.10000000000000009,0.40000000000000013,0.10000000000000009,101.53485256496124,1.5348525649612412
0.10000000000000009,0.40000000000000013,0.20000000000000018,101.99536092868323,1.9953609286832261
0.10000000000000009,0.40000000000000013,0.30000000000000004,102.45173407506704,2.451734075067037
0.10000000000000009,0.40000000000000013,0.40000000000000013,102.90397200411269,2.9039720041126884
0.10000000000000009,0.40000000000000013,0.5,103.35207471582014,3.3520747158201374
0.10000000000000009,0.40000000000000013,0.6000000000000001,103.79604221018943,3.7960422101894267
0.10000000000000009,0.40000000000000013,0.7000000000000002,104.23587448722054,4.235874487220542
0.10000000000000009,0.40000000000000013,0.8,104.6715715469135,4.671571546913498
0.10000000000000009,0.40000000000000013,0.9000000000000001,105.10313338926828,5.1031333892682795
0.10000000000000009,0.40000000000000013,1.0,105.53056001428487,5.530560014284873
0.10000000000000009,0.5,-1.0,96.47913571783329,3.5208642821667127
0.10000000000000009,0.5,-0.9,96.98522197556423,3.0147780244357705
0.10000000000000009,0.5,-0.8,97.487173015957,2.512826984043002
0.10000000000000009,0.5,-0.7,97.9849888390116,2.0150111609883936
0.10000000000000009,0.5,-0.6,98.47866944472803,1.5213305552719731
0.10000000000000009,0.5,-0.5,98.96821483310627,1.0317851668937266
0.10000000000000009,0.5,-0.3999999999999999,99.45362500414637,0.5463749958536255
0.10000000000000009,0.5,-0.29999999999999993,99.93489995784827,0.06510004215172671
0.10000000000000009,0.5,-0.19999999999999996,100.41203969421198,0.41203969421198394
0.10000000000000009,0.5,-0.09999999999999998,100.88504421323756,0.8850442132375633
0.10000000000000009,0.5,0.0,101.35391351492494,1.3539135149249404
0.10000000000000009,0.5,0.10000000000000009,101.81864759927416,1.8186475992741578
0.10000000000000009,0.5,0.20000000000000018,102.2792464662852,2.2792464662852012
0.10000000000000009,0.5,0.30000000000000004,102.73571011595807,2.735710115958071
0.10000000000000009,0.5,0.40000000000000013,103.18803854829278,3.1880385482927807
0.10000000000000009,0.5,0.5,103.63623176328929,3.636231763289288
0.10000000000000009,0.5,0.6000000000000001,104.08028976094762,4.080289760947622
0.10000000000000009,0.5,0.7000000000000002,104.52021254126781,4.52021254126781
0.10000000000000009,0.5,0.8,104.95600010424981,4.95600010424981
0.10000000000000009,0.5,0.9000000000000001,105.38765244989364,5.387652449893636
0.10000000000000009,0.5,1.0,105.81516957819932,5.815169578199317
0.10000000000000009,0.6000000000000001,-1.0,96.74476092002784,3.2552390799721564
0.10000000000000009,0.6000000000000001,-0.9,97.25093768104784,2.7490623189521557
0.10000000000000009,0.6000000000000001,-0.8,97.75297922472969,2.2470207752703146
0.10000000000000009,0.6000000000000001,-0.7,98.25088555107334,1.7491144489266617
0.10000000000000009,0.6000000000000001,-0.6,98.74465666007882,1.2553433399211826
0.10000000000000009,0.6000000000000001,-0.5,99.23429255174612,0.7657074482538775
0.10000000000000009,0.6000000000000001,-0.3999999999999999,99.71979322607527,0.28020677392473203
0.10000000000000009,0.6000000000000001,-0.29999999999999993,100.20115868306623,0.2011586830662253
0.10000000000000009,0.6000000000000001,-0.19999999999999996,100.678388922719,0.6783889227189945
0.10000000000000009,0.6000000000000001,-0.09999999999999998,101.15148394503363,1.1514839450336325
0.10000000000000009,0.6000000000000001,0.0,101.62044375001007,1.6204437500100681
0.10000000000000009,0.6000000000000001,0.10000000000000009,102.08526833764834,2.085268337648344
0.10000000000000009,0.6000000000000001,0.20000000000000018,102.54595770794843,2.545957707948432
0.10000000000000009,0.6000000000000001,0.30000000000000004,103.00251186091036,3.00251186091036
0.10000000000000009,0.6000000000000001,0.40000000000000013,103.45493079653411,3.4549307965341143
0.10000000000000009,0.6000000000000001,0.5,103.90321451481968,3.9032145148196804
0.10000000000000009,0.6000000000000001,0.6000000000000001,104.34736301576709,4.347363015767087
0.10000000000000009,0.6000000000000001,0.7000000000000002,104.78737629937632,4.787376299376319
0.10000000000000009,0.6000000000000001,0.8,105.22325436564738,5.223254365647378
0.10000000000000009,0.6000000000000001,0.9000000000000001,105.65499721458026,5.654997214580263
0.10000000000000009,0.6000000000000001,1.0,106.08260484617497,6.0826048461749735
0.10000000000000009,0.7000000000000002,-1.0,96.99321182628364,3.006788173716359
0.10000000000000009,0.7000000000000002,-0.9,97.4994790905927,2.5005209094072995
0.10000000000000009,0.7000000000000002,-0.8,98.00161113756359,1.9983888624364141
0.10000000000000009,0.7000000000000002,-0.7,98.4996079671963,1.5003920328037026
0.10000000000000009,0.7000000000000002,-0.6,98.99346957949084,1.006530420509165
0.10000000000000009,0.7000000000000002,-0.5,99.4831959744472,0.5168040255528012
0.10000000000000009,0.7000000000000002,-0.3999999999999999,99.96878715206539,0.031212847934611432
0.10000000000000009,0.7000000000000002,-0.29999999999999993,100.4502431123454,0.4502431123454045
0.10000000000000009,0.7000000000000002,-0.19999999999999996,100.92756385528723,0.9275638552872323
0.10000000000000009,0.7000000000000002,-0.09999999999999998,101.40074938089091,1.4007493808909146
0.10000000000000009,0.7000000000000002,0.0,101.86979968915641,1.8697996891564088
0.10000000000000009,0.7000000000000002,0.10000000000000009,102.33471478008374,2.3347147800837433
0.10000000000000009,0.7000000000000002,0.20000000000000018,102.79549465367289,2.7954946536728897
0.10000000000000009,0.7000000000000002,0.30000000000000004,103.25213930992388,3.2521393099238765
0.10000000000000009,0.7000000000000002,0.40000000000000013,103.70464874883669,3.7046487488366893
0.10000000000000009,0.7000000000000002,0.5,104.15302297041131,4.153022970411314
0.10000000000000009,0.7000000000000002,0.6000000000000001,104.59726197464776,4.597261974647765
0.10000000000000009,0.7000000000000002,0.7000000000000002,105.03736576154606,5.037365761546056
0.10000000000000009,0.7000000000000002,0.8,105.47333433110617,5.473334331106173
0.10000000000000009,0.7000000000000002,0.9000000000000001,105.90516768332812,5.905167683328116
0.10000000000000009,0.7000000000000002,1.0,106.33286581821189,6.332865818211886
0.10000000000000009,0.8,-1.0,97.22448843660067,2.775511563399334
0.10000000000000009,0.8,-0.9,97.73084620419878,2.2691537958012162
0.10000000000000009,0.8,-0.8,98.23306875445873,1.7669312455412722
0.10000000000000009,0.8,-0.7,98.7311560873805,1.2688439126195021
0.10000000000000009,0.8,-0.6,99.22510820296408,0.7748917970359201
0.10000000000000009,0.8,-0.5,99.7149251012095,0.28507489879049785
0.10000000000000009,0.8,-0.3999999999999999,100.20060678211676,0.20060678211676475
0.10000000000000009,0.8,-0.29999999999999993,100.68215324568584,0.6821532456858392
0.10000000000000009,0.8,-0.19999999999999996,101.15956449191671,1.1595644919167114
0.10000000000000009,0.8,-0.09999999999999998,101.63284052080945,1.6328405208094523
0.10000000000000009,0.8,0.0,102.101981332364,2.101981332364005
0.10000000000000009,0.8,0.10000000000000009,102.56698692658038,2.566986926580384
0.10000000000000009,0.8,0.20000000000000018,103.02785730345859,3.027857303458589
0.10000000000000009,0.8,0.30000000000000004,103.48459246299863,3.4845924629986342
0.10000000000000009,0.8,0.40000000000000013,103.9371924052005,3.9371924052005056
0.10000000000000009,0.8,0.5,104.38565713006417,4.385657130064175
0.10000000000000009,0.8,0.6000000000000001,104.82998663758968,4.829986637589684
0.10000000000000009,0.8,0.7000000000000002,105.27018092777703,5.270180927777034
0.10000000000000009,0.8,0.8,105.70624000062621,5.7062400006262095
0.10000000000000009,0.8,0.9000000000000001,106.1381638561372,6.138163856137197
0.10000000000000009,0.8,1.0,106.56595249431003,6.565952494310025
0.10000000000000009,0.9000000000000001,-1.0,97.43859075097895,2.561409249021054
0.10000000000000009,0.9000000000000001,-0.9,97.94503902186611,2.0549609781338916
0.10000000000000009,0.9000000000000001,-0.8,98.44735207541511,1.552647924584889
0.10000000000000009,0.9000000000000001,-0.7,98.94552991162594,1.0544700883740603
0.10000000000000009,0.9000000000000001,-0.6,99.43957253049858,0.5604274695014198
0.10000000000000009,0.9000000000000001,-0.5,99.92947993203306,0.07052006796693888
0.10000000000000009,0.9000000000000001,-0.3999999999999999,100.41525211622937,0.4152521162293681
0.10000000000000009,0.9000000000000001,-0.29999999999999993,100.8968890830875,0.8968890830875011
0.10000000000000009,0.9000000000000001,-0.19999999999999996,101.37439083260743,1.374390832607432
0.10000000000000009,0.9000000000000001,-0.09999999999999998,101.84775736478923,1.8477573647892314
0.10000000000000009,0.9000000000000001,0.0,102.31698867963283,2.3169886796328285
0.10000000000000009,0.9000000000000001,0.10000000000000009,102.78208477713828,2.78208477713828
0.10000000000000009,0.9000000000000001,0.20000000000000018,103.24304565730553,3.2430456573055295
0.10000000000000009,0.9000000000000001,0.30000000000000004,103.69987132013463,3.6998713201346334
0.10000000000000009,0.9000000000000001,0.40000000000000013,104.15256176562555,4.152561765625549
0.10000000000000009,0.9000000000000001,0.5,104.60111699377829,4.601116993778291
0.10000000000000009,0.9000000000000001,0.6000000000000001,105.04553700459286,5.045537004592859
0.10000000000000009,0.9000000000000001,0.7000000000000002,105.48582179806925,5.485821798069253
0.10000000000000009,0.9000000000000001,0.8,105.92197137420749,5.921971374207487
0.10000000000000009,0.9000000000000001,0.9000000000000001,106.35398573300753,6.3539857330075336
0.10000000000000009,0.9000000000000001,1.0,106.78186487446942,6.78186487446942
0.10000000000000009,1.0,-1.0,97.63551876941847,2.364481230581532
0.10000000000000009,1.0,-0.9,98.14205754359469,1.8579424564053113
0.10000000000000009,1.0,-0.8,98.64446110043274,1.3555388995672644
0.10000000000000009,1.0,-0.7,99.14272943993262,0.8572705600673771
0.10000000000000009,1.0,-0.6,99.63686256209432,0.363137437905678
0.10000000000000009,1.0,-0.5,100.12686046691785,0.12686046691784725
0.10000000000000009,1.0,-0.3999999999999999,100.61272315440323,0.612723154403227
0.10000000000000009,1.0,-0.29999999999999993,101.0944506245504,1.0944506245504044
0.10000000000000009,1.0,-0.19999999999999996,101.5720428773594,1.5720428773593937
0.10000000000000009,1.0,-0.09999999999999998,102.04549991283025,2.045499912830252
0.10000000000000009,1.0,0.0,102.51482173096291,2.5148217309629075
0.10000000000000009,1.0,0.10000000000000009,102.9800083317574,2.9800083317574035
0.10000000000000009,1.0,0.20000000000000018,103.44105971521373,3.4410597152137257
0.10000000000000009,1.0,0.30000000000000004,103.89797588133187,3.897975881331874
0.10000000000000009,1.0,0.40000000000000013,104.35075683011185,4.350756830111848
0.10000000000000009,1.0,0.5,104.79940256155365,4.799402561553649
0.10000000000000009,1.0,0.6000000000000001,105.24391307565726,5.243913075657261
0.10000000000000009,1.0,0.7000000000000002,105.68428837242271,5.684288372422714
0.10000000000000009,1.0,0.8,106.12052845185,6.1205284518500065
0.10000000000000009,1.0,0.9000000000000001,106.55263331393911,6.552633313939111
0.10000000000000009,1.0,1.0,106.98060295869004,6.980602958690042
0.20000000000000018,-1.0,-1.0,91.07448708097297,8.925512919027028
0.20000000000000018,-1.0,-0.9,91.57982045114527,8.420179548854733
0.20000000000000018,-1.0,-0.8,92.08101860397942,7.918981396020584
0.20000000000000018,-1.0,-0.7,92.57808153947538,7.421918460524623
0.20000000000000018,-1.0,-0.6,93.07100925763318,6.928990742366821
0.20000000000000018,-1.0,-0.5,93.5598017584528,6.4401982415471934
0.20000000000000018,-1.0,-0.3999999999999999,94.04445904193427,5.9555409580657255
0.20000000000000018,-1.0,-0.29999999999999993,94.52498110807754,5.47501889192246
0.20000000000000018,-1.0,-0.19999999999999996,95.00136795688265,4.998632043117354
0.20000000000000018,-1.0,-0.09999999999999998,95.47361958834958,4.526380411650422
0.20000000000000018,-1.0,0.0,95.94173600247834,4.058263997521664
0.20000000000000018,-1.0,0.10000000000000009,96.40571719926892,3.5942828007310794
0.20000000000000018,-1.0,0.20000000000000018,96.86556317872133,3.134436821278669
0.20000000000000018,-1.0,0.30000000000000004,97.32127394083558,2.6787260591644184
0.20000000000000018,-1.0,0.40000000000000013,97.77284948561166,2.2271505143883417
0.20000000000000018,-1.0,0.5,98.22028981304955,1.779710186950453
0.20000000000000018,-1.0,0.6000000000000001,98.66359492314926,1.3364050768507383
0.20000000000000018,-1.0,0.7000000000000002,99.10276481591082,0.8972351840891832
0.20000000000000018,-1.0,0.8,99.53779949133418,0.4622005086658163
0.20000000000000018,-1.0,0.9000000000000001,99.96869894941939,0.03130105058060906
0.20000000000000018,-1.0,1.0,100.39546319016642,0.3954631901664243
0.20000000000000018,-0.9,-1.0,91.59880480879531,8.401195191204692
0.20000000000000018,-0.9,-0.9,92.10422868225666,7.895771317743339
0.20000000000000018,-0.9,-0.8,92.60551733837985,7.394482661620145
0.20000000000000018,-0.9,-0.7,93.10267077716489,6.897329222835111
0.20000000000000018,-0.9,-0.6,93.59568899861173,6.404311001388265
0.20000000000000018,-0.9,-0.5,94.08457200272042,5.915427997279579
0.20000000000000018,-0.9,-0.3999999999999999,94.56931978949095,5.430680210509053
0.20000000000000018,-0.9,-0.29999999999999993,95.04993235892327,4.950067641076728
0.20000000000000018,-0.9,-0.19999999999999996,95.52640971101744,4.473590288982564
0.20000000000000018,-0.9,-0.09999999999999998,95.99875184577341,4.001248154226587
0.20000000000000018,-0.9,0.0,96.46695876319123,3.5330412368087707
0.20000000000000018,-0.9,0.10000000000000009,96.93103046327087,3.068969536729128
0.20000000000000018,-0.9,0.20000000000000018,97.39096694601234,2.609033053987659
0.20000000000000018,-0.9,0.30000000000000004,97.84676821141564,2.153231788584364
0.20000000000000018,-0.9,0.40000000000000013,98.29843425948077,1.7015657405192286
0.20000000000000018,-0.9,0.5,98.74596509020772,1.2540349097922814
0.20000000000000018,-0.9,0.6000000000000001,99.18936070359649,0.8106392964035081
0.20000000000000018,-0.9,0.7000000000000002,99.6286210996471,0.37137890035289445
0.20000000000000018,-0.9,0.8,100.06374627835952,0.06374627835951685
0.20000000000000018,-0.9,0.9000000000000001,100.49473623973378,0.49473623973378267
0.20000000000000018,-0.9,1.0,100.92159098376987,0.9215909837698746
0.20000000000000018,-0.8,-1.0,92.10594824067887,7.89405175932113
0.20000000000000018,-0.8,-0.9,92.6114626174293,7.3885373825707035
0.20000000000000018,-0.8,-0.8,93.11284177684155,6.887158223158451
0.20000000000000018,-0.8,-0.7,93.61008571891563,6.389914281084373
0.20000000000000018,-0.8,-0.6,94.10319444365155,5.896805556348454
0.20000000000000018,-0.8,-0.5,94.59216795104928,5.4078320489507234
0.20000000000000018,-0.8,-0.3999999999999999,95.07700624110885,4.9229937588911525
0.20000000000000018,-0.8,-0.29999999999999993,95.55770931383024,4.4422906861697555
0.20000000000000018,-0.8,-0.19999999999999996,96.03427716921345,3.9657228307865466
0.20000000000000018,-0.8,-0.09999999999999998,96.5067098072585,3.4932901927414974
0.20000000000000018,-0.8,0.0,96.97500722796536,3.0249927720346363
0.20000000000000018,-0.8,0.10000000000000009,97.43916943133407,2.560830568665935
0.20000000000000018,-0.8,0.20000000000000018,97.89919641736459,2.1008035826354075
0.20000000000000018,-0.8,0.30000000000000004,98.35508818605695,1.6449118139430539
0.20000000000000018,-0.8,0.40000000000000013,98.80684473741113,1.1931552625888742
0.20000000000000018,-0.8,0.5,99.25446607142713,0.7455339285728684
0.20000000000000018,-0.8,0.6000000000000001,99.69795218810496,0.3020478118950365
0.20000000000000018,-0.8,0.7000000000000002,100.13730308744462,0.1373030874446215
0.20000000000000018,-0.8,0.8,100.5725187694461,0.5725187694461056
0.20000000000000018,-0.8,0.9000000000000001,101.00359923410942,1.0035992341094158
0.20000000000000018,-0.8,1.0,101.43054448143455,1.430544481434552
0.20000000000000018,-0.7,-1.0,92.5959173766237,7.404082623376297
0.20000000000000018,-0.7,-0.9,93.10152225666317,6.8984777433368265
0.20000000000000018,-0.7,-0.8,93.60299191936448,6.397008080635516
0.20000000000000018,-0.7,-0.7,94.10032636472762,5.899673635272379
0.20000000000000018,-0.7,-0.6,94.59352559275258,5.406474407247416
0.20000000000000018,-0.7,-0.5,95.08258960343937,4.917410396560626
0.20000000000000018,-0.7,-0.3999999999999999,95.567518396788,4.432481603211997
0.20000000000000018,-0.7,-0.29999999999999993,96.04831197279846,3.9516880272015413
0.20000000000000018,-0.7,-0.19999999999999996,96.52497033147073,3.475029668529274
0.20000000000000018,-0.7,-0.09999999999999998,96.99749347280482,3.0025065271951803
0.20000000000000018,-0.7,0.0,97.46588139680074,2.5341186031992606
0.20000000000000018,-0.7,0.10000000000000009,97.9301341034585,2.0698658965415007
0.20000000000000018,-0.7,0.20000000000000018,98.39025159277807,1.6097484072219288
0.20000000000000018,-0.7,0.30000000000000004,98.84623386475948,1.1537661352405166
0.20000000000000018,-0.7,0.40000000000000013,99.29808091940274,0.7019190805972642
0.20000000000000018,-0.7,0.5,99.74579275670779,0.254207243292214
0.20000000000000018,-0.7,0.6000000000000001,100.18936937667468,0.18936937667467646
0.20000000000000018,-0.7,0.7000000000000002,100.6288107793034,0.628810779303393
0.20000000000000018,-0.7,0.8,101.06411696459392,1.0641169645939215
0.20000000000000018,-0.7,0.9000000000000001,101.49528793254629,1.4952879325462902
0.20000000000000018,-0.7,1.0,101.9223236831605,1.9223236831604993
0.20000000000000018,-0.6,-1.0,93.06871221662976,6.931287783370237
0.20000000000000018,-0.6,-0.9,93.57440759995829,6.425592400041708
0.20000000000000018,-0.6,-0.8,94.07596776594866,5.924032234051339
0.20000000000000018,-0.6,-0.7,94.57339271460084,5.426607285399157
0.20000000000000018,-0.6,-0.6,95.06668244591486,4.933317554085136
0.20000000000000018,-0.6,-0.5,95.55583695989071,4.444163040109288
0.20000000000000018,-0.6,-0.3999999999999999,96.0408562565284,3.9591437434716
0.20000000000000018,-0.6,-0.29999999999999993,96.5217403358279,3.4782596641721
0.20000000000000018,-0.6,-0.19999999999999996,96.99848919778923,3.001510802210774
0.20000000000000018,-0.6,-0.09999999999999998,97.47110284241238,2.528897157587622
0.20000000000000018,-0.6,0.0,97.93958126969736,2.0604187303026436
0.20000000000000018,-0.6,0.10000000000000009,98.40392447964417,1.596075520355825
0.20000000000000018,-0.6,0.20000000000000018,98.8641324722528,1.1358675277471946
0.20000000000000018,-0.6,0.30000000000000004,99.32020524752328,0.6797947524767238
0.20000000000000018,-0.6,0.40000000000000013,99.77214280545557,0.227857194544427
0.20000000000000018,-0.6,0.5,100.21994514604968,0.21994514604968174
0.20000000000000018,-0.6,0.6000000000000001,100.66361226930563,0.6636122693056308
0.20000000000000018,-0.6,0.7000000000000002,101.1031441752234,1.103144175223406
0.20000000000000018,-0.6,0.8,101.538540863803,1.538540863802993
0.20000000000000018,-0.6,0.9000000000000001,101.96980233504442,1.9698023350444203
0.20000000000000018,-0.6,1.0,102.39692858894767,2.3969285889476737
0.20000000000000018,-0.5,-1.0,93.52433276069709,6.475667239302908
0.20000000000000018,-0.5,-0.9,94.03011864731465,5.9698813526853485
0.20000000000000018,-0.5,-0.8,94.53176931659408,5.4682306834059204
0.20000000000000018,-0.5,-0.7,95.02928476853533,4.970715231464666
0.20000000000000018,-0.5,-0.6,95.52266500313841,4.477334996861586
0.20000000000000018,-0.5,-0.5,96.0119100204033,3.988089979596694
0.20000000000000018,-0.5,-0.3999999999999999,96.49701982033005,3.5029801796699473
0.20000000000000018,-0.5,-0.29999999999999993,96.97799440291861,3.022005597081389
0.20000000000000018,-0.5,-0.19999999999999996,97.454833768169,2.545166231831004
0.20000000000000018,-0.5,-0.09999999999999998,97.92753791608119,2.0724620839188077
0.20000000000000018,-0.5,0.0,98.39610684665523,1.603893153344771
0.20000000000000018,-0.5,0.10000000000000009,98.8605405598911,1.1394594401088938
0.20000000000000018,-0.5,0.20000000000000018,99.3208390557888,0.6791609442112048
0.20000000000000018,-0.5,0.30000000000000004,99.77700233434831,0.22299766565168966
0.20000000000000018,-0.5,0.40000000000000013,100.22903039556967,0.22903039556966576
0.20000000000000018,-0.5,0.5,100.67692323945283,0.6769232394528331
0.20000000000000018,-0.5,0.6000000000000001,101.12068086599784,1.1206808659978407
0.20000000000000018,-0.5,0.7000000000000002,101.56030327520466,1.5603032752046602
0.20000000000000018,-0.5,0.8,101.9957904670733,1.9957904670733058
0.20000000000000018,-0.5,0.9000000000000001,102.42714244160379,2.4271424416037917
0.20000000000000018,-0.5,1.0,102.85435919879612,2.854359198796118
0.20000000000000018,-0.3999999999999999,-1.0,93.96277900882563,6.037220991174365
0.20000000000000018,-0.3999999999999999,-0.9,94.46865539873225,5.531344601267747
0.20000000000000018,-0.3999999999999999,-0.8,94.97039657130074,5.029603428699261
0.20000000000000018,-0.3999999999999999,-0.7,95.46800252653104,4.531997473468962
0.20000000000000018,-0.3999999999999999,-0.6,95.96147326442318,4.0385267355768235
0.20000000000000018,-0.3999999999999999,-0.5,96.45080878497714,3.5491912150228586
0.20000000000000018,-0.3999999999999999,-0.3999999999999999,96.93600908819293,3.0639909118070676
0.20000000000000018,-0.3999999999999999,-0.29999999999999993,97.41707417407055,2.5829258259294505
0.20000000000000018,-0.3999999999999999,-0.19999999999999996,97.89400404260998,2.1059959573900215
0.20000000000000018,-0.3999999999999999,-0.09999999999999998,98.36679869381125,1.6332013061887523
0.20000000000000018,-0.3999999999999999,0.0,98.83545812767433,1.164541872325671
0.20000000000000018,-0.3999999999999999,0.10000000000000009,99.29998234419926,0.7000176558007354
0.20000000000000018,-0.3999999999999999,0.20000000000000018,99.760371343386,0.239628656614002
0.20000000000000018,-0.3999999999999999,0.30000000000000004,100.21662512523459,0.21662512523458588
0.20000000000000018,-0.3999999999999999,0.40000000000000013,100.66874368974499,0.6687436897449857
0.20000000000000018,-0.3999999999999999,0.5,101.11672703691721,1.1167270369172115
0.20000000000000018,-0.3999999999999999,0.6000000000000001,101.56057516675126,1.5605751667512635
0.20000000000000018,-0.3999999999999999,0.7000000000000002,102.00028807924716,2.000288079247156
0.20000000000000018,-0.3999999999999999,0.8,102.43586577440486,2.43586577440486
0.20000000000000018,-0.3999999999999999,0.9000000000000001,102.86730825222439,2.8673082522243902
0.20000000000000018,-0.3999999999999999,1.0,103.29461551270578,3.294615512705775
0.20000000000000018,-0.29999999999999993,-1.0,94.38405096101542,5.615949038984581
0.20000000000000018,-0.29999999999999993,-0.9,94.8900178542111,5.109982145788905
0.20000000000000018,-0.29999999999999993,-0.8,95.39184953006864,4.60815046993136
0.20000000000000018,-0.29999999999999993,-0.7,95.889545988588,4.110454011412003
0.20000000000000018,-0.29999999999999993,-0.6,96.38310722976918,3.6168927702308196
0.20000000000000018,-0.29999999999999993,-0.5,96.8725332536122,3.127466746387796
0.20000000000000018,-0.29999999999999993,-0.3999999999999999,97.35782406011705,2.6421759398829465
0.20000000000000018,-0.29999999999999993,-0.29999999999999993,97.83897964928371,2.161020350716285
0.20000000000000018,-0.29999999999999993,-0.19999999999999996,98.31600002111222,1.6839999788877833
0.20000000000000018,-0.29999999999999993,-0.09999999999999998,98.78888517560253,1.2111148243974696
0.20000000000000018,-0.29999999999999993,0.0,99.25763511275467,0.7423648872453299
0.20000000000000018,-0.29999999999999993,0.10000000000000009,99.72224983256866,0.2777501674313356
0.20000000000000018,-0.29999999999999993,0.20000000000000018,100.18272933504446,0.18272933504445632
0.20000000000000018,-0.29999999999999993,0.30000000000000004,100.63907362018209,0.6390736201820886
0.20000000000000018,-0.29999999999999993,0.40000000000000013,101.09128268798156,1.0912826879815611
0.20000000000000018,-0.29999999999999993,0.5,101.53935653844283,1.5393565384428314
0.20000000000000018,-0.29999999999999993,0.6000000000000001,101.98329517156594,1.983295171565942
0.20000000000000018,-0.29999999999999993,0.7000000000000002,102.42309858735089,2.423098587350893
0.20000000000000018,-0.29999999999999993,0.8,102.85876678579764,2.8587667857976413
0.20000000000000018,-0.29999999999999993,0.9000000000000001,103.29029976690623,3.29029976690623
0.20000000000000018,-0.29999999999999993,1.0,103.71769753067667,3.7176975306766735
0.20000000000000018,-0.19999999999999996,-1.0,94.78814861726644,5.211851382733556
0.20000000000000018,-0.19999999999999996,-0.9,95.29420601375118,4.705793986248821
0.20000000000000018,-0.19999999999999996,-0.8,95.79612819289777,4.203871807102232
0.20000000000000018,-0.19999999999999996,-0.7,96.2939151547062,3.7060848452938018
0.20000000000000018,-0.19999999999999996,-0.6,96.78756689917644,3.21243310082356
0.20000000000000018,-0.19999999999999996,-0.5,97.27708342630851,2.722916573691492
0.20000000000000018,-0.19999999999999996,-0.3999999999999999,97.76246473610242,2.237535263897584
0.20000000000000018,-0.19999999999999996,-0.29999999999999993,98.24371082855814,1.756289171441864
0.20000000000000018,-0.19999999999999996,-0.19999999999999996,98.72082170367568,1.279178296324318
0.20000000000000018,-0.19999999999999996,-0.09999999999999998,99.19379736145505,0.8062026385449457
0.20000000000000018,-0.19999999999999996,0.0,99.66263780189625,0.33736219810374735
0.20000000000000018,-0.19999999999999996,0.10000000000000009,100.1273430249993,0.1273430249993055
0.20000000000000018,-0.19999999999999996,0.20000000000000018,100.58791303076416,0.587913030764156
0.20000000000000018,-0.19999999999999996,0.30000000000000004,101.04434781919085,1.0443478191908468
0.20000000000000018,-0.19999999999999996,0.40000000000000013,101.49664739027936,1.4966473902793638
0.20000000000000018,-0.19999999999999996,0.5,101.94481174402969,1.9448117440296926
0.20000000000000018,-0.19999999999999996,0.6000000000000001,102.38884088044186,2.3888408804418617
0.20000000000000018,-0.19999999999999996,0.7000000000000002,102.82873479951586,2.828734799515857
0.20000000000000018,-0.19999999999999996,0.8,103.26449350125166,3.264493501251664
0.20000000000000018,-0.19999999999999996,0.9000000000000001,103.69611698564933,3.6961169856493257
0.20000000000000018,-0.19999999999999996,1.0,104.12360525270881,4.123605252708813
0.20000000000000018,-0.09999999999999998,-1.0,95.17507197757871,4.82492802242129
0.20000000000000018,-0.09999999999999998,-0.9,95.6812198773525,4.318780122647496
0.20000000000000018,-0.09999999999999998,-0.8,96.18323255978815,3.816767440211848
0.20000000000000018,-0.09999999999999998,-0.7,96.68111002488563,3.3188899751143737
0.20000000000000018,-0.09999999999999998,-0.6,97.17485227264493,2.8251477273550734
0.20000000000000018,-0.09999999999999998,-0.5,97.66445930306605,2.335540696933947
0.20000000000000018,-0.09999999999999998,-0.3999999999999999,98.14993111614902,1.8500688838509802
0.20000000000000018,-0.09999999999999998,-0.29999999999999993,98.6312677118938,1.3687322881062016
0.20000000000000018,-0.09999999999999998,-0.19999999999999996,99.1084690903004,0.8915309096995969
0.20000000000000018,-0.09999999999999998,-0.09999999999999998,99.58153525136883,0.4184647486311661
0.20000000000000018,-0.09999999999999998,0.0,100.05046619509909,0.05046619509909078
0.20000000000000018,-0.09999999999999998,0.10000000000000009,100.51526192149117,0.5152619214911738
0.20000000000000018,-0.09999999999999998,0.20000000000000018,100.97592243054508,0.9759224305450829
0.20000000000000018,-0.09999999999999998,0.30000000000000004,101.43244772226083,1.4324477222608323
0.20000000000000018,-0.09999999999999998,0.40000000000000013,101.88483779663841,1.8848377966384078
0.20000000000000018,-0.09999999999999998,0.5,102.3330926536778,2.333092653677795
0.20000000000000018,-0.09999999999999998,0.6000000000000001,102.77721229337902,2.777212293379023
0.20000000000000018,-0.09999999999999998,0.7000000000000002,103.21719671574208,3.2171967157420767
0.20000000000000018,-0.09999999999999998,0.8,103.65304592076694,3.6530459207669423
0.20000000000000018,-0.09999999999999998,0.9000000000000001,104.08475990845365,4.084759908453648
0.20000000000000018,-0.09999999999999998,1.0,104.5123386788022,4.512338678802195
0.20000000000000018,0.0,-1.0,95.54482104195222,4.455178958047782
0.20000000000000018,0.0,-0.9,96.05105944501507,3.9489405549849295
0.20000000000000018,0.0,-0.8,96.55316263073978,3.4468373692602228
0.20000000000000018,0.0,-0.7,97.05113059912631,2.94886940087369
0.20000000000000018,0.0,-0.6,97.54496335017465,2.4550366498253453
0.20000000000000018,0.0,-0.5,98.03466088388484,1.9653391161151603
0.20000000000000018,0.0,-0.3999999999999999,98.52022320025686,1.479776799743135
0.20000000000000018,0.0,-0.29999999999999993,99.00165029929069,0.9983497007093121
0.20000000000000018,0.0,-0.19999999999999996,99.47894218098635,0.5210578190136488
0.20000000000000018,0.0,-0.09999999999999998,99.95209884534384,0.047901154656159406
0.20000000000000018,0.0,0.0,100.42112029236316,0.42112029236315607
0.20000000000000018,0.0,0.10000000000000009,100.8860065220443,0.8860065220442976
0.20000000000000018,0.0,0.20000000000000018,101.34675753438727,1.3467575343872653
0.20000000000000018,0.0,0.30000000000000004,101.80337332939207,1.8033733293920733
0.20000000000000018,0.0,0.40000000000000013,102.25585390705871,2.2558539070587074
0.20000000000000018,0.0,0.5,102.70419926738714,2.704199267387139
0.20000000000000018,0.0,0.6000000000000001,103.14840941037743,3.1484094103774254
0.20000000000000018,0.0,0.7000000000000002,103.58848433602954,3.5884843360295378
0.20000000000000018,0.0,0.8,104.02442404434345,4.024424044343448
0.20000000000000018,0.0,0.9000000000000001,104.45622853531921,4.456228535319212
0.20000000000000018,0.0,1.0,104.88389780895682,4.883897808956817
0.20000000000000018,0.10000000000000009,-1.0,95.89739581038695,4.1026041896130465
0.20000000000000018,0.10000000000000009,-0.9,96.40372471673888,3.5962752832611216
0.20000000000000018,0.10000000000000009,-0.8,96.90591840575264,3.0940815942473563
0.20000000000000018,0.10000000000000009,-0.7,97.40397687742822,2.596023122571779
0.20000000000000018,0.10000000000000009,-0.6,97.89790013176564,2.1020998682343617
0.20000000000000018,0.10000000000000009,-0.5,98.38768816876487,1.6123118312351323
0.20000000000000018,0.10000000000000009,-0.3999999999999999,98.87334098842595,1.1266590115740485
0.20000000000000018,0.10000000000000009,-0.29999999999999993,99.35485859074883,0.6451414092511669
0.20000000000000018,0.10000000000000009,-0.19999999999999996,99.83224097573355,0.16775902426644507
0.20000000000000018,0.10000000000000009,-0.09999999999999998,100.30548814338009,0.3054881433800887
0.20000000000000018,0.10000000000000009,0.0,100.77460009368846,0.7746000936884627
0.20000000000000018,0.10000000000000009,0.10000000000000009,101.23957682665866,1.2395768266586629
0.20000000000000018,0.10000000000000009,0.20000000000000018,101.70041834229069,1.700418342290689
0.20000000000000018,0.10000000000000009,0.30000000000000004,102.15712464058454,2.1571246405845415
0.20000000000000018,0.10000000000000009,0.40000000000000013,102.60969572154023,2.609695721540234
0.20000000000000018,0.10000000000000009,0.5,103.05813158515772,3.0581315851577244
0.20000000000000018,0.10000000000000009,0.6000000000000001,103.50243223143707,3.5024322314370693
0.20000000000000018,0.10000000000000009,0.7000000000000002,103.94259766037823,3.942597660378226
0.20000000000000018,0.10000000000000009,0.8,104.37862787198121,4.378627871981209
0.20000000000000018,0.10000000000000009,0.9000000000000001,104.81052286624602,4.810522866246018
0.20000000000000018,0.10000000000000009,1.0,105.23828264317267,5.238282643172667
0.20000000000000018,0.20000000000000018,-1.0,96.23279628288296,3.7672037171170416
0.20000000000000018,0.20000000000000018,-0.9,96.73921569252393,3.2607843074760723
0.20000000000000018,0.20000000000000018,-0.8,97.24149988482674,2.7585001151732627
0.20000000000000018,0.20000000000000018,-0.7,97.73964885979139,2.2603511402086127
0.20000000000000018,0.20000000000000018,-0.6,98.23366261741785,1.766337382582151
0.20000000000000018,0.20000000000000018,-0.5,98.72354115770614,1.276458842293863
0.20000000000000018,0.20000000000000018,-0.3999999999999999,99.20928448065628,0.7907155193437205
0.20000000000000018,0.20000000000000018,-0.29999999999999993,99.69089258626822,0.3091074137317804
0.20000000000000018,0.20000000000000018,-0.19999999999999996,100.16836547454199,0.1683654745419858
0.20000000000000018,0.20000000000000018,-0.09999999999999998,100.64170314547758,0.6417031454775781
0.20000000000000018,0.20000000000000018,0.0,101.11090559907501,1.1109055990750107
0.20000000000000018,0.20000000000000018,0.10000000000000009,101.57597283533427,1.5759728353342695
0.20000000000000018,0.20000000000000018,0.20000000000000018,102.03690485425534,2.03690485425534
0.20000000000000018,0.20000000000000018,0.30000000000000004,102.49370165583827,2.493701655838265
0.20000000000000018,0.20000000000000018,0.40000000000000013,102.946363240083,2.946363240083002
0.20000000000000018,0.20000000000000018,0.5,103.39488960698955,3.394889606989551
0.20000000000000018,0.20000000000000018,0.6000000000000001,103.83928075655795,3.8392807565579545
0.20000000000000018,0.20000000000000018,0.7000000000000002,104.27953668878817,4.27953668878817
0.20000000000000018,0.20000000000000018,0.8,104.7156574036802,4.715657403680197
0.20000000000000018,0.20000000000000018,0.9000000000000001,105.14764290123408,5.147642901234079
0.20000000000000018,0.20000000000000018,1.0,105.57549318144977,5.575493181449772
0.20000000000000018,0.30000000000000004,-1.0,96.55102245944019,3.4489775405598095
0.20000000000000018,0.30000000000000004,-0.9,97.05753237237022,2.9424676276297816
0.20000000000000018,0.30000000000000004,-0.8,97.55990706796209,2.4400929320379134
0.20000000000000018,0.30000000000000004,-0.7,98.05814654621578,1.9418534537842191
0.20000000000000018,0.30000000000000004,-0.6,98.5522508071313,1.4477491928686987
0.20000000000000018,0.30000000000000004,-0.5,99.04221985070865,0.9577801492913522
0.20000000000000018,0.30000000000000004,-0.3999999999999999,99.52805367694783,0.47194632305216544
0.20000000000000018,0.30000000000000004,-0.29999999999999993,100.00975228584885,0.009752285848847464
0.20000000000000018,0.30000000000000004,-0.19999999999999996,100.48731567741167,0.48731567741167225
0.20000000000000018,0.30000000000000004,-0.09999999999999998,100.96074385163632,0.9607438516363231
0.20000000000000018,0.30000000000000004,0.0,101.4300368085228,1.4300368085228001
0.20000000000000018,0.30000000000000004,0.10000000000000009,101.89519454807112,1.8951945480711174
0.20000000000000018,0.30000000000000004,0.20000000000000018,102.35621707028125,2.3562170702812466
0.20000000000000018,0.30000000000000004,0.30000000000000004,102.81310437515322,2.813104375153216
0.20000000000000018,0.30000000000000004,0.40000000000000013,103.26585646268701,3.2658564626870117
0.20000000000000018,0.30000000000000004,0.5,103.71447333288262,3.714473332882619
0.20000000000000018,0.30000000000000004,0.6000000000000001,104.15895498574008,4.158954985740081
0.20000000000000018,0.30000000000000004,0.7000000000000002,104.59930142125936,4.599301421259355
0.20000000000000018,0.30000000000000004,0.8,105.03551263944044,5.035512639440441
0.20000000000000018,0.30000000000000004,0.9000000000000001,105.46758864028337,5.467588640283367
0.20000000000000018,0.30000000000000004,1.0,105.89552942378813,5.895529423788133
0.20000000000000018,0.40000000000000013,-1.0,96.85207434005866,3.147925659941336
0.20000000000000018,0.40000000000000013,-0.9,97.35867475627775,2.6413252437222496
0.20000000000000018,0.40000000000000013,-0.8,97.86113995515868,2.138860044841323
0.20000000000000018,0.40000000000000013,-0.7,98.35946993670143,1.64053006329857
0.20000000000000018,0.40000000000000013,-0.6,98.853664700906,1.1463352990940052
0.20000000000000018,0.40000000000000013,-0.5,99.3437242477724,0.6562757522276002
0.20000000000000018,0.40000000000000013,-0.3999999999999999,99.82964857730065,0.17035142269935477
0.20000000000000018,0.40000000000000013,-0.29999999999999993,100.3114376894907,0.3114376894907025
0.20000000000000018,0.40000000000000013,-0.19999999999999996,100.78909158434259,0.7890915843425859
0.20000000000000018,0.40000000000000013,-0.09999999999999998,101.2626102618563,1.2626102618562953
0.20000000000000018,0.40000000000000013,0.0,101.73199372203183,1.7319937220318309
0.20000000000000018,0.40000000000000013,0.10000000000000009,102.1972419648692,2.1972419648692068
0.20000000000000018,0.40000000000000013,0.20000000000000018,102.6583549903684,2.6583549903683945
0.20000000000000018,0.40000000000000013,0.30000000000000004,103.11533279852942,3.1153327985294226
0.20000000000000018,0.40000000000000013,0.40000000000000013,103.56817538935228,3.5681753893522767
0.20000000000000018,0.40000000000000013,0.5,104.01688276283694,4.016882762836943
0.20000000000000018,0.40000000000000013,0.6000000000000001,104.46145491898343,4.461454918983435
0.20000000000000018,0.40000000000000013,0.7000000000000002,104.90189185779177,4.901891857791767
0.20000000000000018,0.40000000000000013,0.8,105.33819357926191,5.338193579261912
0.20000000000000018,0.40000000000000013,0.9000000000000001,105.7703600833939,5.770360083393896
0.20000000000000018,0.40000000000000013,1.0,106.19839137018771,6.198391370187707
0.20000000000000018,0.5,-1.0,97.13595192473838,2.8640480752616213
0.20000000000000018,0.5,-0.9,97.64264284424652,2.3573571557534763
0.20000000000000018,0.5,-0.8,98.1451985464165,1.8548014535835051
0.20000000000000018,0.5,-0.7,98.6436190312483,1.3563809687516937
0.20000000000000018,0.5,-0.6,99.13790429874194,0.8620957012580561
0.20000000000000018,0.5,-0.5,99.62805434889741,0.3719456511025925
0.20000000000000018,0.5,-0.3999999999999999,100.1140691817147,0.11406918171469727
0.20000000000000018,0.5,-0.29999999999999993,100.59594879719381,0.5959487971938131
0.20000000000000018,0.5,-0.19999999999999996,101.07369319533476,1.073693195334755
0.20000000000000018,0.5,-0.09999999999999998,101.54730237613751,1.5473023761375089
0.20000000000000018,0.5,0.0,102.0167763396021,2.016776339602103
0.20000000000000018,0.5,0.10000000000000009,102.48211508572854,2.4821150857285375
0.20000000000000018,0.5,0.20000000000000018,102.94331861451677,2.9433186145167696
0.20000000000000018,0.5,0.30000000000000004,103.40038692596686,3.400386925966856
0.20000000000000018,0.5,0.40000000000000013,103.85332002007877,3.853320020078769
0.20000000000000018,0.5,0.5,104.3021178968525,4.302117896852494
0.20000000000000018,0.5,0.6000000000000001,104.74678055628804,4.746780556288044
0.20000000000000018,0.5,0.7000000000000002,105.18730799838544,5.187307998385435
0.20000000000000018,0.5,0.8,105.62370022314464,5.623700223144638
0.20000000000000018,0.5,0.9000000000000001,106.05595723056567,6.055957230565667
0.20000000000000018,0.5,1.0,106.48407902064855,6.484079020648551
0.20000000000000018,0.6000000000000001,-1.0,97.40265521347935,2.597344786520651
0.20000000000000018,0.6000000000000001,-0.9,97.90943663627655,2.0905633637234473
0.20000000000000018,0.6000000000000001,-0.8,98.41208284173558,1.5879171582644176
0.20000000000000018,0.6000000000000001,-0.7,98.91059382985645,1.0894061701435476
0.20000000000000018,0.6000000000000001,-0.6,99.40496960063913,0.5950303993608657
0.20000000000000018,0.6000000000000001,-0.5,99.89521015408366,0.10478984591634344
0.20000000000000018,0.6000000000000001,-0.3999999999999999,100.38131549019,0.3813154901900049
0.20000000000000018,0.6000000000000001,-0.29999999999999993,100.86328560895818,0.8632856089581793
0.20000000000000018,0.6000000000000001,-0.19999999999999996,101.34112051038817,1.3411205103881656
0.20000000000000018,0.6000000000000001,-0.09999999999999998,101.81482019447999,1.8148201944799922
0.20000000000000018,0.6000000000000001,0.0,102.28438466123363,2.2843846612336307
0.20000000000000018,0.6000000000000001,0.10000000000000009,102.74981391064912,2.7498139106491237
0.20000000000000018,0.6000000000000001,0.20000000000000018,103.21110794272641,3.2111079427264144
0.20000000000000018,0.6000000000000001,0.30000000000000004,103.66826675746556,3.6682667574655596
0.20000000000000018,0.6000000000000001,0.40000000000000013,104.12129035486652,4.121290354866517
0.20000000000000018,0.6000000000000001,0.5,104.5701787349293,4.5701787349293
0.20000000000000018,0.6000000000000001,0.6000000000000001,105.01493189765391,5.014931897653909
0.20000000000000018,0.6000000000000001,0.7000000000000002,105.45554984304036,5.455549843040359
0.20000000000000018,0.6000000000000001,0.8,105.8920325710886,5.892032571088606
0.20000000000000018,0.6000000000000001,0.9000000000000001,106.32438008179871,6.324380081798708
0.20000000000000018,0.6000000000000001,1.0,106.75259237517062,6.752592375170622
0.20000000000000018,0.7000000000000002,-1.0,97.65218420628155,2.3478157937184534
0.20000000000000018,0.7000000000000002,-0.9,98.1590561323678,1.8409438676322054
0.20000000000000018,0.7000000000000002,-0.8,98.6617928411159,1.338207158884103
0.20000000000000018,0.7000000000000002,-0.7,99.16039433252581,0.8396056674741885
0.20000000000000018,0.7000000000000002,-0.6,99.65486060659755,0.34513939340244804
0.20000000000000018,0.7000000000000002,-0.5,100.14519166333113,0.14519166333113276
0.20000000000000018,0.7000000000000002,-0.3999999999999999,100.63138750272654,0.6313875027265397
0.20000000000000018,0.7000000000000002,-0.29999999999999993,101.11344812478376,1.1134481247837584
0.20000000000000018,0.7000000000000002,-0.19999999999999996,101.59137352950282,1.5913735295028175
0.20000000000000018,0.7000000000000002,-0.09999999999999998,102.06516371688369,2.0651637168836885
0.20000000000000018,0.7000000000000002,0.0,102.53481868692639,2.5348186869263856
0.20000000000000018,0.7000000000000002,0.10000000000000009,103.00033843963094,3.000338439630937
0.20000000000000018,0.7000000000000002,0.20000000000000018,103.46172297499729,3.4617229749972864
0.20000000000000018,0.7000000000000002,0.30000000000000004,103.91897229302548,3.918972293025476
0.20000000000000018,0.7000000000000002,0.40000000000000013,104.37208639371549,4.372086393715492
0.20000000000000018,0.7000000000000002,0.5,104.82106527706733,4.8210652770673335
0.20000000000000018,0.7000000000000002,0.6000000000000001,105.265908943081,5.265908943081001
0.20000000000000018,0.7000000000000002,0.7000000000000002,105.7066173917565,5.706617391756495
0.20000000000000018,0.7000000000000002,0.8,106.14319062309382,6.143190623093815
0.20000000000000018,0.7000000000000002,0.9000000000000001,106.57562863709296,6.5756286370929615
0.20000000000000018,0.7000000000000002,1.0,107.00393143375393,7.003931433753934
0.20000000000000018,0.8,-1.0,97.88453890314499,2.1154610968550145
0.20000000000000018,0.8,-0.9,98.39150133252029,1.608498667479708
0.20000000000000018,0.8,-0.8,98.89432854455745,1.1056714554425469
0.20000000000000018,0.8,-0.7,99.39302053925643,0.6069794607435739
0.20000000000000018,0.8,-0.6,99.88757731661723,0.11242268338277484
0.20000000000000018,0.8,-0.5,100.37799887663985,0.3779988766398503
0.20000000000000018,0.8,-0.3999999999999999,100.86428521932432,0.8642852193243158
0.20000000000000018,0.8,-0.29999999999999993,101.3464363446706,1.3464363446705931
0.20000000000000018,0.8,-0.19999999999999996,101.8244522526787,1.8244522526786966
0.20000000000000018,0.8,-0.09999999999999998,102.29833294334863,2.298332943348626
0.20000000000000018,0.8,0.0,102.76807841668038,2.768078416680382
0.20000000000000018,0.8,0.10000000000000009,103.23368867267398,3.2336886726739777
0.20000000000000018,0.8,0.20000000000000018,103.6951637113294,3.6951637113294
0.20000000000000018,0.8,0.30000000000000004,104.15250353264665,4.152503532646648
0.20000000000000018,0.8,0.40000000000000013,104.60570813662572,4.605708136625722
0.20000000000000018,0.8,0.5,105.05477752326661,5.054777523266608
0.20000000000000018,0.8,0.6000000000000001,105.49971169256933,5.499711692569335
0.20000000000000018,0.8,0.7000000000000002,105.94051064453389,5.940510644533887
0.20000000000000018,0.8,0.8,106.37717437916025,6.377174379160252
0.20000000000000018,0.8,0.9000000000000001,106.80970289644846,6.8097028964484565
0.20000000000000018,0.8,1.0,107.23809619639849,7.238096196398487
0.20000000000000018,0.9000000000000001,-1.0,98.09971930406967,1.9002806959303342
0.20000000000000018,0.9000000000000001,-0.9,98.60677223673403,1.393227763265969
0.20000000000000018,0.9000000000000001,-0.8,99.10968995206024,0.8903100479397636
0.20000000000000018,0.9000000000000001,-0.7,99.60847245004827,0.3915275499517321
0.20000000000000018,0.9000000000000001,-0.6,100.10311973069813,0.10311973069812552
0.20000000000000018,0.9000000000000001,-0.5,100.59363179400981,0.5936317940098093
0.20000000000000018,0.9000000000000001,-0.3999999999999999,101.08000863998333,1.0800086399833333
0.20000000000000018,0.9000000000000001,-0.29999999999999993,101.56225026861867,1.5622502686186692
0.20000000000000018,0.9000000000000001,-0.19999999999999996,102.04035667991583,2.0403566799158313
0.20000000000000018,0.9000000000000001,-0.09999999999999998,102.51432787387482,2.5143278738748194
0.20000000000000018,0.9000000000000001,0.0,102.98416385049562,2.9841638504956194
0.20000000000000018,0.9000000000000001,0.10000000000000009,103.44986460977827,3.449864609778274
0.20000000000000018,0.9000000000000001,0.20000000000000018,103.91143015172274,3.9114301517227403
0.20000000000000018,0.9000000000000001,0.30000000000000004,104.36886047632905,4.368860476329047
0.20000000000000018,0.9000000000000001,0.40000000000000013,104.82215558359718,4.82215558359718
0.20000000000000018,0.9000000000000001,0.5,105.27131547352712,5.271315473527125
0.20000000000000018,0.9000000000000001,0.6000000000000001,105.71634014611891,5.71634014611891
0.20000000000000018,0.9000000000000001,0.7000000000000002,106.15722960137252,6.157229601372521
0.20000000000000018,0.9000000000000001,0.8,106.59398383928794,6.593983839287944
0.20000000000000018,0.9000000000000001,0.9000000000000001,107.02660285986519,7.026602859865193
0.20000000000000018,0.9000000000000001,1.0,107.45508666310428,7.455086663104282
0.20000000000000018,1.0,-1.0,98.2977254090556,1.7022745909443984
0.20000000000000018,1.0,-0.9,98.80486884500901,1.1951311549909889
0.20000000000000018,1.0,-0.8,99.30787706362428,0.6921229363757249
0.20000000000000018,1.0,-0.7,99.80675006490137,0.19324993509863475
0.20000000000000018,1.0,-0.6,100.30148784884027,0.30148784884026725
0.20000000000000018,1.0,-0.5,100.79209041544101,0.7920904154410096
0.20000000000000018,1.0,-0.3999999999999999,101.27855776470359,1.2785577647035922
0.20000000000000018,1.0,-0.29999999999999993,101.76088989662797,1.7608898966279725
0.20000000000000018,1.0,-0.19999999999999996,102.2390868112142,2.239086811214193
0.20000000000000018,1.0,-0.09999999999999998,102.71314850846224,2.7131485084622398
0.20000000000000018,1.0,0.0,103.18307498837211,3.1830749883721126
0.20000000000000018,1.0,0.10000000000000009,103.64886625094381,3.6488662509438115
0.20000000000000018,1.0,0.20000000000000018,104.11052229617734,4.110522296177336
0.20000000000000018,1.0,0.30000000000000004,104.5680431240727,4.568043124072702
0.20000000000000018,1.0,0.40000000000000013,105.02142873462988,5.021428734629879
0.20000000000000018,1.0,0.5,105.47067912784888,5.470679127848882
0.20000000000000018,1.0,0.6000000000000001,105.91579430372973,5.915794303729726
0.20000000000000018,1.0,0.7000000000000002,106.35677426227238,6.356774262272381
0.20000000000000018,1.0,0.8,106.79361900347686,6.793619003476863
0.20000000000000018,1.0,0.9000000000000001,107.22632852734318,7.226328527343185
0.20000000000000018,1.0,1.0,107.65490283387132,7.6549028338713185
0.30000000000000004,-1.0,-1.0,91.72608306997711,8.273916930022892
0.30000000000000004,-1.0,-0.9,92.23202110192663,7.767978898073366
0.30000000000000004,-1.0,-0.8,92.73382391653797,7.266176083462028
0.30000000000000004,-1.0,-0.7,93.23149151381115,6.76850848618885
0.30000000000000004,-1.0,-0.6,93.72502389374617,6.274976106253831
0.30000000000000004,-1.0,-0.5,94.214421056343,5.785578943657001
0.30000000000000004,-1.0,-0.3999999999999999,94.69968300160167,5.30031699839833
0.30000000000000004,-1.0,-0.29999999999999993,95.18080972952215,4.819190270477847
0.30000000000000004,-1.0,-0.19999999999999996,95.65780124010446,4.342198759895538
0.30000000000000004,-1.0,-0.09999999999999998,96.13065753334861,3.869342466651389
0.30000000000000004,-1.0,0.0,96.59937860925456,3.4006213907454423
0.30000000000000004,-1.0,0.10000000000000009,97.06396446782236,2.936035532177641
0.30000000000000004,-1.0,0.20000000000000018,97.52441510905199,2.4755848909480136
0.30000000000000004,-1.0,0.30000000000000004,97.98073053294344,2.01926946705656
0.30000000000000004,-1.0,0.40000000000000013,98.43291073949672,1.5670892605032805
0.30000000000000004,-1.0,0.5,98.88095572871181,1.119044271288189
0.30000000000000004,-1.0,0.6000000000000001,99.32486550058874,0.6751344994112571
0.30000000000000004,-1.0,0.7000000000000002,99.7646400551275,0.23535994487249923
0.30000000000000004,-1.0,0.8,100.20027939232807,0.20027939232807057
0.30000000000000004,-1.0,0.9000000000000001,100.63178351219048,0.6317835121904807
0.30000000000000004,-1.0,1.0,101.05915241471473,1.059152414714731
0.30000000000000004,-0.9,-1.0,92.25147888434586,7.7485211156541425
0.30000000000000004,-0.9,-0.9,92.75750741958444,7.242492580415558
0.30000000000000004,-0.9,-0.8,93.25940073748484,6.740599262515161
0.30000000000000004,-0.9,-0.7,93.75715883804708,6.242841161952924
0.30000000000000004,-0.9,-0.6,94.25078172127112,5.7492182787288755
0.30000000000000004,-0.9,-0.5,94.74026938715701,5.259730612842986
0.30000000000000004,-0.9,-0.3999999999999999,95.22562183570474,4.774378164295257
0.30000000000000004,-0.9,-0.29999999999999993,95.70683906691428,4.293160933085716
0.30000000000000004,-0.9,-0.19999999999999996,96.18392108078565,3.8160789192143483
0.30000000000000004,-0.9,-0.09999999999999998,96.65686787731886,3.3431321226811406
0.30000000000000004,-0.9,0.0,97.12567945651386,2.874320543486135
0.30000000000000004,-0.9,0.10000000000000009,97.59035581837072,2.4096441816292753
0.30000000000000004,-0.9,0.20000000000000018,98.0508969628894,1.9491030371106035
0.30000000000000004,-0.9,0.30000000000000004,98.50730289006991,1.4926971099300914
0.30000000000000004,-0.9,0.40000000000000013,98.95957359991225,1.0404264000877532
0.30000000000000004,-0.9,0.5,99.4077090924164,0.5922909075836031
0.30000000000000004,-0.9,0.6000000000000001,99.85170936758237,0.14829063241762697
0.30000000000000004,-0.9,0.7000000000000002,100.29157442541019,0.2915744254101895
0.30000000000000004,-0.9,0.8,100.72730426589982,0.7273042658998179
0.30000000000000004,-0.9,0.9000000000000001,101.15889888905129,1.1588988890512866
0.30000000000000004,-0.9,1.0,101.5863582948646,1.5863582948645956
0.30000000000000004,-0.8,-1.0,92.75970040277583,7.2402995972241655
0.30000000000000004,-0.8,-0.9,93.26581944130348,6.734180558696522
0.30000000000000004,-0.8,-0.8,93.76780326249293,6.232196737507067
0.30000000000000004,-0.8,-0.7,94.26565186634423,5.734348133655772
0.30000000000000004,-0.8,-0.6,94.75936525285734,5.240634747142664
0.30000000000000004,-0.8,-0.5,95.24894342203228,4.7510565779677165
0.30000000000000004,-0.8,-0.3999999999999999,95.73438637386907,4.2656136261309285
0.30000000000000004,-0.8,-0.29999999999999993,96.21569410836766,3.784305891632343
0.30000000000000004,-0.8,-0.19999999999999996,96.69286662552808,3.307133374471917
0.30000000000000004,-0.8,-0.09999999999999998,97.16590392535035,2.8340960746496506
0.30000000000000004,-0.8,0.0,97.63480600783441,2.3651939921655867
0.30000000000000004,-0.8,0.10000000000000009,98.09957287298032,1.9004271270196824
0.30000000000000004,-0.8,0.20000000000000018,98.56020452078805,1.439795479211952
0.30000000000000004,-0.8,0.30000000000000004,99.01670095125762,0.9832990487423814
0.30000000000000004,-0.8,0.40000000000000013,99.469062164389,0.5309378356109988
0.30000000000000004,-0.8,0.5,99.91728816018221,0.08271183981779018
0.30000000000000004,-0.8,0.6000000000000001,100.36137893863726,0.3613789386372588
0.30000000000000004,-0.8,0.7000000000000002,100.80133449975413,0.8013344997541338
0.30000000000000004,-0.8,0.8,101.2371548435328,1.2371548435328066
0.30000000000000004,-0.8,0.9000000000000001,101.66883996997333,1.6688399699733338
0.30000000000000004,-0.8,1.0,102.09638987907569,2.096389879075687
0.30000000000000004,-0.7,-1.0,93.25074762526708,6.749252374732919
0.30000000000000004,-0.7,-0.9,93.75695716708377,6.243042832916231
0.30000000000000004,-0.7,-0.8,94.25903149156227,5.7409685084377315
0.30000000000000004,-0.7,-0.7,94.75697059870262,5.2430294012973775
0.30000000000000004,-0.7,-0.6,95.25077448850479,4.7492255114952115
0.30000000000000004,-0.7,-0.5,95.7404431609688,4.259556839031205
0.30000000000000004,-0.7,-0.3999999999999999,96.22597661609463,3.774023383905373
0.30000000000000004,-0.7,-0.29999999999999993,96.70737485388229,3.2926251461177145
0.30000000000000004,-0.7,-0.19999999999999996,97.18463787433176,2.815362125668244
0.30000000000000004,-0.7,-0.09999999999999998,97.65776567744308,2.3422343225569193
0.30000000000000004,-0.7,0.0,98.12675826321619,1.873241736783811
0.30000000000000004,-0.7,0.10000000000000009,98.59161563165117,1.408384368348834
0.30000000000000004,-0.7,0.20000000000000018,99.05233778274794,0.9476622172520592
0.30000000000000004,-0.7,0.30000000000000004,99.50892471650657,0.49107528349343
0.30000000000000004,-0.7,0.40000000000000013,99.96137643292701,0.03862356707298886
0.30000000000000004,-0.7,0.5,100.40969293200928,0.40969293200927837
0.30000000000000004,-0.7,0.6000000000000001,100.85387421375337,0.8538742137533717
0.30000000000000004,-0.7,0.7000000000000002,101.2939202781593,1.2939202781593053
0.30000000000000004,-0.7,0.8,101.72983112522704,1.7298311252270366
0.30000000000000004,-0.7,0.9000000000000001,102.16160675495662,2.1616067549566225
0.30000000000000004,-0.7,1.0,102.58924716734802,2.58924716734802
0.30000000000000004,-0.6,-1.0,93.72462055181956,6.275379448180445
0.30000000000000004,-0.6,-0.9,94.23092059692529,5.769079403074713
0.30000000000000004,-0.6,-0.8,94.73308542469285,5.266914575307155
0.30000000000000004,-0.6,-0.7,95.23111503512226,4.768884964877742
0.30000000000000004,-0.6,-0.6,95.72500942821348,4.2749905717865175
0.30000000000000004,-0.6,-0.5,96.21476860396653,3.785231396033467
0.30000000000000004,-0.6,-0.3999999999999999,96.70039256238144,3.299607437618562
0.30000000000000004,-0.6,-0.29999999999999993,97.18188130345814,2.818118696541859
0.30000000000000004,-0.6,-0.19999999999999996,97.65923482719667,2.34076517280333
0.30000000000000004,-0.6,-0.09999999999999998,98.13245313359705,1.8675468664029466
0.30000000000000004,-0.6,0.0,98.60153622265922,1.3984637773407798
0.30000000000000004,-0.6,0.10000000000000009,99.06648409438324,0.9335159056167583
0.30000000000000004,-0.6,0.20000000000000018,99.52729674876907,0.47270325123092505
0.30000000000000004,-0.6,0.30000000000000004,99.98397418581676,0.01602581418323723
0.30000000000000004,-0.6,0.40000000000000013,100.43651640552626,0.4365164055262625
0.30000000000000004,-0.6,0.5,100.88492340789757,0.8849234078975741
0.30000000000000004,-0.6,0.6000000000000001,101.32919519293074,1.3291951929307402
0.30000000000000004,-0.6,0.7000000000000002,101.76933176062572,1.7693317606257182
0.30000000000000004,-0.6,0.8,102.20533311098251,2.205333110982508
0.30000000000000004,-0.6,0.9000000000000001,102.63719924400115,2.6371992440011525
0.30000000000000004,-0.6,1.0,103.06493015968161,3.0649301596816088
0.30000000000000004,-0.5,-1.0,94.18131918243327,5.8186808175667295
0.30000000000000004,-0.5,-0.9,94.68770973082808,5.312290269171925
0.30000000000000004,-0.5,-0.8,95.18996506188469,4.810034938115308
0.30000000000000004,-0.5,-0.7,95.68808517560315,4.311914824396851
0.30000000000000004,-0.5,-0.6,96.18207007198343,3.817929928016568
0.30000000000000004,-0.5,-0.5,96.67191975102554,3.3280802489744588
0.30000000000000004,-0.5,-0.3999999999999999,97.15763421272949,2.8423657872705093
0.30000000000000004,-0.5,-0.29999999999999993,97.63921345709525,2.360786542904748
0.30000000000000004,-0.5,-0.19999999999999996,98.11665748412284,1.8833425158771604
0.30000000000000004,-0.5,-0.09999999999999998,98.58996629381227,1.4100337061877326
0.30000000000000004,-0.5,0.0,99.05913988616349,0.9408601138365071
0.30000000000000004,-0.5,0.10000000000000009,99.52417826117659,0.47582173882341294
0.30000000000000004,-0.5,0.20000000000000018,99.98508141885148,0.01491858114852107
0.30000000000000004,-0.5,0.30000000000000004,100.44184935918821,0.4418493591882111
0.30000000000000004,-0.5,0.40000000000000013,100.89448208218677,0.8944820821867694
0.30000000000000004,-0.5,0.5,101.34297958784714,1.3429795878471396
0.30000000000000004,-0.5,0.6000000000000001,101.78734187616935,1.78734187616935
0.30000000000000004,-0.5,0.7000000000000002,102.22756894715339,2.2275689471533866
0.30000000000000004,-0.5,0.8,102.66366080079924,2.663660800799235
0.30000000000000004,-0.5,0.9000000000000001,103.09561743710692,3.095617437106924
0.30000000000000004,-0.5,1.0,103.52343885607647,3.523438856076467
0.30000000000000004,-0.3999999999999999,-1.0,94.62084351710823,5.379156482891773
0.30000000000000004,-0.3999999999999999,-0.9,95.12732456879208,4.872675431207924
0.30000000000000004,-0.3999999999999999,-0.8,95.62967040313775,4.370329596862248
0.30000000000000004,-0.3999999999999999,-0.7,96.12788102014527,3.872118979854733
0.30000000000000004,-0.3999999999999999,-0.6,96.62195641981461,3.378043580185391
0.30000000000000004,-0.3999999999999999,-0.5,97.11189660214578,2.8881033978542234
0.30000000000000004,-0.3999999999999999,-0.3999999999999999,97.59770156713877,2.4022984328612296
0.30000000000000004,-0.3999999999999999,-0.29999999999999993,98.07937131479359,1.9206286852064096
0.30000000000000004,-0.3999999999999999,-0.19999999999999996,98.55690584511024,1.4430941548897636
0.30000000000000004,-0.3999999999999999,-0.09999999999999998,99.03030515808872,0.9696948419112772
0.30000000000000004,-0.3999999999999999,0.0,99.499569253729,0.5004307462709932
0.30000000000000004,-0.3999999999999999,0.10000000000000009,99.96469813203115,0.035301867968854594
0.30000000000000004,-0.3999999999999999,0.20000000000000018,100.4256917929951,0.42569179299509585
0.30000000000000004,-0.3999999999999999,0.30000000000000004,100.88255023662089,0.8825502366208866
0.30000000000000004,-0.3999999999999999,0.40000000000000013,101.3352734629085,1.3352734629085035
0.30000000000000004,-0.3999999999999999,0.5,101.78386147185793,1.7838614718579322
0.30000000000000004,-0.3999999999999999,0.6000000000000001,102.2283142634692,2.2283142634692013
0.30000000000000004,-0.3999999999999999,0.7000000000000002,102.66863183774228,2.668631837742282
0.30000000000000004,-0.3999999999999999,0.8,103.10481419467719,3.104814194677189
0.30000000000000004,-0.3999999999999999,0.9000000000000001,103.53686133427394,3.5368613342739366
0.30000000000000004,-0.3999999999999999,1.0,103.96477325653252,3.964773256532524
0.30000000000000004,-0.29999999999999993,-1.0,95.04319355584443,4.956806444155575
0.30000000000000004,-0.29999999999999993,-0.9,95.54976511081732,4.450234889182681
0.30000000000000004,-0.29999999999999993,-0.8,96.05220144845205,3.9477985515479475
0.30000000000000004,-0.29999999999999993,-0.7,96.55050256874863,3.4494974312513733
0.30000000000000004,-0.29999999999999993,-0.6,97.04466847170703,2.955331528292973
0.30000000000000004,-0.29999999999999993,-0.5,97.53469915732724,2.465300842672761
0.30000000000000004,-0.29999999999999993,-0.3999999999999999,98.0205946256093,1.9794053743906943
0.30000000000000004,-0.29999999999999993,-0.29999999999999993,98.50235487655318,1.4976451234468158
0.30000000000000004,-0.29999999999999993,-0.19999999999999996,98.97997991015887,1.0200200898411254
0.30000000000000004,-0.29999999999999993,-0.09999999999999998,99.45346972642642,0.5465302735735804
0.30000000000000004,-0.29999999999999993,0.0,99.92282432535576,0.0771756746442378
0.30000000000000004,-0.29999999999999993,0.10000000000000009,100.38804370694695,0.3880437069469451
0.30000000000000004,-0.29999999999999993,0.20000000000000018,100.84912787119995,0.8491278711999541
0.30000000000000004,-0.29999999999999993,0.30000000000000004,101.3060768181148,1.3060768181148035
0.30000000000000004,-0.29999999999999993,0.40000000000000013,101.75889054769148,1.758890547691479
0.30000000000000004,-0.29999999999999993,0.5,102.20756905992995,2.207569059929952
0.30000000000000004,-0.29999999999999993,0.6000000000000001,102.65211235483028,2.6521123548302796
0.30000000000000004,-0.29999999999999993,0.7000000000000002,103.09252043239243,3.0925204323924333
0.30000000000000004,-0.29999999999999993,0.8,103.52879329261638,3.5287932926163847
0.30000000000000004,-0.29999999999999993,0.9000000000000001,103.96093093550219,3.9609309355021907
0.30000000000000004,-0.29999999999999993,1.0,104.38893336104984,4.388933361049837
0.30000000000000004,-0.19999999999999996,-1.0,95.44836929864184,4.551630701358164
0.30000000000000004,-0.19999999999999996,-0.9,95.95503135690382,4.044968643096183
0.30000000000000004,-0.19999999999999996,-0.8,96.4575581978276,3.542441802172405
0.30000000000000004,-0.19999999999999996,-0.7,96.95594982141323,3.0440501785867724
0.30000000000000004,-0.19999999999999996,-0.6,97.45020622766067,2.549793772339328
0.30000000000000004,-0.19999999999999996,-0.5,97.94032741656996,2.059672583430043
0.30000000000000004,-0.19999999999999996,-0.3999999999999999,98.42631338814107,1.5736866118589319
0.30000000000000004,-0.19999999999999996,-0.29999999999999993,98.908164142374,1.0918358576259948
0.30000000000000004,-0.19999999999999996,-0.19999999999999996,99.38587967926875,0.6141203207312458
0.30000000000000004,-0.19999999999999996,-0.09999999999999998,99.85945999882536,0.14054000117464227
0.30000000000000004,-0.19999999999999996,0.0,100.32890510104374,0.3289051010437447
0.30000000000000004,-0.19999999999999996,0.10000000000000009,100.794214985924,0.7942149859240004
0.30000000000000004,-0.19999999999999996,0.20000000000000018,101.25538965346605,1.2553896534660538
0.30000000000000004,-0.19999999999999996,0.30000000000000004,101.71242910366996,1.7124291036699617
0.30000000000000004,-0.19999999999999996,0.40000000000000013,102.16533333653568,2.1653333365356815
0.30000000000000004,-0.19999999999999996,0.5,102.61410235206323,2.6141023520632274
0.30000000000000004,-0.19999999999999996,0.6000000000000001,103.0587361502526,3.0587361502525994
0.30000000000000004,-0.19999999999999996,0.7000000000000002,103.49923473110381,3.4992347311038117
0.30000000000000004,-0.19999999999999996,0.8,103.93559809461682,3.9355980946168216
0.30000000000000004,-0.19999999999999996,0.9000000000000001,104.36782624079169,4.367826240791686
0.30000000000000004,-0.19999999999999996,1.0,104.79591916962838,4.795919169628377
0.30000000000000004,-0.09999999999999998,-1.0,95.83637074550052,4.163629254499483
0.30000000000000004,-0.09999999999999998,-0.9,96.34312330705154,3.656876692948458
0.30000000000000004,-0.09999999999999998,-0.8,96.84574065126439,3.154259348735607
0.30000000000000004,-0.09999999999999998,-0.7,97.34422277813907,2.65577722186093
0.30000000000000004,-0.09999999999999998,-0.6,97.83856968767557,2.161430312324427
0.30000000000000004,-0.09999999999999998,-0.5,98.32878137987392,1.6712186201260835
0.30000000000000004,-0.09999999999999998,-0.3999999999999999,98.81485785473409,1.1851421452659139
0.30000000000000004,-0.09999999999999998,-0.29999999999999993,99.29679911225607,0.7032008877439324
0.30000000000000004,-0.09999999999999998,-0.19999999999999996,99.77460515243988,0.22539484756012484
0.30000000000000004,-0.09999999999999998,-0.09999999999999998,100.24827597528554,0.24827597528553724
0.30000000000000004,-0.09999999999999998,0.0,100.71781158079298,0.7178115807929828
0.30000000000000004,-0.09999999999999998,0.10000000000000009,101.18321196896228,1.1832119689622829
0.30000000000000004,-0.09999999999999998,0.20000000000000018,101.64447713979341,1.644477139793409
0.30000000000000004,-0.09999999999999998,0.30000000000000004,102.10160709328636,2.1016070932863613
0.30000000000000004,-0.09999999999999998,0.40000000000000013,102.55460182944114,2.5546018294411397
0.30000000000000004,-0.09999999999999998,0.5,103.00346134825773,3.00346134825773
0.30000000000000004,-0.09999999999999998,0.6000000000000001,103.44818564973617,3.4481856497361747
0.30000000000000004,-0.09999999999999998,0.7000000000000002,103.88877473387643,3.8887747338764314
0.30000000000000004,-0.09999999999999998,0.8,104.3252286006785,4.3252286006785
0.30000000000000004,-0.09999999999999998,0.9000000000000001,104.75754725014242,4.757547250142423
0.30000000000000004,-0.09999999999999998,1.0,105.18573068226817,5.185730682268172
0.30000000000000004,0.0,-1.0,96.20719789642044,3.792802103579561
0.30000000000000004,0.0,-0.9,96.71404096126052,3.2859590387394775
0.30000000000000004,0.0,-0.8,97.21674880876242,2.783251191237582
0.30000000000000004,0.0,-0.7,97.71532143892615,2.2846785610738465
0.30000000000000004,0.0,-0.6,98.20975885175172,1.7902411482482847
0.30000000000000004,0.0,-0.5,98.7000610472391,1.2999389527608969
0.30000000000000004,0.0,-0.3999999999999999,99.18622802538833,0.8137719746116687
0.30000000000000004,0.0,-0.29999999999999993,99.66825978619937,0.3317402138006287
0.30000000000000004,0.0,-0.19999999999999996,100.14615632967224,0.14615632967223746
0.30000000000000004,0.0,-0.09999999999999998,100.61991765580696,0.6199176558069581
0.30000000000000004,0.0,0.0,101.08954376460346,1.0895437646034623
0.30000000000000004,0.0,0.10000000000000009,101.55503465606182,1.555034656061821
0.30000000000000004,0.0,0.20000000000000018,102.01639033018199,2.0163903301819914
0.30000000000000004,0.0,0.30000000000000004,102.473610786964,2.4736107869640023
0.30000000000000004,0.0,0.40000000000000013,102.92669602640784,2.926696026407839
0.30000000000000004,0.0,0.5,103.37564604851349,3.375646048513488
0.30000000000000004,0.0,0.6000000000000001,103.82046085328098,3.820460853280977
0.30000000000000004,0.0,0.7000000000000002,104.26114044071029,4.261140440710292
0.30000000000000004,0.0,0.8,104.69768481080142,4.6976848108014195
0.30000000000000004,0.0,0.9000000000000001,105.13009396355439,5.130093963554387
0.30000000000000004,0.0,1.0,105.55836789896921,5.558367898969209
0.30000000000000004,0.10000000000000009,-1.0,96.56085075140159,3.4391492485984116
0.30000000000000004,0.10000000000000009,-0.9,97.06778431953073,2.9322156804692696
0.30000000000000004,0.10000000000000009,-0.8,97.57058267032168,2.4294173296783157
0.30000000000000004,0.10000000000000009,-0.7,98.06924580377448,1.9307541962255215
0.30000000000000004,0.10000000000000009,-0.6,98.5637737198891,1.4362262801109011
0.30000000000000004,0.10000000000000009,-0.5,99.05416641866555,0.9458335813344547
0.30000000000000004,0.10000000000000009,-0.3999999999999999,99.54042390010383,0.459576099896168
0.30000000000000004,0.10000000000000009,-0.29999999999999993,100.02254616420393,0.02254616420393063
0.30000000000000004,0.10000000000000009,-0.19999999999999996,100.50053321096584,0.5005332109658411
0.30000000000000004,0.10000000000000009,-0.09999999999999998,100.9743850403896,0.9743850403896062
0.30000000000000004,0.10000000000000009,0.0,101.44410165247517,1.4441016524751689
0.30000000000000004,0.10000000000000009,0.10000000000000009,101.90968304722259,1.909683047222586
0.30000000000000004,0.10000000000000009,0.20000000000000018,102.37112922463182,2.371129224631815
0.30000000000000004,0.10000000000000009,0.30000000000000004,102.82844018470288,2.8284401847028846
0.30000000000000004,0.10000000000000009,0.40000000000000013,103.28161592743578,3.28161592743578
0.30000000000000004,0.10000000000000009,0.5,103.73065645283049,3.7306564528304875
0.30000000000000004,0.10000000000000009,0.6000000000000001,104.17556176088704,4.175561760887035
0.30000000000000004,0.10000000000000009,0.7000000000000002,104.6163318516054,4.616331851605395
0.30000000000000004,0.10000000000000009,0.8,105.05296672498558,5.0529667249855805
0.30000000000000004,0.10000000000000009,0.9000000000000001,105.4854663810276,5.4854663810276065
0.30000000000000004,0.10000000000000009,1.0,105.91383081973146,5.913830819731459
0.30000000000000004,0.20000000000000018,-1.0,96.897329310444,3.1026706895560068
0.30000000000000004,0.20000000000000018,-0.9,97.4043533818622,2.595646618137806
0.30000000000000004,0.20000000000000018,-0.8,97.90724223594219,2.092757764057808
0.30000000000000004,0.20000000000000018,-0.7,98.40599587268404,1.594004127315955
0.30000000000000004,0.20000000000000018,-0.6,98.90061429208772,1.0993857079122762
0.30000000000000004,0.20000000000000018,-0.5,99.39109749415321,0.6089025058467854
0.30000000000000004,0.20000000000000018,-0.3999999999999999,99.87744547888056,0.1225545211194401
0.30000000000000004,0.20000000000000018,-0.29999999999999993,100.35965824626972,0.3596582462697171
0.30000000000000004,0.20000000000000018,-0.19999999999999996,100.8377357963207,0.8377357963207004
0.30000000000000004,0.20000000000000018,-0.09999999999999998,101.31167812903351,1.3116781290335098
0.30000000000000004,0.20000000000000018,0.0,101.78148524440813,1.781485244408131
0.30000000000000004,0.20000000000000018,0.10000000000000009,102.2471571424446,2.247157142444607
0.30000000000000004,0.20000000000000018,0.20000000000000018,102.70869382314288,2.7086938231428803
0.30000000000000004,0.20000000000000018,0.30000000000000004,103.16609528650301,3.1660952865030083
0.30000000000000004,0.20000000000000018,0.40000000000000013,103.61936153252496,3.6193615325249624
0.30000000000000004,0.20000000000000018,0.5,104.06849256120871,4.068492561208714
0.30000000000000004,0.20000000000000018,0.6000000000000001,104.51348837255432,4.5134883725543204
0.30000000000000004,0.20000000000000018,0.7000000000000002,104.95434896656175,4.954348966561753
0.30000000000000004,0.20000000000000018,0.8,105.39107434323098,5.391074343230983
0.30000000000000004,0.20000000000000018,0.9000000000000001,105.82366450256207,5.8236645025620675
0.30000000000000004,0.20000000000000018,1.0,106.25211944455498,6.252119444554978
0.30000000000000004,0.30000000000000004,-1.0,97.21663357354765,2.7833664264523463
0.30000000000000004,0.30000000000000004,-0.9,97.72374814825488,2.2762518517451156
0.30000000000000004,0.30000000000000004,-0.8,98.22672750562396,1.7732724943760445
0.30000000000000004,0.30000000000000004,-0.7,98.72557164565485,1.2744283543451473
0.30000000000000004,0.30000000000000004,-0.6,99.22028056834759,0.7797194316524099
0.30000000000000004,0.30000000000000004,-0.5,99.71085427370214,0.2891457262978605
0.30000000000000004,0.30000000000000004,-0.3999999999999999,100.19729276171854,0.19729276171854337
0.30000000000000004,0.30000000000000004,-0.29999999999999993,100.67959603239674,0.6795960323967449
0.30000000000000004,0.30000000000000004,-0.19999999999999996,101.15776408573679,1.1577640857367868
0.30000000000000004,0.30000000000000004,-0.09999999999999998,101.63179692173865,1.6317969217386548
0.30000000000000004,0.30000000000000004,0.0,102.10169454040233,2.1016945404023346
0.30000000000000004,0.30000000000000004,0.10000000000000009,102.56745694172785,2.5674569417278548
0.30000000000000004,0.30000000000000004,0.20000000000000018,103.02908412571519,3.029084125715187
0.30000000000000004,0.30000000000000004,0.30000000000000004,103.48657609236437,3.4865760923643734
0.30000000000000004,0.30000000000000004,0.40000000000000013,103.93993284167537,3.939932841675372
0.30000000000000004,0.30000000000000004,0.5,104.3891543736482,4.389154373648196
0.30000000000000004,0.30000000000000004,0.6000000000000001,104.83424068828285,4.834240688282847
0.30000000000000004,0.30000000000000004,0.7000000000000002,105.27519178557934,5.275191785579338
0.30000000000000004,0.30000000000000004,0.8,105.71200766553763,5.712007665537627
0.30000000000000004,0.30000000000000004,0.9000000000000001,106.14468832815777,6.14468832815777
0.30000000000000004,0.30000000000000004,1.0,106.57323377343974,6.573233773439739
0.30000000000000004,0.40000000000000013,-1.0,97.51876354071251,2.481236459287487
0.30000000000000004,0.40000000000000013,-0.9,98.02596861870883,1.9740313812911694
0.30000000000000004,0.40000000000000013,-0.8,98.52903847936695,1.470961520633054
0.30000000000000004,0.40000000000000013,-0.7,99.0279731226869,0.9720268773130982
0.30000000000000004,0.40000000000000013,-0.6,99.52277254866868,0.4772274513313164
0.30000000000000004,0.40000000000000013,-0.5,100.0134367573123,0.013436757312305758
0.30000000000000004,0.40000000000000013,-0.3999999999999999,100.49996574861775,0.499965748617754
0.30000000000000004,0.40000000000000013,-0.29999999999999993,100.98235952258501,0.9823595225850141
0.30000000000000004,0.40000000000000013,-0.19999999999999996,101.46061807921411,1.4606180792141146
0.30000000000000004,0.40000000000000013,-0.09999999999999998,101.93474141850504,1.934741418505041
0.30000000000000004,0.40000000000000013,0.0,102.40472954045777,2.4047295404577653
0.30000000000000004,0.40000000000000013,0.10000000000000009,102.87058244507234,2.870582445072344
0.30000000000000004,0.40000000000000013,0.20000000000000018,103.33230013234875,3.332300132348749
0.30000000000000004,0.40000000000000013,0.30000000000000004,103.78988260228698,3.78988260228698
0.30000000000000004,0.40000000000000013,0.40000000000000013,104.24332985488704,4.243329854887037
0.30000000000000004,0.40000000000000013,0.5,104.69264189014892,4.69264189014892
0.30000000000000004,0.40000000000000013,0.6000000000000001,105.13781870807263,5.137818708072629
0.30000000000000004,0.40000000000000013,0.7000000000000002,105.57886030865816,5.5788603086581645
0.30000000000000004,0.40000000000000013,0.8,106.01576669190551,6.015766691905512
0.30000000000000004,0.40000000000000013,0.9000000000000001,106.44853785781471,6.4485378578147134
0.30000000000000004,0.40000000000000013,1.0,106.87717380638573,6.877173806385727
0.30000000000000004,0.5,-1.0,97.80371921193864,2.196280788061358
0.30000000000000004,0.5,-0.9,98.311014793224,1.688985206775996
0.30000000000000004,0.5,-0.8,98.81417515717118,1.185824842828822
0.30000000000000004,0.5,-0.7,99.31320030378019,0.6867996962198077
0.30000000000000004,0.5,-0.6,99.80809023305103,0.19190976694896733
0.30000000000000004,0.5,-0.5,100.2988449449837,0.2988449449836992
0.30000000000000004,0.5,-0.3999999999999999,100.7854644395782,0.785464439578206
0.30000000000000004,0.5,-0.29999999999999993,101.26794871683454,1.267948716834539
0.30000000000000004,0.5,-0.19999999999999996,101.74629777675268,1.7462977767526837
0.30000000000000004,0.5,-0.09999999999999998,102.22051161933267,2.220511619332669
0.30000000000000004,0.5,0.0,102.69059024457445,2.6905902445744516
0.30000000000000004,0.5,0.10000000000000009,103.15653365247809,3.156533652478089
0.30000000000000004,0.5,0.20000000000000018,103.61834184304354,3.618341843043538
0.30000000000000004,0.5,0.30000000000000004,104.07601481627083,4.076014816270828
0.30000000000000004,0.5,0.40000000000000013,104.52955257215994,4.529552572159943
0.30000000000000004,0.5,0.5,104.97895511071087,4.978955110710871
0.30000000000000004,0.5,0.6000000000000001,105.42422243192364,5.4242224319236385
0.30000000000000004,0.5,0.7000000000000002,105.86535453579823,5.865354535798232
0.30000000000000004,0.5,0.8,106.30235142233464,6.302351422334638
0.30000000000000004,0.5,0.9000000000000001,106.73521309153288,6.735213091532884
0.30000000000000004,0.5,1.0,107.16393954339298,7.163939543392985
0.30000000000000004,0.6000000000000001,-1.0,98.07150058722603,1.9284994127739736
0.30000000000000004,0.6000000000000001,-0.9,98.57888667180045,1.421113328199553
0.30000000000000004,0.6000000000000001,-0.8,99.08213753903667,0.9178624609633346
0.30000000000000004,0.6000000000000001,-0.7,99.58125318893474,0.4187468110652617
0.30000000000000004,0.6000000000000001,-0.6,100.07623362149464,0.0762336214946373
0.30000000000000004,0.6000000000000001,-0.5,100.56707883671636,0.5670788367163624
0.30000000000000004,0.6000000000000001,-0.3999999999999999,101.05378883459993,1.0537888345999278
0.30000000000000004,0.6000000000000001,-0.29999999999999993,101.5363636151453,1.536363615145305
0.30000000000000004,0.6000000000000001,-0.19999999999999996,102.01480317835251,2.0148031783525084
0.30000000000000004,0.6000000000000001,-0.09999999999999998,102.48910752422155,2.489107524221552
0.30000000000000004,0.6000000000000001,0.0,102.95927665275238,2.9592766527523793
0.30000000000000004,0.6000000000000001,0.10000000000000009,103.42531056394508,3.425310563945075
0.30000000000000004,0.6000000000000001,0.20000000000000018,103.88720925779958,3.887209257799583
0.30000000000000004,0.6000000000000001,0.30000000000000004,104.34497273431593,4.344972734315931
0.30000000000000004,0.6000000000000001,0.40000000000000013,104.7986009934941,4.798600993494105
0.30000000000000004,0.6000000000000001,0.5,105.24809403533409,5.248094035334091
0.30000000000000004,0.6000000000000001,0.6000000000000001,105.69345185983592,5.693451859835918
0.30000000000000004,0.6000000000000001,0.7000000000000002,106.13467446699957,6.13467446699957
0.30000000000000004,0.6000000000000001,0.8,106.57176185682502,6.57176185682502
0.30000000000000004,0.6000000000000001,0.9000000000000001,107.00471402931232,7.004714029312325
0.30000000000000004,0.6000000000000001,1.0,107.43353098446146,7.433530984461456
0.30000000000000004,0.7000000000000002,-1.0,98.32210766657462,1.6778923334253761
0.30000000000000004,0.7000000000000002,-0.9,98.8295842544381,1.1704157455618969
0.30000000000000004,0.7000000000000002,-0.8,99.3329256249634,0.6670743750366057
0.30000000000000004,0.7000000000000002,-0.7,99.83213177815051,0.16786822184948846
0.30000000000000004,0.7000000000000002,-0.6,100.32720271399947,0.3272027139994691
0.30000000000000004,0.7000000000000002,-0.5,100.81813843251025,0.8181384325102528
0.30000000000000004,0.7000000000000002,-0.3999999999999999,101.30493893368286,1.3049389336828625
0.30000000000000004,0.7000000000000002,-0.29999999999999993,101.7876042175173,1.7876042175172984
0.30000000000000004,0.7000000000000002,-0.19999999999999996,102.26613428401356,2.2661342840135603
0.30000000000000004,0.7000000000000002,-0.09999999999999998,102.74052913317165,2.7405291331716484
0.30000000000000004,0.7000000000000002,0.0,103.21078876499155,3.2107887649915483
0.30000000000000004,0.7000000000000002,0.10000000000000009,103.6769131794733,3.6769131794733028
0.30000000000000004,0.7000000000000002,0.20000000000000018,104.13890237661685,4.138902376616855
0.30000000000000004,0.7000000000000002,0.30000000000000004,104.59675635642226,4.5967563564222615
0.30000000000000004,0.7000000000000002,0.40000000000000013,105.0504751188895,5.050475118889494
0.30000000000000004,0.7000000000000002,0.5,105.50005866401852,5.500058664018525
0.30000000000000004,0.7000000000000002,0.6000000000000001,105.94550699180941,5.94550699180941
0.30000000000000004,0.7000000000000002,0.7000000000000002,106.38682010226212,6.386820102262121
0.30000000000000004,0.7000000000000002,0.8,106.82399799537663,6.823997995376629
0.30000000000000004,0.7000000000000002,0.9000000000000001,107.25704067115299,7.257040671152993
0.30000000000000004,0.7000000000000002,1.0,107.68594812959118,7.685948129591182
0.30000000000000004,0.8,-1.0,98.55554044998448,1.444459550015523
0.30000000000000004,0.8,-0.9,99.06310754113701,0.9368924588629852
0.30000000000000004,0.8,-0.8,99.56653941495135,0.4334605850486497
0.30000000000000004,0.8,-0.7,100.06583607142753,0.06583607142752612
0.30000000000000004,0.8,-0.6,100.56099751056554,0.5609975105655423
0.30000000000000004,0.8,-0.5,101.05202373236537,1.0520237323653703
0.30000000000000004,0.8,-0.3999999999999999,101.53891473682705,1.5389147368270528
0.30000000000000004,0.8,-0.29999999999999993,102.02167052395053,2.021670523950533
0.30000000000000004,0.8,-0.19999999999999996,102.50029109373585,2.5002910937358536
0.30000000000000004,0.8,-0.09999999999999998,102.974776446183,2.974776446183
0.30000000000000004,0.8,0.0,103.44512658129196,3.4451265812919587
0.30000000000000004,0.8,0.10000000000000009,103.91134149906276,3.9113414990627575
0.30000000000000004,0.8,0.20000000000000018,104.37342119949538,4.373421199495382
0.30000000000000004,0.8,0.30000000000000004,104.83136568258983,4.8313656825898335
0.30000000000000004,0.8,0.40000000000000013,105.28517494834612,5.285174948346125
0.30000000000000004,0.8,0.5,105.73484899676421,5.734848996764214
0.30000000000000004,0.8,0.6000000000000001,106.18038782784414,6.180387827844143
0.30000000000000004,0.8,0.7000000000000002,106.62179144158591,6.621791441585913
0.30000000000000004,0.8,0.8,107.05905983798948,7.05905983798948
0.30000000000000004,0.8,0.9000000000000001,107.4921930170549,7.492193017054902
0.30000000000000004,0.8,1.0,107.92119097878214,7.9211909787821355
0.30000000000000004,0.9000000000000001,-1.0,98.77179893745557,1.2282010625444286
0.30000000000000004,0.9000000000000001,-0.9,99.27945653189715,0.7205434681028464
0.30000000000000004,0.9000000000000001,-0.8,99.78297890900055,0.21702109099945233
0.30000000000000004,0.9000000000000001,-0.7,100.28236606876578,0.2823660687657821
0.30000000000000004,0.9000000000000001,-0.6,100.77761801119286,0.7776180111928568
0.30000000000000004,0.9000000000000001,-0.5,101.26873473628174,1.2687347362817434
0.30000000000000004,0.9000000000000001,-0.3999999999999999,101.75571624403247,1.7557162440324703
0.30000000000000004,0.9000000000000001,-0.29999999999999993,102.23856253444502,2.2385625344450233
0.30000000000000004,0.9000000000000001,-0.19999999999999996,102.71727360751939,2.717273607519388
0.30000000000000004,0.9000000000000001,-0.09999999999999998,103.1918494632556,3.1918494632555934
0.30000000000000004,0.9000000000000001,0.0,103.6622901016536,3.6622901016535963
0.30000000000000004,0.9000000000000001,0.10000000000000009,104.12859552271347,4.128595522713468
0.30000000000000004,0.9000000000000001,0.20000000000000018,104.59076572643514,4.590765726435137
0.30000000000000004,0.9000000000000001,0.30000000000000004,105.04880071281865,5.048800712818647
0.30000000000000004,0.9000000000000001,0.40000000000000013,105.50270048186398,5.502700481863982
0.30000000000000004,0.9000000000000001,0.5,105.95246503357114,5.952465033571144
0.30000000000000004,0.9000000000000001,0.6000000000000001,106.39809436794013,6.398094367940132
0.30000000000000004,0.9000000000000001,0.7000000000000002,106.83958848497095,6.839588484970946
0.30000000000000004,0.9000000000000001,0.8,107.27694738466357,7.276947384663572
0.30000000000000004,0.9000000000000001,0.9000000000000001,107.71017106701805,7.710171067018052
0.30000000000000004,0.9000000000000001,1.0,108.13925953203434,8.139259532034345
0.30000000000000004,1.0,-1.0,98.97088312898791,1.0291168710120928
0.30000000000000004,1.0,-0.9,99.47863122671853,0.5213687732814662
0.30000000000000004,1.0,-0.8,99.98224410711099,0.01775589288901358
0.30000000000000004,1.0,-0.7,100.4817217701653,0.4817217701652936
0.30000000000000004,1.0,-0.6,100.97706421588141,0.9770642158814127
0.30000000000000004,1.0,-0.5,101.46827144425936,1.4682714442593578
0.30000000000000004,1.0,-0.3999999999999999,101.95534345529914,1.9553434552991433
0.30000000000000004,1.0,-0.29999999999999993,102.43828024900074,2.4382802490007407
0.30000000000000004,1.0,-0.19999999999999996,102.91708182536416,2.917081825364164
0.30000000000000004,1.0,-0.09999999999999998,103.39174818438943,3.391748184389428
0.30000000000000004,1.0,0.0,103.86227932607649,3.8622793260764894
0.30000000000000004,1.0,0.10000000000000009,104.3286752504254,4.328675250425405
0.30000000000000004,1.0,0.20000000000000018,104.79093595743613,4.790935957436133
0.30000000000000004,1.0,0.30000000000000004,105.2490614471087,5.249061447108701
0.30000000000000004,1.0,0.40000000000000013,105.7030517194431,5.703051719443096
0.30000000000000004,1.0,0.5,106.1529067744393,6.152906774439302
0.30000000000000004,1.0,0.6000000000000001,106.59862661209735,6.598626612097348
0.30000000000000004,1.0,0.7000000000000002,107.04021123241722,7.040211232417221
0.30000000000000004,1.0,0.8,107.4776606353989,7.477660635398905
0.30000000000000004,1.0,0.9000000000000001,107.91097482104243,7.91097482104243
0.30000000000000004,1.0,1.0,108.3401537893478,8.340153789347795
0.40000000000000013,-1.0,-1.0,92.38863013927644,7.611369860723556
0.40000000000000013,-1.0,-0.9,92.89517283300317,7.104827166996827
0.40000000000000013,-1.0,-0.8,93.39758030939174,6.602419690608258
0.40000000000000013,-1.0,-0.7,93.89585256844212,6.104147431557877
0.40000000000000013,-1.0,-0.6,94.38998961015433,5.6100103898456695
0.40000000000000013,-1.0,-0.5,94.87999143452836,5.120008565471636
0.40000000000000013,-1.0,-0.3999999999999999,95.36585804156425,4.634141958435748
0.40000000000000013,-1.0,-0.29999999999999993,95.84758943126194,4.152410568738063
0.40000000000000013,-1.0,-0.19999999999999996,96.32518560362146,3.6748143963785367
0.40000000000000013,-1.0,-0.09999999999999998,96.79864655864282,3.2013534413571847
0.40000000000000013,-1.0,0.0,97.267972296326,2.7320277036740066
0.40000000000000013,-1.0,0.10000000000000009,97.733162816671,2.2668371833290024
0.40000000000000013,-1.0,0.20000000000000018,98.19421811967781,1.8057818803221863
0.40000000000000013,-1.0,0.30000000000000004,98.65113820534647,1.34886179465353
0.40000000000000013,-1.0,0.40000000000000013,99.10392307367697,0.8960769263230333
0.40000000000000013,-1.0,0.5,99.55257272466926,0.4474272753307389
0.40000000000000013,-1.0,0.6000000000000001,99.99708715832341,0.0029128416765900056
0.40000000000000013,-1.0,0.7000000000000002,100.43746637463937,0.43746637463937077
0.40000000000000013,-1.0,0.8,100.87371037361717,0.8737103736171719
0.40000000000000013,-1.0,0.9000000000000001,101.30581915525678,1.3058191552567848
0.40000000000000013,-1.0,1.0,101.73379271955824,1.733792719558238
0.40000000000000013,-0.9,-1.0,92.91510404019161,7.084895959808392
0.40000000000000013,-0.9,-0.9,93.42173723720738,6.578262762792619
0.40000000000000013,-0.9,-0.8,93.92423521688501,6.075764783114991
0.40000000000000013,-0.9,-0.7,94.42259797922445,5.577402020775551
0.40000000000000013,-0.9,-0.6,94.9168255242257,5.0831744757743
0.40000000000000013,-0.9,-0.5,95.40691785188879,4.593082148111208
0.40000000000000013,-0.9,-0.3999999999999999,95.89287496221374,4.107125037786261
0.40000000000000013,-0.9,-0.29999999999999993,96.37469685520048,3.625303144799517
0.40000000000000013,-0.9,-0.19999999999999996,96.85238353084905,3.1476164691509467
0.40000000000000013,-0.9,-0.09999999999999998,97.32593498915948,2.674065010840522
0.40000000000000013,-0.9,0.0,97.7953512301317,2.2046487698682995
0.40000000000000013,-0.9,0.10000000000000009,98.26063225376576,1.7393677462342367
0.40000000000000013,-0.9,0.20000000000000018,98.72177806006162,1.2782219399383763
0.40000000000000013,-0.9,0.30000000000000004,99.17878864901935,0.8212113509806471
0.40000000000000013,-0.9,0.40000000000000013,99.6316640206389,0.36833597936110607
0.40000000000000013,-0.9,0.5,100.08040417492025,0.08040417492024687
0.40000000000000013,-0.9,0.6000000000000001,100.52500911186345,0.5250091118634543
0.40000000000000013,-0.9,0.7000000000000002,100.96547883146847,0.9654788314684737
0.40000000000000013,-0.9,0.8,101.40181333373532,1.4018133337353191
0.40000000000000013,-0.9,0.9000000000000001,101.83401261866399,1.8340126186639907
0.40000000000000013,-0.9,1.0,102.26207668625449,2.2620766862544883
0.40000000000000013,-0.8,-1.0,93.42440364516798,6.575596354832015
0.40000000000000013,-0.8,-0.9,93.93112734547283,6.068872654527169
0.40000000000000013,-0.8,-0.8,94.4337158284395,5.566284171560497
0.40000000000000013,-0.8,-0.7,94.932169094068,5.067830905931999
0.40000000000000013,-0.8,-0.6,95.42648714235833,4.573512857641674
0.40000000000000013,-0.8,-0.5,95.91666997331048,4.083330026689524
0.40000000000000013,-0.8,-0.3999999999999999,96.40271758692447,3.5972824130755328
0.40000000000000013,-0.8,-0.29999999999999993,96.88462998320027,3.11537001679973
0.40000000000000013,-0.8,-0.19999999999999996,97.3624071621379,2.637592837862101
0.40000000000000013,-0.8,-0.09999999999999998,97.83604912373737,2.163950876262632
0.40000000000000013,-0.8,0.0,98.30555586799865,1.694444132001351
0.40000000000000013,-0.8,0.10000000000000009,98.77092739492177,1.2290726050782297
0.40000000000000013,-0.8,0.20000000000000018,99.23216370450669,0.7678362954933107
0.40000000000000013,-0.8,0.30000000000000004,99.68926479675346,0.31073520324653714
0.40000000000000013,-0.8,0.40000000000000013,100.14223067166206,0.1422306716620625
0.40000000000000013,-0.8,0.5,100.59106132923247,0.591061329232474
0.40000000000000013,-0.8,0.6000000000000001,101.03575676946473,1.0357567694647258
0.40000000000000013,-0.8,0.7000000000000002,101.47631699235882,1.476316992358818
0.40000000000000013,-0.8,0.8,101.91274199791472,1.912741997914722
0.40000000000000013,-0.8,0.9000000000000001,102.34503178613245,2.345031786132452
0.40000000000000013,-0.8,1.0,102.773186357012,2.773186357011994
0.40000000000000013,-0.7,-1.0,93.91652895420563,6.083471045794369
0.40000000000000013,-0.7,-0.9,94.42334315779952,5.576656842200478
0.40000000000000013,-0.7,-0.8,94.92602214405525,5.073977855944747
0.40000000000000013,-0.7,-0.7,95.42456591297281,4.57543408702719
0.40000000000000013,-0.7,-0.6,95.91897446455218,4.0810255354478215
0.40000000000000013,-0.7,-0.5,96.40924779879339,3.5907522012066124
0.40000000000000013,-0.7,-0.3999999999999999,96.89538591569644,3.104614084303563
0.40000000000000013,-0.7,-0.29999999999999993,97.3773888152613,2.6226111847387017
0.40000000000000013,-0.7,-0.19999999999999996,97.85525649748797,2.1447435025120285
0.40000000000000013,-0.7,-0.09999999999999998,98.3289889623765,1.6710110376235008
0.40000000000000013,-0.7,0.0,98.79858620992684,1.2014137900731612
0.40000000000000013,-0.7,0.10000000000000009,99.26404824013902,0.7359517598609813
0.40000000000000013,-0.7,0.20000000000000018,99.725375053013,0.2746249469870037
0.40000000000000013,-0.7,0.30000000000000004,100.18256664854883,0.18256664854882843
0.40000000000000013,-0.7,0.40000000000000013,100.63562302674649,0.6356230267464866
0.40000000000000013,-0.7,0.5,101.08454418760596,1.0845441876059567
0.40000000000000013,-0.7,0.6000000000000001,101.52933013112725,1.529330131127253
0.40000000000000013,-0.7,0.7000000000000002,101.96998085731039,1.9699808573103894
0.40000000000000013,-0.7,0.8,102.40649636615535,2.406496366155352
0.40000000000000013,-0.7,0.9000000000000001,102.83887665766214,2.8388766576621407
0.40000000000000013,-0.7,1.0,103.26712173183074,3.2671217318307413
0.40000000000000013,-0.6,-1.0,94.39147996730452,5.6085200326954805
0.40000000000000013,-0.6,-0.9,94.89838467418745,5.101615325812546
0.40000000000000013,-0.6,-0.8,95.40115416373224,4.598845836267756
0.40000000000000013,-0.6,-0.7,95.89978843593886,4.100211564061141
0.40000000000000013,-0.6,-0.6,96.39428749080727,3.6057125091927276
0.40000000000000013,-0.6,-0.5,96.88465132833754,3.11534867166246
0.40000000000000013,-0.6,-0.3999999999999999,97.37087994852965,2.629120051470352
0.40000000000000013,-0.6,-0.29999999999999993,97.85297335138355,2.147026648616446
0.40000000000000013,-0.6,-0.19999999999999996,98.3309315368993,1.6690684631007002
0.40000000000000013,-0.6,-0.09999999999999998,98.80475450507689,1.195245494923114
0.40000000000000013,-0.6,0.0,99.27444225591627,0.72555774408373
0.40000000000000013,-0.6,0.10000000000000009,99.73999478941751,0.2600052105824915
0.40000000000000013,-0.6,0.20000000000000018,100.20141210558054,0.20141210558054468
0.40000000000000013,-0.6,0.30000000000000004,100.65869420440542,0.6586942044054211
0.40000000000000013,-0.6,0.40000000000000013,101.11184108589214,1.111841085892138
0.40000000000000013,-0.6,0.5,101.56085275004067,1.5608527500406666
0.40000000000000013,-0.6,0.6000000000000001,102.00572919685102,2.0057291968510214
0.40000000000000013,-0.6,0.7000000000000002,102.44647042632322,2.4464704263232164
0.40000000000000013,-0.6,0.8,102.88307643845724,2.8830764384572376
0.40000000000000013,-0.6,0.9000000000000001,103.31554723325307,3.3155472332530707
0.40000000000000013,-0.6,1.0,103.74388281071074,3.743882810710744
0.40000000000000013,-0.5,-1.0,94.84925668446465,5.150743315535351
0.40000000000000013,-0.5,-0.9,95.35625189463664,4.643748105363358
0.40000000000000013,-0.5,-0.8,95.85911188747049,4.14088811252951
0.40000000000000013,-0.5,-0.7,96.35783666296615,3.6421633370338498
0.40000000000000013,-0.5,-0.6,96.85242622112364,3.147573778876364
0.40000000000000013,-0.5,-0.5,97.34288056194295,2.6571194380570518
0.40000000000000013,-0.5,-0.3999999999999999,97.82919968542411,2.170800314575885
0.40000000000000013,-0.5,-0.29999999999999993,98.31138359156708,1.688616408432921
0.40000000000000013,-0.5,-0.19999999999999996,98.78943228037188,1.2105677196281164
0.40000000000000013,-0.5,-0.09999999999999998,99.26334575183851,0.7366542481614857
0.40000000000000013,-0.5,0.0,99.73312400596697,0.266875994033029
0.40000000000000013,-0.5,0.10000000000000009,100.19876704275725,0.19876704275725388
0.40000000000000013,-0.5,0.20000000000000018,100.66027486220933,0.6602748622093344
0.40000000000000013,-0.5,0.30000000000000004,101.11764746432328,1.1176474643232837
0.40000000000000013,-0.5,0.40000000000000013,101.57088484909904,1.5708848490990448
0.40000000000000013,-0.5,0.5,102.01998701653663,2.019987016536632
0.40000000000000013,-0.5,0.6000000000000001,102.46495396663605,2.4649539666360454
0.40000000000000013,-0.5,0.7000000000000002,102.9057856993973,2.905785699397299
0.40000000000000013,-0.5,0.8,103.34248221482036,3.3424822148203646
0.40000000000000013,-0.5,0.9000000000000001,103.77504351290527,3.7750435129052704
0.40000000000000013,-0.5,1.0,104.20346959365199,4.203469593651988
0.40000000000000013,-0.3999999999999999,-1.0,95.289859105686,4.710140894313994
0.40000000000000013,-0.3999999999999999,-0.9,95.79694481914706,4.203055180852942
0.40000000000000013,-0.3999999999999999,-0.8,96.29989531526996,3.700104684730036
0.40000000000000013,-0.3999999999999999,-0.7,96.79871059405468,3.2012894059453174
0.40000000000000013,-0.3999999999999999,-0.6,97.29339065550121,2.706609344498787
0.40000000000000013,-0.3999999999999999,-0.5,97.78393549960958,2.2160645003904165
0.40000000000000013,-0.3999999999999999,-0.3999999999999999,98.27034512637981,1.7296548736201913
0.40000000000000013,-0.3999999999999999,-0.29999999999999993,98.75261953581183,1.2473804641881685
0.40000000000000013,-0.3999999999999999,-0.19999999999999996,99.23075872790568,0.7692412720943196
0.40000000000000013,-0.3999999999999999,-0.09999999999999998,99.70476270266137,0.29523729733863036
0.40000000000000013,-0.3999999999999999,0.0,100.17463146007888,0.17463146007888497
0.40000000000000013,-0.3999999999999999,0.10000000000000009,100.64036500015823,0.6403650001582264
0.40000000000000013,-0.3999999999999999,0.20000000000000018,101.10196332289937,1.1019633228993655
0.40000000000000013,-0.3999999999999999,0.30000000000000004,101.55942642830237,1.5594264283023733
0.40000000000000013,-0.3999999999999999,0.40000000000000013,102.0127543163672,2.012754316367193
0.40000000000000013,-0.3999999999999999,0.5,102.46194698709382,2.4619469870938246
0.40000000000000013,-0.3999999999999999,0.6000000000000001,102.9070044404823,2.9070044404822966
0.40000000000000013,-0.3999999999999999,0.7000000000000002,103.34792667653261,3.347926676532609
0.40000000000000013,-0.3999999999999999,0.8,103.78471369524473,3.784713695244733
0.40000000000000013,-0.3999999999999999,0.9000000000000001,104.21736549661868,4.217365496618683
0.40000000000000013,-0.3999999999999999,1.0,104.64588208065446,4.645882080654459
0.40000000000000013,-0.29999999999999993,-1.0,95.7132872309686,4.286712769031396
0.40000000000000013,-0.29999999999999993,-0.9,96.22046344771871,3.779536552281286
0.40000000000000013,-0.29999999999999993,-0.8,96.72350444713067,3.276495552869335
0.40000000000000013,-0.29999999999999993,-0.7,97.22241022920444,2.777589770795558
0.40000000000000013,-0.29999999999999993,-0.6,97.71718079394005,2.282819206059955
0.40000000000000013,-0.29999999999999993,-0.5,98.20781614133747,1.7921838586625256
0.40000000000000013,-0.29999999999999993,-0.3999999999999999,98.69431627139674,1.305683728603256
0.40000000000000013,-0.29999999999999993,-0.29999999999999993,99.17668118411783,0.8233188158821747
0.40000000000000013,-0.29999999999999993,-0.19999999999999996,99.65491087950073,0.3450891204992672
0.40000000000000013,-0.29999999999999993,-0.09999999999999998,100.12900535754548,0.1290053575454806
0.40000000000000013,-0.29999999999999993,0.0,100.59896461825204,0.5989646182520403
0.40000000000000013,-0.29999999999999993,0.10000000000000009,101.06478866162044,1.0647886616204403
0.40000000000000013,-0.29999999999999993,0.20000000000000018,101.52647748765064,1.526477487650638
0.40000000000000013,-0.29999999999999993,0.30000000000000004,101.98403109634269,1.9840310963426901
0.40000000000000013,-0.29999999999999993,0.40000000000000013,102.43744948769657,2.4374494876965684
0.40000000000000013,-0.29999999999999993,0.5,102.88673266171226,2.8867326617122586
0.40000000000000013,-0.29999999999999993,0.6000000000000001,103.33188061838979,3.331880618389789
0.40000000000000013,-0.29999999999999993,0.7000000000000002,103.77289335772915,3.7728933577291457
0.40000000000000013,-0.29999999999999993,0.8,104.20977087973033,4.209770879730328
0.40000000000000013,-0.29999999999999993,0.9000000000000001,104.64251318439334,4.642513184393337
0.40000000000000013,-0.29999999999999993,1.0,105.07112027171819,5.071120271718186
0.40000000000000013,-0.19999999999999996,-1.0,96.11954106031246,3.880458939687543
0.40000000000000013,-0.19999999999999996,-0.9,96.62680778035161,3.373192219648388
0.40000000000000013,-0.19999999999999996,-0.8,97.12993928305262,2.8700607169473784
0.40000000000000013,-0.19999999999999996,-0.7,97.62893556841546,2.371064431584543
0.40000000000000013,-0.19999999999999996,-0.6,98.1237966364401,1.8762033635598954
0.40000000000000013,-0.19999999999999996,-0.5,98.61452248712659,1.3854775128734076
0.40000000000000013,-0.19999999999999996,-0.3999999999999999,99.10111312047492,0.8988868795250795
0.40000000000000013,-0.19999999999999996,-0.29999999999999993,99.58356853648506,0.41643146351493954
0.40000000000000013,-0.19999999999999996,-0.19999999999999996,100.06188873515701,0.06188873515701232
0.40000000000000013,-0.19999999999999996,-0.09999999999999998,100.53607371649082,0.5360737164908187
0.40000000000000013,-0.19999999999999996,0.0,101.00612348048644,1.006123480486437
0.40000000000000013,-0.19999999999999996,0.10000000000000009,101.4720380271439,1.4720380271438955
0.40000000000000013,-0.19999999999999996,0.20000000000000018,101.93381735646315,1.9338173564631518
0.40000000000000013,-0.19999999999999996,0.30000000000000004,102.39146146844426,2.3914614684442626
0.40000000000000013,-0.19999999999999996,0.40000000000000013,102.8449703630872,2.8449703630871994
0.40000000000000013,-0.19999999999999996,0.5,103.29434404039193,3.294344040391934
0.40000000000000013,-0.19999999999999996,0.6000000000000001,103.73958250035852,3.739582500358523
0.40000000000000013,-0.19999999999999996,0.7000000000000002,104.18068574298694,4.180685742986938
0.40000000000000013,-0.19999999999999996,0.8,104.61765376827718,4.617653768277179
0.40000000000000013,-0.19999999999999996,0.9000000000000001,105.05048657622925,5.050486576229247
0.40000000000000013,-0.19999999999999996,1.0,105.47918416684314,5.47918416684314
0.40000000000000013,-0.09999999999999998,-1.0,96.50862059371752,3.4913794062824763
0.40000000000000013,-0.09999999999999998,-0.9,97.01597781704575,2.9840221829542486
0.40000000000000013,-0.09999999999999998,-0.8,97.51919982303582,2.4808001769641805
0.40000000000000013,-0.09999999999999998,-0.7,98.01828661168771,1.9817133883122864
0.40000000000000013,-0.09999999999999998,-0.6,98.5132381830014,1.4867618169985946
0.40000000000000013,-0.09999999999999998,-0.5,99.00405453697695,0.9959454630230482
0.40000000000000013,-0.09999999999999998,-0.3999999999999999,99.49073567361434,0.5092643263856615
0.40000000000000013,-0.09999999999999998,-0.29999999999999993,99.97328159291352,0.026718407086477214
0.40000000000000013,-0.09999999999999998,-0.19999999999999996,100.45169229487455,0.45169229487454743
0.40000000000000013,-0.09999999999999998,-0.09999999999999998,100.92596777949741,0.9259677794974124
0.40000000000000013,-0.09999999999999998,0.0,101.39610804678208,1.396108046782075
0.40000000000000013,-0.09999999999999998,0.10000000000000009,101.86211309672859,1.8621130967285922
0.40000000000000013,-0.09999999999999998,0.20000000000000018,102.3239829293369,2.323982929336907
0.40000000000000013,-0.09999999999999998,0.30000000000000004,102.78171754460706,2.781717544607062
0.40000000000000013,-0.09999999999999998,0.40000000000000013,103.23531694253906,3.2353169425390575
0.40000000000000013,-0.09999999999999998,0.5,103.68478112313286,3.684781123132865
0.40000000000000013,-0.09999999999999998,0.6000000000000001,104.1301100863885,4.130110086388498
0.40000000000000013,-0.09999999999999998,0.7000000000000002,104.57130383230597,4.571303832305972
0.40000000000000013,-0.09999999999999998,0.8,105.00836236088527,5.008362360885272
0.40000000000000013,-0.09999999999999998,0.9000000000000001,105.44128567212638,5.441285672126384
0.40000000000000013,-0.09999999999999998,1.0,105.87007376602932,5.870073766029321
0.40000000000000013,0.0,-1.0,96.88052583118386,3.11947416881614
0.40000000000000013,0.0,-0.9,97.38797355780113,2.612026442198868
0.40000000000000013,0.0,-0.8,97.89128606708026,2.1087139329197413
0.40000000000000013,0.0,-0.7,98.3904633590212,1.6095366409788028
0.40000000000000013,0.0,-0.6,98.88550543362396,1.1144945663760382
0.40000000000000013,0.0,-0.5,99.37641229088855,0.6235877091114475
0.40000000000000013,0.0,-0.3999999999999999,99.863183930815,0.13681606918500222
0.40000000000000013,0.0,-0.29999999999999993,100.34582035340324,0.3458203534032407
0.40000000000000013,0.0,-0.19999999999999996,100.82432155865332,0.8243215586533239
0.40000000000000013,0.0,-0.09999999999999998,101.29868754656523,1.2986875465652332
0.40000000000000013,0.0,0.0,101.76891831713895,1.7689183171389544
0.40000000000000013,0.0,0.10000000000000009,102.23501387037453,2.23501387037453
0.40000000000000013,0.0,0.20000000000000018,102.69697420627189,2.6969742062718893
0.40000000000000013,0.0,0.30000000000000004,103.15479932483112,3.1547993248311172
0.40000000000000013,0.0,0.40000000000000013,103.60848922605216,3.608489226052157
0.40000000000000013,0.0,0.5,104.05804390993502,4.058043909935023
0.40000000000000013,0.0,0.6000000000000001,104.50346337647971,4.503463376479715
0.40000000000000013,0.0,0.7000000000000002,104.94474762568625,4.944747625686247
0.40000000000000013,0.0,0.8,105.38189665755459,5.3818966575545915
0.40000000000000013,0.0,0.9000000000000001,105.81491047208478,5.814910472084776
0.40000000000000013,0.0,1.0,106.24378906927677,6.243789069276772
0.40000000000000013,0.10000000000000009,-1.0,97.23525677271141,2.764743227288591
0.40000000000000013,0.10000000000000009,-0.9,97.74279500261775,2.257204997382246
0.40000000000000013,0.10000000000000009,-0.8,98.24619801518594,1.7538019848140607
0.40000000000000013,0.10000000000000009,-0.7,98.74546581041594,1.2545341895840636
0.40000000000000013,0.10000000000000009,-0.6,99.24059838830775,0.7594016116922546
0.40000000000000013,0.10000000000000009,-0.5,99.7315957488614,0.26840425113860533
0.40000000000000013,0.10000000000000009,-0.3999999999999999,100.2184578920769,0.21845789207689847
0.40000000000000013,0.10000000000000009,-0.29999999999999993,100.7011848179542,0.7011848179542
0.40000000000000013,0.10000000000000009,-0.19999999999999996,101.17977652649333,1.1797765264933275
0.40000000000000013,0.10000000000000009,-0.09999999999999998,101.6542330176943,1.6542330176942954
0.40000000000000013,0.10000000000000009,0.0,102.12455429155709,2.1245542915570894
0.40000000000000013,0.10000000000000009,0.10000000000000009,102.59074034808171,2.5907403480817095
0.40000000000000013,0.10000000000000009,0.20000000000000018,103.05279118726813,3.0527911872681273
0.40000000000000013,0.10000000000000009,0.30000000000000004,103.5107068091164,3.5107068091163995
0.40000000000000013,0.10000000000000009,0.40000000000000013,103.96448721362651,3.964487213626512
0.40000000000000013,0.10000000000000009,0.5,104.41413240079842,4.414132400798422
0.40000000000000013,0.10000000000000009,0.6000000000000001,104.85964237063217,4.859642370632173
0.40000000000000013,0.10000000000000009,0.7000000000000002,105.30101712312775,5.30101712312775
0.40000000000000013,0.10000000000000009,0.8,105.73825665828517,5.738256658285167
0.40000000000000013,0.10000000000000009,0.9000000000000001,106.1713609761044,6.1713609761043955
0.40000000000000013,0.10000000000000009,1.0,106.60033007658544,6.600330076585436
0.40000000000000013,0.20000000000000018,-1.0,97.57281341830021,2.427186581699786
0.40000000000000013,0.20000000000000018,-0.9,98.08044215149562,1.9195578485043825
0.40000000000000013,0.20000000000000018,-0.8,98.58393566735285,1.416064332647153
0.40000000000000013,0.20000000000000018,-0.7,99.0832939658719,0.9167060341280973
0.40000000000000013,0.20000000000000018,-0.6,99.57851704705278,0.4214829529472155
0.40000000000000013,0.20000000000000018,-0.5,100.06960491089549,0.06960491089549237
0.40000000000000013,0.20000000000000018,-0.3999999999999999,100.55655755740004,0.5565575574000405
0.40000000000000013,0.20000000000000018,-0.29999999999999993,101.0393749865664,1.0393749865664006
0.40000000000000013,0.20000000000000018,-0.19999999999999996,101.51805719839459,1.5180571983945867
0.40000000000000013,0.20000000000000018,-0.09999999999999998,101.99260419288461,1.9926041928846132
0.40000000000000013,0.20000000000000018,0.0,102.46301597003645,2.4630159700364516
0.40000000000000013,0.20000000000000018,0.10000000000000009,102.92929252985013,2.9292925298501302
0.40000000000000013,0.20000000000000018,0.20000000000000018,103.3914338723256,3.3914338723256066
0.40000000000000013,0.20000000000000018,0.30000000000000004,103.84943999746294,3.8494399974629374
0.40000000000000013,0.20000000000000018,0.40000000000000013,104.3033109052621,4.303310905262094
0.40000000000000013,0.20000000000000018,0.5,104.75304659572306,4.753046595723063
0.40000000000000013,0.20000000000000018,0.6000000000000001,105.19864706884587,5.198647068845872
0.40000000000000013,0.20000000000000018,0.7000000000000002,105.64011232463051,5.640112324630508
0.40000000000000013,0.20000000000000018,0.8,106.07744236307697,6.077442363076969
0.40000000000000013,0.20000000000000018,0.9000000000000001,106.51063718418526,6.510637184185256
0.40000000000000013,0.20000000000000018,1.0,106.93969678795536,6.939696787955356
0.40000000000000013,0.30000000000000004,-1.0,97.89319576795029,2.1068042320497113
0.40000000000000013,0.30000000000000004,-0.9,98.40091500443472,1.5990849955652777
0.40000000000000013,0.30000000000000004,-0.8,98.90449902358101,1.0955009764189896
0.40000000000000013,0.30000000000000004,-0.7,99.40394782538912,0.5960521746108753
0.40000000000000013,0.30000000000000004,-0.6,99.89926140985905,0.10073859014094921
0.40000000000000013,0.30000000000000004,-0.5,100.39043977699082,0.3904397769908172
0.40000000000000013,0.30000000000000004,-0.3999999999999999,100.87748292678442,0.877482926784424
0.40000000000000013,0.30000000000000004,-0.29999999999999993,101.36039085923983,1.3603908592398284
0.40000000000000013,0.30000000000000004,-0.19999999999999996,101.83916357435707,1.8391635743570731
0.40000000000000013,0.30000000000000004,-0.09999999999999998,102.31380107213616,2.313801072136158
0.40000000000000013,0.30000000000000004,0.0,102.78430335257706,2.784303352577055
0.40000000000000013,0.30000000000000004,0.10000000000000009,103.25067041567979,3.2506704156797923
0.40000000000000013,0.30000000000000004,0.20000000000000018,103.71290226144433,3.7129022614443272
0.40000000000000013,0.30000000000000004,0.30000000000000004,104.17099888987072,4.170998889870717
0.40000000000000013,0.30000000000000004,0.40000000000000013,104.62496030095892,4.624960300958918
0.40000000000000013,0.30000000000000004,0.5,105.07478649470895,5.074786494708945
0.40000000000000013,0.30000000000000004,0.6000000000000001,105.52047747112081,5.520477471120813
0.40000000000000013,0.30000000000000004,0.7000000000000002,105.9620332301945,5.962033230194507
0.40000000000000013,0.30000000000000004,0.8,106.39945377193003,6.399453771930027
0.40000000000000013,0.30000000000000004,0.9000000000000001,106.83273909632737,6.832739096327373
0.40000000000000013,0.30000000000000004,1.0,107.26188920338652,7.2618892033865166
0.40000000000000013,0.40000000000000013,-1.0,98.19640382166156,1.803596178338438
0.40000000000000013,0.40000000000000013,-0.9,98.70421356143507,1.2957864385649316
0.40000000000000013,0.40000000000000013,-0.8,99.20788808387042,0.7921119161295849
0.40000000000000013,0.40000000000000013,-0.7,99.70742738896759,0.29257261103241206
0.40000000000000013,0.40000000000000013,-0.6,100.20283147672656,0.20283147672655844
0.40000000000000013,0.40000000000000013,-0.5,100.69410034714738,0.6941003471473834
0.40000000000000013,0.40000000000000013,-0.3999999999999999,101.18123400023005,1.1812340002300488
0.40000000000000013,0.40000000000000013,-0.29999999999999993,101.66423243597451,1.6642324359745118
0.40000000000000013,0.40000000000000013,-0.19999999999999996,102.14309565438082,2.143095654380815
0.40000000000000013,0.40000000000000013,-0.09999999999999998,102.61782365544896,2.6178236554489587
0.40000000000000013,0.40000000000000013,0.0,103.0884164391789,3.0884164391789
0.40000000000000013,0.40000000000000013,0.10000000000000009,103.5548740055707,3.5548740055706958
0.40000000000000013,0.40000000000000013,0.20000000000000018,104.01719635462428,4.017196354624275
0.40000000000000013,0.40000000000000013,0.30000000000000004,104.47538348633972,4.475383486339723
0.40000000000000013,0.40000000000000013,0.40000000000000013,104.929435400717,4.929435400716997
0.40000000000000013,0.40000000000000013,0.5,105.37935209775607,5.379352097756069
0.40000000000000013,0.40000000000000013,0.6000000000000001,105.825133577457,5.825133577456995
0.40000000000000013,0.40000000000000013,0.7000000000000002,106.26677983981975,6.266779839819748
0.40000000000000013,0.40000000000000013,0.8,106.70429088484431,6.704290884844312
0.40000000000000013,0.40000000000000013,0.9000000000000001,107.13766671253072,7.1376667125307165
0.40000000000000013,0.40000000000000013,1.0,107.56690732287893,7.566907322878933
0.40000000000000013,0.5,-1.0,98.4824375794341,1.5175624205658949
0.40000000000000013,0.5,-0.9,98.99033782249666,1.009662177503344
0.40000000000000013,0.5,-0.8,99.49410284822106,0.5058971517789388
0.40000000000000013,0.5,-0.7,99.99373265660728,0.006267343392721614
0.40000000000000013,0.5,-0.6,100.48922724765532,0.48922724765532166
0.40000000000000013,0.5,-0.5,100.98058662136519,0.980586621365191
0.40000000000000013,0.5,-0.3999999999999999,101.46781077773691,1.467810777736915
0.40000000000000013,0.5,-0.29999999999999993,101.95089971677044,1.9508997167704365
0.40000000000000013,0.5,-0.19999999999999996,102.42985343846578,2.429853438465784
0.40000000000000013,0.5,-0.09999999999999998,102.90467194282299,2.9046719428229864
0.40000000000000013,0.5,0.0,103.37535522984199,3.375355229841986
0.40000000000000013,0.5,0.10000000000000009,103.84190329952284,3.8419032995228406
0.40000000000000013,0.5,0.20000000000000018,104.30431615186548,4.3043161518654784
0.40000000000000013,0.5,0.30000000000000004,104.76259378686999,4.762593786869985
0.40000000000000013,0.5,0.40000000000000013,105.2167362045363,5.2167362045363035
0.40000000000000013,0.5,0.5,105.66674340486445,5.666743404864448
0.40000000000000013,0.5,0.6000000000000001,106.11261538785442,6.112615387854419
0.40000000000000013,0.5,0.7000000000000002,106.55435215350622,6.5543521535062155
0.40000000000000013,0.5,0.8,106.99195370181985,6.9919537018198525
0.40000000000000013,0.5,0.9000000000000001,107.4254200327953,7.4254200327953015
0.40000000000000013,0.5,1.0,107.85475114643259,7.854751146432591
0.40000000000000013,0.6000000000000001,-1.0,98.75129704126788,1.2487029587321246
0.40000000000000013,0.6000000000000001,-0.9,99.2592877876195,0.740712212380501
0.40000000000000013,0.6000000000000001,-0.8,99.76314331663296,0.23685668336703714
0.40000000000000013,0.6000000000000001,-0.7,100.26286362830824,0.2628636283082386
0.40000000000000013,0.6000000000000001,-0.6,100.75844872264533,0.7584487226453263
0.40000000000000013,0.6000000000000001,-0.5,101.24989859964425,1.2498985996442542
0.40000000000000013,0.6000000000000001,-0.3999999999999999,101.73721325930504,1.7372132593050367
0.40000000000000013,0.6000000000000001,-0.29999999999999993,102.22039270162762,2.220392701627617
0.40000000000000013,0.6000000000000001,-0.19999999999999996,102.69943692661202,2.699436926612023
0.40000000000000013,0.6000000000000001,-0.09999999999999998,103.17434593425827,3.1743459342582696
0.40000000000000013,0.6000000000000001,0.0,103.64511972456634,3.6451197245663423
0.40000000000000013,0.6000000000000001,0.10000000000000009,104.11175829753624,4.111758297536241
0.40000000000000013,0.6000000000000001,0.20000000000000018,104.57426165316794,4.574261653167937
0.40000000000000013,0.6000000000000001,0.30000000000000004,105.03262979146149,5.032629791461488
0.40000000000000013,0.6000000000000001,0.40000000000000013,105.48686271241687,5.486862712416865
0.40000000000000013,0.6000000000000001,0.5,105.93696041603407,5.9369604160340685
0.40000000000000013,0.6000000000000001,0.6000000000000001,106.3829229023131,6.382922902313098
0.40000000000000013,0.6000000000000001,0.7000000000000002,106.82475017125395,6.824750171253953
0.40000000000000013,0.6000000000000001,0.8,107.26244222285663,7.2624422228566345
0.40000000000000013,0.6000000000000001,0.9000000000000001,107.69599905712116,7.695999057121156
0.40000000000000013,0.6000000000000001,1.0,108.12542067404748,8.125420674047476
0.40000000000000013,0.7000000000000002,-1.0,99.00298220716289,0.9970177928371129
0.40000000000000013,0.7000000000000002,-0.9,99.51106345680357,0.48893654319643076
0.40000000000000013,0.7000000000000002,-0.8,100.01500948910608,0.015009489106077467
0.40000000000000013,0.7000000000000002,-0.7,100.51482030407041,0.5148203040704118
0.40000000000000013,0.7000000000000002,-0.6,101.01049590169657,1.0104959016965722
0.40000000000000013,0.7000000000000002,-0.5,101.50203628198456,1.5020362819845587
0.40000000000000013,0.7000000000000002,-0.3999999999999999,101.98944144493439,1.9894414449343856
0.40000000000000013,0.7000000000000002,-0.29999999999999993,102.47271139054602,2.4727113905460243
0.40000000000000013,0.7000000000000002,-0.19999999999999996,102.95184611881949,2.951846118819489
0.40000000000000013,0.7000000000000002,-0.09999999999999998,103.4268456297548,3.4268456297547942
0.40000000000000013,0.7000000000000002,0.0,103.89770992335191,3.8977099233519112
0.40000000000000013,0.7000000000000002,0.10000000000000009,104.36443899961087,4.364438999610869
0.40000000000000013,0.7000000000000002,0.20000000000000018,104.82703285853162,4.827032858531624
0.40000000000000013,0.7000000000000002,0.30000000000000004,105.28549150011423,5.285491500114233
0.40000000000000013,0.7000000000000002,0.40000000000000013,105.73981492435867,5.739814924358669
0.40000000000000013,0.7000000000000002,0.5,106.19000313126492,6.190003131264916
0.40000000000000013,0.7000000000000002,0.6000000000000001,106.636056120833,6.636056120833004
0.40000000000000013,0.7000000000000002,0.7000000000000002,107.07797389306292,7.077973893062918
0.40000000000000013,0.7000000000000002,0.8,107.51575644795466,7.515756447954658
0.40000000000000013,0.7000000000000002,0.9000000000000001,107.94940378550822,7.949403785508224
0.40000000000000013,0.7000000000000002,1.0,108.3789159057236,8.378915905723602
0.40000000000000013,0.8,-1.0,99.23749307711915,0.7625069228808457
0.40000000000000013,0.8,-0.9,99.74566483004888,0.25433516995111916
0.40000000000000013,0.8,-0.8,100.24970136564045,0.24970136564044765
0.40000000000000013,0.8,-0.7,100.74960268389384,0.7496026838938405
0.40000000000000013,0.8,-0.6,101.24536878480905,1.2453687848090453
0.40000000000000013,0.8,-0.5,101.73699966838609,1.7369996683860904
0.40000000000000013,0.8,-0.3999999999999999,102.22449533462498,2.224495334624976
0.40000000000000013,0.8,-0.29999999999999993,102.70785578352566,2.707855783525659
0.40000000000000013,0.8,-0.19999999999999996,103.18708101508818,3.1870810150881823
0.40000000000000013,0.8,-0.09999999999999998,103.66217102931255,3.662171029312546
0.40000000000000013,0.8,0.0,104.13312582619872,4.133125826198722
0.40000000000000013,0.8,0.10000000000000009,104.59994540574674,4.5999454057467375
0.40000000000000013,0.8,0.20000000000000018,105.06262976795655,5.062629767956551
0.40000000000000013,0.8,0.30000000000000004,105.5211789128282,5.521178912828205
0.40000000000000013,0.8,0.40000000000000013,105.9755928403617,5.975592840361699
0.40000000000000013,0.8,0.5,106.425871550557,6.425871550557005
0.40000000000000013,0.8,0.6000000000000001,106.87201504341415,6.872015043414152
0.40000000000000013,0.8,0.7000000000000002,107.31402331893312,7.314023318933124
0.40000000000000013,0.8,0.8,107.75189637711391,7.751896377113908
0.40000000000000013,0.8,0.9000000000000001,108.18563421795653,8.185634217956533
0.40000000000000013,0.8,1.0,108.61523684146097,8.61523684146097
0.40000000000000013,0.9000000000000001,-1.0,99.45482965113665,0.5451703488633513
0.40000000000000013,0.9000000000000001,-0.9,99.96309190735543,0.03690809264456618
0.40000000000000013,0.9000000000000001,-0.8,100.46721894623606,0.4672189462360592
0.40000000000000013,0.9000000000000001,-0.7,100.96721076777851,0.9672107677785107
0.40000000000000013,0.9000000000000001,-0.6,101.46306737198276,1.4630673719827598
0.40000000000000013,0.9000000000000001,-0.5,101.95478875884886,1.9547887588488635
0.40000000000000013,0.9000000000000001,-0.3999999999999999,102.44237492837681,2.4423749283768075
0.40000000000000013,0.9000000000000001,-0.29999999999999993,102.92582588056655,2.925825880566549
0.40000000000000013,0.9000000000000001,-0.19999999999999996,103.40514161541813,3.405141615418131
0.40000000000000013,0.9000000000000001,-0.09999999999999998,103.88032213293154,3.880322132931539
0.40000000000000013,0.9000000000000001,0.0,104.35136743310677,4.351367433106773
0.40000000000000013,0.9000000000000001,0.10000000000000009,104.81827751594385,4.818277515943848
0.40000000000000013,0.9000000000000001,0.20000000000000018,105.2810523814427,5.281052381442706
0.40000000000000013,0.9000000000000001,0.30000000000000004,105.73969202960343,5.739692029603432
0.40000000000000013,0.9000000000000001,0.40000000000000013,106.19419646042599,6.194196460425985
0.40000000000000013,0.9000000000000001,0.5,106.64456567391034,6.644565673910336
0.40000000000000013,0.9000000000000001,0.6000000000000001,107.09079967005654,7.0907996700565405
0.40000000000000013,0.9000000000000001,0.7000000000000002,107.53289844886456,7.532898448864557
0.40000000000000013,0.9000000000000001,0.8,107.97086201033441,7.9708620103344145
0.40000000000000013,0.9000000000000001,0.9000000000000001,108.4046903544661,8.404690354466098
0.40000000000000013,0.9000000000000001,1.0,108.83438348125958,8.834383481259579
0.40000000000000013,1.0,-1.0,99.65499192921538,0.3450080707846155
0.40000000000000013,1.0,-0.9,100.16334468872323,0.16334468872322816
0.40000000000000013,1.0,-0.8,100.66756223089291,0.6675622308929121
0.40000000000000013,1.0,-0.7,101.16764455572441,1.167644555724408
0.40000000000000013,1.0,-0.6,101.66359166321773,1.6635916632177299
0.40000000000000013,1.0,-0.5,102.15540355337288,2.155403553372878
0.40000000000000013,1.0,-0.3999999999999999,102.64308022618988,2.6430802261898805
0.40000000000000013,1.0,-0.29999999999999993,103.12662168166868,3.1266216816686807
0.40000000000000013,1.0,-0.19999999999999996,103.6060279198093,3.606027919809307
0.40000000000000013,1.0,-0.09999999999999998,104.08129894061179,4.081298940611788
0.40000000000000013,1.0,0.0,104.55243474407607,4.552434744076066
0.40000000000000013,1.0,0.10000000000000009,105.0194353302022,5.0194353302021995
0.40000000000000013,1.0,0.20000000000000018,105.48230069899012,5.482300698990116
0.40000000000000013,1.0,0.30000000000000004,105.94103085043989,5.941030850439887
0.40000000000000013,1.0,0.40000000000000013,106.3956257845515,6.395625784551498
0.40000000000000013,1.0,0.5,106.84608550132491,6.846085501324907
0.40000000000000013,1.0,0.6000000000000001,107.29241000076017,7.292410000760171
0.40000000000000013,1.0,0.7000000000000002,107.73459928285725,7.734599282857246
0.40000000000000013,1.0,0.8,108.17265334761616,8.172653347616162
0.40000000000000013,1.0,0.9000000000000001,108.60657219503689,8.60657219503689
0.40000000000000013,1.0,1.0,109.03635582511944,9.036355825119443
0.5,-1.0,-1.0,93.06212828887095,6.937871711129048
0.5,-1.0,-0.9,93.5692756443749,6.430724355625102
0.5,-1.0,-0.8,94.07228778254067,5.92771221745933
0.5,-1.0,-0.7,94.57116470336827,5.428835296631732
0.5,-1.0,-0.6,95.06590640685768,4.934093593142322
0.5,-1.0,-0.5,95.55651289300893,4.443487106991071
0.5,-1.0,-0.3999999999999999,96.042984161822,3.9570158381779947
0.5,-1.0,-0.29999999999999993,96.52532021329691,3.474679786703092
0.5,-1.0,-0.19999999999999996,97.00352104743364,2.9964789525663633
0.5,-1.0,-0.09999999999999998,97.4775866642322,2.5224133357677943
0.5,-1.0,0.0,97.94751706369259,2.0524829363074133
0.5,-1.0,0.10000000000000009,98.41331224581481,1.586687754185192
0.5,-1.0,0.20000000000000018,98.87497221059884,1.1250277894011589
0.5,-1.0,0.30000000000000004,99.33249695804469,0.6675030419553138
0.5,-1.0,0.40000000000000013,99.78588648815239,0.2141135118476143
0.5,-1.0,0.5,100.2351408009219,0.23514080092189715
0.5,-1.0,0.6000000000000001,100.68025989635325,0.6802598963532489
0.5,-1.0,0.7000000000000002,101.12124377444643,1.1212437744464268
0.5,-1.0,0.8,101.55809243520143,1.5580924352014307
0.5,-1.0,0.9000000000000001,101.99080587861825,1.9908058786182465
0.5,-1.0,1.0,102.41938410469689,2.4193841046968885
0.5,-0.9,-1.0,93.58968027633253,6.41031972366747
0.5,-0.9,-0.9,94.09691813512552,5.90308186487448
0.5,-0.9,-0.8,94.60002077658034,5.399979223419663
0.5,-0.9,-0.7,95.098988200697,4.9010117993030065
0.5,-0.9,-0.6,95.59382040747546,4.406179592524538
0.5,-0.9,-0.5,96.08451739691576,3.915482603084243
0.5,-0.9,-0.3999999999999999,96.5710791690179,3.4289208309820935
0.5,-0.9,-0.29999999999999993,97.05350572378187,2.9464942762181323
0.5,-0.9,-0.19999999999999996,97.53179706120764,2.468202938792359
0.5,-0.9,-0.09999999999999998,98.00595318129527,1.9940468187047315
0.5,-0.9,0.0,98.47597408404471,1.524025915955292
0.5,-0.9,0.10000000000000009,98.94185976945597,1.0581402305440264
0.5,-0.9,0.20000000000000018,99.40361023752907,0.5963897624709347
0.5,-0.9,0.30000000000000004,99.86122548826397,0.13877451173603106
0.5,-0.9,0.40000000000000013,100.31470552166073,0.31470552166072707
0.5,-0.9,0.5,100.7640503377193,0.7640503377192971
0.5,-0.9,0.6000000000000001,101.2092599364397,1.2092599364396932
0.5,-0.9,0.7000000000000002,101.65033431782193,1.6503343178219296
0.5,-0.9,0.8,102.08727348186599,2.087273481865992
0.5,-0.9,0.9000000000000001,102.52007742857187,2.5200774285718666
0.5,-0.9,1.0,102.94874615793958,2.9487461579395813
0.5,-0.8,-1.0,94.10005796785532,5.899942032144679
0.5,-0.8,-0.9,94.60738632993737,5.39261367006263
0.5,-0.8,-0.8,95.11057947468126,4.889420525318741
0.5,-0.8,-0.7,95.60963740208696,4.39036259791304
0.5,-0.8,-0.6,96.10456011215449,3.8954398878455123
0.5,-0.8,-0.5,96.59534760488384,3.404652395116159
0.5,-0.8,-0.3999999999999999,97.08199988027505,2.918000119724951
0.5,-0.8,-0.29999999999999993,97.56451693832805,2.4354830616719454
0.5,-0.8,-0.19999999999999996,98.04289877904289,1.9571012209571137
0.5,-0.8,-0.09999999999999998,98.51714540241957,1.4828545975804275
0.5,-0.8,0.0,98.98725680845806,1.0127431915419436
0.5,-0.8,0.10000000000000009,99.4532329971584,0.5467670028416052
0.5,-0.8,0.20000000000000018,99.91507396852053,0.08492603147946909
0.5,-0.8,0.30000000000000004,100.37277972254451,0.3727797225445073
0.5,-0.8,0.40000000000000013,100.82635025923031,0.8263502592303098
0.5,-0.8,0.5,101.27578557857792,1.2757855785779242
0.5,-0.8,0.6000000000000001,101.7210856805874,1.721085680587393
0.5,-0.8,0.7000000000000002,102.16225056525867,2.162250565258674
0.5,-0.8,0.8,102.5992802325918,2.599280232591795
0.5,-0.8,0.9000000000000001,103.03217468258673,3.032174682586728
0.5,-0.8,1.0,103.46093391524349,3.460933915243487
0.5,-0.7,-1.0,94.59326136343938,5.406738636560618
0.5,-0.7,-0.9,95.10068022881048,4.899319771189525
0.5,-0.7,-0.8,95.60396387684341,4.396036123156591
0.5,-0.7,-0.7,96.10311230753817,3.8968876924618314
0.5,-0.7,-0.6,96.59812552089475,3.4018744791052455
0.5,-0.7,-0.5,97.08900351691317,2.9109964830868336
0.5,-0.7,-0.3999999999999999,97.57574629559342,2.4242537044065813
0.5,-0.7,-0.29999999999999993,98.05835385693548,1.941646143064517
0.5,-0.7,-0.19999999999999996,98.53682620093939,1.4631737990606126
0.5,-0.7,-0.09999999999999998,99.01116332760512,0.988836672394882
0.5,-0.7,0.0,99.48136523693266,0.5186347630673396
0.5,-0.7,0.10000000000000009,99.94743192892204,0.0525680710779568
0.5,-0.7,0.20000000000000018,100.40936340357324,0.40936340357323786
0.5,-0.7,0.30000000000000004,100.86715966088627,0.8671596608862728
0.5,-0.7,0.40000000000000013,101.32082070086113,1.320820700861134
0.5,-0.7,0.5,101.7703465234978,1.7703465234978069
0.5,-0.7,0.6000000000000001,102.21573712879632,2.21573712879632
0.5,-0.7,0.7000000000000002,102.65699251675667,2.6569925167566737
0.5,-0.7,0.8,103.09411268737884,3.094112687378839
0.5,-0.7,0.9000000000000001,103.52709764066283,3.5270976406628307
0.5,-0.7,1.0,103.95594737660863,3.955947376608634
0.5,-0.6,-1.0,95.06929046308466,4.930709536915344
0.5,-0.6,-0.9,95.57679983174481,4.4232001682551925
0.5,-0.6,-0.8,96.0801739830668,3.9198260169332
0.5,-0.6,-0.7,96.57941291705062,3.420587082949382
0.5,-0.6,-0.6,97.07451663369626,2.9254833663037374
0.5,-0.6,-0.5,97.56548513300373,2.434514866996267
0.5,-0.6,-0.3999999999999999,98.05231841497304,1.947681585026956
0.5,-0.6,-0.29999999999999993,98.53501647960417,1.4649835203958332
0.5,-0.6,-0.19999999999999996,99.01357932689712,0.9864206731028844
0.5,-0.6,-0.09999999999999998,99.4880069568519,0.5119930431480952
0.5,-0.6,0.0,99.9582993694685,0.0417006305314942
0.5,-0.6,0.10000000000000009,100.42445656474695,0.42445656474694715
0.5,-0.6,0.20000000000000018,100.8864785426872,0.8864785426872004
0.5,-0.6,0.30000000000000004,101.34436530328928,1.3443653032892797
0.5,-0.6,0.40000000000000013,101.7981168465532,1.7981168465531994
0.5,-0.6,0.5,102.24773317247893,2.247733172478931
0.5,-0.6,0.6000000000000001,102.6932142810665,2.6932142810665027
0.5,-0.6,0.7000000000000002,103.1345601723159,3.1345601723159007
0.5,-0.6,0.8,103.57177084622712,3.5717708462271247
0.5,-0.6,0.9000000000000001,104.00484630280017,4.004846302800175
0.5,-0.6,1.0,104.43378654203505,4.433786542035051
0.5,-0.5,-1.0,95.5281452667912,4.471854733208801
0.5,-0.5,-0.9,96.03574513874041,3.9642548612595903
0.5,-0.5,-0.8,96.53920979335146,3.4607902066485394
0.5,-0.5,-0.7,97.03853923062434,2.9614607693756625
0.5,-0.5,-0.6,97.53373345055901,2.466266549440988
0.5,-0.5,-0.5,98.02479245315554,1.9752075468444588
0.5,-0.5,-0.3999999999999999,98.51171623841391,1.4882837615860893
0.5,-0.5,-0.29999999999999993,98.99450480633409,1.005495193665908
0.5,-0.5,-0.19999999999999996,99.4731581569161,0.5268418430839006
0.5,-0.5,-0.09999999999999998,99.94767629015995,0.05232370984005286
0.5,-0.5,0.0,100.41805920606559,0.41805920606559255
0.5,-0.5,0.10000000000000009,100.88430690463309,0.8843069046330925
0.5,-0.5,0.20000000000000018,101.34641938586239,1.34641938586239
0.5,-0.5,0.30000000000000004,101.80439664975354,1.8043966497535422
0.5,-0.5,0.40000000000000013,102.25823869630652,2.2582386963065204
0.5,-0.5,0.5,102.70794552552131,2.7079455255213105
0.5,-0.5,0.6000000000000001,103.15351713739793,3.1535171373979267
0.5,-0.5,0.7000000000000002,103.59495353193638,3.5949535319363832
0.5,-0.5,0.8,104.03225470913667,4.032254709136666
0.5,-0.5,0.9000000000000001,104.46542066899877,4.4654206689987745
0.5,-0.5,1.0,104.89445141152271,4.894451411522709
0.5,-0.3999999999999999,-1.0,95.96982577455897,4.03017422544103
0.5,-0.3999999999999999,-0.9,96.47751614979724,3.522483850202761
0.5,-0.3999999999999999,-0.8,96.98107130769733,3.0189286923026657
0.5,-0.3999999999999999,-0.7,97.48049124825927,2.51950875174073
0.5,-0.3999999999999999,-0.6,97.975775971483,2.024224028516997
0.5,-0.3999999999999999,-0.5,98.46692547736859,1.5330745226314093
0.5,-0.3999999999999999,-0.3999999999999999,98.95393976591602,1.0460602340839813
0.5,-0.3999999999999999,-0.29999999999999993,99.43681883712524,0.5631811628747556
0.5,-0.3999999999999999,-0.19999999999999996,99.91556269099631,0.08443730900368962
0.5,-0.3999999999999999,-0.09999999999999998,100.39017132752922,0.3901713275292167
0.5,-0.3999999999999999,0.0,100.86064474672392,0.8606447467239207
0.5,-0.3999999999999999,0.10000000000000009,101.32698294858048,1.3269829485804792
0.5,-0.3999999999999999,0.20000000000000018,101.78918593309882,1.7891859330988211
0.5,-0.3999999999999999,0.30000000000000004,102.24725370027903,2.247253700279032
0.5,-0.3999999999999999,0.40000000000000013,102.70118625012107,2.7011862501210686
0.5,-0.3999999999999999,0.5,103.1509835826249,3.150983582624903
0.5,-0.3999999999999999,0.6000000000000001,103.59664569779059,3.596645697790592
0.5,-0.3999999999999999,0.7000000000000002,104.03817259561811,4.038172595618107
0.5,-0.3999999999999999,0.8,104.47556427610743,4.475564276107434
0.5,-0.3999999999999999,0.9000000000000001,104.9088207392586,4.908820739258601
0.5,-0.3999999999999999,1.0,105.33794198507158,5.337941985071581
0.5,-0.29999999999999993,-1.0,96.39433198638798,3.605668013612018
0.5,-0.29999999999999993,-0.9,96.9021128649153,3.0978871350847044
0.5,-0.29999999999999993,-0.8,97.40575852610445,2.5942414738955506
0.5,-0.29999999999999993,-0.7,97.90526896995544,2.0947310300445565
0.5,-0.29999999999999993,-0.6,98.40064419646824,1.5993558035317648
0.5,-0.29999999999999993,-0.5,98.89188420564288,1.1081157943571185
0.5,-0.29999999999999993,-0.3999999999999999,99.37898899747935,0.6210110025206461
0.5,-0.29999999999999993,-0.29999999999999993,99.86195857197765,0.13804142802234765
0.5,-0.29999999999999993,-0.19999999999999996,100.34079292913776,0.3407929291377627
0.5,-0.29999999999999993,-0.09999999999999998,100.81549206895971,0.8154920689597134
0.5,-0.29999999999999993,0.0,101.28605599144349,1.2860559914434901
0.5,-0.29999999999999993,0.10000000000000009,101.7524846965891,1.752484696589093
0.5,-0.29999999999999993,0.20000000000000018,102.21477818439651,2.2147781843965078
0.5,-0.29999999999999993,0.30000000000000004,102.67293645486576,2.672936454865763
0.5,-0.29999999999999993,0.40000000000000013,103.12695950799686,3.126959507996858
0.5,-0.29999999999999993,0.5,103.57684734378975,3.576847343789751
0.5,-0.29999999999999993,0.6000000000000001,104.02259996224448,4.022599962244485
0.5,-0.29999999999999993,0.7000000000000002,104.46421736336106,4.464217363361058
0.5,-0.29999999999999993,0.8,104.90169954713944,4.901699547139444
0.5,-0.29999999999999993,0.9000000000000001,105.33504651357967,5.33504651357967
0.5,-0.29999999999999993,1.0,105.76425826268171,5.764258262681707
0.5,-0.19999999999999996,-1.0,96.80166390227822,3.1983360977217785
0.5,-0.19999999999999996,-0.9,97.30953528409461,2.6904647159053923
0.5,-0.19999999999999996,-0.8,97.81327144857282,2.18672855142718
0.5,-0.19999999999999996,-0.7,98.31287239571286,1.6871276042871415
0.5,-0.19999999999999996,-0.6,98.80833812551471,1.1916618744852912
0.5,-0.19999999999999996,-0.5,99.29966863797841,0.7003313620215863
0.5,-0.19999999999999996,-0.3999999999999999,99.78686393310394,0.21313606689605535
0.5,-0.19999999999999996,-0.29999999999999993,100.26992401089129,0.2699240108912875
0.5,-0.19999999999999996,-0.19999999999999996,100.74884887134046,0.7488488713404564
0.5,-0.19999999999999996,-0.09999999999999998,101.22363851445147,1.2236385144514657
0.5,-0.19999999999999996,0.0,101.6942929402243,1.694292940224301
0.5,-0.19999999999999996,0.10000000000000009,102.16081214865896,2.1608121486589624
0.5,-0.19999999999999996,0.20000000000000018,102.62319613975542,2.6231961397554215
0.5,-0.19999999999999996,0.30000000000000004,103.08144491351374,3.081444913513735
0.5,-0.19999999999999996,0.40000000000000013,103.53555846993389,3.535558469933889
0.5,-0.19999999999999996,0.5,103.98553680901584,3.9855368090158407
0.5,-0.19999999999999996,0.6000000000000001,104.43137993075963,4.431379930759633
0.5,-0.19999999999999996,0.7000000000000002,104.87308783516525,4.873087835165251
0.5,-0.19999999999999996,0.8,105.3106605222327,5.310660522232695
0.5,-0.19999999999999996,0.9000000000000001,105.74409799196198,5.744097991961979
0.5,-0.19999999999999996,1.0,106.17340024435308,6.1734002443530755
0.5,-0.09999999999999998,-1.0,97.1918215222297,2.808178477770298
0.5,-0.09999999999999998,-0.9,97.69978340733515,2.300216592664853
0.5,-0.09999999999999998,-0.8,98.20361007510242,1.796389924897582
0.5,-0.09999999999999998,-0.7,98.70330152553151,1.296698474468485
0.5,-0.09999999999999998,-0.6,99.19885775862242,0.8011422413775762
0.5,-0.09999999999999998,-0.5,99.69027877437517,0.30972122562482696
0.5,-0.09999999999999998,-0.3999999999999999,100.17756457278976,0.17756457278976256
0.5,-0.09999999999999998,-0.29999999999999993,100.66071515386616,0.660715153866164
0.5,-0.09999999999999998,-0.19999999999999996,101.13973051760439,1.1397305176043915
0.5,-0.09999999999999998,-0.09999999999999998,101.61461066400446,1.6146106640044593
0.5,-0.09999999999999998,0.0,102.08535559306634,2.085355593066339
0.5,-0.09999999999999998,0.10000000000000009,102.55196530479006,2.551965304790059
0.5,-0.09999999999999998,0.20000000000000018,103.01443979917558,3.0144397991755767
0.5,-0.09999999999999998,0.30000000000000004,103.47277907622295,3.472779076222949
0.5,-0.09999999999999998,0.40000000000000013,103.92698313593215,3.926983135932147
0.5,-0.09999999999999998,0.5,104.37705197830316,4.377051978303157
0.5,-0.09999999999999998,0.6000000000000001,104.82298560333601,4.822985603336008
0.5,-0.09999999999999998,0.7000000000000002,105.26478401103068,5.2647840110306845
0.5,-0.09999999999999998,0.8,105.70244720138719,5.702447201387187
0.5,-0.09999999999999998,0.9000000000000001,106.13597517440553,6.13597517440553
0.5,-0.09999999999999998,1.0,106.56536793008567,6.565367930085671
0.5,0.0,-1.0,97.56480484624245,2.4351951537575474
0.5,0.0,-0.9,98.07285723463694,1.9271427653630582
0.5,0.0,-0.8,98.57677440569327,1.4232255943067287
0.5,0.0,-0.7,99.07655635941141,0.9234436405885873
0.5,0.0,-0.6,99.57220309579138,0.4277969042086198
0.5,0.0,-0.5,100.06371461483319,0.06371461483318797
0.5,0.0,-0.3999999999999999,100.55109091653684,0.5510909165368361
0.5,0.0,-0.29999999999999993,101.0343320009023,1.034332000902296
0.5,0.0,-0.19999999999999996,101.51343786792957,1.513437867929568
0.5,0.0,-0.09999999999999998,101.9884085176187,1.9884085176186943
0.5,0.0,0.0,102.45924394996963,2.4592439499696326
0.5,0.0,0.10000000000000009,102.92594416498241,2.925944164982411
0.5,0.0,0.20000000000000018,103.38850916265699,3.3885091626569874
0.5,0.0,0.30000000000000004,103.84693894299342,3.846938942993418
0.5,0.0,0.40000000000000013,104.30123350599166,4.301233505991661
0.5,0.0,0.5,104.75139285165173,4.75139285165173
0.5,0.0,0.6000000000000001,105.19741697997364,5.197416979973639
0.5,0.0,0.7000000000000002,105.63930589095737,5.639305890957374
0.5,0.0,0.8,106.07705958460294,6.077059584602935
0.5,0.0,0.9000000000000001,106.51067806091031,6.510678060910308
0.5,0.0,1.0,106.94016131987951,6.940161319879508
0.5,0.10000000000000009,-1.0,97.92061387431642,2.079386125683584
0.5,0.10000000000000009,-0.9,98.42875676599996,1.5712432340000362
0.5,0.10000000000000009,-0.8,98.93276444034535,1.0672355596546481
0.5,0.10000000000000009,-0.7,99.43263689735255,0.5673631026474482
0.5,0.10000000000000009,-0.6,99.92837413702158,0.0716258629784221
0.5,0.10000000000000009,-0.5,100.41997615935244,0.41997615935244426
0.5,0.10000000000000009,-0.3999999999999999,100.90744296434514,0.9074429643451367
0.5,0.10000000000000009,-0.29999999999999993,101.39077455199966,1.3907745519996553
0.5,0.10000000000000009,-0.19999999999999996,101.869970922316,1.869970922316
0.5,0.10000000000000009,-0.09999999999999998,102.34503207529417,2.3450320752941707
0.5,0.10000000000000009,0.0,102.81595801093417,2.8159580109341675
0.5,0.10000000000000009,0.10000000000000009,103.28274872923599,3.2827487292359905
0.5,0.10000000000000009,0.20000000000000018,103.74540423019963,3.7454042301996253
0.5,0.10000000000000009,0.30000000000000004,104.20392451382511,4.203924513825115
0.5,0.10000000000000009,0.40000000000000013,104.65830958011242,4.658309580112416
0.5,0.10000000000000009,0.5,105.10855942906154,5.108559429061543
0.5,0.10000000000000009,0.6000000000000001,105.5546740606725,5.554674060672497
0.5,0.10000000000000009,0.7000000000000002,105.99665347494529,5.99665347494529
0.5,0.10000000000000009,0.8,106.43449767187991,6.43449767187991
0.5,0.10000000000000009,0.9000000000000001,106.86820665147634,6.868206651476342
0.5,0.10000000000000009,1.0,107.2977804137346,7.2977804137346
0.5,0.20000000000000018,-1.0,98.25924860645162,1.7407513935483792
0.5,0.20000000000000018,-0.9,98.76748200142424,1.2325179985757586
0.5,0.20000000000000018,-0.8,99.27158017905867,0.7284198209413262
0.5,0.20000000000000018,-0.7,99.77154313935495,0.22845686064505344
0.5,0.20000000000000018,-0.6,100.26737088231302,0.267370882313017
0.5,0.20000000000000018,-0.5,100.75906340793293,0.7590634079329277
0.5,0.20000000000000018,-0.3999999999999999,101.2466207162147,1.246620716214693
0.5,0.20000000000000018,-0.29999999999999993,101.73004280715826,1.7300428071582559
0.5,0.20000000000000018,-0.19999999999999996,102.20932968076366,2.209329680763659
0.5,0.20000000000000018,-0.09999999999999998,102.68448133703089,2.6844813370308884
0.5,0.20000000000000018,0.0,103.15549777595994,3.155497775959944
0.5,0.20000000000000018,0.10000000000000009,103.62237899755083,3.6223789975508254
0.5,0.20000000000000018,0.20000000000000018,104.0851250018035,4.085125001803505
0.5,0.20000000000000018,0.30000000000000004,104.54373578871805,4.5437357887180525
0.5,0.20000000000000018,0.40000000000000013,104.99821135829441,4.998211358294412
0.5,0.20000000000000018,0.5,105.4485517105326,5.448551710532598
0.5,0.20000000000000018,0.6000000000000001,105.89475684543261,5.89475684543261
0.5,0.20000000000000018,0.7000000000000002,106.33682676299445,6.336826762994448
0.5,0.20000000000000018,0.8,106.77476146321813,6.774761463218127
0.5,0.20000000000000018,0.9000000000000001,107.20856094610362,7.208560946103617
0.5,0.20000000000000018,1.0,107.63822521165093,7.6382252116509335
0.5,0.30000000000000004,-1.0,98.5807090426481,1.4192909573519046
0.5,0.30000000000000004,-0.9,99.08903294090975,0.9109670590902539
0.5,0.30000000000000004,-0.8,99.59322162183325,0.40677837816674867
0.5,0.30000000000000004,-0.7,100.09327508541857,0.09327508541856844
0.5,0.30000000000000004,-0.6,100.5891933316657,0.5891933316656974
0.5,0.30000000000000004,-0.5,101.08097636057467,1.0809763605746667
0.5,0.30000000000000004,-0.3999999999999999,101.56862417214548,1.5686241721454763
0.5,0.30000000000000004,-0.29999999999999993,102.05213676637811,2.052136766378112
0.5,0.30000000000000004,-0.19999999999999996,102.53151414327256,2.5315141432725596
0.5,0.30000000000000004,-0.09999999999999998,103.00675630282885,3.0067563028288475
0.5,0.30000000000000004,0.0,103.47786324504695,3.4778632450469473
0.5,0.30000000000000004,0.10000000000000009,103.94483496992689,3.9448349699268874
0.5,0.30000000000000004,0.20000000000000018,104.40767147746864,4.407671477468639
0.5,0.30000000000000004,0.30000000000000004,104.86637276767223,4.866372767672232
0.5,0.30000000000000004,0.40000000000000013,105.32093884053765,5.32093884053765
0.5,0.30000000000000004,0.5,105.77136969606488,5.77136969606488
0.5,0.30000000000000004,0.6000000000000001,106.21766533425395,6.217665334253951
0.5,0.30000000000000004,0.7000000000000002,106.65982575510486,6.659825755104862
0.5,0.30000000000000004,0.8,107.09785095861758,7.097850958617585
0.5,0.30000000000000004,0.9000000000000001,107.53174094479213,7.5317409447921335
0.5,0.30000000000000004,1.0,107.9614957136285,7.961495713628494
0.5,0.40000000000000013,-1.0,98.88499518290578,1.115004817094217
0.5,0.40000000000000013,-0.9,99.3934095844565,0.6065904155434936
0.5,0.40000000000000013,-0.8,99.89768876866906,0.102311231330944
0.5,0.40000000000000013,-0.7,100.39783273554343,0.3978327355434317
0.5,0.40000000000000013,-0.6,100.89384148507962,0.8938414850796192
0.5,0.40000000000000013,-0.5,101.38571501727765,1.3857150172776471
0.5,0.40000000000000013,-0.3999999999999999,101.87345333213752,1.8734533321375153
0.5,0.40000000000000013,-0.29999999999999993,102.3570564296592,2.3570564296591954
0.5,0.40000000000000013,-0.19999999999999996,102.8365243098427,2.8365243098427015
0.5,0.40000000000000013,-0.09999999999999998,103.31185697268805,3.311856972688048
0.5,0.40000000000000013,0.0,103.7830544181952,3.7830544181952064
0.5,0.40000000000000013,0.10000000000000009,104.2501166463642,4.250116646364205
0.5,0.40000000000000013,0.20000000000000018,104.713043657195,4.713043657195001
0.5,0.40000000000000013,0.30000000000000004,105.17183545068765,5.171835450687652
0.5,0.40000000000000013,0.40000000000000013,105.62649202684213,5.626492026842129
0.5,0.40000000000000013,0.5,106.07701338565842,6.077013385658418
0.5,0.40000000000000013,0.6000000000000001,106.52339952713655,6.523399527136547
0.5,0.40000000000000013,0.7000000000000002,106.9656504512765,6.9656504512765025
0.5,0.40000000000000013,0.8,107.40376615807828,7.403766158078284
0.5,0.40000000000000013,0.9000000000000001,107.83774664754189,7.837746647541891
0.5,0.40000000000000013,1.0,108.26759191966731,8.26759191966731
0.5,0.5,-1.0,99.17210702722474,0.8278929727752598
0.5,0.5,-0.9,99.6806119320645,0.3193880679355061
0.5,0.5,-0.8,100.1849816195661,0.18498161956610204
0.5,0.5,-0.7,100.68521608972954,0.6852160897295363
0.5,0.5,-0.6,101.18131534255478,1.1813153425547824
0.5,0.5,-0.5,101.67327937804187,1.6732793780418689
0.5,0.5,-0.3999999999999999,102.16110819619078,2.1611081961907814
0.5,0.5,-0.29999999999999993,102.64480179700152,2.64480179700152
0.5,0.5,-0.19999999999999996,103.12436018047408,3.124360180474085
0.5,0.5,-0.09999999999999998,103.59978334660849,3.59978334660849
0.5,0.5,0.0,104.0710712954047,4.071071295404707
0.5,0.5,0.10000000000000009,104.53822402686275,4.53822402686275
0.5,0.5,0.20000000000000018,105.0012415409826,5.001241540982605
0.5,0.5,0.30000000000000004,105.46012383776431,5.460123837764314
0.5,0.5,0.40000000000000013,105.91487091720785,5.91487091720785
0.5,0.5,0.5,106.3654827793132,6.365482779313197
0.5,0.5,0.6000000000000001,106.81195942408037,6.811959424080371
0.5,0.5,0.7000000000000002,107.25430085150938,7.2543008515093845
0.5,0.5,0.8,107.69250706160022,7.6925070616002245
0.5,0.5,0.9000000000000001,108.12657805435289,8.12657805435289
0.5,0.5,1.0,108.55651382976737,8.556513829767368
0.5,0.6000000000000001,-1.0,99.44204457560491,0.5579554243950895
0.5,0.6000000000000001,-0.9,99.95063998373375,0.04936001626624886
0.5,0.6000000000000001,-0.8,100.45510017452442,0.45510017452441787
0.5,0.6000000000000001,-0.7,100.9554251479769,0.9554251479768965
0.5,0.6000000000000001,-0.6,101.4516149040912,1.4516149040912012
0.5,0.6000000000000001,-0.5,101.94366944286733,1.943669442867332
0.5,0.6000000000000001,-0.3999999999999999,102.43158876430532,2.4315887643053173
0.5,0.6000000000000001,-0.29999999999999993,102.91537286840511,2.9153728684051146
0.5,0.6000000000000001,-0.19999999999999996,103.39502175516672,3.3950217551667237
0.5,0.6000000000000001,-0.09999999999999998,103.87053542459019,3.8705354245901873
0.5,0.6000000000000001,0.0,104.34191387667545,4.341913876675449
0.5,0.6000000000000001,0.10000000000000009,104.80915711142256,4.809157111422564
0.5,0.6000000000000001,0.20000000000000018,105.27226512883149,5.272265128831492
0.5,0.6000000000000001,0.30000000000000004,105.73123792890223,5.731237928902232
0.5,0.6000000000000001,0.40000000000000013,106.18607551163483,6.186075511634826
0.5,0.6000000000000001,0.5,106.63677787702922,6.636777877029218
0.5,0.6000000000000001,0.6000000000000001,107.08334502508546,7.083345025085464
0.5,0.6000000000000001,0.7000000000000002,107.52577695580354,7.525776955803536
0.5,0.6000000000000001,0.8,107.96407366918342,7.964073669183421
0.5,0.6000000000000001,0.9000000000000001,108.39823516522515,8.398235165225145
0.5,0.6000000000000001,1.0,108.82826144392867,8.828261443928668
0.5,0.7000000000000002,-1.0,99.69480782804634,0.30519217195366366
0.5,0.7000000000000002,-0.9,100.20349373946424,0.20349373946423555
0.5,0.7000000000000002,-0.8,100.70804443354395,0.7080444335439466
0.5,0.7000000000000002,-0.7,101.20845991028548,1.2084599102854838
0.5,0.7000000000000002,-0.6,101.70474016968885,1.7047401696888471
0.5,0.7000000000000002,-0.5,102.19688521175404,2.1968852117540365
0.5,0.7000000000000002,-0.3999999999999999,102.68489503648108,2.6848950364810804
0.5,0.7000000000000002,-0.29999999999999993,103.16876964386992,3.168769643869922
0.5,0.7000000000000002,-0.19999999999999996,103.64850903392059,3.6485090339205897
0.5,0.7000000000000002,-0.09999999999999998,104.12411320663311,4.124113206633112
0.5,0.7000000000000002,0.0,104.59558216200743,4.595582162007432
0.5,0.7000000000000002,0.10000000000000009,105.0629159000436,5.062915900043606
0.5,0.7000000000000002,0.20000000000000018,105.52611442074158,5.526114420741578
0.5,0.7000000000000002,0.30000000000000004,105.98517772410138,5.985177724101376
0.5,0.7000000000000002,0.40000000000000013,106.44010581012303,6.440105810123029
0.5,0.7000000000000002,0.5,106.89089867880648,6.890898678806479
0.5,0.7000000000000002,0.6000000000000001,107.33755633015177,7.33755633015177
0.5,0.7000000000000002,0.7000000000000002,107.7800787641589,7.780078764158901
0.5,0.7000000000000002,0.8,108.21846598082784,8.218465980827844
0.5,0.7000000000000002,0.9000000000000001,108.65271798015863,8.652717980158627
0.5,0.7000000000000002,1.0,109.08283476215121,9.082834762151208
0.5,0.8,-1.0,99.930396784549,0.06960321545099646
0.5,0.8,-0.9,100.43917319925595,0.4391731992559471
0.5,0.8,-0.8,100.94381439662472,0.9438143966247168
0.5,0.8,-0.7,101.44432037665533,1.4443203766553268
0.5,0.8,-0.6,101.94069113934773,1.9406911393477344
0.5,0.8,-0.5,102.43292668470198,2.4329266847019824
0.5,0.8,-0.3999999999999999,102.92102701271807,2.9210270127180706
0.5,0.8,-0.29999999999999993,103.40499212339597,3.404992123395971
0.5,0.8,-0.19999999999999996,103.8848220167357,3.884822016735697
0.5,0.8,-0.09999999999999998,104.36051669273728,4.360516692737278
0.5,0.8,0.0,104.83207615140066,4.832076151400656
0.5,0.8,0.10000000000000009,105.29950039272588,5.299500392725875
0.5,0.8,0.20000000000000018,105.7627894167129,5.762789416712906
0.5,0.8,0.30000000000000004,106.22194322336176,6.221943223361762
0.5,0.8,0.40000000000000013,106.67696181267247,6.676961812672474
0.5,0.8,0.5,107.12784518464498,7.127845184644983
0.5,0.8,0.6000000000000001,107.57459333927933,7.574593339279332
0.5,0.8,0.7000000000000002,108.01720627657551,8.017206276575507
0.5,0.8,0.8,108.45568399653351,8.455683996533509
0.5,0.8,0.9000000000000001,108.89002649915335,8.89002649915335
0.5,0.8,1.0,109.32023378443499,9.32023378443499
0.5,0.9000000000000001,-1.0,100.14881144511291,0.1488114451129121
0.5,0.9000000000000001,-0.9,100.65767836310891,0.6576783631089143
0.5,0.9000000000000001,-0.8,101.16241006376674,1.1624100637667425
0.5,0.9000000000000001,-0.7,101.6630065470864,1.6630065470863968
0.5,0.9000000000000001,-0.6,102.15946781306786,2.159467813067863
0.5,0.9000000000000001,-0.5,102.65179386171117,2.6517938617111696
0.5,0.9000000000000001,-0.3999999999999999,103.13998469301632,3.1399846930163164
0.5,0.9000000000000001,-0.29999999999999993,103.62404030698328,3.624040306983275
0.5,0.9000000000000001,-0.19999999999999996,104.10396070361206,4.10396070361206
0.5,0.9000000000000001,-0.09999999999999998,104.57974588290269,4.579745882902685
0.5,0.9000000000000001,0.0,105.05139584485512,5.051395844855122
0.5,0.9000000000000001,0.10000000000000009,105.5189105894694,5.5189105894693995
0.5,0.9000000000000001,0.20000000000000018,105.98229011674549,5.982290116745489
0.5,0.9000000000000001,0.30000000000000004,106.4415344266834,6.441534426683404
0.5,0.9000000000000001,0.40000000000000013,106.89664351928316,6.89664351928316
0.5,0.9000000000000001,0.5,107.34761739454471,7.347617394544713
0.5,0.9000000000000001,0.6000000000000001,107.79445605246812,7.794456052468121
0.5,0.9000000000000001,0.7000000000000002,108.23715949305335,8.237159493053355
0.5,0.9000000000000001,0.8,108.67572771630041,8.675727716300415
0.5,0.9000000000000001,0.9000000000000001,109.1101607222093,9.1101607222093
0.5,0.9000000000000001,1.0,109.54045851078,9.540458510779999
0.5,1.0,-1.0,100.35005180973806,0.35005180973806205
0.5,1.0,-0.9,100.85900923102311,0.8590092310231086
0.5,1.0,-0.8,101.36383143497,1.3638314349699954
0.5,1.0,-0.7,101.86451842157871,1.8645184215787083
0.5,1.0,-0.6,102.36107019084923,2.361070190849233
0.5,1.0,-0.5,102.85348674278158,2.853486742781584
0.5,1.0,-0.3999999999999999,103.34176807737579,3.3417680773757894
0.5,1.0,-0.29999999999999993,103.8259141946318,3.8259141946318067
0.5,1.0,-0.19999999999999996,104.30592509454965,4.30592509454965
0.5,1.0,-0.09999999999999998,104.78180077712932,4.78180077712932
0.5,1.0,0.0,105.25354124237082,5.253541242370815
0.5,1.0,0.10000000000000009,105.72114649027415,5.721146490274151
0.5,1.0,0.20000000000000018,106.1846165208393,6.184616520839299
0.5,1.0,0.30000000000000004,106.64395133406627,6.643951334066273
0.5,1.0,0.40000000000000013,107.09915092995507,7.099150929955073
0.5,1.0,0.5,107.5502153085057,7.550215308505699
0.5,1.0,0.6000000000000001,107.99714446971817,7.997144469718165
0.5,1.0,0.7000000000000002,108.43993841359246,8.439938413592458
0.5,1.0,0.8,108.87859714012858,8.878597140128576
0.5,1.0,0.9000000000000001,109.3131206493265,9.313120649326507
0.5,1.0,1.0,109.74350894118626,9.743508941186263
0.6000000000000001,-1.0,-1.0,93.74657751876066,6.25342248123934
0.6000000000000001,-1.0,-0.9,94.25432953604181,5.7456704639581915
0.6000000000000001,-1.0,-0.8,94.75794633598478,5.242053664015216
0.6000000000000001,-1.0,-0.7,95.25742791858958,4.742572081410415
0.6000000000000001,-1.0,-0.6,95.75277428385623,4.247225716143774
0.6000000000000001,-1.0,-0.5,96.24398543178468,3.7560145682153205
0.6000000000000001,-1.0,-0.3999999999999999,96.73106136237496,3.268938637625041
0.6000000000000001,-1.0,-0.29999999999999993,97.21400207562706,2.7859979243729356
0.6000000000000001,-1.0,-0.19999999999999996,97.692807571541,2.307192428459004
0.6000000000000001,-1.0,-0.09999999999999998,98.16747785011678,1.8325221498832178
0.6000000000000001,-1.0,0.0,98.63801291135437,1.361987088645634
0.6000000000000001,-1.0,0.10000000000000009,99.10441275525379,0.8955872447462099
0.6000000000000001,-1.0,0.20000000000000018,99.56667738181503,0.43332261818497386
0.6000000000000001,-1.0,0.30000000000000004,100.02480679103809,0.02480679103808825
0.6000000000000001,-1.0,0.40000000000000013,100.478800982923,0.4788009829230049
0.6000000000000001,-1.0,0.5,100.92865995746972,0.9286599574697192
0.6000000000000001,-1.0,0.6000000000000001,101.37438371467827,1.3743837146782738
0.6000000000000001,-1.0,0.7000000000000002,101.81597225454865,1.8159722545486545
0.6000000000000001,-1.0,0.8,102.25342557708088,2.2534255770808755
0.6000000000000001,-1.0,0.9000000000000001,102.68674368227491,2.6867436822749085
0.6000000000000001,-1.0,1.0,103.11592657013077,3.1159265701307675
0.6000000000000001,-0.9,-1.0,94.27520759276862,5.7247924072313765
0.6000000000000001,-0.9,-0.9,94.78305011333883,5.216949886661169
0.6000000000000001,-0.9,-0.8,95.28675741657086,4.713242583429135
0.6000000000000001,-0.9,-0.7,95.78632950246472,4.213670497535276
0.6000000000000001,-0.9,-0.6,96.28176637102041,3.71823362897959
0.6000000000000001,-0.9,-0.5,96.77306802223792,3.226931977762078
0.6000000000000001,-0.9,-0.3999999999999999,97.26023445611726,2.73976554388274
0.6000000000000001,-0.9,-0.29999999999999993,97.74326567265842,2.256734327341576
0.6000000000000001,-0.9,-0.19999999999999996,98.22216167186141,1.7778383281385857
0.6000000000000001,-0.9,-0.09999999999999998,98.69692245372624,1.3030775462737552
0.6000000000000001,-0.9,0.0,99.16754801825289,0.8324519817471128
0.6000000000000001,-0.9,0.10000000000000009,99.63403836544137,0.36596163455863007
0.6000000000000001,-0.9,0.20000000000000018,100.09639349529166,0.09639349529166452
0.6000000000000001,-0.9,0.30000000000000004,100.55461340780379,0.5546134078037852
0.6000000000000001,-0.9,0.40000000000000013,101.00869810297775,1.0086981029777462
0.6000000000000001,-0.9,0.5,101.45864758081352,1.458647580813519
0.6000000000000001,-0.9,0.6000000000000001,101.90446184131113,1.9044618413111323
0.6000000000000001,-0.9,0.7000000000000002,102.34614088447057,2.3461408844705716
0.6000000000000001,-0.9,0.8,102.78368471029184,2.783684710291837
0.6000000000000001,-0.9,0.9000000000000001,103.21709331877493,3.2170933187749284
0.6000000000000001,-0.9,1.0,103.64636670991985,3.646366709919846
0.6000000000000001,-0.8,-1.0,94.78666337083783,5.213336629162171
0.6000000000000001,-0.8,-0.9,95.2945963946971,4.705403605302905
0.6000000000000001,-0.8,-0.8,95.79839420121819,4.201605798781813
0.6000000000000001,-0.8,-0.7,96.2980567904011,3.7019432095988947
0.6000000000000001,-0.8,-0.6,96.79358416224585,3.2064158377541503
0.6000000000000001,-0.8,-0.5,97.2849763167524,2.715023683247594
0.6000000000000001,-0.8,-0.3999999999999999,97.7722332539208,2.2277667460791974
0.6000000000000001,-0.8,-0.29999999999999993,98.25535497375103,1.7446450262489748
0.6000000000000001,-0.8,-0.19999999999999996,98.73434147624307,1.265658523756926
0.6000000000000001,-0.8,-0.09999999999999998,99.20919276139696,0.7908072386030369
0.6000000000000001,-0.8,0.0,99.67990882921265,0.32009117078735017
0.6000000000000001,-0.8,0.10000000000000009,100.14648967969019,0.1464896796901911
0.6000000000000001,-0.8,0.20000000000000018,100.60893531282954,0.6089353128295443
0.6000000000000001,-0.8,0.30000000000000004,101.06724572863072,1.0672457286307235
0.6000000000000001,-0.8,0.40000000000000013,101.52142092709374,1.521420927093743
0.6000000000000001,-0.8,0.5,101.97146090821856,1.9714609082185603
0.6000000000000001,-0.8,0.6000000000000001,102.41736567200523,2.417365672005232
0.6000000000000001,-0.8,0.7000000000000002,102.85913521845373,2.85913521845373
0.6000000000000001,-0.8,0.8,103.29676954756405,3.296769547564054
0.6000000000000001,-0.8,0.9000000000000001,103.7302686593362,3.730268659336204
0.6000000000000001,-0.8,1.0,104.15963255377017,4.159632553770166
0.6000000000000001,-0.7,-1.0,95.2809448529683,4.719055147031696
0.6000000000000001,-0.7,-0.9,95.7889683801166,4.2110316198834
0.6000000000000001,-0.7,-0.8,96.29285668992675,3.707143310073249
0.6000000000000001,-0.7,-0.7,96.79260978239871,3.2073902176012865
0.6000000000000001,-0.7,-0.6,97.28822765753252,2.7117723424674836
0.6000000000000001,-0.7,-0.5,97.77971031532815,2.2202896846718545
0.6000000000000001,-0.7,-0.3999999999999999,98.26705775578559,1.7329422442144136
0.6000000000000001,-0.7,-0.29999999999999993,98.75026997890487,1.2497300210951323
0.6000000000000001,-0.7,-0.19999999999999996,99.22934698468596,0.7706530153140392
0.6000000000000001,-0.7,-0.09999999999999998,99.70428877312891,0.2957112268710915
0.6000000000000001,-0.7,0.0,100.17509534423367,0.17509534423366802
0.6000000000000001,-0.7,0.10000000000000009,100.64176669800025,0.6417666980002537
0.6000000000000001,-0.7,0.20000000000000018,101.10430283442867,1.1043028344286654
0.6000000000000001,-0.7,0.30000000000000004,101.56270375351889,1.562703753518889
0.6000000000000001,-0.7,0.40000000000000013,102.01696945527097,2.016969455270967
0.6000000000000001,-0.7,0.5,102.46709993968486,2.467099939684857
0.6000000000000001,-0.7,0.6000000000000001,102.91309520676057,2.9130952067605733
0.6000000000000001,-0.7,0.7000000000000002,103.35495525649813,3.3549552564981298
0.6000000000000001,-0.7,0.8,103.7926800888975,3.792680088897498
0.6000000000000001,-0.7,0.9000000000000001,104.2262697039587,4.226269703958707
0.6000000000000001,-0.7,1.0,104.65572410168176,4.655724101681756
0.6000000000000001,-0.6,-1.0,95.75805203915999,4.241947960840008
0.6000000000000001,-0.6,-0.9,96.26616606959735,3.7338339304026533
0.6000000000000001,-0.6,-0.8,96.77014488269656,3.229855117303444
0.6000000000000001,-0.6,-0.7,97.26998847845758,2.7300115215424228
0.6000000000000001,-0.6,-0.6,97.76569685688044,2.2343031431195612
0.6000000000000001,-0.6,-0.5,98.25727001796511,1.7427299820348878
0.6000000000000001,-0.6,-0.3999999999999999,98.74470796171161,1.2552920382883883
0.6000000000000001,-0.6,-0.29999999999999993,99.22801068811995,0.7719893118800485
0.6000000000000001,-0.6,-0.19999999999999996,99.7071781971901,0.2928218028098968
0.6000000000000001,-0.6,-0.09999999999999998,100.1822104889221,0.18221048892209524
0.6000000000000001,-0.6,0.0,100.65310756331591,0.6531075633159134
0.6000000000000001,-0.6,0.10000000000000009,101.11986942037156,1.1198694203715576
0.6000000000000001,-0.6,0.20000000000000018,101.58249606008903,1.5824960600890279
0.6000000000000001,-0.6,0.30000000000000004,102.04098748246831,2.04098748246831
0.6000000000000001,-0.6,0.40000000000000013,102.49534368750943,2.4953436875094326
0.6000000000000001,-0.6,0.5,102.94556467521238,2.945564675212381
0.6000000000000001,-0.6,0.6000000000000001,103.39165044557716,3.391650445577156
0.6000000000000001,-0.6,0.7000000000000002,103.83360099860377,3.833600998603771
0.6000000000000001,-0.6,0.8,104.2714163342922,4.271416334292198
0.6000000000000001,-0.6,0.9000000000000001,104.70509645264245,4.705096452642451
0.6000000000000001,-0.6,1.0,105.13464135365456,5.134641353654558
0.6000000000000001,-0.5,-1.0,96.21798492941292,3.7820150705870788
0.6000000000000001,-0.5,-0.9,96.72618946313935,3.273810536860651
0.6000000000000001,-0.5,-0.8,97.23025877952762,2.7697412204723832
0.6000000000000001,-0.5,-0.7,97.7301928785777,2.2698071214223035
0.6000000000000001,-0.5,-0.6,98.2259917602896,1.7740082397103976
0.6000000000000001,-0.5,-0.5,98.71765542466332,1.2823445753366798
0.6000000000000001,-0.5,-0.3999999999999999,99.20518387169889,0.7948161283011075
0.6000000000000001,-0.5,-0.29999999999999993,99.68857710139629,0.3114228986037091
0.6000000000000001,-0.5,-0.19999999999999996,100.1678351137555,0.1678351137555012
0.6000000000000001,-0.5,-0.09999999999999998,100.64295790877655,0.6429579087765518
0.6000000000000001,-0.5,0.0,101.11394548645941,1.1139454864594143
0.6000000000000001,-0.5,0.10000000000000009,101.58079784680412,1.580797846804117
0.6000000000000001,-0.5,0.20000000000000018,102.04351498981065,2.043514989810646
0.6000000000000001,-0.5,0.30000000000000004,102.502096915479,2.502096915479001
0.6000000000000001,-0.5,0.40000000000000013,102.95654362380917,2.956543623809168
0.6000000000000001,-0.5,0.5,103.40685511480116,3.4068551148011608
0.6000000000000001,-0.5,0.6000000000000001,103.853031388455,3.853031388454994
0.6000000000000001,-0.5,0.7000000000000002,104.29507244477067,4.295072444770668
0.6000000000000001,-0.5,0.8,104.73297828374815,4.732978283748153
0.6000000000000001,-0.5,0.9000000000000001,105.16674890538746,5.166748905387465
0.6000000000000001,-0.5,1.0,105.5963843096886,5.596384309688602
0.6000000000000001,-0.3999999999999999,-1.0,96.66074352372712,3.3392564762728796
0.6000000000000001,-0.3999999999999999,-0.9,97.16903856074259,2.8309614392574076
0.6000000000000001,-0.3999999999999999,-0.8,97.67319838041989,2.3268016195801096
0.6000000000000001,-0.3999999999999999,-0.7,98.17322298275903,1.8267770172409712
0.6000000000000001,-0.3999999999999999,-0.6,98.66911236776,1.3308876322400067
0.6000000000000001,-0.3999999999999999,-0.5,99.16086653542277,0.8391334645772304
0.6000000000000001,-0.3999999999999999,-0.3999999999999999,99.6484854857474,0.3515145142525995
0.6000000000000001,-0.3999999999999999,-0.29999999999999993,100.13196921873384,0.13196921873384326
0.6000000000000001,-0.3999999999999999,-0.19999999999999996,100.61131773438211,0.6113177343821121
0.6000000000000001,-0.3999999999999999,-0.09999999999999998,101.08653103269222,1.0865310326922213
0.6000000000000001,-0.3999999999999999,0.0,101.55760911366414,1.5576091136641423
0.6000000000000001,-0.3999999999999999,0.10000000000000009,102.0245519772979,2.0245519772979037
0.6000000000000001,-0.3999999999999999,0.20000000000000018,102.48735962359348,2.487359623593477
0.6000000000000001,-0.3999999999999999,0.30000000000000004,102.94603205255089,2.9460320525508905
0.6000000000000001,-0.3999999999999999,0.40000000000000013,103.40056926417012,3.400569264170116
0.6000000000000001,-0.3999999999999999,0.5,103.85097125845117,3.8509712584511675
0.6000000000000001,-0.3999999999999999,0.6000000000000001,104.29723803539406,4.297238035394059
0.6000000000000001,-0.3999999999999999,0.7000000000000002,104.73936959499878,4.739369594998777
0.6000000000000001,-0.3999999999999999,0.8,105.17736593726532,5.177365937265321
0.6000000000000001,-0.3999999999999999,0.9000000000000001,105.61122706219369,5.6112270621936915
0.6000000000000001,-0.3999999999999999,1.0,106.0409529697839,6.040952969783902
0.6000000000000001,-0.29999999999999993,-1.0,97.08632782210253,2.9136721778974675
0.6000000000000001,-0.29999999999999993,-0.9,97.59471336240706,2.405286637592937
0.6000000000000001,-0.29999999999999993,-0.8,98.09896368537342,1.9010363146265803
0.6000000000000001,-0.29999999999999993,-0.7,98.59907879100162,1.4009212089983833
0.6000000000000001,-0.29999999999999993,-0.6,99.09505867929164,0.9049413207083603
0.6000000000000001,-0.29999999999999993,-0.5,99.58690335024347,0.4130966497565254
0.6000000000000001,-0.29999999999999993,-0.3999999999999999,100.07461280385716,0.07461280385716407
0.6000000000000001,-0.29999999999999993,-0.29999999999999993,100.55818704013265,0.5581870401326512
0.6000000000000001,-0.29999999999999993,-0.19999999999999996,101.03762605906998,1.0376260590699786
0.6000000000000001,-0.29999999999999993,-0.09999999999999998,101.51292986066915,1.5129298606691464
0.6000000000000001,-0.29999999999999993,0.0,101.98409844493013,1.984098444930126
0.6000000000000001,-0.29999999999999993,0.10000000000000009,102.45113181185293,2.4511318118529317
0.6000000000000001,-0.29999999999999993,0.20000000000000018,102.91402996143756,2.9140299614375635
0.6000000000000001,-0.29999999999999993,0.30000000000000004,103.37279289368404,3.3727928936840357
0.6000000000000001,-0.29999999999999993,0.40000000000000013,103.82742060859232,3.8274206085923197
0.6000000000000001,-0.29999999999999993,0.5,104.27791310616243,4.27791310616243
0.6000000000000001,-0.29999999999999993,0.6000000000000001,104.72427038639437,4.724270386394366
0.6000000000000001,-0.29999999999999993,0.7000000000000002,105.16649244928814,5.1664924492881426
0.6000000000000001,-0.29999999999999993,0.8,105.60457929484375,5.604579294843745
0.6000000000000001,-0.29999999999999993,0.9000000000000001,106.03853092306117,6.038530923061174
0.6000000000000001,-0.29999999999999993,1.0,106.46834733394044,6.468347333940443
0.6000000000000001,-0.19999999999999996,-1.0,97.49473782453919,2.505262175460814
0.6000000000000001,-0.19999999999999996,-0.9,98.00321386813278,1.9967861318672249
0.6000000000000001,-0.19999999999999996,-0.8,98.50755469438819,1.4924453056118097
0.6000000000000001,-0.19999999999999996,-0.7,99.00776030330545,0.9922396966945541
0.6000000000000001,-0.19999999999999996,-0.6,99.50383069488451,0.49616930511548674
0.6000000000000001,-0.19999999999999996,-0.5,99.9957658691254,0.004234130874593234
0.6000000000000001,-0.19999999999999996,-0.3999999999999999,100.48356582602815,0.4835658260281548
0.6000000000000001,-0.19999999999999996,-0.29999999999999993,100.9672305655927,0.9672305655927005
0.6000000000000001,-0.19999999999999996,-0.19999999999999996,101.44676008781909,1.4467600878190865
0.6000000000000001,-0.19999999999999996,-0.09999999999999998,101.9221543927073,1.9221543927072986
0.6000000000000001,-0.19999999999999996,0.0,102.39341348025734,2.393413480257337
0.6000000000000001,-0.19999999999999996,0.10000000000000009,102.86053735046922,2.8605373504692153
0.6000000000000001,-0.19999999999999996,0.20000000000000018,103.32352600334289,3.3235260033428915
0.6000000000000001,-0.19999999999999996,0.30000000000000004,103.78237943887842,3.782379438878422
0.6000000000000001,-0.19999999999999996,0.40000000000000013,104.23709765707575,4.237097657075751
0.6000000000000001,-0.19999999999999996,0.5,104.68768065793492,4.687680657934919
0.6000000000000001,-0.19999999999999996,0.6000000000000001,105.13412844145591,5.134128441455914
0.6000000000000001,-0.19999999999999996,0.7000000000000002,105.57644100763875,5.576441007638749
0.6000000000000001,-0.19999999999999996,0.8,106.01461835648341,6.01461835648341
0.6000000000000001,-0.19999999999999996,0.9000000000000001,106.44866048798988,6.4486604879898834
0.6000000000000001,-0.19999999999999996,1.0,106.87856740215821,6.878567402158211
0.6000000000000001,-0.09999999999999998,-1.0,97.88597353103708,2.114026468962919
0.6000000000000001,-0.09999999999999998,-0.9,98.39454007791973,1.6054599220802714
0.6000000000000001,-0.09999999999999998,-0.8,98.8989714074642,1.1010285925357977
0.6000000000000001,-0.09999999999999998,-0.7,99.39926751967052,0.6007324803294836
0.6000000000000001,-0.09999999999999998,-0.6,99.89542841453864,0.10457158546135759
0.6000000000000001,-0.09999999999999998,-0.5,100.38745409206858,0.3874540920685803
0.6000000000000001,-0.09999999999999998,-0.3999999999999999,100.87534455226039,0.8753445522603869
0.6000000000000001,-0.09999999999999998,-0.29999999999999993,101.35909979511399,1.3590997951139911
0.6000000000000001,-0.09999999999999998,-0.19999999999999996,101.83871982062942,1.8387198206294215
0.6000000000000001,-0.09999999999999998,-0.09999999999999998,102.3142046288067,2.3142046288067064
0.6000000000000001,-0.09999999999999998,0.0,102.78555421964579,2.785554219645789
0.6000000000000001,-0.09999999999999998,0.10000000000000009,103.25276859314673,3.252768593146726
0.6000000000000001,-0.09999999999999998,0.20000000000000018,103.71584774930946,3.715847749309461
0.6000000000000001,-0.09999999999999998,0.30000000000000004,104.17479168813404,4.174791688134036
0.6000000000000001,-0.09999999999999998,0.40000000000000013,104.62960040962044,4.629600409620437
0.6000000000000001,-0.09999999999999998,0.5,105.08027391376865,5.08027391376865
0.6000000000000001,-0.09999999999999998,0.6000000000000001,105.52681220057872,5.526812200578718
0.6000000000000001,-0.09999999999999998,0.7000000000000002,105.9692152700506,5.969215270050597
0.6000000000000001,-0.09999999999999998,0.8,106.4074831221843,6.407483122184303
0.6000000000000001,-0.09999999999999998,0.9000000000000001,106.84161575697985,6.841615756979849
0.6000000000000001,-0.09999999999999998,1.0,107.27161317443722,7.2716131744372206
0.6000000000000001,0.0,-1.0,98.26003494159622,1.739965058403783
0.6000000000000001,0.0,-0.9,98.76869199176792,1.2313080082320766
0.6000000000000001,0.0,-0.8,99.27321382460146,0.7267861753985443
0.6000000000000001,0.0,-0.7,99.77360044009681,0.22639955990318583
0.6000000000000001,0.0,-0.6,100.269851838254,0.2698518382539987
0.6000000000000001,0.0,-0.5,100.76196801907301,0.7619680190730094
0.6000000000000001,0.0,-0.3999999999999999,101.24994898255386,1.2499489825538603
0.6000000000000001,0.0,-0.29999999999999993,101.73379472869652,1.7337947286965232
0.6000000000000001,0.0,-0.19999999999999996,102.21350525750101,2.213505257501012
0.6000000000000001,0.0,-0.09999999999999998,102.68908056896734,2.6890805689673414
0.6000000000000001,0.0,0.0,103.16052066309548,3.1605206630954825
0.6000000000000001,0.0,0.10000000000000009,103.62782553988548,3.627825539885478
0.6000000000000001,0.0,0.20000000000000018,104.09099519933727,4.0909951993372715
0.6000000000000001,0.0,0.30000000000000004,104.5500296414509,4.550029641450905
0.6000000000000001,0.0,0.40000000000000013,105.00492886622635,5.004928866226351
0.6000000000000001,0.0,0.5,105.45569287366362,5.455692873663622
0.6000000000000001,0.0,0.6000000000000001,105.90232166376275,5.9023216637627485
0.6000000000000001,0.0,0.7000000000000002,106.34481523652369,6.3448152365236865
0.6000000000000001,0.0,0.8,106.78317359194645,6.783173591946451
0.6000000000000001,0.0,0.9000000000000001,107.21739673003104,7.217396730031041
0.6000000000000001,0.0,1.0,107.64748465077747,7.647484650777471
0.6000000000000001,0.10000000000000009,-1.0,98.6169220562166,1.3830779437834053
0.6000000000000001,0.10000000000000009,-0.9,99.12566960967736,0.8743303903226405
0.6000000000000001,0.10000000000000009,-0.8,99.63028194579995,0.36971805420004955
0.6000000000000001,0.10000000000000009,-0.7,100.13075906458437,0.13075906458436748
0.6000000000000001,0.10000000000000009,-0.6,100.62710096603061,0.6271009660306106
0.6000000000000001,0.10000000000000009,-0.5,101.11930765013867,1.1193076501386656
0.6000000000000001,0.10000000000000009,-0.3999999999999999,101.60737911690858,1.6073791169085752
0.6000000000000001,0.10000000000000009,-0.29999999999999993,102.0913153663403,2.0913153663402966
0.6000000000000001,0.10000000000000009,-0.19999999999999996,102.57111639843384,2.571116398433844
0.6000000000000001,0.10000000000000009,-0.09999999999999998,103.04678221318923,3.046782213189232
0.6000000000000001,0.10000000000000009,0.0,103.51831281060643,3.5183128106064316
0.6000000000000001,0.10000000000000009,0.10000000000000009,103.98570819068547,3.9857081906854717
0.6000000000000001,0.10000000000000009,0.20000000000000018,104.44896835342632,4.448968353426324
0.6000000000000001,0.10000000000000009,0.30000000000000004,104.90809329882902,4.908093298829016
0.6000000000000001,0.10000000000000009,0.40000000000000013,105.36308302689352,5.36308302689352
0.6000000000000001,0.10000000000000009,0.5,105.81393753761985,5.81393753761985
0.6000000000000001,0.10000000000000009,0.6000000000000001,106.26065683100802,6.260656831008021
0.6000000000000001,0.10000000000000009,0.7000000000000002,106.70324090705802,6.703240907058017
0.6000000000000001,0.10000000000000009,0.8,107.14168976576984,7.14168976576984
0.6000000000000001,0.10000000000000009,0.9000000000000001,107.57600340714349,7.576003407143489
0.6000000000000001,0.10000000000000009,1.0,108.00618183117896,8.006181831178964
0.6000000000000001,0.20000000000000018,-1.0,98.95663487489821,1.0433651251017864
0.6000000000000001,0.20000000000000018,-0.9,99.46547293164804,0.534527068351963
0.6000000000000001,0.20000000000000018,-0.8,99.97017577105969,0.029824228940313446
0.6000000000000001,0.20000000000000018,-0.7,100.47074339313316,0.47074339313316216
0.6000000000000001,0.20000000000000018,-0.6,100.96717579786845,0.9671757978684496
0.6000000000000001,0.20000000000000018,-0.5,101.45947298526556,1.4594729852655632
0.6000000000000001,0.20000000000000018,-0.3999999999999999,101.94763495532453,1.9476349553245313
0.6000000000000001,0.20000000000000018,-0.29999999999999993,102.43166170804531,2.4316617080453113
0.6000000000000001,0.20000000000000018,-0.19999999999999996,102.9115532434279,2.9115532434279032
0.6000000000000001,0.20000000000000018,-0.09999999999999998,103.38730956147235,3.3873095614723496
0.6000000000000001,0.20000000000000018,0.0,103.85893066217861,3.858930662178608
0.6000000000000001,0.20000000000000018,0.10000000000000009,104.3264165455467,4.3264165455467065
0.6000000000000001,0.20000000000000018,0.20000000000000018,104.78976721157662,4.789767211576617
0.6000000000000001,0.20000000000000018,0.30000000000000004,105.24898266026835,5.248982660268354
0.6000000000000001,0.20000000000000018,0.40000000000000013,105.70406289162192,5.704062891621916
0.6000000000000001,0.20000000000000018,0.5,106.1550079056373,6.155007905637305
0.6000000000000001,0.20000000000000018,0.6000000000000001,106.60181770231453,6.601817702314534
0.6000000000000001,0.20000000000000018,0.7000000000000002,107.04449228165358,7.044492281653575
0.6000000000000001,0.20000000000000018,0.8,107.48303164365446,7.483031643654456
0.6000000000000001,0.20000000000000018,0.9000000000000001,107.91743578831716,7.917435788317164
0.6000000000000001,0.20000000000000018,1.0,108.3477047156417,8.347704715641697
0.6000000000000001,0.30000000000000004,-1.0,99.2791733976411,0.7208266023588976
0.6000000000000001,0.30000000000000004,-0.9,99.78810195767996,0.21189804232004406
0.6000000000000001,0.30000000000000004,-0.8,100.29289530038066,0.292895300380664
0.6000000000000001,0.30000000000000004,-0.7,100.79355342574318,0.793553425743184
0.6000000000000001,0.30000000000000004,-0.6,101.29007633376754,1.2900763337675443
0.6000000000000001,0.30000000000000004,-0.5,101.7824640244537,1.7824640244537022
0.6000000000000001,0.30000000000000004,-0.3999999999999999,102.27071649780173,2.270716497801729
0.6000000000000001,0.30000000000000004,-0.29999999999999993,102.75483375381157,2.7548337538115675
0.6000000000000001,0.30000000000000004,-0.19999999999999996,103.23481579248322,3.234815792483218
0.6000000000000001,0.30000000000000004,-0.09999999999999998,103.71066261381672,3.710662613816723
0.6000000000000001,0.30000000000000004,0.0,104.18237421781203,4.182374217812026
0.6000000000000001,0.30000000000000004,0.10000000000000009,104.64995060446918,4.649950604469183
0.6000000000000001,0.30000000000000004,0.20000000000000018,105.11339177378814,5.113391773788138
0.6000000000000001,0.30000000000000004,0.30000000000000004,105.57269772576895,5.572697725768947
0.6000000000000001,0.30000000000000004,0.40000000000000013,106.02786846041157,6.027868460411568
0.6000000000000001,0.30000000000000004,0.5,106.478903977716,6.478903977716001
0.6000000000000001,0.30000000000000004,0.6000000000000001,106.92580427768229,6.925804277682289
0.6000000000000001,0.30000000000000004,0.7000000000000002,107.36856936031039,7.368569360310389
0.6000000000000001,0.30000000000000004,0.8,107.80719922560033,7.807199225600328
0.6000000000000001,0.30000000000000004,0.9000000000000001,108.24169387355208,8.24169387355208
0.6000000000000001,0.30000000000000004,1.0,108.67205330416567,8.672053304165672
0.6000000000000001,0.40000000000000013,-1.0,99.58453762444519,0.41546237555481014
0.6000000000000001,0.40000000000000013,-0.9,100.09355668777312,0.09355668777311621
0.6000000000000001,0.40000000000000013,-0.8,100.59844053376288,0.5984405337628829
0.6000000000000001,0.40000000000000013,-0.7,101.09918916241446,1.0991891624144614
0.6000000000000001,0.40000000000000013,-0.6,101.59580257372787,1.595802573727866
0.6000000000000001,0.40000000000000013,-0.5,102.0882807677031,2.088280767703097
0.6000000000000001,0.40000000000000013,-0.3999999999999999,102.57662374434017,2.576623744340168
0.6000000000000001,0.40000000000000013,-0.29999999999999993,103.06083150363905,3.0608315036390508
0.6000000000000001,0.40000000000000013,-0.19999999999999996,103.54090404559977,3.540904045599774
0.6000000000000001,0.40000000000000013,-0.09999999999999998,104.01684137022232,4.016841370222323
0.6000000000000001,0.40000000000000013,0.0,104.4886434775067,4.488643477506699
0.6000000000000001,0.40000000000000013,0.10000000000000009,104.9563103674529,4.9563103674529
0.6000000000000001,0.40000000000000013,0.20000000000000018,105.41984204006091,5.419842040060914
0.6000000000000001,0.40000000000000013,0.30000000000000004,105.87923849533078,5.879238495330782
0.6000000000000001,0.40000000000000013,0.40000000000000013,106.33449973326245,6.334499733262447
0.6000000000000001,0.40000000000000013,0.5,106.78562575385594,6.785625753855939
0.6000000000000001,0.40000000000000013,0.6000000000000001,107.23261655711129,7.232616557111285
0.6000000000000001,0.40000000000000013,0.7000000000000002,107.67547214302844,7.675472143028443
0.6000000000000001,0.40000000000000013,0.8,108.11419251160743,8.114192511607428
0.6000000000000001,0.40000000000000013,0.9000000000000001,108.54877766284825,8.548777662848252
0.6000000000000001,0.40000000000000013,1.0,108.97922759675089,8.979227596750889
0.6000000000000001,0.5,-1.0,99.87272755531055,0.12727244468945287
0.6000000000000001,0.5,-0.9,100.38183712192752,0.38183712192751784
0.6000000000000001,0.5,-0.8,100.88681147120634,0.8868114712063431
0.6000000000000001,0.5,-0.7,101.38765060314698,1.3876506031469802
0.6000000000000001,0.5,-0.6,101.88435451774944,1.8843545177494434
0.6000000000000001,0.5,-0.5,102.37692321501372,2.3769232150137185
0.6000000000000001,0.5,-0.3999999999999999,102.86535669493985,2.865356694939848
0.6000000000000001,0.5,-0.29999999999999993,103.34965495752779,3.3496549575277896
0.6000000000000001,0.5,-0.19999999999999996,103.82981800277757,3.8298180027775715
0.6000000000000001,0.5,-0.09999999999999998,104.30584583068918,4.305845830689179
0.6000000000000001,0.5,0.0,104.7777384412626,4.777738441262599
0.6000000000000001,0.5,0.10000000000000009,105.24549583449786,5.245495834497859
0.6000000000000001,0.5,0.20000000000000018,105.70911801039493,5.709118010394931
0.6000000000000001,0.5,0.30000000000000004,106.16860496895384,6.168604968953844
0.6000000000000001,0.5,0.40000000000000013,106.62395671017457,6.623956710174568
0.6000000000000001,0.5,0.5,107.07517323405713,7.075173234057132
0.6000000000000001,0.5,0.6000000000000001,107.52225454060152,7.522254540601523
0.6000000000000001,0.5,0.7000000000000002,107.96520062980774,7.96520062980774
0.6000000000000001,0.5,0.8,108.40401150167578,8.404011501675782
0.6000000000000001,0.5,0.9000000000000001,108.83868715620565,8.838687156205651
0.6000000000000001,0.5,1.0,109.26922759339735,9.269227593397346
0.6000000000000001,0.6000000000000001,-1.0,100.14374319023713,0.14374319023713156
0.6000000000000001,0.6000000000000001,-0.9,100.65294326014318,0.652943260143175
0.6000000000000001,0.6000000000000001,-0.8,101.15800811271104,1.1580081127110446
0.6000000000000001,0.6000000000000001,-0.7,101.65893774794074,1.6589377479407403
0.6000000000000001,0.6000000000000001,-0.6,102.15573216583226,2.155732165832262
0.6000000000000001,0.6000000000000001,-0.5,102.64839136638561,2.64839136638561
0.6000000000000001,0.6000000000000001,-0.3999999999999999,103.13691534960078,3.136915349600784
0.6000000000000001,0.6000000000000001,-0.29999999999999993,103.62130411547778,3.621304115477784
0.6000000000000001,0.6000000000000001,-0.19999999999999996,104.10155766401661,4.10155766401661
0.6000000000000001,0.6000000000000001,-0.09999999999999998,104.57767599521728,4.577675995217277
0.6000000000000001,0.6000000000000001,0.0,105.04965910907976,5.049659109079755
0.6000000000000001,0.6000000000000001,0.10000000000000009,105.51750700560407,5.517507005604074
0.6000000000000001,0.6000000000000001,0.20000000000000018,105.9812196847902,5.981219684790204
0.6000000000000001,0.6000000000000001,0.30000000000000004,106.44079714663816,6.440797146638161
0.6000000000000001,0.6000000000000001,0.40000000000000013,106.89623939114796,6.896239391147958
0.6000000000000001,0.6000000000000001,0.5,107.34754641831957,7.347546418319567
0.6000000000000001,0.6000000000000001,0.6000000000000001,107.79471822815302,7.794718228153016
0.6000000000000001,0.6000000000000001,0.7000000000000002,108.23775482064829,8.237754820648291
0.6000000000000001,0.6000000000000001,0.8,108.67665619580539,8.676656195805393
0.6000000000000001,0.6000000000000001,0.9000000000000001,109.11142235362432,9.11142235362432
0.6000000000000001,0.6000000000000001,1.0,109.54205329410507,9.542053294105074
0.6000000000000001,0.7000000000000002,-1.0,100.39758452922497,0.39758452922497156
0.6000000000000001,0.7000000000000002,-0.9,100.90687510242007,0.9068751024200736
0.6000000000000001,0.7000000000000002,-0.8,101.41203045827699,1.4120304582769876
0.6000000000000001,0.7000000000000002,-0.7,101.91305059679574,1.9130505967957419
0.6000000000000001,0.7000000000000002,-0.6,102.40993551797632,2.409935517976322
0.6000000000000001,0.7000000000000002,-0.5,102.90268522181873,2.9026852218187287
0.6000000000000001,0.7000000000000002,-0.3999999999999999,103.39129970832295,3.391299708322947
0.6000000000000001,0.7000000000000002,-0.29999999999999993,103.875778977489,3.8757789774890057
0.6000000000000001,0.7000000000000002,-0.19999999999999996,104.35612302931689,4.35612302931689
0.6000000000000001,0.7000000000000002,-0.09999999999999998,104.83233186380662,4.8323318638066155
0.6000000000000001,0.7000000000000002,0.0,105.30440548095814,5.304405480958138
0.6000000000000001,0.7000000000000002,0.10000000000000009,105.77234388077152,5.7723438807715155
0.6000000000000001,0.7000000000000002,0.20000000000000018,106.2361470632467,6.236147063246705
0.6000000000000001,0.7000000000000002,0.30000000000000004,106.69581502838372,6.69581502838372
0.6000000000000001,0.7000000000000002,0.40000000000000013,107.15134777618256,7.151347776182561
0.6000000000000001,0.7000000000000002,0.5,107.60274530664323,7.602745306643229
0.6000000000000001,0.7000000000000002,0.6000000000000001,108.05000761976574,8.050007619765736
0.6000000000000001,0.7000000000000002,0.7000000000000002,108.49313471555007,8.49313471555007
0.6000000000000001,0.7000000000000002,0.8,108.93212659399622,8.932126593996216
0.6000000000000001,0.7000000000000002,0.9000000000000001,109.3669832551042,9.366983255104202
0.6000000000000001,0.7000000000000002,1.0,109.79770469887401,9.797704698874014
0.6000000000000001,0.8,-1.0,100.63425157227404,0.6342515722740387
0.6000000000000001,0.8,-0.9,101.1436326487582,1.1436326487581994
0.6000000000000001,0.8,-0.8,101.64887850790417,1.648878507904172
0.6000000000000001,0.8,-0.7,102.14998914971198,2.1499891497119847
0.6000000000000001,0.8,-0.6,102.64696457418161,2.6469645741816095
0.6000000000000001,0.8,-0.5,103.13980478131307,3.1398047813130745
0.6000000000000001,0.8,-0.3999999999999999,103.62850977110635,3.6285097711063514
0.6000000000000001,0.8,-0.29999999999999993,104.11307954356147,4.113079543561469
0.6000000000000001,0.8,-0.19999999999999996,104.59351409867841,4.593514098678412
0.6000000000000001,0.8,-0.09999999999999998,105.06981343645718,5.069813436457181
0.6000000000000001,0.8,0.0,105.54197755689778,5.541977556897777
0.6000000000000001,0.8,0.10000000000000009,106.0100064600002,6.010006460000199
0.6000000000000001,0.8,0.20000000000000018,106.47390014576445,6.473900145764446
0.6000000000000001,0.8,0.30000000000000004,106.9336586141905,6.933658614190506
0.6000000000000001,0.8,0.40000000000000013,107.38928186527842,7.38928186527842
0.6000000000000001,0.8,0.5,107.84076989902813,7.840769899028132
0.6000000000000001,0.8,0.6000000000000001,108.2881227154397,8.288122715439698
0.6000000000000001,0.8,0.7000000000000002,108.73134031451308,8.731340314513076
0.6000000000000001,0.8,0.8,109.1704226962483,9.170422696248295
0.6000000000000001,0.8,0.9000000000000001,109.60536986064534,9.60536986064534
0.6000000000000001,0.8,1.0,110.0361818077042,10.036181807704196
0.6000000000000001,0.9000000000000001,-1.0,100.85374431938435,0.8537443193843472
0.6000000000000001,0.9000000000000001,-0.9,101.36321589915757,1.3632158991575665
0.6000000000000001,0.9000000000000001,-0.8,101.8685522615926,1.8685522615925976
0.6000000000000001,0.9000000000000001,-0.7,102.36975340668945,2.3697534066894548
0.6000000000000001,0.9000000000000001,-0.6,102.86681933444815,2.8668193344481523
0.6000000000000001,0.9000000000000001,-0.5,103.35975004486866,3.3597500448686617
0.6000000000000001,0.9000000000000001,-0.3999999999999999,103.848545537951,3.848545537950997
0.6000000000000001,0.9000000000000001,-0.29999999999999993,104.33320581369517,4.333205813695173
0.6000000000000001,0.9000000000000001,-0.19999999999999996,104.81373087210116,4.813730872101161
0.6000000000000001,0.9000000000000001,-0.09999999999999998,105.290120713169,5.290120713169003
0.6000000000000001,0.9000000000000001,0.0,105.76237533689864,5.762375336898643
0.6000000000000001,0.9000000000000001,0.10000000000000009,106.23049474329012,6.230494743290123
0.6000000000000001,0.9000000000000001,0.20000000000000018,106.69447893234343,6.694478932343429
0.6000000000000001,0.9000000000000001,0.30000000000000004,107.15432790405855,7.1543279040585475
0.6000000000000001,0.9000000000000001,0.40000000000000013,107.6100416584355,7.610041658435506
0.6000000000000001,0.9000000000000001,0.5,108.06162019547429,8.06162019547429
0.6000000000000001,0.9000000000000001,0.6000000000000001,108.5090635151749,8.509063515174901
0.6000000000000001,0.9000000000000001,0.7000000000000002,108.95237161753734,8.952371617537338
0.6000000000000001,0.9000000000000001,0.8,109.39154450256162,9.391544502561615
0.6000000000000001,0.9000000000000001,0.9000000000000001,109.8265821702477,9.826582170247704
0.6000000000000001,0.9000000000000001,1.0,110.25748462059562,10.25748462059562
0.6000000000000001,1.0,-1.0,101.05606277055591,1.0560627705559114
0.6000000000000001,1.0,-0.9,101.56562485361817,1.565624853618175
0.6000000000000001,1.0,-0.8,102.07105171934226,2.0710517193422646
0.6000000000000001,1.0,-0.7,102.57234336772818,2.5723433677281804
0.6000000000000001,1.0,-0.6,103.06949979877592,3.0694997987759223
0.6000000000000001,1.0,-0.5,103.56252101248549,3.5625210124854902
0.6000000000000001,1.0,-0.3999999999999999,104.0514070088569,4.0514070088568985
0.6000000000000001,1.0,-0.29999999999999993,104.53615778789012,4.536157787890119
0.6000000000000001,1.0,-0.19999999999999996,105.01677334958516,5.016773349585165
0.6000000000000001,1.0,-0.09999999999999998,105.49325369394205,5.4932536939420515
0.6000000000000001,1.0,0.0,105.96559882096075,5.96559882096075
0.6000000000000001,1.0,0.10000000000000009,106.43380873064129,6.433808730641289
0.6000000000000001,1.0,0.20000000000000018,106.89788342298364,6.897883422983639
0.6000000000000001,1.0,0.30000000000000004,107.35782289798783,7.35782289798783
0.6000000000000001,1.0,0.40000000000000013,107.81362715565385,7.8136271556538475
0.6000000000000001,1.0,0.5,108.26529619598168,8.265296195981676
0.6000000000000001,1.0,0.6000000000000001,108.71283001897135,8.712830018971346
0.6000000000000001,1.0,0.7000000000000002,109.15622862462284,9.156228624622841
0.6000000000000001,1.0,0.8,109.59549201293616,9.595492012936162
0.6000000000000001,1.0,0.9000000000000001,110.03062018391131,10.03062018391131
0.6000000000000001,1.0,1.0,110.46161313754831,10.461613137548312
0.7000000000000002,-1.0,-1.0,94.44197782894554,5.558022171054461
0.7000000000000002,-1.0,-0.9,94.95033450800389,5.049665491996109
0.7000000000000002,-1.0,-0.8,95.45455596972408,4.545444030275917
0.7000000000000002,-1.0,-0.7,95.9546422141061,4.0453577858938985
0.7000000000000002,-1.0,-0.6,96.45059324114993,3.5494067588500684
0.7000000000000002,-1.0,-0.5,96.9424090508556,3.057590949144398
0.7000000000000002,-1.0,-0.3999999999999999,97.4300896432231,2.5699103567769015
0.7000000000000002,-1.0,-0.29999999999999993,97.9136350182524,2.086364981747593
0.7000000000000002,-1.0,-0.19999999999999996,98.39304517594354,1.6069548240564586
0.7000000000000002,-1.0,-0.09999999999999998,98.86832011629653,1.1316798837034696
0.7000000000000002,-1.0,0.0,99.33945983931133,0.6605401606886687
0.7000000000000002,-1.0,0.10000000000000009,99.80646434498796,0.19353565501204173
0.7000000000000002,-1.0,0.20000000000000018,100.26933363332641,0.26933363332641136
0.7000000000000002,-1.0,0.30000000000000004,100.72806770432669,0.7280677043266905
0.7000000000000002,-1.0,0.40000000000000013,101.18266655798881,1.18266655798881
0.7000000000000002,-1.0,0.5,101.63313019431271,1.633130194312713
0.7000000000000002,-1.0,0.6000000000000001,102.07945861329848,2.0794586132984847
0.7000000000000002,-1.0,0.7000000000000002,102.52165181494608,2.5216518149460825
0.7000000000000002,-1.0,0.8,102.95970979925549,2.959709799255492
0.7000000000000002,-1.0,0.9000000000000001,103.39363256622674,3.393632566226742
0.7000000000000002,-1.0,1.0,103.82342011585982,3.8234201158598182
0.7000000000000002,-0.9,-1.0,94.97168598949992,5.0283140105000825
0.7000000000000002,-0.9,-0.9,95.48013317184733,4.519866828152672
0.7000000000000002,-0.9,-0.8,95.98444513685656,4.015554863143436
0.7000000000000002,-0.9,-0.7,96.48462188452764,3.515378115472359
0.7000000000000002,-0.9,-0.6,96.98066341486053,3.0193365851394702
0.7000000000000002,-0.9,-0.5,97.47256972785526,2.5274302721447413
0.7000000000000002,-0.9,-0.3999999999999999,97.96034082351181,2.039659176488186
0.7000000000000002,-0.9,-0.29999999999999993,98.44397670183017,1.5560232981698334
0.7000000000000002,-0.9,-0.19999999999999996,98.92347736281037,1.0765226371896262
0.7000000000000002,-0.9,-0.09999999999999998,99.39884280645241,0.6011571935475928
0.7000000000000002,-0.9,0.0,99.87007303275625,0.12992696724374753
0.7000000000000002,-0.9,0.10000000000000009,100.33716804172195,0.33716804172195225
0.7000000000000002,-0.9,0.20000000000000018,100.80012783334945,0.8001278333494497
0.7000000000000002,-0.9,0.30000000000000004,101.2589524076388,1.2589524076388017
0.7000000000000002,-0.9,0.40000000000000013,101.71364176458997,1.7136417645899655
0.7000000000000002,-0.9,0.5,102.16419590420293,2.164195904202927
0.7000000000000002,-0.9,0.6000000000000001,102.61061482647776,2.6106148264777573
0.7000000000000002,-0.9,0.7000000000000002,103.0528985314144,3.0528985314143995
0.7000000000000002,-0.9,0.8,103.49104701901287,3.4910470190128677
0.7000000000000002,-0.9,0.9000000000000001,103.92506028927318,3.9250602892731763
0.7000000000000002,-0.9,1.0,104.35493834219531,4.354938342195311
0.7000000000000002,-0.8,-1.0,95.48421985411554,4.515780145884463
0.7000000000000002,-0.8,-0.9,95.992757539752,4.007242460247994
0.7000000000000002,-0.8,-0.8,96.4971600080503,3.502839991949699
0.7000000000000002,-0.8,-0.7,96.99742725901042,3.002572740989578
0.7000000000000002,-0.8,-0.6,97.49355929263237,2.5064407073676307
0.7000000000000002,-0.8,-0.5,97.98555610891614,2.0144438910838574
0.7000000000000002,-0.8,-0.3999999999999999,98.47341770786177,1.5265822921382295
0.7000000000000002,-0.8,-0.29999999999999993,98.95714408946918,1.0428559105308182
0.7000000000000002,-0.8,-0.19999999999999996,99.43673525373843,0.5632647462615665
0.7000000000000002,-0.8,-0.09999999999999998,99.91219120066953,0.08780879933047459
0.7000000000000002,-0.8,0.0,100.38351193026243,0.38351193026242925
0.7000000000000002,-0.8,0.10000000000000009,100.85069744251717,0.8506974425171734
0.7000000000000002,-0.8,0.20000000000000018,101.31374773743374,1.3137477374337436
0.7000000000000002,-0.8,0.30000000000000004,101.77266281501214,1.77266281501214
0.7000000000000002,-0.8,0.40000000000000013,102.22744267525236,2.2274426752523624
0.7000000000000002,-0.8,0.5,102.67808731815438,2.6780873181543825
0.7000000000000002,-0.8,0.6000000000000001,103.12459674371826,3.124596743718257
0.7000000000000002,-0.8,0.7000000000000002,103.56697095194396,3.566970951943958
0.7000000000000002,-0.8,0.8,104.0052099428315,4.005209942831499
0.7000000000000002,-0.8,0.9000000000000001,104.43931371638085,4.439313716380852
0.7000000000000002,-0.8,1.0,104.86928227259203,4.869282272592031
0.7000000000000002,-0.7,-1.0,95.9795794227924,4.020420577207602
0.7000000000000002,-0.7,-0.9,96.48820761171791,3.511792388282089
0.7000000000000002,-0.7,-0.8,96.99270058330526,3.0072994166947353
0.7000000000000002,-0.7,-0.7,97.49305833755444,2.5069416624455556
0.7000000000000002,-0.7,-0.6,97.98928087446545,2.01071912553455
0.7000000000000002,-0.7,-0.5,98.48136819403828,1.5186318059617179
0.7000000000000002,-0.7,-0.3999999999999999,98.96932029627295,1.0306797037270456
0.7000000000000002,-0.7,-0.29999999999999993,99.45313718116942,0.5468628188305757
0.7000000000000002,-0.7,-0.19999999999999996,99.93281884872773,0.06718115127226554
0.7000000000000002,-0.7,-0.09999999999999998,100.40836529894788,0.408365298947885
0.7000000000000002,-0.7,0.0,100.87977653182985,0.8797765318298474
0.7000000000000002,-0.7,0.10000000000000009,101.34705254737365,1.34705254737365
0.7000000000000002,-0.7,0.20000000000000018,101.81019334557926,1.8101933455792647
0.7000000000000002,-0.7,0.30000000000000004,102.26919892644672,2.2691989264467196
0.7000000000000002,-0.7,0.40000000000000013,102.724069289976,2.7240692899760006
0.7000000000000002,-0.7,0.5,103.17480443616708,3.1748044361670793
0.7000000000000002,-0.7,0.6000000000000001,103.62140436502001,3.6214043650200125
0.7000000000000002,-0.7,0.7000000000000002,104.06386907653477,4.063869076534772
0.7000000000000002,-0.7,0.8,104.50219857071136,4.502198570711357
0.7000000000000002,-0.7,0.9000000000000001,104.93639284754977,4.936392847549769
0.7000000000000002,-0.7,1.0,105.36645190705002,5.3664519070500205
0.7000000000000002,-0.6,-1.0,96.4577646955305,3.5422353044695
0.7000000000000002,-0.6,-0.9,96.96648338774507,3.033516612254928
0.7000000000000002,-0.6,-0.8,97.47106686262148,2.528933137378516
0.7000000000000002,-0.6,-0.7,97.97151512015972,2.0284848798402777
0.7000000000000002,-0.6,-0.6,98.46782816035977,1.5321718396402275
0.7000000000000002,-0.6,-0.5,98.96000598322166,1.039994016778337
0.7000000000000002,-0.6,-0.3999999999999999,99.4480485887454,0.5519514112546062
0.7000000000000002,-0.6,-0.29999999999999993,99.93195597693092,0.06804402306907775
0.7000000000000002,-0.6,-0.19999999999999996,100.41172814777828,0.4117281477782768
0.7000000000000002,-0.6,-0.09999999999999998,100.88736510128749,0.8873651012874859
0.7000000000000002,-0.6,0.0,101.3588668374585,1.358866837458507
0.7000000000000002,-0.6,0.10000000000000009,101.82623335629137,1.8262333562913682
0.7000000000000002,-0.6,0.20000000000000018,102.28946465778603,2.289464657786027
0.7000000000000002,-0.6,0.30000000000000004,102.74856074194254,2.7485607419425406
0.7000000000000002,-0.6,0.40000000000000013,103.20352160876088,3.20352160876088
0.7000000000000002,-0.6,0.5,103.65434725824102,3.6543472582410175
0.7000000000000002,-0.6,0.6000000000000001,104.101037690383,4.101037690382995
0.7000000000000002,-0.6,0.7000000000000002,104.54359290518681,4.543592905186813
0.7000000000000002,-0.6,0.8,104.98201290265246,4.982012902652457
0.7000000000000002,-0.6,0.9000000000000001,105.41629768277993,5.416297682779927
0.7000000000000002,-0.6,1.0,105.84644724556921,5.846447245569209
0.7000000000000002,-0.5,-1.0,96.91877567232984,3.0812243276701565
0.7000000000000002,-0.5,-0.9,97.42758486783349,2.572415132166512
0.7000000000000002,-0.5,-0.8,97.93225884599894,2.0677411540010553
0.7000000000000002,-0.5,-0.7,98.43279760682624,1.5672023931737584
0.7000000000000002,-0.5,-0.6,98.92920115031535,1.0707988496846497
0.7000000000000002,-0.5,-0.5,99.4214694764663,0.5785305235337006
0.7000000000000002,-0.5,-0.3999999999999999,99.90960258527907,0.09039741472092544
0.7000000000000002,-0.5,-0.29999999999999993,100.39360047675366,0.3936004767536616
0.7000000000000002,-0.5,-0.19999999999999996,100.87346315089009,0.873463150890089
0.7000000000000002,-0.5,-0.09999999999999998,101.34919060768834,1.3491906076883424
0.7000000000000002,-0.5,0.0,101.82078284714842,1.820782847148422
0.7000000000000002,-0.5,0.10000000000000009,102.28823986927033,2.2882398692703276
0.7000000000000002,-0.5,0.20000000000000018,102.75156167405406,2.7515616740540594
0.7000000000000002,-0.5,0.30000000000000004,103.21074826149962,3.2107482614996172
0.7000000000000002,-0.5,0.40000000000000013,103.66579963160702,3.6657996316070154
0.7000000000000002,-0.5,0.5,104.1167157843762,4.116715784376197
0.7000000000000002,-0.5,0.6000000000000001,104.56349671980725,4.563496719807247
0.7000000000000002,-0.5,0.7000000000000002,105.00614243790012,5.006142437900124
0.7000000000000002,-0.5,0.8,105.44465293865481,5.444652938654812
0.7000000000000002,-0.5,0.9000000000000001,105.87902822207134,5.879028222071341
0.7000000000000002,-0.5,1.0,106.3092682881497,6.3092682881496955
0.7000000000000002,-0.3999999999999999,-1.0,97.36261235319044,2.6373876468095574
0.7000000000000002,-0.3999999999999999,-0.9,97.87151205198312,2.1284879480168826
0.7000000000000002,-0.3999999999999999,-0.8,98.37627653343765,1.6237234665623532
0.7000000000000002,-0.3999999999999999,-0.7,98.87690579755399,1.123094202446012
0.7000000000000002,-0.3999999999999999,-0.6,99.37339984433216,0.6266001556678447
0.7000000000000002,-0.3999999999999999,-0.5,99.86575867377216,0.13424132622783702
0.7000000000000002,-0.3999999999999999,-0.3999999999999999,100.353982285874,0.3539822858739967
0.7000000000000002,-0.3999999999999999,-0.29999999999999993,100.83807068063763,0.8380706806376281
0.7000000000000002,-0.3999999999999999,-0.19999999999999996,101.31802385806311,1.318023858063114
0.7000000000000002,-0.3999999999999999,-0.09999999999999998,101.79384181815043,1.793841818150426
0.7000000000000002,-0.3999999999999999,0.0,102.26552456089955,2.26552456089955
0.7000000000000002,-0.3999999999999999,0.10000000000000009,102.73307208631053,2.7330720863105284
0.7000000000000002,-0.3999999999999999,0.20000000000000018,103.1964843943833,3.1964843943833046
0.7000000000000002,-0.3999999999999999,0.30000000000000004,103.65576148511794,3.655761485117935
0.7000000000000002,-0.3999999999999999,0.40000000000000013,104.11090335851438,4.110903358514378
0.7000000000000002,-0.3999999999999999,0.5,104.56191001457262,4.561910014572618
0.7000000000000002,-0.3999999999999999,0.6000000000000001,105.00878145329273,5.008781453292727
0.7000000000000002,-0.3999999999999999,0.7000000000000002,105.45151767467465,5.451517674674648
0.7000000000000002,-0.3999999999999999,0.8,105.8901186787184,5.890118678718395
0.7000000000000002,-0.3999999999999999,0.9000000000000001,106.32458446542398,6.324584465423982
0.7000000000000002,-0.3999999999999999,1.0,106.7549150347914,6.754915034791395
0.7000000000000002,-0.29999999999999993,-1.0,97.78927473811227,2.210725261887731
0.7000000000000002,-0.29999999999999993,-0.9,98.298264940194,1.7017350598059977
0.7000000000000002,-0.29999999999999993,-0.8,98.80311992493758,1.196880075062424
0.7000000000000002,-0.29999999999999993,-0.7,99.30383969234298,0.6961603076570242
0.7000000000000002,-0.29999999999999993,-0.6,99.8004242424102,0.19957575758979829
0.7000000000000002,-0.29999999999999993,-0.5,100.29287357513927,0.2928735751392679
0.7000000000000002,-0.29999999999999993,-0.3999999999999999,100.78118769053016,0.7811876905301602
0.7000000000000002,-0.29999999999999993,-0.29999999999999993,101.26536658858285,1.2653665885828502
0.7000000000000002,-0.29999999999999993,-0.19999999999999996,101.74541026929738,1.7454102692973805
0.7000000000000002,-0.29999999999999993,-0.09999999999999998,102.22131873267375,2.221318732673751
0.7000000000000002,-0.29999999999999993,0.0,102.69309197871193,2.6930919787119336
0.7000000000000002,-0.29999999999999993,0.10000000000000009,103.16073000741196,3.1607300074119564
0.7000000000000002,-0.29999999999999993,0.20000000000000018,103.6242328187738,3.6242328187738053
0.7000000000000002,-0.29999999999999993,0.30000000000000004,104.08360041279748,4.08360041279748
0.7000000000000002,-0.29999999999999993,0.40000000000000013,104.53883278948298,4.538832789482981
0.7000000000000002,-0.29999999999999993,0.5,104.98992994883028,4.98992994883028
0.7000000000000002,-0.29999999999999993,0.6000000000000001,105.43689189083943,5.4368918908394335
0.7000000000000002,-0.29999999999999993,0.7000000000000002,105.87971861551041,5.879718615510413
0.7000000000000002,-0.29999999999999993,0.8,106.31841012284323,6.318410122843233
0.7000000000000002,-0.29999999999999993,0.9000000000000001,106.75296641283786,6.752966412837864
0.7000000000000002,-0.29999999999999993,1.0,107.18338748549434,7.183387485494336
0.7000000000000002,-0.19999999999999996,-1.0,98.19876282709532,1.8012371729046777
0.7000000000000002,-0.19999999999999996,-0.9,98.70784353246613,1.2921564675338715
0.7000000000000002,-0.19999999999999996,-0.8,99.21278902049876,0.7872109795012392
0.7000000000000002,-0.19999999999999996,-0.7,99.7135992911932,0.286400708806795
0.7000000000000002,-0.19999999999999996,-0.6,100.21027434454949,0.21027434454948946
0.7000000000000002,-0.19999999999999996,-0.5,100.7028141805676,0.7028141805676
0.7000000000000002,-0.19999999999999996,-0.3999999999999999,101.19121879924755,1.191218799247551
0.7000000000000002,-0.19999999999999996,-0.29999999999999993,101.6754882005893,1.6754882005892995
0.7000000000000002,-0.19999999999999996,-0.19999999999999996,102.15562238459289,2.1556223845928884
0.7000000000000002,-0.19999999999999996,-0.09999999999999998,102.63162135125832,2.6316213512583175
0.7000000000000002,-0.19999999999999996,0.0,103.10348510058556,3.1034851005855586
0.7000000000000002,-0.19999999999999996,0.10000000000000009,103.57121363257464,3.57121363257464
0.7000000000000002,-0.19999999999999996,0.20000000000000018,104.03480694722553,4.034806947225533
0.7000000000000002,-0.19999999999999996,0.30000000000000004,104.49426504453827,4.494265044538267
0.7000000000000002,-0.19999999999999996,0.40000000000000013,104.94958792451283,4.9495879245128265
0.7000000000000002,-0.19999999999999996,0.5,105.40077558714918,5.400775587149184
0.7000000000000002,-0.19999999999999996,0.6000000000000001,105.8478280324474,5.847828032447396
0.7000000000000002,-0.19999999999999996,0.7000000000000002,106.29074526040743,6.290745260407434
0.7000000000000002,-0.19999999999999996,0.8,106.7295272710293,6.729527271029298
0.7000000000000002,-0.19999999999999996,0.9000000000000001,107.16417406431299,7.164174064312988
0.7000000000000002,-0.19999999999999996,1.0,107.59468564025852,7.594685640258518
0.7000000000000002,-0.09999999999999998,-1.0,98.59107662013963,1.4089233798603686
0.7000000000000002,-0.09999999999999998,-0.9,99.10024782879948,0.8997521712005181
0.7000000000000002,-0.09999999999999998,-0.8,99.60528382012117,0.39471617987882723
0.7000000000000002,-0.09999999999999998,-0.7,100.10618459410469,0.10618459410468972
0.7000000000000002,-0.09999999999999998,-0.6,100.60295015075002,0.6029501507500186
0.7000000000000002,-0.09999999999999998,-0.5,101.09558049005719,1.0955804900571877
0.7000000000000002,-0.09999999999999998,-0.3999999999999999,101.5840756120262,1.5840756120261972
0.7000000000000002,-0.09999999999999998,-0.29999999999999993,102.068435516657,2.0684355166570043
0.7000000000000002,-0.09999999999999998,-0.19999999999999996,102.54866020394964,2.5486602039496375
0.7000000000000002,-0.09999999999999998,-0.09999999999999998,103.02474967390413,3.0247496739041253
0.7000000000000002,-0.09999999999999998,0.0,103.49670392652042,3.496703926520425
0.7000000000000002,-0.09999999999999998,0.10000000000000009,103.96452296179856,3.964522961798565
0.7000000000000002,-0.09999999999999998,0.20000000000000018,104.4282067797385,4.4282067797385025
0.7000000000000002,-0.09999999999999998,0.30000000000000004,104.8877553803403,4.887755380340295
0.7000000000000002,-0.09999999999999998,0.40000000000000013,105.34316876360391,5.343168763603913
0.7000000000000002,-0.09999999999999998,0.5,105.79444692952933,5.794446929529329
0.7000000000000002,-0.09999999999999998,0.6000000000000001,106.24158987811659,6.241589878116585
0.7000000000000002,-0.09999999999999998,0.7000000000000002,106.68459760936568,6.684597609365682
0.7000000000000002,-0.09999999999999998,0.8,107.1234701232766,7.123470123276604
0.7000000000000002,-0.09999999999999998,0.9000000000000001,107.55820741984935,7.558207419849353
0.7000000000000002,-0.09999999999999998,1.0,107.98880949908391,7.988809499083914
0.7000000000000002,0.0,-1.0,98.96621611724518,1.0337838827548183
0.7000000000000002,0.0,-0.9,99.47547782919409,0.5245221708059091
0.7000000000000002,0.0,-0.8,99.98060432380483,0.019395676195173905
0.7000000000000002,0.0,-0.7,100.4815956010774,0.4815956010774016
0.7000000000000002,0.0,-0.6,100.97845166101179,0.978451661011789
0.7000000000000002,0.0,-0.5,101.47117250360802,1.4711725036080168
0.7000000000000002,0.0,-0.3999999999999999,101.95975812886608,1.9597581288660848
0.7000000000000002,0.0,-0.29999999999999993,102.44420853678594,2.4442085367859363
0.7000000000000002,0.0,-0.19999999999999996,102.92452372736764,2.9245237273676423
0.7000000000000002,0.0,-0.09999999999999998,103.40070370061117,3.4007037006111744
0.7000000000000002,0.0,0.0,103.87274845651653,3.8727484565165327
0.7000000000000002,0.0,0.10000000000000009,104.34065799508372,4.340657995083717
0.7000000000000002,0.0,0.20000000000000018,104.80443231631273,4.804432316312727
0.7000000000000002,0.0,0.30000000000000004,105.26407142020356,5.264071420203564
0.7000000000000002,0.0,0.40000000000000013,105.71957530675624,5.719575306756241
0.7000000000000002,0.0,0.5,106.1709439759707,6.170943975970701
0.7000000000000002,0.0,0.6000000000000001,106.61817742784703,6.61817742784703
0.7000000000000002,0.0,0.7000000000000002,107.06127566238519,7.061275662385185
0.7000000000000002,0.0,0.8,107.50023867958515,7.500238679585152
0.7000000000000002,0.0,0.9000000000000001,107.93506647944696,7.935066479446959
0.7000000000000002,0.0,1.0,108.36575906197058,8.365759061970579
0.7000000000000002,0.10000000000000009,-1.0,99.32418131841196,0.6758186815880407
0.7000000000000002,0.10000000000000009,-0.9,99.83353353364993,0.166466466350073
0.7000000000000002,0.10000000000000009,-0.8,100.33875053154974,0.338750531549735
0.7000000000000002,0.10000000000000009,-0.7,100.83983231211135,0.8398323121113549
0.7000000000000002,0.10000000000000009,-0.6,101.33677887533482,1.336778875334815
0.7000000000000002,0.10000000000000009,-0.5,101.82959022122009,1.8295902212200872
0.7000000000000002,0.10000000000000009,-0.3999999999999999,102.3182663497672,2.3182663497671996
0.7000000000000002,0.10000000000000009,-0.29999999999999993,102.80280726097612,2.802807260976124
0.7000000000000002,0.10000000000000009,-0.19999999999999996,103.28321295484687,3.2832129548468743
0.7000000000000002,0.10000000000000009,-0.09999999999999998,103.75948343137946,3.759483431379465
0.7000000000000002,0.10000000000000009,0.0,104.23161869057388,4.231618690573882
0.7000000000000002,0.10000000000000009,0.10000000000000009,104.69961873243012,4.699618732430125
0.7000000000000002,0.10000000000000009,0.20000000000000018,105.16348355694818,5.163483556948179
0.7000000000000002,0.10000000000000009,0.30000000000000004,105.62321316412809,5.623213164128089
0.7000000000000002,0.10000000000000009,0.40000000000000013,106.07880755396981,6.07880755396981
0.7000000000000002,0.10000000000000009,0.5,106.53026672647333,6.530266726473329
0.7000000000000002,0.10000000000000009,0.6000000000000001,106.97759068163872,6.977590681638716
0.7000000000000002,0.10000000000000009,0.7000000000000002,107.42077941946592,7.420779419465916
0.7000000000000002,0.10000000000000009,0.8,107.85983293995494,7.859832939954941
0.7000000000000002,0.10000000000000009,0.9000000000000001,108.29475124310581,8.294751243105807
0.7000000000000002,0.10000000000000009,1.0,108.72553432891849,8.725534328918485
0.7000000000000002,0.20000000000000018,-1.0,99.66497222363999,0.3350277763600076
0.7000000000000002,0.20000000000000018,-0.9,100.17441494216702,0.1744149421670187
0.7000000000000002,0.20000000000000018,-0.8,100.67972244335587,0.6797224433558711
0.7000000000000002,0.20000000000000018,-0.7,101.18089472720655,1.1808947272065495
0.7000000000000002,0.20000000000000018,-0.6,101.67793179371907,1.6779317937190683
0.7000000000000002,0.20000000000000018,-0.5,102.1708336428934,2.170833642893399
0.7000000000000002,0.20000000000000018,-0.3999999999999999,102.65960027472957,2.65960027472957
0.7000000000000002,0.20000000000000018,-0.29999999999999993,103.14423168922754,3.1442316892275386
0.7000000000000002,0.20000000000000018,-0.19999999999999996,103.62472788638735,3.6247278863873476
0.7000000000000002,0.20000000000000018,-0.09999999999999998,104.101088866209,4.101088866208997
0.7000000000000002,0.20000000000000018,0.0,104.57331462869246,4.573314628692458
0.7000000000000002,0.20000000000000018,0.10000000000000009,105.04140517383776,5.041405173837759
0.7000000000000002,0.20000000000000018,0.20000000000000018,105.50536050164489,5.505360501644887
0.7000000000000002,0.20000000000000018,0.30000000000000004,105.96518061211384,5.965180612113841
0.7000000000000002,0.20000000000000018,0.40000000000000013,106.42086550524462,6.42086550524462
0.7000000000000002,0.20000000000000018,0.5,106.8724151810372,6.872415181037198
0.7000000000000002,0.20000000000000018,0.6000000000000001,107.31982963949163,7.31982963949163
0.7000000000000002,0.20000000000000018,0.7000000000000002,107.76310888060789,7.763108880607888
0.7000000000000002,0.20000000000000018,0.8,108.20225290438597,8.202252904385972
0.7000000000000002,0.20000000000000018,0.9000000000000001,108.6372617108259,8.637261710825896
0.7000000000000002,0.20000000000000018,1.0,109.06813529992763,9.068135299927633
0.7000000000000002,0.30000000000000004,-1.0,99.98858883292928,0.011411167070718875
0.7000000000000002,0.30000000000000004,-0.9,100.49812205474535,0.49812205474535176
0.7000000000000002,0.30000000000000004,-0.8,101.00352005922326,1.0035200592232627
0.7000000000000002,0.30000000000000004,-0.7,101.504782846363,1.5047828463629997
0.7000000000000002,0.30000000000000004,-0.6,102.00191041616456,2.001910416164563
0.7000000000000002,0.30000000000000004,-0.5,102.49490276862795,2.494902768627952
0.7000000000000002,0.30000000000000004,-0.3999999999999999,102.98375990375317,2.9837599037531675
0.7000000000000002,0.30000000000000004,-0.29999999999999993,103.4684818215402,3.4684818215401947
0.7000000000000002,0.30000000000000004,-0.19999999999999996,103.94906852198906,3.949068521989062
0.7000000000000002,0.30000000000000004,-0.09999999999999998,104.42552000509977,4.42552000509977
0.7000000000000002,0.30000000000000004,0.0,104.89783627087229,4.89783627087229
0.7000000000000002,0.30000000000000004,0.10000000000000009,105.36601731930665,5.36601731930665
0.7000000000000002,0.30000000000000004,0.20000000000000018,105.83006315040282,5.830063150402822
0.7000000000000002,0.30000000000000004,0.30000000000000004,106.28997376416083,6.289973764160834
0.7000000000000002,0.30000000000000004,0.40000000000000013,106.74574916058067,6.745749160580672
0.7000000000000002,0.30000000000000004,0.5,107.19738933966231,7.197389339662308
0.7000000000000002,0.30000000000000004,0.6000000000000001,107.6448943014058,7.644894301405799
0.7000000000000002,0.30000000000000004,0.7000000000000002,108.08826404581112,8.088264045811115
0.7000000000000002,0.30000000000000004,0.8,108.52749857287826,8.527498572878258
0.7000000000000002,0.30000000000000004,0.9000000000000001,108.96259788260723,8.962597882607227
0.7000000000000002,0.30000000000000004,1.0,109.39356197499802,9.393561974998022
0.7000000000000002,0.40000000000000013,-1.0,100.29503114627978,0.2950311462797828
0.7000000000000002,0.40000000000000013,-0.9,100.80465487138491,0.804654871384912
0.7000000000000002,0.40000000000000013,-0.8,101.31014337915188,1.3101433791518815
0.7000000000000002,0.40000000000000013,-0.7,101.81149666958068,1.8114966695806771
0.7000000000000002,0.40000000000000013,-0.6,102.3087147426713,2.308714742671299
0.7000000000000002,0.40000000000000013,-0.5,102.80179759842373,2.8017975984237324
0.7000000000000002,0.40000000000000013,-0.3999999999999999,103.29074523683802,3.2907452368380206
0.7000000000000002,0.40000000000000013,-0.29999999999999993,103.7755576579141,3.7755576579141064
0.7000000000000002,0.40000000000000013,-0.19999999999999996,104.25623486165203,4.2562348616520325
0.7000000000000002,0.40000000000000013,-0.09999999999999998,104.73277684805178,4.732776848051785
0.7000000000000002,0.40000000000000013,0.0,105.20518361711336,5.205183617113363
0.7000000000000002,0.40000000000000013,0.10000000000000009,105.67345516883678,5.673455168836782
0.7000000000000002,0.40000000000000013,0.20000000000000018,106.137591503222,6.137591503221998
0.7000000000000002,0.40000000000000013,0.30000000000000004,106.59759262026907,6.597592620269069
0.7000000000000002,0.40000000000000013,0.40000000000000013,107.05345851997797,7.053458519977966
0.7000000000000002,0.40000000000000013,0.5,107.50518920234866,7.50518920234866
0.7000000000000002,0.40000000000000013,0.6000000000000001,107.9527846673812,7.952784667381195
0.7000000000000002,0.40000000000000013,0.7000000000000002,108.39624491507557,8.39624491507557
0.7000000000000002,0.40000000000000013,0.8,108.83556994543177,8.835569945431772
0.7000000000000002,0.40000000000000013,0.9000000000000001,109.2707597584498,9.270759758449799
0.7000000000000002,0.40000000000000013,1.0,109.70181435412964,9.701814354129638
0.7000000000000002,0.5,-1.0,100.58429916369155,0.5842991636915542
0.7000000000000002,0.5,-0.9,101.09401339208573,1.0940133920857278
0.7000000000000002,0.5,-0.8,101.59959240314176,1.5995924031417559
0.7000000000000002,0.5,-0.7,102.1010361968596,2.101036196859596
0.7000000000000002,0.5,-0.6,102.59834477323928,2.598344773239276
0.7000000000000002,0.5,-0.5,103.09151813228077,3.0915181322807683
0.7000000000000002,0.5,-0.3999999999999999,103.58055627398412,3.580556273984115
0.7000000000000002,0.5,-0.29999999999999993,104.06545919834925,4.065459198349245
0.7000000000000002,0.5,-0.19999999999999996,104.54622690537623,4.54622690537623
0.7000000000000002,0.5,-0.09999999999999998,105.02285939506504,5.022859395065041
0.7000000000000002,0.5,0.0,105.49535666741568,5.4953566674156775
0.7000000000000002,0.5,0.10000000000000009,105.96371872242814,5.9637187224281405
0.7000000000000002,0.5,0.20000000000000018,106.42794556010243,6.42794556010243
0.7000000000000002,0.5,0.30000000000000004,106.88803718043854,6.888037180438545
0.7000000000000002,0.5,0.40000000000000013,107.3439935834365,7.3439935834365
0.7000000000000002,0.5,0.5,107.79581476909624,7.795814769096239
0.7000000000000002,0.5,0.6000000000000001,108.24350073741785,8.243500737417847
0.7000000000000002,0.5,0.7000000000000002,108.68705148840127,8.687051488401266
0.7000000000000002,0.5,0.8,109.12646702204653,9.126467022046526
0.7000000000000002,0.5,0.9000000000000001,109.56174733835361,9.561747338353612
0.7000000000000002,0.5,1.0,109.99289243732252,9.992892437322524
0.7000000000000002,0.6000000000000001,-1.0,100.85639288516454,0.8563928851645386
0.7000000000000002,0.6000000000000001,-0.9,101.3661976168478,1.3661976168477992
0.7000000000000002,0.6000000000000001,-0.8,101.87186713119287,1.8718671311928716
0.7000000000000002,0.6000000000000001,-0.7,102.37340142819977,2.37340142819977
0.7000000000000002,0.6000000000000001,-0.6,102.87080050786851,2.870800507868509
0.7000000000000002,0.6000000000000001,-0.5,103.36406437019906,3.36406437019906
0.7000000000000002,0.6000000000000001,-0.3999999999999999,103.85319301519145,3.853193015191451
0.7000000000000002,0.6000000000000001,-0.29999999999999993,104.33818644284565,4.338186442845654
0.7000000000000002,0.6000000000000001,-0.19999999999999996,104.81904465316168,4.819044653161683
0.7000000000000002,0.6000000000000001,-0.09999999999999998,105.29576764613955,5.295767646139552
0.7000000000000002,0.6000000000000001,0.0,105.76835542177925,5.768355421779248
0.7000000000000002,0.6000000000000001,0.10000000000000009,106.23680798008077,6.236807980080769
0.7000000000000002,0.6000000000000001,0.20000000000000018,106.7011253210441,6.701125321044103
0.7000000000000002,0.6000000000000001,0.30000000000000004,107.16130744466929,7.161307444669291
0.7000000000000002,0.6000000000000001,0.40000000000000013,107.61735435095629,7.61735435095629
0.7000000000000002,0.6000000000000001,0.5,108.06926603990509,8.069266039905088
0.7000000000000002,0.6000000000000001,0.6000000000000001,108.51704251151575,8.517042511515754
0.7000000000000002,0.6000000000000001,0.7000000000000002,108.96068376578823,8.960683765788232
0.7000000000000002,0.6000000000000001,0.8,109.40018980272254,9.400189802722537
0.7000000000000002,0.6000000000000001,0.9000000000000001,109.83556062231868,9.835560622318681
0.7000000000000002,0.6000000000000001,1.0,110.26679622457664,10.266796224576638
0.7000000000000002,0.7000000000000002,-1.0,101.11131231069878,1.1113123106987786
0.7000000000000002,0.7000000000000002,-0.9,101.62120754567108,1.6212075456710835
0.7000000000000002,0.7000000000000002,-0.8,102.12696756330521,2.1269675633052145
0.7000000000000002,0.7000000000000002,-0.7,102.62859236360119,2.628592363601186
0.7000000000000002,0.7000000000000002,-0.6,103.12608194655897,3.126081946558969
0.7000000000000002,0.7000000000000002,-0.5,103.61943631217858,3.6194363121785784
0.7000000000000002,0.7000000000000002,-0.3999999999999999,104.10865546046003,4.108655460460028
0.7000000000000002,0.7000000000000002,-0.29999999999999993,104.59373939140328,4.593739391403275
0.7000000000000002,0.7000000000000002,-0.19999999999999996,105.07468810500836,5.074688105008363
0.7000000000000002,0.7000000000000002,-0.09999999999999998,105.55150160127529,5.551501601275291
0.7000000000000002,0.7000000000000002,0.0,106.02417988020403,6.024179880204031
0.7000000000000002,0.7000000000000002,0.10000000000000009,106.49272294179463,6.492722941794625
0.7000000000000002,0.7000000000000002,0.20000000000000018,106.95713078604702,6.957130786047017
0.7000000000000002,0.7000000000000002,0.30000000000000004,107.41740341296125,7.417403412961249
0.7000000000000002,0.7000000000000002,0.40000000000000013,107.87354082253731,7.873540822537308
0.7000000000000002,0.7000000000000002,0.5,108.32554301477516,8.325543014775164
0.7000000000000002,0.7000000000000002,0.6000000000000001,108.77340998967487,8.773409989674875
0.7000000000000002,0.7000000000000002,0.7000000000000002,109.21714174723641,9.217141747236411
0.7000000000000002,0.7000000000000002,0.8,109.65673828745977,9.656738287459774
0.7000000000000002,0.7000000000000002,0.9000000000000001,110.09219961034496,10.092199610344963
0.7000000000000002,0.7000000000000002,1.0,110.52352571589199,10.523525715891992
0.7000000000000002,0.8,-1.0,101.34905744029426,1.34905744029426
0.7000000000000002,0.8,-0.9,101.85904317855562,1.8590431785556234
0.7000000000000002,0.8,-0.8,102.36489369947881,2.364893699478813
0.7000000000000002,0.8,-0.7,102.86660900306383,2.8666090030638287
0.7000000000000002,0.8,-0.6,103.36418908931067,3.3641890893106705
0.7000000000000002,0.8,-0.5,103.85763395821934,3.8576339582193384
0.7000000000000002,0.8,-0.3999999999999999,104.34694360978985,4.346943609789847
0.7000000000000002,0.8,-0.29999999999999993,104.83211804402214,4.832118044022138
0.7000000000000002,0.8,-0.19999999999999996,105.31315726091628,5.3131572609162845
0.7000000000000002,0.8,-0.09999999999999998,105.79006126047227,5.790061260472271
0.7000000000000002,0.8,0.0,106.26283004269007,6.262830042690069
0.7000000000000002,0.8,0.10000000000000009,106.73146360756971,6.731463607569708
0.7000000000000002,0.8,0.20000000000000018,107.19596195511116,7.195961955111159
0.7000000000000002,0.8,0.30000000000000004,107.65632508531445,7.6563250853144496
0.7000000000000002,0.8,0.40000000000000013,108.11255299817957,8.112552998179567
0.7000000000000002,0.8,0.5,108.56464569370648,8.564645693706481
0.7000000000000002,0.8,0.6000000000000001,109.01260317189525,9.01260317189525
0.7000000000000002,0.8,0.7000000000000002,109.45642543274585,9.456425432745846
0.7000000000000002,0.8,0.8,109.89611247625827,9.896112476258267
0.7000000000000002,0.8,0.9000000000000001,110.3316643024325,10.3316643024325
0.7000000000000002,0.8,1.0,110.76308091126857,10.763080911268574
0.7000000000000002,0.9000000000000001,-1.0,101.56962827395098,1.5696282739509826
0.7000000000000002,0.9000000000000001,-0.9,102.0797045155014,2.0797045155014047
0.7000000000000002,0.9000000000000001,-0.8,102.58564553971364,2.5856455397136386
0.7000000000000002,0.9000000000000001,-0.7,103.08745134658771,3.087451346587713
0.7000000000000002,0.9000000000000001,-0.6,103.58512193612361,3.5851219361236133
0.7000000000000002,0.9000000000000001,-0.5,104.07865730832133,4.078657308321326
0.7000000000000002,0.9000000000000001,-0.3999999999999999,104.56805746318089,4.568057463180892
0.7000000000000002,0.9000000000000001,-0.29999999999999993,105.05332240070226,5.053322400702257
0.7000000000000002,0.9000000000000001,-0.19999999999999996,105.53445212088546,5.534452120885462
0.7000000000000002,0.9000000000000001,-0.09999999999999998,106.01144662373049,6.011446623730492
0.7000000000000002,0.9000000000000001,0.0,106.48430590923735,6.484305909237349
0.7000000000000002,0.9000000000000001,0.10000000000000009,106.95302997740605,6.953029977406047
0.7000000000000002,0.9000000000000001,0.20000000000000018,107.41761882823654,7.417618828236542
0.7000000000000002,0.9000000000000001,0.30000000000000004,107.87807246172889,7.878072461728891
0.7000000000000002,0.9000000000000001,0.40000000000000013,108.33439087788307,8.334390877883067
0.7000000000000002,0.9000000000000001,0.5,108.78657407669904,8.78657407669904
0.7000000000000002,0.9000000000000001,0.6000000000000001,109.23462205817685,9.234622058176853
0.7000000000000002,0.9000000000000001,0.7000000000000002,109.67853482231651,9.678534822316507
0.7000000000000002,0.9000000000000001,0.8,110.11831236911799,10.118312369117987
0.7000000000000002,0.9000000000000001,0.9000000000000001,110.55395469858128,10.553954698581279
0.7000000000000002,0.9000000000000001,1.0,110.98546181070641,10.985461810706411
0.7000000000000002,1.0,-1.0,101.77302481166896,1.7730248116689609
0.7000000000000002,1.0,-0.9,102.28319155650841,2.283191556508413
0.7000000000000002,1.0,-0.8,102.78922308400972,2.78922308400972
0.7000000000000002,1.0,-0.7,103.29111939417284,3.2911193941728385
0.7000000000000002,1.0,-0.6,103.7888804869978,3.7888804869977974
0.7000000000000002,1.0,-0.5,104.28250636248457,4.282506362484568
0.7000000000000002,1.0,-0.3999999999999999,104.7719970206332,4.771997020633194
0.7000000000000002,1.0,-0.29999999999999993,105.2573524614436,5.2573524614436025
0.7000000000000002,1.0,-0.19999999999999996,105.73857268491587,5.738572684915866
0.7000000000000002,1.0,-0.09999999999999998,106.21565769104996,6.215657691049955
0.7000000000000002,1.0,0.0,106.68860747984587,6.688607479845871
0.7000000000000002,1.0,0.10000000000000009,107.15742205130361,7.157422051303612
0.7000000000000002,1.0,0.20000000000000018,107.62210140542318,7.62210140542318
0.7000000000000002,1.0,0.30000000000000004,108.08264554220457,8.082645542204574
0.7000000000000002,1.0,0.40000000000000013,108.53905446164781,8.539054461647808
0.7000000000000002,1.0,0.5,108.99132816375283,8.991328163752826
0.7000000000000002,1.0,0.6000000000000001,109.43946664851971,9.439466648519712
0.7000000000000002,1.0,0.7000000000000002,109.88346991594841,9.88346991594841
0.7000000000000002,1.0,0.8,110.32333796603895,10.323337966038949
0.7000000000000002,1.0,0.9000000000000001,110.7590707987913,10.7590707987913
0.7000000000000002,1.0,1.0,111.1906684142055,11.190668414205504
0.8,-1.0,-1.0,95.14832921942562,4.851670780574381
0.8,-1.0,-0.9,95.65729056026117,4.342709439738826
0.8,-1.0,-0.8,96.16211668375857,3.837883316241431
0.8,-1.0,-0.7,96.66280758991779,3.33719241008221
0.8,-1.0,-0.6,97.15936327873884,2.8406367212611627
0.8,-1.0,-0.5,97.65178375022171,2.3482162497782895
0.8,-1.0,-0.3999999999999999,98.14006900436641,1.85993099563359
0.8,-1.0,-0.29999999999999993,98.62421904117294,1.3757809588270646
0.8,-1.0,-0.19999999999999996,99.10423386064127,0.8957661393587273
0.8,-1.0,-0.09999999999999998,99.58011346277146,0.4198865372285354
0.8,-1.0,0.0,100.05185784756347,0.05185784756346834
0.8,-1.0,0.10000000000000009,100.51946701501731,0.5194670150173124
0.8,-1.0,0.20000000000000018,100.98294096513297,0.9829409651329684
0.8,-1.0,0.30000000000000004,101.44227969791046,1.4422796979104646
0.8,-1.0,0.40000000000000013,101.89748321334979,1.897483213349787
0.8,-1.0,0.5,102.3485515114509,2.348551511450907
0.8,-1.0,0.6000000000000001,102.79548459221388,2.7954845922138816
0.8,-1.0,0.7000000000000002,103.23828245563868,3.2382824556386822
0.8,-1.0,0.8,103.67694510172531,3.676945101725309
0.8,-1.0,0.9000000000000001,104.11147253047376,4.111472530473762
0.8,-1.0,1.0,104.54186474188404,4.541864741884041
0.8,-0.9,-1.0,95.67911546652638,4.320884533473617
0.8,-0.9,-0.9,96.18816731065101,3.8118326893489893
0.8,-0.9,-0.8,96.69308393743746,3.306916062562536
0.8,-0.9,-0.7,97.19386534688573,2.8061346531142703
0.8,-0.9,-0.6,97.69051153899584,2.3094884610041646
0.8,-0.9,-0.5,98.18302251376777,1.8169774862322328
0.8,-0.9,-0.3999999999999999,98.67139827120154,1.3286017287984606
0.8,-0.9,-0.29999999999999993,99.15563881129711,0.8443611887028908
0.8,-0.9,-0.19999999999999996,99.6357441340545,0.36425586594549486
0.8,-0.9,-0.09999999999999998,100.11171423947376,0.11171423947375558
0.8,-0.9,0.0,100.58354912755482,0.5835491275548179
0.8,-0.9,0.10000000000000009,101.0512487982977,1.0512487982977063
0.8,-0.9,0.20000000000000018,101.51481325170242,1.5148132517024209
0.8,-0.9,0.30000000000000004,101.97424248776898,1.9742424877689757
0.8,-0.9,0.40000000000000013,102.42953650649736,2.4295365064973566
0.8,-0.9,0.5,102.88069530788752,2.880695307887521
0.8,-0.9,0.6000000000000001,103.32771889193955,3.327718891939554
0.8,-0.9,0.7000000000000002,103.77060725865341,3.7706072586534134
0.8,-0.9,0.8,104.20936040802908,4.2093604080290845
0.8,-0.9,0.9000000000000001,104.6439783400666,4.643978340066596
0.8,-0.9,1.0,105.07446105476595,5.074461054765948
0.8,-0.8,-1.0,96.19272741768842,3.807272582311583
0.8,-0.8,-0.9,96.70186976510209,3.2981302348979114
0.8,-0.8,-0.8,97.2068768951776,2.7931231048223992
0.8,-0.8,-0.7,97.70774880791492,2.292251192085075
0.8,-0.8,-0.6,98.20448550331409,1.795514496685911
0.8,-0.8,-0.5,98.69708698137507,1.3029130186249347
0.8,-0.8,-0.3999999999999999,99.1855532420979,0.814446757902104
0.8,-0.8,-0.29999999999999993,99.66988428548252,0.33011571451747557
0.8,-0.8,-0.19999999999999996,100.15008011152898,0.15008011152897893
0.8,-0.8,-0.09999999999999998,100.62614072023727,0.6261407202372737
0.8,-0.8,0.0,101.0980661116074,1.0980661116073946
0.8,-0.8,0.10000000000000009,101.56585628563934,1.5658562856393416
0.8,-0.8,0.20000000000000018,102.02951124233311,2.0295112423331148
0.8,-0.8,0.30000000000000004,102.48903098168873,2.489030981688728
0.8,-0.8,0.40000000000000013,102.94441550370615,2.9444155037061535
0.8,-0.8,0.5,103.39566480838539,3.3956648083853906
0.8,-0.8,0.6000000000000001,103.84277889572647,3.842778895726468
0.8,-0.8,0.7000000000000002,104.28575776572939,4.285757765729386
0.8,-0.8,0.8,104.72460141839412,4.724601418394116
0.8,-0.8,0.9000000000000001,105.15930985372069,5.159309853720686
0.8,-0.8,1.0,105.58988307170907,5.5898830717090675
0.8,-0.7,-1.0,96.68916507291169,3.310834927088308
0.8,-0.7,-0.9,97.19839792361441,2.801602076385592
0.8,-0.7,-0.8,97.70349555697898,2.2965044430210213
0.8,-0.7,-0.7,98.20445797300536,1.7955420269946387
0.8,-0.7,-0.6,98.70128517169357,1.29871482830643
0.8,-0.7,-0.5,99.19397715304362,0.806022846956381
0.8,-0.7,-0.3999999999999999,99.6825339170555,0.31746608294450596
0.8,-0.7,-0.29999999999999993,100.16695546372918,0.16695546372918102
0.8,-0.7,-0.19999999999999996,100.6472417930647,0.6472417930646941
0.8,-0.7,-0.09999999999999998,101.12339290506205,1.1233929050620475
0.8,-0.7,0.0,101.59540879972121,1.5954087997212127
0.8,-0.7,0.10000000000000009,102.06328947704223,2.0632894770422325
0.8,-0.7,0.20000000000000018,102.52703493702505,2.52703493702505
0.8,-0.7,0.30000000000000004,102.98664517966971,2.9866451796697078
0.8,-0.7,0.40000000000000013,103.4421202049762,3.442120204976206
0.8,-0.7,0.5,103.89346001294449,3.8934600129444874
0.8,-0.7,0.6000000000000001,104.34066460357462,4.3406646035746235
0.8,-0.7,0.7000000000000002,104.7837339768666,4.7837339768666
0.8,-0.7,0.8,105.22266813282039,5.222668132820388
0.8,-0.7,0.9000000000000001,105.657467071436,5.6574670714360025
0.8,-0.7,1.0,106.08813079271346,6.088130792713457
0.8,-0.6,-1.0,97.16842843219618,2.8315715678038202
0.8,-0.6,-0.9,97.67775178618798,2.322248213812017
0.8,-0.6,-0.8,98.1829399228416,1.817060077158402
0.8,-0.6,-0.7,98.68399284215704,1.3160071578429609
0.8,-0.6,-0.6,99.1809105441343,0.8190894558656936
0.8,-0.6,-0.5,99.6736930287734,0.32630697122660024
0.8,-0.6,-0.3999999999999999,100.16234029607433,0.16234029607433342
0.8,-0.6,-0.29999999999999993,100.64685234603708,0.646852346037079
0.8,-0.6,-0.19999999999999996,101.12722917866164,1.1272291786616364
0.8,-0.6,-0.09999999999999998,101.60347079394806,1.6034707939480626
0.8,-0.6,0.0,102.07557719189629,2.0755771918962864
0.8,-0.6,0.10000000000000009,102.54354837250635,2.5435483725063506
0.8,-0.6,0.20000000000000018,103.00738433577823,3.0073843357782266
0.8,-0.6,0.30000000000000004,103.46708508171194,3.467085081711943
0.8,-0.6,0.40000000000000013,103.92265061030749,3.9226506103074854
0.8,-0.6,0.5,104.37408092156483,4.3740809215648255
0.8,-0.6,0.6000000000000001,104.82137601548402,4.82137601548402
0.8,-0.6,0.7000000000000002,105.26453589206506,5.264535892065055
0.8,-0.6,0.8,105.7035605513079,5.703560551307902
0.8,-0.6,0.9000000000000001,106.13844999321257,6.138449993212575
0.8,-0.6,1.0,106.56920421777909,6.569204217779088
0.8,-0.5,-1.0,97.63051749554197,2.369482504458034
0.8,-0.5,-0.9,98.1399313528228,1.8600686471772008
0.8,-0.5,-0.8,98.64520999276547,1.3547900072345271
0.8,-0.5,-0.7,99.14635341536997,0.8536465846300274
0.8,-0.5,-0.6,99.64336162063628,0.3566383793637158
0.8,-0.5,-0.5,100.13623460856444,0.13623460856443614
0.8,-0.5,-0.3999999999999999,100.62497237915443,0.6249723791544284
0.8,-0.5,-0.29999999999999993,101.10957493240623,1.1095749324062325
0.8,-0.5,-0.19999999999999996,101.59004226831985,1.5900422683198485
0.8,-0.5,-0.09999999999999998,102.06637438689532,2.066374386895319
0.8,-0.5,0.0,102.5385712881326,2.5385712881326015
0.8,-0.5,0.10000000000000009,103.00663297203172,3.006632972031724
0.8,-0.5,0.20000000000000018,103.47055943859266,3.470559438592659
0.8,-0.5,0.30000000000000004,103.93035068781543,3.9303506878154337
0.8,-0.5,0.40000000000000013,104.38600671970003,4.386006719700035
0.8,-0.5,0.5,104.83752753424645,4.837527534246448
0.8,-0.5,0.6000000000000001,105.28491313145469,5.284913131454687
0.8,-0.5,0.7000000000000002,105.72816351132475,5.728163511324752
0.8,-0.5,0.8,106.16727867385666,6.167278673856657
0.8,-0.5,0.9000000000000001,106.60225861905039,6.602258619050389
0.8,-0.5,1.0,107.03310334690596,7.0331033469059605
0.8,-0.3999999999999999,-1.0,98.07543226294895,1.9245677370510492
0.8,-0.3999999999999999,-0.9,98.58493662351884,1.4150633764811573
0.8,-0.3999999999999999,-0.8,99.09030576675057,0.9096942332494251
0.8,-0.3999999999999999,-0.7,99.59153969264412,0.408460307355881
0.8,-0.3999999999999999,-0.6,100.0886384011995,0.08863840119950339
0.8,-0.3999999999999999,-0.5,100.58160189241671,0.5816018924167139
0.8,-0.3999999999999999,-0.3999999999999999,101.07043016629575,1.0704301662957505
0.8,-0.3999999999999999,-0.29999999999999993,101.55512322283661,1.5551232228366132
0.8,-0.3999999999999999,-0.19999999999999996,102.03568106203929,2.035681062039288
0.8,-0.3999999999999999,-0.09999999999999998,102.51210368390382,2.512103683903817
0.8,-0.3999999999999999,0.0,102.98439108843014,2.9843910884301437
0.8,-0.3999999999999999,0.10000000000000009,103.45254327561832,3.452543275618325
0.8,-0.3999999999999999,0.20000000000000018,103.91656024546832,3.916560245468318
0.8,-0.3999999999999999,0.30000000000000004,104.37644199798015,4.376441997980152
0.8,-0.3999999999999999,0.40000000000000013,104.8321885331538,4.832188533153797
0.8,-0.3999999999999999,0.5,105.28379985098927,5.2837998509892685
0.8,-0.3999999999999999,0.6000000000000001,105.73127595148657,5.731275951486566
0.8,-0.3999999999999999,0.7000000000000002,106.17461683464569,6.17461683464569
0.8,-0.3999999999999999,0.8,106.61382250046665,6.613822500466654
0.8,-0.3999999999999999,0.9000000000000001,107.04889294894944,7.048892948949444
0.8,-0.3999999999999999,1.0,107.47982818009407,7.479828180094074
0.8,-0.29999999999999993,-1.0,98.50317273441719,1.4968272655828088
0.8,-0.29999999999999993,-0.9,99.01276759827613,0.9872324017238725
0.8,-0.29999999999999993,-0.8,99.51822724479692,0.4817727552030817
0.8,-0.29999999999999993,-0.7,100.01955167397952,0.019551673979520956
0.8,-0.29999999999999993,-0.6,100.51674088582396,0.5167408858239639
0.8,-0.29999999999999993,-0.5,101.00979488033022,1.0097948803302188
0.8,-0.29999999999999993,-0.3999999999999999,101.49871365749833,1.4987136574983282
0.8,-0.29999999999999993,-0.29999999999999993,101.98349721732824,1.9834972173282353
0.8,-0.29999999999999993,-0.19999999999999996,102.46414555981997,2.4641455598199684
0.8,-0.29999999999999993,-0.09999999999999998,102.94065868497354,2.940658684973542
0.8,-0.29999999999999993,0.0,103.41303659278894,3.4130365927889414
0.8,-0.29999999999999993,0.10000000000000009,103.88127928326617,3.881279283266167
0.8,-0.29999999999999993,0.20000000000000018,104.34538675640522,4.345386756405219
0.8,-0.29999999999999993,0.30000000000000004,104.8053590122061,4.805359012206097
0.8,-0.29999999999999993,0.40000000000000013,105.26119605066881,5.261196050668815
0.8,-0.29999999999999993,0.5,105.71289787179333,5.712897871793331
0.8,-0.29999999999999993,0.6000000000000001,106.16046447557969,6.160464475579687
0.8,-0.29999999999999993,0.7000000000000002,106.60389586202787,6.603895862027869
0.8,-0.29999999999999993,0.8,107.04319203113789,7.043192031137892
0.8,-0.29999999999999993,0.9000000000000001,107.47835298290973,7.478352982909726
0.8,-0.29999999999999993,1.0,107.90937871734342,7.909378717343415
0.8,-0.19999999999999996,-1.0,98.91373890994666,1.0862610900533411
0.8,-0.19999999999999996,-0.9,99.42342427709465,0.5765757229053463
0.8,-0.19999999999999996,-0.8,99.9289744269045,0.07102557309549695
0.8,-0.19999999999999996,-0.7,100.43038935937616,0.4303893593761643
0.8,-0.19999999999999996,-0.6,100.92766907450965,0.9276690745096516
0.8,-0.19999999999999996,-0.5,101.42081357230497,1.420813572304965
0.8,-0.19999999999999996,-0.3999999999999999,101.90982285276213,1.909822852762133
0.8,-0.19999999999999996,-0.29999999999999993,102.3946969158811,2.3946969158810987
0.8,-0.19999999999999996,-0.19999999999999996,102.87543576166188,2.875435761661876
0.8,-0.19999999999999996,-0.09999999999999998,103.35203939010452,3.3520393901045225
0.8,-0.19999999999999996,0.0,103.82450780120897,3.8245078012089664
0.8,-0.19999999999999996,0.10000000000000009,104.29284099497525,4.292840994975251
0.8,-0.19999999999999996,0.20000000000000018,104.75703897140336,4.757038971403361
0.8,-0.19999999999999996,0.30000000000000004,105.2171017304933,5.217101730493297
0.8,-0.19999999999999996,0.40000000000000013,105.67302927224506,5.67302927224506
0.8,-0.19999999999999996,0.5,106.12482159665865,6.124821596658649
0.8,-0.19999999999999996,0.6000000000000001,106.57247870373405,6.572478703734049
0.8,-0.19999999999999996,0.7000000000000002,107.01600059347129,7.01600059347129
0.8,-0.19999999999999996,0.8,107.45538726587037,7.455387265870371
0.8,-0.19999999999999996,0.9000000000000001,107.89063872093126,7.890638720931264
0.8,-0.19999999999999996,1.0,108.321754958654,8.321754958653997
0.8,-0.09999999999999998,-1.0,99.30713078953735,0.6928692104626464
0.8,-0.09999999999999998,-0.9,99.81690665997442,0.18309334002557875
0.8,-0.09999999999999998,-0.8,100.32254731307333,0.3225473130733292
0.8,-0.09999999999999998,-0.7,100.82405274883405,0.824052748834049
0.8,-0.09999999999999998,-0.6,101.3214229672566,1.321422967256595
0.8,-0.09999999999999998,-0.5,101.81465796834097,1.814657968340967
0.8,-0.09999999999999998,-0.3999999999999999,102.30375775208718,2.3037577520871793
0.8,-0.09999999999999998,-0.29999999999999993,102.7887223184952,2.7887223184952035
0.8,-0.09999999999999998,-0.19999999999999996,103.26955166756504,3.2695516675650396
0.8,-0.09999999999999998,-0.09999999999999998,103.74624579929673,3.74624579929673
0.8,-0.09999999999999998,0.0,104.21880471369023,4.218804713690233
0.8,-0.09999999999999998,0.10000000000000009,104.68722841074559,4.68722841074559
0.8,-0.09999999999999998,0.20000000000000018,105.15151689046274,5.151516890462744
0.8,-0.09999999999999998,0.30000000000000004,105.61167015284174,5.611670152841739
0.8,-0.09999999999999998,0.40000000000000013,106.06768819788256,6.0676881978825605
0.8,-0.09999999999999998,0.5,106.5195710255852,6.5195710255851935
0.8,-0.09999999999999998,0.6000000000000001,106.96731863594965,6.967318635949653
0.8,-0.09999999999999998,0.7000000000000002,107.41093102897595,7.410931028975952
0.8,-0.09999999999999998,0.8,107.85040820466408,7.8504082046640775
0.8,-0.09999999999999998,0.9000000000000001,108.28575016301403,8.28575016301403
0.8,-0.09999999999999998,1.0,108.7169569040258,8.716956904025807
0.8,0.0,-1.0,99.68334837318932,0.3166516268106818
0.8,0.0,-0.9,100.19321474691544,0.19321474691544438
0.8,0.0,-0.8,100.6989459033034,0.6989459033033967
0.8,0.0,-0.7,101.20054184235316,1.2005418423531609
0.8,0.0,-0.6,101.69800256406477,1.6980025640647654
0.8,0.0,-0.5,102.1913280684382,2.191328068438196
0.8,0.0,-0.3999999999999999,102.68051835547347,2.680518355473467
0.8,0.0,-0.29999999999999993,103.16557342517055,3.1655734251705496
0.8,0.0,-0.19999999999999996,103.64649327752944,3.6464932775294443
0.8,0.0,-0.09999999999999998,104.1232779125502,4.1232779125501935
0.8,0.0,0.0,104.59592733023275,4.595927330232755
0.8,0.0,0.10000000000000009,105.06444153057716,5.064441530577156
0.8,0.0,0.20000000000000018,105.52882051358337,5.528820513583369
0.8,0.0,0.30000000000000004,105.98906427925141,5.989064279251409
0.8,0.0,0.40000000000000013,106.44517282758129,6.445172827581288
0.8,0.0,0.5,106.89714615857298,6.89714615857298
0.8,0.0,0.6000000000000001,107.3449842722265,7.3449842722264975
0.8,0.0,0.7000000000000002,107.78868716854186,7.7886871685418555
0.8,0.0,0.8,108.22825484751904,8.22825484751904
0.8,0.0,0.9000000000000001,108.66368730915805,8.66368730915805
0.8,0.0,1.0,109.09498455345889,9.094984553458886
0.8,0.10000000000000009,-1.0,100.04239166090251,0.0423916609025099
0.8,0.10000000000000009,-0.9,100.5523485379177,0.5523485379176947
0.8,0.10000000000000009,-0.8,101.0581701975947,1.0581701975947055
0.8,0.10000000000000009,-0.7,101.55985663993353,1.5598566399335283
0.8,0.10000000000000009,-0.6,102.05740786493419,2.0574078649341914
0.8,0.10000000000000009,-0.5,102.55082387259668,2.5508238725966805
0.8,0.10000000000000009,-0.3999999999999999,103.040104662921,3.040104662920996
0.8,0.10000000000000009,-0.29999999999999993,103.52525023590714,3.525250235907137
0.8,0.10000000000000009,-0.19999999999999996,104.00626059155509,4.00626059155509
0.8,0.10000000000000009,-0.09999999999999998,104.48313572986488,4.483135729864884
0.8,0.10000000000000009,0.0,104.9558756508365,4.955875650836504
0.8,0.10000000000000009,0.10000000000000009,105.42448035446996,5.424480354469964
0.8,0.10000000000000009,0.20000000000000018,105.88894984076524,5.888949840765235
0.8,0.10000000000000009,0.30000000000000004,106.34928410972233,6.349284109722333
0.8,0.10000000000000009,0.40000000000000013,106.80548316134127,6.805483161341272
0.8,0.10000000000000009,0.5,107.25754699562202,7.257546995622022
0.8,0.10000000000000009,0.6000000000000001,107.70547561256458,7.705475612564584
0.8,0.10000000000000009,0.7000000000000002,108.149269012169,8.149269012169
0.8,0.10000000000000009,0.8,108.58892719443524,8.588927194435243
0.8,0.10000000000000009,0.9000000000000001,109.0244501593633,9.024450159363298
0.8,0.10000000000000009,1.0,109.45583790695319,9.455837906953192
0.8,0.20000000000000018,-1.0,100.38426065267694,0.384260652676943
0.8,0.20000000000000018,-0.9,100.89430803298119,0.8943080329811863
0.8,0.20000000000000018,-0.8,101.40022019594724,1.4002201959472416
0.8,0.20000000000000018,-0.7,101.90199714157514,1.901997141575137
0.8,0.20000000000000018,-0.6,102.39963886986484,2.3996388698648445
0.8,0.20000000000000018,-0.5,102.89314538081639,2.8931453808163923
0.8,0.20000000000000018,-0.3999999999999999,103.38251667442977,3.382516674429766
0.8,0.20000000000000018,-0.29999999999999993,103.86775275070497,3.867752750704966
0.8,0.20000000000000018,-0.19999999999999996,104.34885360964196,4.348853609641964
0.8,0.20000000000000018,-0.09999999999999998,104.82581925124083,4.82581925124083
0.8,0.20000000000000018,0.0,105.2986496755015,5.298649675501494
0.8,0.20000000000000018,0.10000000000000009,105.76734488242401,5.7673448824240126
0.8,0.20000000000000018,0.20000000000000018,106.23190487200833,6.231904872008329
0.8,0.20000000000000018,0.30000000000000004,106.6923296442545,6.6923296442544995
0.8,0.20000000000000018,0.40000000000000013,107.14861919916248,7.148619199162482
0.8,0.20000000000000018,0.5,107.60077353673229,7.600773536732291
0.8,0.20000000000000018,0.6000000000000001,108.04879265696391,8.048792656963911
0.8,0.20000000000000018,0.7000000000000002,108.49267655985739,8.492676559857387
0.8,0.20000000000000018,0.8,108.93242524541267,8.932425245412674
0.8,0.20000000000000018,0.9000000000000001,109.3680387136298,9.368038713629801
0.8,0.20000000000000018,1.0,109.79951696450874,9.79951696450874
0.8,0.30000000000000004,-1.0,100.70895534851263,0.7089553485126316
0.8,0.30000000000000004,-0.9,101.21909323210592,1.2190932321059194
0.8,0.30000000000000004,-0.8,101.72509589836103,1.7250958983610332
0.8,0.30000000000000004,-0.7,102.22696334727799,2.2269633472779873
0.8,0.30000000000000004,-0.6,102.72469557885675,2.7246955788567533
0.8,0.30000000000000004,-0.5,103.21829259309735,3.2182925930973454
0.8,0.30000000000000004,-0.3999999999999999,103.70775438999979,3.707754389999792
0.8,0.30000000000000004,-0.29999999999999993,104.19308096956404,4.193080969564036
0.8,0.30000000000000004,-0.19999999999999996,104.67427233179009,4.6742723317900925
0.8,0.30000000000000004,-0.09999999999999998,105.15132847667802,5.151328476678017
0.8,0.30000000000000004,0.0,105.62424940422774,5.62424940422774
0.8,0.30000000000000004,0.10000000000000009,106.0930351144393,6.093035114439303
0.8,0.30000000000000004,0.20000000000000018,106.55768560731268,6.557685607312678
0.8,0.30000000000000004,0.30000000000000004,107.0182008828479,7.018200882847907
0.8,0.30000000000000004,0.40000000000000013,107.47458094104495,7.474580941044948
0.8,0.30000000000000004,0.5,107.9268257819038,7.926825781903801
0.8,0.30000000000000004,0.6000000000000001,108.3749354054245,8.374935405424495
0.8,0.30000000000000004,0.7000000000000002,108.81890981160701,8.818909811607014
0.8,0.30000000000000004,0.8,109.25874900045136,9.25874900045136
0.8,0.30000000000000004,0.9000000000000001,109.69445297195753,9.694452971957531
0.8,0.30000000000000004,1.0,110.12602172612554,10.126021726125543
0.8,0.40000000000000013,-1.0,101.01647574840955,1.0164757484095475
0.8,0.40000000000000013,-0.9,101.5267041352919,1.5267041352918937
0.8,0.40000000000000013,-0.8,102.03279730483607,2.032797304836066
0.8,0.40000000000000013,-0.7,102.53475525704208,2.534755257042079
0.8,0.40000000000000013,-0.6,103.0325779919099,3.0325779919099034
0.8,0.40000000000000013,-0.5,103.52626550943955,3.526265509439554
0.8,0.40000000000000013,-0.3999999999999999,104.01581780963105,4.015817809631045
0.8,0.40000000000000013,-0.29999999999999993,104.50123489248435,4.501234892484348
0.8,0.40000000000000013,-0.19999999999999996,104.98251675799946,4.982516757999463
0.8,0.40000000000000013,-0.09999999999999998,105.45966340617643,5.459663406176432
0.8,0.40000000000000013,0.0,105.93267483701521,5.932674837015213
0.8,0.40000000000000013,0.10000000000000009,106.40155105051583,6.401551050515835
0.8,0.40000000000000013,0.20000000000000018,106.86629204667827,6.866292046678268
0.8,0.40000000000000013,0.30000000000000004,107.32689782550254,7.326897825502542
0.8,0.40000000000000013,0.40000000000000013,107.78336838698866,7.783368386988656
0.8,0.40000000000000013,0.5,108.23570373113657,8.235703731136567
0.8,0.40000000000000013,0.6000000000000001,108.6839038579463,8.683903857946305
0.8,0.40000000000000013,0.7000000000000002,109.12796876741788,9.127968767417883
0.8,0.40000000000000013,0.8,109.56789845955129,9.567898459551287
0.8,0.40000000000000013,0.9000000000000001,110.00369293434652,10.003692934346518
0.8,0.40000000000000013,1.0,110.43535219180357,10.435352191803574
0.8,0.5,-1.0,101.30682185236773,1.306821852367733
0.8,0.5,-0.9,101.81714074253912,1.8171407425391237
0.8,0.5,-0.8,102.32332441537234,2.3233244153723405
0.8,0.5,-0.7,102.8253728708674,2.8253728708673975
0.8,0.5,-0.6,103.32328610902428,3.3232861090242807
0.8,0.5,-0.5,103.81706412984299,3.81706412984299
0.8,0.5,-0.3999999999999999,104.30670693332354,4.3067069333235395
0.8,0.5,-0.29999999999999993,104.7922145194659,4.792214519465901
0.8,0.5,-0.19999999999999996,105.27358688827007,5.273586888270074
0.8,0.5,-0.09999999999999998,105.7508240397361,5.750824039736102
0.8,0.5,0.0,106.22392597386394,6.223925973863942
0.8,0.5,0.10000000000000009,106.69289269065361,6.692892690653608
0.8,0.5,0.20000000000000018,107.1577241901051,7.1577241901051
0.8,0.5,0.30000000000000004,107.61842047221843,7.618420472218432
0.8,0.5,0.40000000000000013,108.07498153699359,8.07498153699359
0.8,0.5,0.5,108.52740738443056,8.52740738443056
0.8,0.5,0.6000000000000001,108.97569801452936,8.975698014529357
0.8,0.5,0.7000000000000002,109.41985342729,9.419853427289993
0.8,0.5,0.8,109.85987362271246,9.859873622712456
0.8,0.5,0.9000000000000001,110.29575860079674,10.295758600796745
0.8,0.5,1.0,110.72750836154285,10.727508361542846
0.8,0.6000000000000001,-1.0,101.57999366038713,1.5799936603871316
0.8,0.6000000000000001,-0.9,102.0904030538476,2.090403053847595
0.8,0.6000000000000001,-0.8,102.59667722996987,2.5966772299698704
0.8,0.6000000000000001,-0.7,103.09881618875399,3.098816188753986
0.8,0.6000000000000001,-0.6,103.59681993019993,3.5968199301999277
0.8,0.6000000000000001,-0.5,104.09068845430768,4.090688454307681
0.8,0.6000000000000001,-0.3999999999999999,104.58042176107729,4.5804217610772895
0.8,0.6000000000000001,-0.29999999999999993,105.06601985050871,5.0660198505087095
0.8,0.6000000000000001,-0.19999999999999996,105.54748272260194,5.547482722601941
0.8,0.6000000000000001,-0.09999999999999998,106.02481037735701,6.024810377357014
0.8,0.6000000000000001,0.0,106.49800281477391,6.498002814773912
0.8,0.6000000000000001,0.10000000000000009,106.96706003485265,6.967060034852651
0.8,0.6000000000000001,0.20000000000000018,107.43198203759319,7.431982037593187
0.8,0.6000000000000001,0.30000000000000004,107.89276882299558,7.892768822995578
0.8,0.6000000000000001,0.40000000000000013,108.3494203910598,8.349420391059795
0.8,0.6000000000000001,0.5,108.8019367417858,8.801936741785795
0.8,0.6000000000000001,0.6000000000000001,109.25031787517366,9.250317875173664
0.8,0.6000000000000001,0.7000000000000002,109.69456379122336,9.69456379122336
0.8,0.6000000000000001,0.8,110.13467448993487,10.134674489934866
0.8,0.6000000000000001,0.9000000000000001,110.57064997130821,10.570649971308214
0.8,0.6000000000000001,1.0,111.00249023534339,11.002490235343387
0.8,0.7000000000000002,-1.0,101.83599117246777,1.8359911724677715
0.8,0.7000000000000002,-0.9,102.3464910692173,2.3464910692172936
0.8,0.7000000000000002,-0.8,102.85285574862863,2.8528557486286275
0.8,0.7000000000000002,-0.7,103.3550852107018,3.3550852107018017
0.8,0.7000000000000002,-0.6,103.85317945543679,3.8531794554367877
0.8,0.7000000000000002,-0.5,104.34713848283361,4.347138482833614
0.8,0.7000000000000002,-0.3999999999999999,104.83696229289227,4.836962292892267
0.8,0.7000000000000002,-0.29999999999999993,105.32265088561275,5.322650885612745
0.8,0.7000000000000002,-0.19999999999999996,105.80420426099502,5.8042042609950215
0.8,0.7000000000000002,-0.09999999999999998,106.28162241903917,6.2816224190391665
0.8,0.7000000000000002,0.0,106.75490535974511,6.754905359745109
0.8,0.7000000000000002,0.10000000000000009,107.2240530831129,7.224053083112906
0.8,0.7000000000000002,0.20000000000000018,107.6890655891425,7.689065589142501
0.8,0.7000000000000002,0.30000000000000004,108.14994287783395,8.14994287783395
0.8,0.7000000000000002,0.40000000000000013,108.60668494918721,8.606684949187212
0.8,0.7000000000000002,0.5,109.05929180320229,9.059291803202285
0.8,0.7000000000000002,0.6000000000000001,109.5077634398792,9.507763439879199
0.8,0.7000000000000002,0.7000000000000002,109.95209985921795,9.952099859217952
0.8,0.7000000000000002,0.8,110.39230106121852,10.392301061218518
0.8,0.7000000000000002,0.9000000000000001,110.82836704588092,10.828367045880924
0.8,0.7000000000000002,1.0,111.26029781320514,11.260297813205142
0.8,0.8,-1.0,102.07481438860967,2.074814388609667
0.8,0.8,-0.9,102.58540478864823,2.5854047886482334
0.8,0.8,-0.8,103.09185997134863,3.091859971348626
0.8,0.8,-0.7,103.59417993671086,3.5941799367108587
0.8,0.8,-0.6,104.0923646847349,4.092364684734903
0.8,0.8,-0.5,104.58641421542077,4.586414215420774
0.8,0.8,-0.3999999999999999,105.07632852876849,5.076328528768485
0.8,0.8,-0.29999999999999993,105.56210762477802,5.562107624778022
0.8,0.8,-0.19999999999999996,106.04375150344936,6.043751503449357
0.8,0.8,-0.09999999999999998,106.52126016478255,6.5212601647825466
0.8,0.8,0.0,106.99463360877756,6.994633608777562
0.8,0.8,0.10000000000000009,107.4638718354344,7.463871835434404
0.8,0.8,0.20000000000000018,107.92897484475306,7.928974844753057
0.8,0.8,0.30000000000000004,108.38994263673355,8.38994263673355
0.8,0.8,0.40000000000000013,108.84677521137588,8.846775211375885
0.8,0.8,0.5,109.29947256868,9.299472568680002
0.8,0.8,0.6000000000000001,109.74803470864597,9.748034708645974
0.8,0.8,0.7000000000000002,110.19246163127379,10.192461631273787
0.8,0.8,0.8,110.63275333656341,10.632753336563411
0.8,0.8,0.9000000000000001,111.06890982451486,11.068909824514861
0.8,0.8,1.0,111.50093109512814,11.500931095128138
0.8,0.9000000000000001,-1.0,102.29646330881279,2.2964633088127897
0.8,0.9000000000000001,-0.9,102.80714421214041,2.8071442121404147
0.8,0.9000000000000001,-0.8,103.31368989812987,3.3136898981298657
0.8,0.9000000000000001,-0.7,103.81610036678114,3.816100366781143
0.8,0.9000000000000001,-0.6,104.31437561809426,4.31437561809426
0.8,0.9000000000000001,-0.5,104.80851565206919,4.80851565206919
0.8,0.9000000000000001,-0.3999999999999999,105.29852046870596,5.298520468705959
0.8,0.9000000000000001,-0.29999999999999993,105.78439006800454,5.784390068004541
0.8,0.9000000000000001,-0.19999999999999996,106.26612444996493,6.266124449964934
0.8,0.9000000000000001,-0.09999999999999998,106.74372361458718,6.743723614587182
0.8,0.9000000000000001,0.0,107.21718756187124,7.217187561871242
0.8,0.9000000000000001,0.10000000000000009,107.68651629181714,7.686516291817142
0.8,0.9000000000000001,0.20000000000000018,108.15170980442485,8.151709804424854
0.8,0.9000000000000001,0.30000000000000004,108.6127680996944,8.612768099694406
0.8,0.9000000000000001,0.40000000000000013,109.06969117762578,9.069691177625785
0.8,0.9000000000000001,0.5,109.52247903821896,9.522479038218961
0.8,0.9000000000000001,0.6000000000000001,109.97113168147399,9.971131681473992
0.8,0.9000000000000001,0.7000000000000002,110.41564910739086,10.415649107390863
0.8,0.9000000000000001,0.8,110.85603131596955,10.856031315969545
0.8,0.9000000000000001,0.9000000000000001,111.29227830721005,11.292278307210054
0.8,0.9000000000000001,1.0,111.72439008111239,11.72439008111239
0.8,1.0,-1.0,102.50093793307718,2.500937933077182
0.8,1.0,-0.9,103.01170933969384,3.0117093396938373
0.8,1.0,-0.8,103.51834552897235,3.518345528972347
0.8,1.0,-0.7,104.02084650091268,4.020846500912683
0.8,1.0,-0.6,104.51921225551484,4.519212255514844
0.8,1.0,-0.5,105.01344279277883,5.013442792778832
0.8,1.0,-0.3999999999999999,105.50353811270466,5.5035381127046605
0.8,1.0,-0.29999999999999993,105.9894982152923,5.989498215292301
0.8,1.0,-0.19999999999999996,106.47132310054175,6.471323100541753
0.8,1.0,-0.09999999999999998,106.94901276845304,6.949012768453045
0.8,1.0,0.0,107.42256721902616,7.422567219026163
0.8,1.0,0.10000000000000009,107.89198645226112,7.891986452261122
0.8,1.0,0.20000000000000018,108.35727046815789,8.357270468157893
0.8,1.0,0.30000000000000004,108.8184192667165,8.818419266716504
0.8,1.0,0.40000000000000013,109.27543284793694,9.27543284793694
0.8,1.0,0.5,109.72831121181918,9.728311211819175
0.8,1.0,0.6000000000000001,110.17705435836326,10.177054358363264
0.8,1.0,0.7000000000000002,110.62166228756917,10.621662287569166
0.8,1.0,0.8,111.0621349994369,11.062134999436907
0.8,1.0,0.9000000000000001,111.49847249396647,11.498472493966474
0.8,1.0,1.0,111.93067477115787,11.930674771157868
0.9000000000000001,-1.0,-1.0,95.86563169020087,4.134368309799129
0.9000000000000001,-1.0,-0.9,96.37519769281363,3.6248023071863713
0.9000000000000001,-1.0,-0.8,96.88062847808823,3.1193715219117735
0.9000000000000001,-1.0,-0.7,97.38192404602466,2.6180759539753353
0.9000000000000001,-1.0,-0.6,97.87908439662291,2.1209156033770853
0.9000000000000001,-1.0,-0.5,98.37210952988299,1.6278904701170092
0.9000000000000001,-1.0,-0.3999999999999999,98.86099944580491,1.1390005541950927
0.9000000000000001,-1.0,-0.29999999999999993,99.34575414438865,0.6542458556113502
0.9000000000000001,-1.0,-0.19999999999999996,99.8263736256342,0.17362637436579575
0.9000000000000001,-1.0,-0.09999999999999998,100.30285788954158,0.30285788954158477
0.9000000000000001,-1.0,0.0,100.7752069361108,0.7752069361108056
0.9000000000000001,-1.0,0.10000000000000009,101.24342076534185,1.2434207653418525
0.9000000000000001,-1.0,0.20000000000000018,101.70749937723471,1.7074993772347113
0.9000000000000001,-1.0,0.30000000000000004,102.16744277178942,2.1674427717894247
0.9000000000000001,-1.0,0.40000000000000013,102.62325094900595,2.62325094900595
0.9000000000000001,-1.0,0.5,103.07492390888429,3.074923908884287
0.9000000000000001,-1.0,0.6000000000000001,103.52246165142446,3.5224616514244644
0.9000000000000001,-1.0,0.7000000000000002,103.96586417662647,3.965864176626468
0.9000000000000001,-1.0,0.8,104.4051314844903,4.405131484490298
0.9000000000000001,-1.0,0.9000000000000001,104.84026357501595,4.840263575015953
0.9000000000000001,-1.0,1.0,105.27126044820346,5.2712604482034635
0.9000000000000001,-0.9,-1.0,96.39749602384808,3.6025039761519224
0.9000000000000001,-0.9,-0.9,96.90715252974988,3.0928474702501205
0.9000000000000001,-0.9,-0.8,97.41267381831354,2.587326181686464
0.9000000000000001,-0.9,-0.7,97.91405988953902,2.0859401104609816
0.9000000000000001,-0.9,-0.6,98.41131074342633,1.588689256573673
0.9000000000000001,-0.9,-0.5,98.90442637997546,1.0955736200245383
0.9000000000000001,-0.9,-0.3999999999999999,99.39340679918644,0.6065932008135633
0.9000000000000001,-0.9,-0.29999999999999993,99.87825200105922,0.12174799894077637
0.9000000000000001,-0.9,-0.19999999999999996,100.35896198559384,0.35896198559383663
0.9000000000000001,-0.9,-0.09999999999999998,100.83553675279028,0.8355367527902757
0.9000000000000001,-0.9,0.0,101.30797630264856,1.3079763026485551
0.9000000000000001,-0.9,0.10000000000000009,101.77628063516866,1.7762806351686606
0.9000000000000001,-0.9,0.20000000000000018,102.24044975035058,2.240449750350578
0.9000000000000001,-0.9,0.30000000000000004,102.70048364819434,2.7004836481943357
0.9000000000000001,-0.9,0.40000000000000013,103.15638232869992,3.1563823286999195
0.9000000000000001,-0.9,0.5,103.60814579186732,3.608145791867315
0.9000000000000001,-0.9,0.6000000000000001,104.05577403769655,4.055774037696551
0.9000000000000001,-0.9,0.7000000000000002,104.4992670661876,4.499267066187599
0.9000000000000001,-0.9,0.8,104.93862487734049,4.938624877340487
0.9000000000000001,-0.9,0.9000000000000001,105.3738474711552,5.373847471155202
0.9000000000000001,-0.9,1.0,105.80493484763176,5.804934847631756
0.9000000000000001,-0.8,-1.0,96.91218606155648,3.0878139384435173
0.9000000000000001,-0.8,-0.9,97.42193307074736,2.5780669292526426
0.9000000000000001,-0.8,-0.8,97.92754486260007,2.0724551373999276
0.9000000000000001,-0.8,-0.7,98.42902143711461,1.5709785628853865
0.9000000000000001,-0.8,-0.6,98.92636279429098,1.0736372057090193
0.9000000000000001,-0.8,-0.5,99.41956893412917,0.580431065870826
0.9000000000000001,-0.8,-0.3999999999999999,99.90863985662921,0.09136014337079246
0.9000000000000001,-0.8,-0.29999999999999993,100.39357556179105,0.393575561791053
0.9000000000000001,-0.8,-0.19999999999999996,100.87437604961472,0.8743760496147246
0.9000000000000001,-0.8,-0.09999999999999998,101.35104132010022,1.3510413201002223
0.9000000000000001,-0.8,0.0,101.82357137324753,1.8235713732475318
0.9000000000000001,-0.8,0.10000000000000009,102.2919662090567,2.291966209056696
0.9000000000000001,-0.8,0.20000000000000018,102.75622582752767,2.756225827527672
0.9000000000000001,-0.8,0.30000000000000004,103.21635022866049,3.216350228660488
0.9000000000000001,-0.8,0.40000000000000013,103.67233941245513,3.6723394124551305
0.9000000000000001,-0.8,0.5,104.12419337891158,4.124193378911585
0.9000000000000001,-0.8,0.6000000000000001,104.57191212802988,4.571912128029879
0.9000000000000001,-0.8,0.7000000000000002,105.01549565980999,5.015495659809986
0.9000000000000001,-0.8,0.8,105.45494397425193,5.454943974251933
0.9000000000000001,-0.8,0.9000000000000001,105.89025707135569,5.890257071355691
0.9000000000000001,-0.8,1.0,106.32143495112129,6.32143495112129
0.9000000000000001,-0.7,-1.0,97.40970180332616,2.5902981966738423
0.9000000000000001,-0.7,-0.9,97.91953931580609,2.080460684193909
0.9000000000000001,-0.7,-0.8,98.42524161094786,1.5747583890521355
0.9000000000000001,-0.7,-0.7,98.92680868875145,1.07319131124855
0.9000000000000001,-0.7,-0.6,99.42424054921688,0.5757594507831243
0.9000000000000001,-0.7,-0.5,99.91753719234413,0.08246280765587244
0.9000000000000001,-0.7,-0.3999999999999999,100.40669861813322,0.4066986181332197
0.9000000000000001,-0.7,-0.29999999999999993,100.89172482658411,0.8917248265841096
0.9000000000000001,-0.7,-0.19999999999999996,101.37261581769684,1.3726158176968397
0.9000000000000001,-0.7,-0.09999999999999998,101.8493715914714,1.849371591471396
0.9000000000000001,-0.7,0.0,102.32199214790776,2.321992147907764
0.9000000000000001,-0.7,0.10000000000000009,102.79047748700599,2.7904774870059867
0.9000000000000001,-0.7,0.20000000000000018,103.25482760876602,3.2548276087660213
0.9000000000000001,-0.7,0.30000000000000004,103.71504251318788,3.715042513187882
0.9000000000000001,-0.7,0.40000000000000013,104.17112220027158,4.171122200271583
0.9000000000000001,-0.7,0.5,104.6230666700171,4.623066670017096
0.9000000000000001,-0.7,0.6000000000000001,105.07087592242443,5.070875922424435
0.9000000000000001,-0.7,0.7000000000000002,105.5145499574936,5.5145499574936
0.9000000000000001,-0.7,0.8,105.9540887752246,5.954088775224605
0.9000000000000001,-0.7,0.9000000000000001,106.38949237561744,6.389492375617436
0.9000000000000001,-0.7,1.0,106.8207607586721,6.820760758672094
0.9000000000000001,-0.6,-1.0,97.89004324915709,2.109956750842912
0.9000000000000001,-0.6,-0.9,98.39997126492607,1.6000287350739342
0.9000000000000001,-0.6,-0.8,98.90576406335688,1.0942359366431162
0.9000000000000001,-0.6,-0.7,99.40742164444954,0.592578355550458
0.9000000000000001,-0.6,-0.6,99.90494400820401,0.09505599179598789
0.9000000000000001,-0.6,-0.5,100.39833115462032,0.39833115462032254
0.9000000000000001,-0.6,-0.3999999999999999,100.88758308369846,0.8875830836984591
0.9000000000000001,-0.6,-0.29999999999999993,101.37269979543842,1.3726997954384217
0.9000000000000001,-0.6,-0.19999999999999996,101.8536812898402,1.8536812898401962
0.9000000000000001,-0.6,-0.09999999999999998,102.33052756690381,2.330527566903811
0.9000000000000001,-0.6,0.0,102.80323862662924,2.8032386266292377
0.9000000000000001,-0.6,0.10000000000000009,103.27181446901652,3.271814469016519
0.9000000000000001,-0.6,0.20000000000000018,103.7362550940656,3.736255094065598
0.9000000000000001,-0.6,0.30000000000000004,104.19656050177653,4.196560501776531
0.9000000000000001,-0.6,0.40000000000000013,104.65273069214928,4.652730692149277
0.9000000000000001,-0.6,0.5,105.10476566518385,5.104765665183848
0.9000000000000001,-0.6,0.6000000000000001,105.55266542088025,5.5526654208802455
0.9000000000000001,-0.6,0.7000000000000002,105.99642995923847,5.996429959238469
0.9000000000000001,-0.6,0.8,106.43605928025852,6.436059280258519
0.9000000000000001,-0.6,0.9000000000000001,106.87155338394041,6.871553383940409
0.9000000000000001,-0.6,1.0,107.30291227028411,7.302912270284111
0.9000000000000001,-0.5,-1.0,98.35321039904926,1.64678960095074
0.9000000000000001,-0.5,-0.9,98.8632289181073,1.1367710818927037
0.9000000000000001,-0.5,-0.8,99.36911221982717,0.6308877801728272
0.9000000000000001,-0.5,-0.7,99.87086030420888,0.1291396957911246
0.9000000000000001,-0.5,-0.6,100.3684731712524,0.3684731712524041
0.9000000000000001,-0.5,-0.5,100.86195082095777,0.8619508209577731
0.9000000000000001,-0.5,-0.3999999999999999,101.35129325332497,1.3512932533249682
0.9000000000000001,-0.5,-0.29999999999999993,101.83650046835398,1.8365004683539752
0.9000000000000001,-0.5,-0.19999999999999996,102.31757246604482,2.3175724660448225
0.9000000000000001,-0.5,-0.09999999999999998,102.79450924639748,2.7945092463974817
0.9000000000000001,-0.5,0.0,103.26731080941197,3.267310809411967
0.9000000000000001,-0.5,0.10000000000000009,103.73597715508829,3.7359771550882925
0.9000000000000001,-0.5,0.20000000000000018,104.20050828342644,4.200508283426444
0.9000000000000001,-0.5,0.30000000000000004,104.66090419442642,4.660904194426422
0.9000000000000001,-0.5,0.40000000000000013,105.11716488808823,5.117164888088226
0.9000000000000001,-0.5,0.5,105.56929036441186,5.569290364411856
0.9000000000000001,-0.5,0.6000000000000001,106.01728062339731,6.017280623397312
0.9000000000000001,-0.5,0.7000000000000002,106.4611356650446,6.461135665044594
0.9000000000000001,-0.5,0.8,106.90085548935369,6.900855489353688
0.9000000000000001,-0.5,0.9000000000000001,107.33644009632464,7.336440096324637
0.9000000000000001,-0.5,1.0,107.7678894859574,7.767889485957397
0.9000000000000001,-0.3999999999999999,-1.0,98.79920325300266,1.2007967469973408
0.9000000000000001,-0.3999999999999999,-0.9,99.30931227534974,0.6906877246502603
0.9000000000000001,-0.3999999999999999,-0.8,99.81528608035867,0.18471391964132522
0.9000000000000001,-0.3999999999999999,-0.7,100.31712466802944,0.31712466802943595
0.9000000000000001,-0.3999999999999999,-0.6,100.81482803836204,0.8148280383620374
0.9000000000000001,-0.3999999999999999,-0.5,101.30839619135645,1.3083961913564508
0.9000000000000001,-0.3999999999999999,-0.3999999999999999,101.7978291270127,1.7978291270127045
0.9000000000000001,-0.3999999999999999,-0.29999999999999993,102.28312684533077,2.28312684533077
0.9000000000000001,-0.3999999999999999,-0.19999999999999996,102.76428934631066,2.7642893463106617
0.9000000000000001,-0.3999999999999999,-0.09999999999999998,103.24131662995238,3.2413166299523795
0.9000000000000001,-0.3999999999999999,0.0,103.71420869625592,3.7142086962559233
0.9000000000000001,-0.3999999999999999,0.10000000000000009,104.18296554522131,4.1829655452213075
0.9000000000000001,-0.3999999999999999,0.20000000000000018,104.6475871768485,4.6475871768485035
0.9000000000000001,-0.3999999999999999,0.30000000000000004,105.10807359113754,5.10807359113754
0.9000000000000001,-0.3999999999999999,0.40000000000000013,105.5644247880884,5.564424788088402
0.9000000000000001,-0.3999999999999999,0.5,106.01664076770108,6.016640767701077
0.9000000000000001,-0.3999999999999999,0.6000000000000001,106.46472152997559,6.464721529975591
0.9000000000000001,-0.3999999999999999,0.7000000000000002,106.90866707491195,6.908667074911946
0.9000000000000001,-0.3999999999999999,0.8,107.3484774025101,7.348477402510099
0.9000000000000001,-0.3999999999999999,0.9000000000000001,107.78415251277009,7.784152512770092
0.9000000000000001,-0.3999999999999999,1.0,108.21569240569193,8.215692405691925
0.9000000000000001,-0.29999999999999993,-1.0,99.2280218110173,0.7719781889827004
0.9000000000000001,-0.29999999999999993,-0.9,99.73822133665344,0.2617786633465613
0.9000000000000001,-0.29999999999999993,-0.8,100.24428564495143,0.24428564495143235
0.9000000000000001,-0.29999999999999993,-0.7,100.74621473591125,0.7462147359112521
0.9000000000000001,-0.29999999999999993,-0.6,101.2440086095329,1.244008609532898
0.9000000000000001,-0.29999999999999993,-0.5,101.73766726581637,1.7376672658163699
0.9000000000000001,-0.29999999999999993,-0.3999999999999999,102.22719070476167,2.227190704761668
0.9000000000000001,-0.29999999999999993,-0.29999999999999993,102.71257892636879,2.712578926368792
0.9000000000000001,-0.29999999999999993,-0.19999999999999996,103.19383193063774,3.1938319306377423
0.9000000000000001,-0.29999999999999993,-0.09999999999999998,103.67094971756852,3.6709497175685186
0.9000000000000001,-0.29999999999999993,0.0,104.14393228716112,4.143932287161121
0.9000000000000001,-0.29999999999999993,0.10000000000000009,104.61277963941556,4.612779639415564
0.9000000000000001,-0.29999999999999993,0.20000000000000018,105.07749177433182,5.077491774331818
0.9000000000000001,-0.29999999999999993,0.30000000000000004,105.53806869190991,5.538068691909913
0.9000000000000001,-0.29999999999999993,0.40000000000000013,105.99451039214982,5.99451039214982
0.9000000000000001,-0.29999999999999993,0.5,106.44681687505155,6.446816875051553
0.9000000000000001,-0.29999999999999993,0.6000000000000001,106.89498814061513,6.894988140615126
0.9000000000000001,-0.29999999999999993,0.7000000000000002,107.33902418884053,7.339024188840526
0.9000000000000001,-0.29999999999999993,0.8,107.77892501972774,7.778925019727737
0.9000000000000001,-0.29999999999999993,0.9000000000000001,108.21469063327679,8.214690633276788
0.9000000000000001,-0.29999999999999993,1.0,108.64632102948768,8.64632102948768
0.9000000000000001,-0.19999999999999996,-1.0,99.63966607309317,0.36033392690683286
0.9000000000000001,-0.19999999999999996,-0.9,100.14995610201838,0.14995610201837906
0.9000000000000001,-0.19999999999999996,-0.8,100.65611091360542,0.6561109136054171
0.9000000000000001,-0.19999999999999996,-0.7,101.1581305078543,1.1581305078542954
0.9000000000000001,-0.19999999999999996,-0.6,101.656014884765,1.6560148847649998
0.9000000000000001,-0.19999999999999996,-0.5,102.14976404433752,2.149764044337516
0.9000000000000001,-0.19999999999999996,-0.3999999999999999,102.63937798657189,2.639377986571887
0.9000000000000001,-0.19999999999999996,-0.29999999999999993,103.12485671146807,3.1248567114680696
0.9000000000000001,-0.19999999999999996,-0.19999999999999996,103.60620021902606,3.6062002190260642
0.9000000000000001,-0.19999999999999996,-0.09999999999999998,104.0834085092459,4.083408509245899
0.9000000000000001,-0.19999999999999996,0.0,104.55648158212756,4.55648158212756
0.9000000000000001,-0.19999999999999996,0.10000000000000009,105.02541943767105,5.025419437671047
0.9000000000000001,-0.19999999999999996,0.20000000000000018,105.49022207587636,5.4902220758763605
0.9000000000000001,-0.19999999999999996,0.30000000000000004,105.95088949674351,5.950889496743514
0.9000000000000001,-0.19999999999999996,0.40000000000000013,106.4074217002725,6.407421700272494
0.9000000000000001,-0.19999999999999996,0.5,106.85981868646327,6.859818686463271
0.9000000000000001,-0.19999999999999996,0.6000000000000001,107.3080804553159,7.308080455315903
0.9000000000000001,-0.19999999999999996,0.7000000000000002,107.75220700683036,7.752207006830361
0.9000000000000001,-0.19999999999999996,0.8,108.19219834100662,8.192198341006616
0.9000000000000001,-0.19999999999999996,0.9000000000000001,108.62805445784473,8.628054457844726
0.9000000000000001,-0.19999999999999996,1.0,109.05977535734468,9.059775357344677
0.9000000000000001,-0.09999999999999998,-1.0,100.0341360392303,0.034136039230304505
0.9000000000000001,-0.09999999999999998,-0.9,100.54451657144455,0.5445165714445466
0.9000000000000001,-0.09999999999999998,-0.8,101.05076188632066,1.0507618863206574
0.9000000000000001,-0.09999999999999998,-0.7,101.55287198385858,1.55287198385858
0.9000000000000001,-0.09999999999999998,-0.6,102.05084686405834,2.050846864058343
0.9000000000000001,-0.09999999999999998,-0.5,102.54468652691992,2.544686526919918
0.9000000000000001,-0.09999999999999998,-0.3999999999999999,103.03439097244335,3.0343909724433473
0.9000000000000001,-0.09999999999999998,-0.29999999999999993,103.51996020062857,3.5199602006285744
0.9000000000000001,-0.09999999999999998,-0.19999999999999996,104.00139421147564,4.001394211475642
0.9000000000000001,-0.09999999999999998,-0.09999999999999998,104.47869300498452,4.478693004984521
0.9000000000000001,-0.09999999999999998,0.0,104.95185658115524,4.951856581155241
0.9000000000000001,-0.09999999999999998,0.10000000000000009,105.42088493998779,5.420884939987786
0.9000000000000001,-0.09999999999999998,0.20000000000000018,105.88577808148216,5.885778081482158
0.9000000000000001,-0.09999999999999998,0.30000000000000004,106.34653600563836,6.346536005638356
0.9000000000000001,-0.09999999999999998,0.40000000000000013,106.8031587124564,6.803158712456394
0.9000000000000001,-0.09999999999999998,0.5,107.25564620193623,7.25564620193623
0.9000000000000001,-0.09999999999999998,0.6000000000000001,107.70399847407792,7.70399847407792
0.9000000000000001,-0.09999999999999998,0.7000000000000002,108.14821552888142,8.148215528881423
0.9000000000000001,-0.09999999999999998,0.8,108.58829736634674,8.588297366346737
0.9000000000000001,-0.09999999999999998,0.9000000000000001,109.0242439864739,9.024243986473905
0.9000000000000001,-0.09999999999999998,1.0,109.4560553892629,9.4560553892629
0.9000000000000001,0.0,-1.0,100.41143170942865,0.4114317094286548
0.9000000000000001,0.0,-0.9,100.92190274493197,0.9219027449319697
0.9000000000000001,0.0,-0.8,101.42823856309712,1.4282385630971248
0.9000000000000001,0.0,-0.7,101.93043916392412,1.9304391639241203
0.9000000000000001,0.0,-0.6,102.42850454741293,2.4285045474129276
0.9000000000000001,0.0,-0.5,102.92243471356356,2.922434713563561
0.9000000000000001,0.0,-0.3999999999999999,103.41222966237605,3.412229662376049
0.9000000000000001,0.0,-0.29999999999999993,103.89788939385033,3.8978893938503347
0.9000000000000001,0.0,-0.19999999999999996,104.37941390798645,4.3794139079864465
0.9000000000000001,0.0,-0.09999999999999998,104.85680320478438,4.856803204784384
0.9000000000000001,0.0,0.0,105.33005728424416,5.3300572842441625
0.9000000000000001,0.0,0.10000000000000009,105.79917614636577,5.799176146365767
0.9000000000000001,0.0,0.20000000000000018,106.26415979114918,6.264159791149183
0.9000000000000001,0.0,0.30000000000000004,106.72500821859444,6.725008218594439
0.9000000000000001,0.0,0.40000000000000013,107.18172142870154,7.181721428701536
0.9000000000000001,0.0,0.5,107.63429942147043,7.6342994214704305
0.9000000000000001,0.0,0.6000000000000001,108.08274219690117,8.082742196901165
0.9000000000000001,0.0,0.7000000000000002,108.52704975499373,8.527049754993726
0.9000000000000001,0.0,0.8,108.96722209574811,8.967222095748113
0.9000000000000001,0.0,0.9000000000000001,109.40325921916433,9.403259219164326
0.9000000000000001,0.0,1.0,109.83516112524237,9.835161125242365
0.9000000000000001,0.10000000000000009,-1.0,100.77155308368826,0.7715530836882607
0.9000000000000001,0.10000000000000009,-0.9,101.28211462248063,1.2821146224806341
0.9000000000000001,0.10000000000000009,-0.8,101.78854094393485,1.7885409439348479
0.9000000000000001,0.10000000000000009,-0.7,102.29083204805089,2.2908320480508877
0.9000000000000001,0.10000000000000009,-0.6,102.78898793482875,2.7889879348287536
0.9000000000000001,0.10000000000000009,-0.5,103.28300860426845,3.2830086042684457
0.9000000000000001,0.10000000000000009,-0.3999999999999999,103.77289405636998,3.772894056369978
0.9000000000000001,0.10000000000000009,-0.29999999999999993,104.25864429113332,4.258644291133322
0.9000000000000001,0.10000000000000009,-0.19999999999999996,104.74025930855849,4.7402593085584925
0.9000000000000001,0.10000000000000009,-0.09999999999999998,105.21773910864549,5.217739108645489
0.9000000000000001,0.10000000000000009,0.0,105.69108369139433,5.691083691394326
0.9000000000000001,0.10000000000000009,0.10000000000000009,106.16029305680499,6.1602930568049885
0.9000000000000001,0.10000000000000009,0.20000000000000018,106.62536720487746,6.625367204877463
0.9000000000000001,0.10000000000000009,0.30000000000000004,107.08630613561178,7.086306135611778
0.9000000000000001,0.10000000000000009,0.40000000000000013,107.54310984900792,7.543109849007919
0.9000000000000001,0.10000000000000009,0.5,107.99577834506587,7.995778345065872
0.9000000000000001,0.10000000000000009,0.6000000000000001,108.44431162378567,8.444311623785666
0.9000000000000001,0.10000000000000009,0.7000000000000002,108.88870968516729,8.888709685167285
0.9000000000000001,0.10000000000000009,0.8,109.32897252921072,9.328972529210716
0.9000000000000001,0.10000000000000009,0.9000000000000001,109.76510015591599,9.765100155915988
0.9000000000000001,0.10000000000000009,1.0,110.19709256528309,10.197092565283086
0.9000000000000001,0.20000000000000018,-1.0,101.11450016200911,1.114500162009108
0.9000000000000001,0.20000000000000018,-0.9,101.62515220409054,1.62515220409054
0.9000000000000001,0.20000000000000018,-0.8,102.13166902883381,2.1316690288338123
0.9000000000000001,0.20000000000000018,-0.7,102.6340506362389,2.6340506362388965
0.9000000000000001,0.20000000000000018,-0.6,103.13229702630582,3.132297026305821
0.9000000000000001,0.20000000000000018,-0.5,103.62640819903457,3.6264081990345716
0.9000000000000001,0.20000000000000018,-0.3999999999999999,104.11638415442516,4.1163841544251625
0.9000000000000001,0.20000000000000018,-0.29999999999999993,104.60222489247757,4.602224892477565
0.9000000000000001,0.20000000000000018,-0.19999999999999996,105.0839304131918,5.083930413191794
0.9000000000000001,0.20000000000000018,-0.09999999999999998,105.56150071656785,5.561500716567849
0.9000000000000001,0.20000000000000018,0.0,106.03493580260572,6.034935802605716
0.9000000000000001,0.20000000000000018,0.10000000000000009,106.50423567130544,6.5042356713054374
0.9000000000000001,0.20000000000000018,0.20000000000000018,106.96940032266697,6.969400322666971
0.9000000000000001,0.20000000000000018,0.30000000000000004,107.43042975669034,7.430429756690344
0.9000000000000001,0.20000000000000018,0.40000000000000013,107.88732397337554,7.887323973375544
0.9000000000000001,0.20000000000000018,0.5,108.34008297272256,8.340082972722556
0.9000000000000001,0.20000000000000018,0.6000000000000001,108.78870675473141,8.788706754731408
0.9000000000000001,0.20000000000000018,0.7000000000000002,109.23319531940207,9.233195319402071
0.9000000000000001,0.20000000000000018,0.8,109.67354866673456,9.673548666734561
0.9000000000000001,0.20000000000000018,0.9000000000000001,110.10976679672889,10.109766796728891
0.9000000000000001,0.20000000000000018,1.0,110.54184970938505,10.541849709385048
0.9000000000000001,0.30000000000000004,-1.0,101.44027294439121,1.4402729443912108
0.9000000000000001,0.30000000000000004,-0.9,101.95101548976167,1.951015489761673
0.9000000000000001,0.30000000000000004,-0.8,102.457622817794,2.457622817794004
0.9000000000000001,0.30000000000000004,-0.7,102.96009492848816,2.960094928488161
0.9000000000000001,0.30000000000000004,-0.6,103.45843182184413,3.4584318218441297
0.9000000000000001,0.30000000000000004,-0.5,103.95263349786194,3.952633497861939
0.9000000000000001,0.30000000000000004,-0.3999999999999999,104.44269995654159,4.442699956541588
0.9000000000000001,0.30000000000000004,-0.29999999999999993,104.92863119788304,4.9286311978830355
0.9000000000000001,0.30000000000000004,-0.19999999999999996,105.41042722188632,5.410427221886323
0.9000000000000001,0.30000000000000004,-0.09999999999999998,105.88808802855144,5.8880880285514365
0.9000000000000001,0.30000000000000004,0.0,106.36161361787836,6.361613617878362
0.9000000000000001,0.30000000000000004,0.10000000000000009,106.83100398986714,6.831003989867142
0.9000000000000001,0.30000000000000004,0.20000000000000018,107.29625914451773,7.296259144517734
0.9000000000000001,0.30000000000000004,0.30000000000000004,107.75737908183015,7.757379081830152
0.9000000000000001,0.30000000000000004,0.40000000000000013,108.21436380180441,8.21436380180441
0.9000000000000001,0.30000000000000004,0.5,108.66721330444048,8.66721330444048
0.9000000000000001,0.30000000000000004,0.6000000000000001,109.11592758973838,9.115927589738376
0.9000000000000001,0.30000000000000004,0.7000000000000002,109.56050665769811,9.560506657698113
0.9000000000000001,0.30000000000000004,0.8,110.00095050831966,10.000950508319661
0.9000000000000001,0.30000000000000004,0.9000000000000001,110.43725914160304,10.437259141603036
0.9000000000000001,0.30000000000000004,1.0,110.86943255754827,10.869432557548265
0.9000000000000001,0.40000000000000013,-1.0,101.74887143083453,1.7488714308345266
0.9000000000000001,0.40000000000000013,-0.9,102.25970447949406,2.2597044794940615
0.9000000000000001,0.40000000000000013,-0.8,102.76640231081545,2.766402310815451
0.9000000000000001,0.40000000000000013,-0.7,103.26896492479865,3.2689649247986523
0.9000000000000001,0.40000000000000013,-0.6,103.76739232144368,3.7673923214436797
0.9000000000000001,0.40000000000000013,-0.5,104.26168450075055,4.2616845007505475
0.9000000000000001,0.40000000000000013,-0.3999999999999999,104.75184146271924,4.751841462719241
0.9000000000000001,0.40000000000000013,-0.29999999999999993,105.23786320734976,5.237863207349761
0.9000000000000001,0.40000000000000013,-0.19999999999999996,105.7197497346421,5.719749734642093
0.9000000000000001,0.40000000000000013,-0.09999999999999998,106.19750104459627,6.197501044596265
0.9000000000000001,0.40000000000000013,0.0,106.67111713721225,6.671117137212249
0.9000000000000001,0.40000000000000013,0.10000000000000009,107.14059801249009,7.140598012490088
0.9000000000000001,0.40000000000000013,0.20000000000000018,107.60594367042972,7.605943670429724
0.9000000000000001,0.40000000000000013,0.30000000000000004,108.06715411103121,8.067154111031215
0.9000000000000001,0.40000000000000013,0.40000000000000013,108.52422933429452,8.524229334294517
0.9000000000000001,0.40000000000000013,0.5,108.97716934021963,8.977169340219632
0.9000000000000001,0.40000000000000013,0.6000000000000001,109.4259741288066,9.425974128806601
0.9000000000000001,0.40000000000000013,0.7000000000000002,109.87064370005538,9.870643700055382
0.9000000000000001,0.40000000000000013,0.8,110.31117805396599,10.311178053965989
0.9000000000000001,0.40000000000000013,0.9000000000000001,110.74757719053842,10.747577190538422
0.9000000000000001,0.40000000000000013,1.0,111.1798411097727,11.179841109772696
0.9000000000000001,0.5,-1.0,102.04029562133911,2.040295621339112
0.9000000000000001,0.5,-0.9,102.55121917328769,2.5512191732876914
0.9000000000000001,0.5,-0.8,103.05800750789813,3.0580075078981253
0.9000000000000001,0.5,-0.7,103.56066062517039,3.560660625170385
0.9000000000000001,0.5,-0.6,104.05917852510449,4.059178525104485
0.9000000000000001,0.5,-0.5,104.5535612077004,4.5535612077003975
0.9000000000000001,0.5,-0.3999999999999999,105.04380867295815,5.04380867295815
0.9000000000000001,0.5,-0.29999999999999993,105.52992092087771,5.529920920877714
0.9000000000000001,0.5,-0.19999999999999996,106.01189795145912,6.011897951459119
0.9000000000000001,0.5,-0.09999999999999998,106.48973976470234,6.489739764702335
0.9000000000000001,0.5,0.0,106.96344636060738,6.963446360607378
0.9000000000000001,0.5,0.10000000000000009,107.43301773917426,7.433017739174261
0.9000000000000001,0.5,0.20000000000000018,107.89845390040297,7.89845390040297
0.9000000000000001,0.5,0.30000000000000004,108.3597548442935,8.359754844293505
0.9000000000000001,0.5,0.40000000000000013,108.81692057084587,8.816920570845866
0.9000000000000001,0.5,0.5,109.26995108006004,9.26995108006004
0.9000000000000001,0.5,0.6000000000000001,109.71884637193607,9.718846371936067
0.9000000000000001,0.5,0.7000000000000002,110.1636064464739,10.163606446473906
0.9000000000000001,0.5,0.8,110.60423130367356,10.604231303673558
0.9000000000000001,0.5,0.9000000000000001,111.04072094353505,11.04072094353505
0.9000000000000001,0.5,1.0,111.4730753660584,11.473075366058396
0.9000000000000001,0.6000000000000001,-1.0,102.31454551590492,2.314545515904925
0.9000000000000001,0.6000000000000001,-0.9,102.82555957114258,2.825559571142577
0.9000000000000001,0.6000000000000001,-0.8,103.33243840904207,3.3324384090420693
0.9000000000000001,0.6000000000000001,-0.7,103.83518202960339,3.835182029603388
0.9000000000000001,0.6000000000000001,-0.6,104.33379043282653,4.333790432826532
0.9000000000000001,0.6000000000000001,-0.5,104.8282636187115,4.828263618711503
0.9000000000000001,0.6000000000000001,-0.3999999999999999,105.31860158725831,5.318601587258314
0.9000000000000001,0.6000000000000001,-0.29999999999999993,105.80480433846694,5.804804338466937
0.9000000000000001,0.6000000000000001,-0.19999999999999996,106.28687187233739,6.286871872337386
0.9000000000000001,0.6000000000000001,-0.09999999999999998,106.76480418886966,6.764804188869661
0.9000000000000001,0.6000000000000001,0.0,107.23860128806376,7.238601288063762
0.9000000000000001,0.6000000000000001,0.10000000000000009,107.7082631699197,7.708263169919704
0.9000000000000001,0.6000000000000001,0.20000000000000018,108.17378983443746,8.173789834437457
0.9000000000000001,0.6000000000000001,0.30000000000000004,108.63518128161705,8.63518128161705
0.9000000000000001,0.6000000000000001,0.40000000000000013,109.09243751145847,9.09243751145847
0.9000000000000001,0.6000000000000001,0.5,109.5455585239617,9.545558523961702
0.9000000000000001,0.6000000000000001,0.6000000000000001,109.99454431912677,9.994544319126774
0.9000000000000001,0.6000000000000001,0.7000000000000002,110.43939489695366,10.439394896953658
0.9000000000000001,0.6000000000000001,0.8,110.88011025744238,10.880110257442382
0.9000000000000001,0.6000000000000001,0.9000000000000001,111.31669040059293,11.316690400592933
0.9000000000000001,0.6000000000000001,1.0,111.74913532640532,11.749135326405323
0.9000000000000001,0.7000000000000002,-1.0,102.57162111453196,2.5716211145319647
0.9000000000000001,0.7000000000000002,-0.9,103.08272567305868,3.0827256730586754
0.9000000000000001,0.7000000000000002,-0.8,103.58969501424723,3.5896950142472264
0.9000000000000001,0.7000000000000002,-0.7,104.0925291380976,4.092529138097603
0.9000000000000001,0.7000000000000002,-0.6,104.5912280446098,4.591228044609807
0.9000000000000001,0.7000000000000002,-0.5,105.08579173378384,5.085791733783836
0.9000000000000001,0.7000000000000002,-0.3999999999999999,105.5762202056197,5.576220205619705
0.9000000000000001,0.7000000000000002,-0.29999999999999993,106.06251346011737,6.062513460117373
0.9000000000000001,0.7000000000000002,-0.19999999999999996,106.54467149727688,6.54467149727688
0.9000000000000001,0.7000000000000002,-0.09999999999999998,107.02269431709821,7.022694317098214
0.9000000000000001,0.7000000000000002,0.0,107.49658191958137,7.496581919581374
0.9000000000000001,0.7000000000000002,0.10000000000000009,107.96633430472637,7.966334304726374
0.9000000000000001,0.7000000000000002,0.20000000000000018,108.43195147253319,8.431951472533186
0.9000000000000001,0.7000000000000002,0.30000000000000004,108.89343342300182,8.893433423001824
0.9000000000000001,0.7000000000000002,0.40000000000000013,109.3507801561323,9.350780156132302
0.9000000000000001,0.7000000000000002,0.5,109.80399167192459,9.803991671924592
0.9000000000000001,0.7000000000000002,0.6000000000000001,110.25306797037872,10.253067970378723
0.9000000000000001,0.7000000000000002,0.7000000000000002,110.69800905149467,10.698009051494665
0.9000000000000001,0.7000000000000002,0.8,111.13881491527245,11.138814915272448
0.9000000000000001,0.7000000000000002,0.9000000000000001,111.57548556171206,11.575485561712057
0.9000000000000001,0.7000000000000002,1.0,112.00802099081348,12.008020990813478
0.9000000000000001,0.8,-1.0,102.81152241722026,2.81152241722026
0.9000000000000001,0.8,-0.9,103.32271747903603,3.3227174790360294
0.9000000000000001,0.8,-0.8,103.82977732351364,3.829777323513639
0.9000000000000001,0.8,-0.7,104.33270195065306,4.33270195065306
0.9000000000000001,0.8,-0.6,104.83149136045432,4.831491360454322
0.9000000000000001,0.8,-0.5,105.32614555291741,5.32614555291741
0.9000000000000001,0.8,-0.3999999999999999,105.81666452804232,5.816664528042324
0.9000000000000001,0.8,-0.29999999999999993,106.30304828582906,6.303048285829064
0.9000000000000001,0.8,-0.19999999999999996,106.78529682627763,6.78529682627763
0.9000000000000001,0.8,-0.09999999999999998,107.26341014938801,7.263410149388008
0.9000000000000001,0.8,0.0,107.73738825516023,7.737388255160226
0.9000000000000001,0.8,0.10000000000000009,108.20723114359427,8.20723114359427
0.9000000000000001,0.8,0.20000000000000018,108.67293881469014,8.672938814690141
0.9000000000000001,0.8,0.30000000000000004,109.13451126844785,9.134511268447852
0.9000000000000001,0.8,0.40000000000000013,109.59194850486737,9.591948504867375
0.9000000000000001,0.8,0.5,110.04525052394872,10.045250523948724
0.9000000000000001,0.8,0.6000000000000001,110.49441732569191,10.494417325691913
0.9000000000000001,0.8,0.7000000000000002,110.9394489100969,10.9394489100969
0.9000000000000001,0.8,0.8,111.38034527716374,11.380345277163741
0.9000000000000001,0.8,0.9000000000000001,111.81710642689241,11.817106426892408
0.9000000000000001,0.8,1.0,112.24973235928289,12.249732359282888
0.9000000000000001,0.9000000000000001,-1.0,103.0342494239698,3.034249423969797
0.9000000000000001,0.9000000000000001,-0.9,103.54553498907462,3.545534989074625
0.9000000000000001,0.9000000000000001,-0.8,104.05268533684128,4.052685336841279
0.9000000000000001,0.9000000000000001,-0.7,104.55570046726977,4.555700467269773
0.9000000000000001,0.9000000000000001,-0.6,105.05458038036008,5.054580380360079
0.9000000000000001,0.9000000000000001,-0.5,105.54932507611223,5.5493250761122255
0.9000000000000001,0.9000000000000001,-0.3999999999999999,106.0399345545262,6.039934554526198
0.9000000000000001,0.9000000000000001,-0.29999999999999993,106.52640881560198,6.526408815601982
0.9000000000000001,0.9000000000000001,-0.19999999999999996,107.0087478593396,7.008747859339607
0.9000000000000001,0.9000000000000001,-0.09999999999999998,107.48695168573904,7.486951685739044
0.9000000000000001,0.9000000000000001,0.0,107.96102029480032,7.961020294800321
0.9000000000000001,0.9000000000000001,0.10000000000000009,108.43095368652342,8.430953686523424
0.9000000000000001,0.9000000000000001,0.20000000000000018,108.89675186090835,8.896751860908353
0.9000000000000001,0.9000000000000001,0.30000000000000004,109.35841481795511,9.358414817955108
0.9000000000000001,0.9000000000000001,0.40000000000000013,109.81594255766369,9.81594255766369
0.9000000000000001,0.9000000000000001,0.5,110.2693350800341,10.269335080034097
0.9000000000000001,0.9000000000000001,0.6000000000000001,110.71859238506633,10.71859238506633
0.9000000000000001,0.9000000000000001,0.7000000000000002,111.16371447276039,11.16371447276039
0.9000000000000001,0.9000000000000001,0.8,111.60470134311628,11.604701343116275
0.9000000000000001,0.9000000000000001,0.9000000000000001,112.041552996134,12.041552996134001
0.9000000000000001,0.9000000000000001,1.0,112.47426943181354,12.47426943181354
0.9000000000000001,1.0,-1.0,103.23980213478058,3.239802134780575
0.9000000000000001,1.0,-0.9,103.75117820317445,3.7511782031744474
0.9000000000000001,1.0,-0.8,104.25841905423017,4.258419054230174
0.9000000000000001,1.0,-0.7,104.76152468794771,4.761524687947713
0.9000000000000001,1.0,-0.6,105.26049510432708,5.260495104327077
0.9000000000000001,1.0,-0.5,105.75533030336827,5.755330303368268
0.9000000000000001,1.0,-0.3999999999999999,106.24603028507131,6.246030285071313
0.9000000000000001,1.0,-0.29999999999999993,106.73259504943616,6.732595049436156
0.9000000000000001,1.0,-0.19999999999999996,107.21502459646283,7.2150245964628255
0.9000000000000001,1.0,-0.09999999999999998,107.69331892615132,7.693318926151321
0.9000000000000001,1.0,0.0,108.16747803850166,8.167478038501656
0.9000000000000001,1.0,0.10000000000000009,108.63750193351382,8.637501933513818
0.9000000000000001,1.0,0.20000000000000018,109.10339061118779,9.103390611187791
0.9000000000000001,1.0,0.30000000000000004,109.5651440715236,9.565144071523605
0.9000000000000001,1.0,0.40000000000000013,110.02276231452126,10.022762314521259
0.9000000000000001,1.0,0.5,110.47624534018071,10.47624534018071
0.9000000000000001,1.0,0.6000000000000001,110.925593148502,10.925593148502003
0.9000000000000001,1.0,0.7000000000000002,111.3708057394851,11.370805739485107
0.9000000000000001,1.0,0.8,111.81188311313005,11.811883113130051
0.9000000000000001,1.0,0.9000000000000001,112.24882526943684,12.248825269436836
0.9000000000000001,1.0,1.0,112.68163220840543,12.681632208405432
1.0,-1.0,-1.0,96.5938852412713,3.4061147587287053
1.0,-1.0,-0.9,97.10405590566127,2.8959440943387307
1.0,-1.0,-0.8,97.61009135271308,2.3899086472869158
1.0,-1.0,-0.7,98.11199158242671,1.888008417573289
1.0,-1.0,-0.6,98.60975659480218,1.3902434051978219
1.0,-1.0,-0.5,99.10338638983947,0.8966136101605287
1.0,-1.0,-0.3999999999999999,99.59288096753859,0.40711903246140935
1.0,-1.0,-0.29999999999999993,100.07824032789954,0.07824032789953606
1.0,-1.0,-0.19999999999999996,100.5594644709223,0.5594644709222933
1.0,-1.0,-0.09999999999999998,101.0365533966069,1.0365533966069052
1.0,-1.0,0.0,101.50950710495331,1.5095071049533146
1.0,-1.0,0.10000000000000009,101.97832559596156,1.9783255959615644
1.0,-1.0,0.20000000000000018,102.44300886963164,2.4430088696316403
1.0,-1.0,0.30000000000000004,102.90355692596356,2.9035569259635565
1.0,-1.0,0.40000000000000013,103.35996976495728,3.3599697649572846
1.0,-1.0,0.5,103.81224738661284,3.812247386612839
1.0,-1.0,0.6000000000000001,104.26038979093023,4.260389790930233
1.0,-1.0,0.7000000000000002,104.70439697790943,4.7043969779094255
1.0,-1.0,0.8,105.14426894755047,5.144268947550472
1.0,-1.0,0.9000000000000001,105.58000569985334,5.580005699853345
1.0,-1.0,1.0,106.01160723481803,6.01160723481803
1.0,-0.9,-1.0,97.12682766146492,2.8731723385350847
1.0,-0.9,-0.9,97.63708882914392,2.36291117085608
1.0,-0.9,-0.8,98.1432147794848,1.8567852205152064
1.0,-0.9,-0.7,98.64520551248748,1.354794487512521
1.0,-0.9,-0.6,99.143061028152,0.8569389718479954
1.0,-0.9,-0.5,99.63678132647834,0.3632186735216578
1.0,-0.9,-0.3999999999999999,100.12636640746652,0.12636640746652006
1.0,-0.9,-0.29999999999999993,100.61181627111652,0.611816271116524
1.0,-0.9,-0.19999999999999996,101.09313091742834,1.09313091742834
1.0,-0.9,-0.09999999999999998,101.57031034640201,1.5703103464020103
1.0,-0.9,0.0,102.04335455803746,2.043354558037464
1.0,-0.9,0.10000000000000009,102.51226355233479,2.5122635523347867
1.0,-0.9,0.20000000000000018,102.9770373292939,2.977037329293907
1.0,-0.9,0.30000000000000004,103.43767588891488,3.4376758889148817
1.0,-0.9,0.40000000000000013,103.89417923119767,3.8941792311976684
1.0,-0.9,0.5,104.34654735614228,4.346547356142281
1.0,-0.9,0.6000000000000001,104.79478026374872,4.79478026374872
1.0,-0.9,0.7000000000000002,105.23887795401697,5.238877954016971
1.0,-0.9,0.8,105.67884042694708,5.678840426947076
1.0,-0.9,0.9000000000000001,106.114667682539,6.114667682538993
1.0,-0.9,1.0,106.54635972079276,6.546359720792765
1.0,-0.8,-1.0,97.64259578571973,2.3574042142802654
1.0,-0.8,-0.9,98.15294745668781,1.8470525433121878
1.0,-0.8,-0.8,98.65916391031774,1.3408360896822558
1.0,-0.8,-0.7,99.16124514660949,0.8387548533905118
1.0,-0.8,-0.6,99.65919116556306,0.34080883443694177
1.0,-0.8,-0.5,100.15300196717845,0.15300196717845438
1.0,-0.8,-0.3999999999999999,100.6426775514557,0.642677551455705
1.0,-0.8,-0.29999999999999993,101.12821791839475,1.1282179183947534
1.0,-0.8,-0.19999999999999996,101.60962306799563,1.6096230679956278
1.0,-0.8,-0.09999999999999998,102.08689300025834,2.0868930002583426
1.0,-0.8,0.0,102.56002771518287,2.560027715182869
1.0,-0.8,0.10000000000000009,103.02902721276924,3.029027212769236
1.0,-0.8,0.20000000000000018,103.49389149301741,3.493891493017415
1.0,-0.8,0.30000000000000004,103.95462055592743,3.954620555927434
1.0,-0.8,0.40000000000000013,104.4112144014993,4.411214401499294
1.0,-0.8,0.5,104.86367302973295,4.863673029732951
1.0,-0.8,0.6000000000000001,105.31199644062845,5.311996440628448
1.0,-0.8,0.7000000000000002,105.75618463418576,5.756184634185757
1.0,-0.8,0.8,106.19623761040492,6.196237610404921
1.0,-0.8,0.9000000000000001,106.6321553692859,6.632155369285897
1.0,-0.8,1.0,107.0639379108287,7.063937910828699
1.0,-0.7,-1.0,98.14118961403582,1.8588103859641762
1.0,-0.7,-0.9,98.65163178829296,1.3483682117070401
1.0,-0.7,-0.8,99.15793874521194,0.8420612547880637
1.0,-0.7,-0.7,99.66011048479274,0.3398895152072612
1.0,-0.7,-0.6,100.15814700703537,0.15814700703536744
1.0,-0.7,-0.5,100.65204831193982,0.6520483119398222
1.0,-0.7,-0.3999999999999999,101.14181439950612,1.1418143995061172
1.0,-0.7,-0.29999999999999993,101.62744526973422,1.627445269734224
1.0,-0.7,-0.19999999999999996,102.10894092262416,2.108940922624157
1.0,-0.7,-0.09999999999999998,102.58630135817593,2.5863013581759304
1.0,-0.7,0.0,103.0595265763895,3.0595265763895014
1.0,-0.7,0.10000000000000009,103.52861657726493,3.528616577264927
1.0,-0.7,0.20000000000000018,103.99357136080216,3.9935713608021643
1.0,-0.7,0.30000000000000004,104.45439092700124,4.454390927001242
1.0,-0.7,0.40000000000000013,104.91107527586215,4.911075275862146
1.0,-0.7,0.5,105.36362440738486,5.363624407384862
1.0,-0.7,0.6000000000000001,105.81203832156942,5.812038321569418
1.0,-0.7,0.7000000000000002,106.2563170184158,6.2563170184158
1.0,-0.7,0.8,106.69646049792401,6.696460497924008
1.0,-0.7,0.9000000000000001,107.13246876009404,7.132468760094042
1.0,-0.7,1.0,107.5643418049259,7.564341804925903
1.0,-0.6,-1.0,98.62260914641314,1.37739085358686
1.0,-0.6,-0.9,99.13314182395933,0.8668581760406653
1.0,-0.6,-0.8,99.63953928416737,0.3604607158326303
1.0,-0.6,-0.7,100.14180152703723,0.1418015270372308
1.0,-0.6,-0.6,100.6399285525689,0.6399285525689038
1.0,-0.6,-0.5,101.13392036076242,1.133920360762417
1.0,-0.6,-0.3999999999999999,101.62377695161777,1.6237769516177707
1.0,-0.6,-0.29999999999999993,102.10949832513494,2.109498325134936
1.0,-0.6,-0.19999999999999996,102.59108448131393,2.5910844813139278
1.0,-0.6,-0.09999999999999998,103.06853542015476,3.0685354201547597
1.0,-0.6,0.0,103.54185114165739,3.5418511416573892
1.0,-0.6,0.10000000000000009,104.01103164582186,4.011031645821859
1.0,-0.6,0.20000000000000018,104.47607693264816,4.476076932648155
1.0,-0.6,0.30000000000000004,104.93698700213629,4.936987002136291
1.0,-0.6,0.40000000000000013,105.39376185428625,5.393761854286254
1.0,-0.6,0.5,105.84640148909803,5.846401489098028
1.0,-0.6,0.6000000000000001,106.29490590657164,6.294905906571643
1.0,-0.6,0.7000000000000002,106.73927510670707,6.739275106707069
1.0,-0.6,0.8,107.17950908950432,7.179509089504322
1.0,-0.6,0.9000000000000001,107.61560785496341,7.6156078549634145
1.0,-0.6,1.0,108.04757140308433,8.047571403084333
1.0,-0.5,-1.0,99.08685438285173,0.9131456171482739
1.0,-0.5,-0.9,99.59747756368698,0.40252243631302065
1.0,-0.5,-0.8,100.10396552718406,0.10396552718405871
1.0,-0.5,-0.7,100.60631827334296,0.6063182733429642
1.0,-0.5,-0.6,101.10453580216371,1.10453580216371
1.0,-0.5,-0.5,101.59861811364628,1.5986181136462818
1.0,-0.5,-0.3999999999999999,102.08856520779068,2.08856520779068
1.0,-0.5,-0.29999999999999993,102.5743770845969,2.574377084596904
1.0,-0.5,-0.19999999999999996,103.05605374406495,3.056053744064954
1.0,-0.5,-0.09999999999999998,103.53359518619482,3.533595186194816
1.0,-0.5,0.0,104.00700141098652,4.007001410986518
1.0,-0.5,0.10000000000000009,104.47627241844006,4.476272418440061
1.0,-0.5,0.20000000000000018,104.9414082085554,4.941408208555401
1.0,-0.5,0.30000000000000004,105.4024087813326,5.402408781332596
1.0,-0.5,0.40000000000000013,105.85927413677162,5.859274136771617
1.0,-0.5,0.5,106.31200427487244,6.312004274872436
1.0,-0.5,0.6000000000000001,106.76059919563511,6.760599195635109
1.0,-0.5,0.7000000000000002,107.20505889905961,7.205058899059608
1.0,-0.5,0.8,107.6453833851459,7.645383385145905
1.0,-0.5,0.9000000000000001,108.08157265389406,8.081572653894057
1.0,-0.5,1.0,108.51362670530403,8.513626705304034
1.0,-0.3999999999999999,-1.0,99.53392532335154,0.4660746766484607
1.0,-0.3999999999999999,-0.9,100.04463900747584,0.044639007475836934
1.0,-0.3999999999999999,-0.8,100.55121747426197,0.5512174742619749
1.0,-0.3999999999999999,-0.7,101.05366072370994,1.053660723709939
1.0,-0.3999999999999999,-0.6,101.55196875581974,1.5519687558197433
1.0,-0.3999999999999999,-0.5,102.04614157059136,2.0461415705913595
1.0,-0.3999999999999999,-0.3999999999999999,102.53617916802483,2.5361791680248302
1.0,-0.3999999999999999,-0.29999999999999993,103.0220815481201,3.0220815481200987
1.0,-0.3999999999999999,-0.19999999999999996,103.50384871087721,3.5038487108772074
1.0,-0.3999999999999999,-0.09999999999999998,103.98148065629613,3.981480656296128
1.0,-0.3999999999999999,0.0,104.45497738437687,4.454977384376875
1.0,-0.3999999999999999,0.10000000000000009,104.92433889511948,4.924338895119476
1.0,-0.3999999999999999,0.20000000000000018,105.38956518852387,5.389565188523875
1.0,-0.3999999999999999,0.30000000000000004,105.85065626459013,5.850656264590128
1.0,-0.3999999999999999,0.40000000000000013,106.3076121233182,6.307612123318194
1.0,-0.3999999999999999,0.5,106.76043276470809,6.760432764708085
1.0,-0.3999999999999999,0.6000000000000001,107.2091181887598,7.209118188759803
1.0,-0.3999999999999999,0.7000000000000002,107.65366839547336,7.65366839547336
1.0,-0.3999999999999999,0.8,108.09408338484872,8.094083384848716
1.0,-0.3999999999999999,0.9000000000000001,108.53036315688591,8.530363156885912
1.0,-0.3999999999999999,1.0,108.96250771158496,8.962507711584962
1.0,-0.29999999999999993,-1.0,99.9638219679126,0.03617803208740611
1.0,-0.29999999999999993,-0.9,100.47462615532595,0.4746261553259501
1.0,-0.29999999999999993,-0.8,100.98129512540113,0.9812951254011324
1.0,-0.29999999999999993,-0.7,101.48382887813816,1.483828878138155
1.0,-0.29999999999999993,-0.6,101.982227413537,1.9822274135370037
1.0,-0.29999999999999993,-0.5,102.47649073159769,2.4764907315976927
1.0,-0.29999999999999993,-0.3999999999999999,102.96661883232021,2.966618832320208
1.0,-0.29999999999999993,-0.29999999999999993,103.45261171570453,3.452611715704535
1.0,-0.29999999999999993,-0.19999999999999996,103.93446938175069,3.934469381750688
1.0,-0.29999999999999993,-0.09999999999999998,104.41219183045868,4.412191830458681
1.0,-0.29999999999999993,0.0,104.88577906182849,4.885779061828487
1.0,-0.29999999999999993,0.10000000000000009,105.35523107586013,5.355231075860132
1.0,-0.29999999999999993,0.20000000000000018,105.82054787255359,5.82054787255359
1.0,-0.29999999999999993,0.30000000000000004,106.2817294519089,6.281729451908902
1.0,-0.29999999999999993,0.40000000000000013,106.73877581392603,6.738775813926026
1.0,-0.29999999999999993,0.5,107.19168695860496,7.191686958604961
1.0,-0.29999999999999993,0.6000000000000001,107.64046288594574,7.6404628859457375
1.0,-0.29999999999999993,0.7000000000000002,108.08510359594835,8.085103595948354
1.0,-0.29999999999999993,0.8,108.52560908861277,8.525609088612768
1.0,-0.29999999999999993,0.9000000000000001,108.96197936393902,8.961979363939022
1.0,-0.29999999999999993,1.0,109.39421442192712,9.394214421927117
1.0,-0.19999999999999996,-1.0,100.37654431653488,0.37654431653487563
1.0,-0.19999999999999996,-0.9,100.88743900723729,0.8874390072372904
1.0,-0.19999999999999996,-0.8,101.39419848060153,1.3941984806015313
1.0,-0.19999999999999996,-0.7,101.89682273662761,1.8968227366276125
1.0,-0.19999999999999996,-0.6,102.39531177531552,2.3953117753155198
1.0,-0.19999999999999996,-0.5,102.88966559666525,2.889665596665253
1.0,-0.19999999999999996,-0.3999999999999999,103.37988420067683,3.379884200676827
1.0,-0.19999999999999996,-0.29999999999999993,103.86596758735021,3.8659675873502124
1.0,-0.19999999999999996,-0.19999999999999996,104.34791575668542,4.347915756685424
1.0,-0.19999999999999996,-0.09999999999999998,104.82572870868246,4.825728708682462
1.0,-0.19999999999999996,0.0,105.29940644334133,5.299406443341326
1.0,-0.19999999999999996,0.10000000000000009,105.76894896066203,5.76894896066203
1.0,-0.19999999999999996,0.20000000000000018,106.23435626064455,6.234356260644546
1.0,-0.19999999999999996,0.30000000000000004,106.6956283432889,6.695628343288902
1.0,-0.19999999999999996,0.40000000000000013,107.1527652085951,7.152765208595099
1.0,-0.19999999999999996,0.5,107.6057668565631,7.605766856563093
1.0,-0.19999999999999996,0.6000000000000001,108.05463328719293,8.054633287192928
1.0,-0.19999999999999996,0.7000000000000002,108.49936450048459,8.499364500484589
1.0,-0.19999999999999996,0.8,108.93996049643806,8.939960496438061
1.0,-0.19999999999999996,0.9000000000000001,109.37642127505337,9.376421275053374
1.0,-0.19999999999999996,1.0,109.80874683633053,9.808746836330528
1.0,-0.09999999999999998,-1.0,100.7720923692184,0.7720923692183987
1.0,-0.09999999999999998,-0.9,101.28307756320987,1.283077563209872
1.0,-0.09999999999999998,-0.8,101.78992753986317,1.7899275398631715
1.0,-0.09999999999999998,-0.7,102.29264229917831,2.2926422991783113
1.0,-0.09999999999999998,-0.6,102.79122184115528,2.791221841155277
1.0,-0.09999999999999998,-0.5,103.28566616579407,3.285666165794069
1.0,-0.09999999999999998,-0.3999999999999999,103.77597527309469,3.775975273094687
1.0,-0.09999999999999998,-0.29999999999999993,104.26214916305713,4.262149163057131
1.0,-0.09999999999999998,-0.19999999999999996,104.7441878356814,4.744187835681402
1.0,-0.09999999999999998,-0.09999999999999998,105.2220912909675,5.222091290967498
1.0,-0.09999999999999998,0.0,105.69585952891542,5.69585952891542
1.0,-0.09999999999999998,0.10000000000000009,106.16549254952518,6.165492549525183
1.0,-0.09999999999999998,0.20000000000000018,106.63099035279674,6.6309903527967435
1.0,-0.09999999999999998,0.30000000000000004,107.09235293873016,7.0923529387301585
1.0,-0.09999999999999998,0.40000000000000013,107.5495803073254,7.5495803073253995
1.0,-0.09999999999999998,0.5,108.00267245858245,8.002672458582452
1.0,-0.09999999999999998,0.6000000000000001,108.45162939250135,8.451629392501346
1.0,-0.09999999999999998,0.7000000000000002,108.89645110908207,8.896451109082065
1.0,-0.09999999999999998,0.8,109.33713760832458,9.337137608324582
1.0,-0.09999999999999998,0.9000000000000001,109.77368889022895,9.773688890228954
1.0,-0.09999999999999998,1.0,110.20610495479517,10.206104954795165
1.0,0.0,-1.0,101.15046612596316,1.1504661259631632
1.0,0.0,-0.9,101.66154182324371,1.6615418232437094
1.0,0.0,-0.8,102.16848230318605,2.168482303186053
1.0,0.0,-0.7,102.67128756579025,2.6712875657902515
1.0,0.0,-0.6,103.16995761105626,3.1699576110562617
1.0,0.0,-0.5,103.66449243898411,3.6644924389841123
1.0,0.0,-0.3999999999999999,104.1548920495738,4.154892049573803
1.0,0.0,-0.29999999999999993,104.64115644282529,4.641156442825292
1.0,0.0,-0.19999999999999996,105.12328561873862,5.12328561873862
1.0,0.0,-0.09999999999999998,105.60127957731378,5.601279577313775
1.0,0.0,0.0,106.07513831855074,6.075138318550742
1.0,0.0,0.10000000000000009,106.54486184244956,6.5448618424495635
1.0,0.0,0.20000000000000018,107.0104501490102,7.010450149010197
1.0,0.0,0.30000000000000004,107.47190323823266,7.471903238232656
1.0,0.0,0.40000000000000013,107.92922111011696,7.929221110116956
1.0,0.0,0.5,108.38240376466305,8.382403764663053
1.0,0.0,0.6000000000000001,108.831451201871,8.831451201871005
1.0,0.0,0.7000000000000002,109.27636342174078,9.276363421740783
1.0,0.0,0.8,109.71714042427236,9.717140424272358
1.0,0.0,0.9000000000000001,110.15378220946579,10.153782209465788
1.0,0.0,1.0,110.58628877732104,10.586288777321045
1.0,0.10000000000000009,-1.0,101.51166558676917,1.511665586769169
1.0,0.10000000000000009,-0.9,102.02283178733877,2.022831787338774
1.0,0.10000000000000009,-0.8,102.52986277057018,2.529862770570176
1.0,0.10000000000000009,-0.7,103.03275853646343,3.032758536463433
1.0,0.10000000000000009,-0.6,103.5315190850185,3.531519085018502
1.0,0.10000000000000009,-0.5,104.02614441623541,4.026144416235411
1.0,0.10000000000000009,-0.3999999999999999,104.51663453011415,4.516634530114146
1.0,0.10000000000000009,-0.29999999999999993,105.0029894266547,5.002989426654693
1.0,0.10000000000000009,-0.19999999999999996,105.48520910585708,5.485209105857081
1.0,0.10000000000000009,-0.09999999999999998,105.96329356772128,5.96329356772128
1.0,0.10000000000000009,0.0,106.43724281224732,6.4372428122473195
1.0,0.10000000000000009,0.10000000000000009,106.90705683943519,6.907056839435185
1.0,0.10000000000000009,0.20000000000000018,107.37273564928488,7.372735649284877
1.0,0.10000000000000009,0.30000000000000004,107.8342792417964,7.834279241796395
1.0,0.10000000000000009,0.40000000000000013,108.29168761696974,8.291687616969739
1.0,0.10000000000000009,0.5,108.74496077480491,8.744960774804909
1.0,0.10000000000000009,0.6000000000000001,109.1940987153019,9.194098715301905
1.0,0.10000000000000009,0.7000000000000002,109.63910143846074,9.639101438460742
1.0,0.10000000000000009,0.8,110.07996894428138,10.079968944281376
1.0,0.10000000000000009,0.9000000000000001,110.51670123276386,10.516701232763864
1.0,0.10000000000000009,1.0,110.94929830390817,10.949298303908165
1.0,0.20000000000000018,-1.0,101.85569075163643,1.8556907516364305
1.0,0.20000000000000018,-0.9,102.36694745549508,2.3669474554950796
1.0,0.20000000000000018,-0.8,102.87406894201554,2.8740689420155405
1.0,0.20000000000000018,-0.7,103.37705521119786,3.377055211197856
1.0,0.20000000000000018,-0.6,103.87590626304198,3.8759062630419834
1.0,0.20000000000000018,-0.5,104.37062209754794,4.370622097547937
1.0,0.20000000000000018,-0.3999999999999999,104.86120271471573,4.861202714715731
1.0,0.20000000000000018,-0.29999999999999993,105.34764811454534,5.347648114545336
1.0,0.20000000000000018,-0.19999999999999996,105.82995829703678,5.829958297036782
1.0,0.20000000000000018,-0.09999999999999998,106.30813326219004,6.30813326219004
1.0,0.20000000000000018,0.0,106.78217301000512,6.782173010005124
1.0,0.20000000000000018,0.10000000000000009,107.25207754048205,7.252077540482048
1.0,0.20000000000000018,0.20000000000000018,107.7178468536208,7.717846853620799
1.0,0.20000000000000018,0.30000000000000004,108.17948094942138,8.179480949421375
1.0,0.20000000000000018,0.40000000000000013,108.63697982788378,8.636979827883778
1.0,0.20000000000000018,0.5,109.09034348900799,9.090343489007992
1.0,0.20000000000000018,0.6000000000000001,109.53957193279405,9.539571932794047
1.0,0.20000000000000018,0.7000000000000002,109.98466515924194,9.984665159241942
1.0,0.20000000000000018,0.8,110.42562316835163,10.425623168351635
1.0,0.20000000000000018,0.9000000000000001,110.86244596012317,10.862445960123168
1.0,0.20000000000000018,1.0,111.29513353455653,11.295133534556527
1.0,0.30000000000000004,-1.0,102.18254162056493,2.1825416205649333
1.0,0.30000000000000004,-0.9,102.69388882771263,2.6938888277126267
1.0,0.30000000000000004,-0.8,103.20110081752215,3.2011008175221463
1.0,0.30000000000000004,-0.7,103.7041775899935,3.704177589993506
1.0,0.30000000000000004,-0.6,104.20311914512669,4.203119145126692
1.0,0.30000000000000004,-0.5,104.6979254829217,4.697925482921704
1.0,0.30000000000000004,-0.3999999999999999,105.18859660337856,5.188596603378556
1.0,0.30000000000000004,-0.29999999999999993,105.67513250649723,5.675132506497235
1.0,0.30000000000000004,-0.19999999999999996,106.15753319227773,6.157533192277725
1.0,0.30000000000000004,-0.09999999999999998,106.63579866072004,6.635798660720042
1.0,0.30000000000000004,0.0,107.10992891182418,7.109928911824184
1.0,0.30000000000000004,0.10000000000000009,107.57992394559017,7.579923945590167
1.0,0.30000000000000004,0.20000000000000018,108.04578376201796,8.045783762017962
1.0,0.30000000000000004,0.30000000000000004,108.5075083611076,8.507508361107597
1.0,0.30000000000000004,0.40000000000000013,108.96509774285906,8.965097742859058
1.0,0.30000000000000004,0.5,109.41855190727233,9.418551907272331
1.0,0.30000000000000004,0.6000000000000001,109.86787085434744,9.867870854347444
1.0,0.30000000000000004,0.7000000000000002,110.31305458408438,10.313054584084384
1.0,0.30000000000000004,0.8,110.75410309648314,10.754103096483135
1.0,0.30000000000000004,0.9000000000000001,111.19101639154373,11.191016391543727
1.0,0.30000000000000004,1.0,111.62379446926616,11.623794469266159
1.0,0.40000000000000013,-1.0,102.49221819355466,2.4922181935546632
1.0,0.40000000000000013,-0.9,103.00365590399143,3.0036559039914295
1.0,0.40000000000000013,-0.8,103.51095839709,3.5109583970899934
1.0,0.40000000000000013,-0.7,104.01412567285041,4.014125672850412
1.0,0.40000000000000013,-0.6,104.51315773127266,4.513157731272656
1.0,0.40000000000000013,-0.5,105.00805457235673,5.008054572356727
1.0,0.40000000000000013,-0.3999999999999999,105.49881619610264,5.498816196102638
1.0,0.40000000000000013,-0.29999999999999993,105.98544260251036,5.985442602510361
1.0,0.40000000000000013,-0.19999999999999996,106.4679337915799,6.467933791579895
1.0,0.40000000000000013,-0.09999999999999998,106.94628976331127,6.94628976331127
1.0,0.40000000000000013,0.0,107.42051051770447,7.4205105177044715
1.0,0.40000000000000013,0.10000000000000009,107.89059605475951,7.890596054759513
1.0,0.40000000000000013,0.20000000000000018,108.35654637447637,8.356546374476366
1.0,0.40000000000000013,0.30000000000000004,108.81836147685505,8.818361476855046
1.0,0.40000000000000013,0.40000000000000013,109.27604136189557,9.276041361895565
1.0,0.40000000000000013,0.5,109.7295860295979,9.729586029597897
1.0,0.40000000000000013,0.6000000000000001,110.17899547996207,10.178995479962069
1.0,0.40000000000000013,0.7000000000000002,110.62426971298807,10.624269712988067
1.0,0.40000000000000013,0.8,111.06540872867588,11.065408728675877
1.0,0.40000000000000013,0.9000000000000001,111.50241252702551,11.502412527025513
1.0,0.40000000000000013,1.0,111.93528110803699,11.935281108036989
1.0,0.5,-1.0,102.78472047060563,2.7847204706056345
1.0,0.5,-0.9,103.29624868433146,3.2962486843314593
1.0,0.5,-0.8,103.8036416807191,3.803641680719096
1.0,0.5,-0.7,104.30689945976856,4.306899459768559
1.0,0.5,-0.6,104.80602202147986,4.806022021479862
1.0,0.5,-0.5,105.30100936585298,5.301009365852977
1.0,0.5,-0.3999999999999999,105.79186149288795,5.791861492887946
1.0,0.5,-0.29999999999999993,106.27857840258473,6.278578402584728
1.0,0.5,-0.19999999999999996,106.76116009494332,6.761160094943321
1.0,0.5,-0.09999999999999998,107.23960656996375,7.239606569963755
1.0,0.5,0.0,107.713917827646,7.713917827646
1.0,0.5,0.10000000000000009,108.1840938679901,8.1840938679901
1.0,0.5,0.20000000000000018,108.65013469099601,8.650134690996012
1.0,0.5,0.30000000000000004,109.11204029666375,9.11204029666375
1.0,0.5,0.40000000000000013,109.56981068499333,9.569810684993328
1.0,0.5,0.5,110.02344585598472,10.023445855984718
1.0,0.5,0.6000000000000001,110.47294580963793,10.472945809637935
1.0,0.5,0.7000000000000002,110.91831054595299,10.918310545952991
1.0,0.5,0.8,111.35954006492985,11.359540064929845
1.0,0.5,0.9000000000000001,111.79663436656855,11.796634366568554
1.0,0.5,1.0,112.22959345086909,12.229593450869089
1.0,0.6000000000000001,-1.0,103.06004845171788,3.0600484517178757
1.0,0.6000000000000001,-0.9,103.57166716873273,3.5716671687327306
1.0,0.6000000000000001,-0.8,104.07915066840944,4.07915066840944
1.0,0.6000000000000001,-0.7,104.58249895074796,4.582498950747961
1.0,0.6000000000000001,-0.6,105.08171201574831,5.081712015748309
1.0,0.6000000000000001,-0.5,105.5767898634105,5.576789863410497
1.0,0.6000000000000001,-0.3999999999999999,106.06773249373451,6.0677324937345105
1.0,0.6000000000000001,-0.29999999999999993,106.55453990672035,6.5545399067203505
1.0,0.6000000000000001,-0.19999999999999996,107.037212102368,7.037212102368002
1.0,0.6000000000000001,-0.09999999999999998,107.5157490806775,7.5157490806774945
1.0,0.6000000000000001,0.0,107.9901508416488,7.9901508416487985
1.0,0.6000000000000001,0.10000000000000009,108.46041738528194,8.460417385281943
1.0,0.6000000000000001,0.20000000000000018,108.92654871157691,8.926548711576913
1.0,0.6000000000000001,0.30000000000000004,109.38854482053371,9.38854482053371
1.0,0.6000000000000001,0.40000000000000013,109.84640571215235,9.846405712152347
1.0,0.6000000000000001,0.5,110.30013138643278,10.300131386432781
1.0,0.6000000000000001,0.6000000000000001,110.74972184337506,10.749721843375056
1.0,0.6000000000000001,0.7000000000000002,111.19517708297916,11.195177082979157
1.0,0.6000000000000001,0.8,111.63649710524508,11.636497105245084
1.0,0.6000000000000001,0.9000000000000001,112.07368191017285,12.073681910172851
1.0,0.6000000000000001,1.0,112.50673149776243,12.50673149776243
1.0,0.7000000000000002,-1.0,103.31820213689133,3.3182021368913297
1.0,0.7000000000000002,-0.9,103.82991135719524,3.8299113571952432
1.0,0.7000000000000002,-0.8,104.33748536016101,4.337485360161011
1.0,0.7000000000000002,-0.7,104.84092414578859,4.840924145788591
1.0,0.7000000000000002,-0.6,105.340227714078,5.340227714077997
1.0,0.7000000000000002,-0.5,105.83539606502923,5.835396065029229
1.0,0.7000000000000002,-0.3999999999999999,106.32642919864232,6.326429198642316
1.0,0.7000000000000002,-0.29999999999999993,106.8133271149172,6.8133271149172
1.0,0.7000000000000002,-0.19999999999999996,107.29608981385391,7.296089813853911
1.0,0.7000000000000002,-0.09999999999999998,107.77471729545246,7.7747172954524615
1.0,0.7000000000000002,0.0,108.24920955971281,8.24920955971281
1.0,0.7000000000000002,0.10000000000000009,108.71956660663503,8.719566606635027
1.0,0.7000000000000002,0.20000000000000018,109.18578843621904,9.185788436219042
1.0,0.7000000000000002,0.30000000000000004,109.6478750484649,9.647875048464897
1.0,0.7000000000000002,0.40000000000000013,110.10582644337258,10.105826443372578
1.0,0.7000000000000002,0.5,110.55964262094207,10.559642620942071
1.0,0.7000000000000002,0.6000000000000001,111.00932358117342,11.009323581173419
1.0,0.7000000000000002,0.7000000000000002,111.45486932406656,11.454869324066564
1.0,0.7000000000000002,0.8,111.89627984962155,11.89627984962155
1.0,0.7000000000000002,0.9000000000000001,112.33355515783836,12.333555157838362
1.0,0.7000000000000002,1.0,112.766695248717,12.766695248717
1.0,0.8,-1.0,103.55918152612604,3.5591815261260393
1.0,0.8,-0.9,104.07098124971901,4.070981249719011
1.0,0.8,-0.8,104.57864575597382,4.578645755973824
1.0,0.8,-0.7,105.08217504489046,5.082175044890462
1.0,0.8,-0.6,105.58156911646893,5.581569116468927
1.0,0.8,-0.5,106.07682797070922,6.076827970709218
1.0,0.8,-0.3999999999999999,106.56795160761135,6.567951607611349
1.0,0.8,-0.29999999999999993,107.05494002717529,7.054940027175292
1.0,0.8,-0.19999999999999996,107.53779322940106,7.537793229401061
1.0,0.8,-0.09999999999999998,108.01651121428867,8.01651121428867
1.0,0.8,0.0,108.49109398183808,8.491093981838077
1.0,0.8,0.10000000000000009,108.96154153204934,8.961541532049338
1.0,0.8,0.20000000000000018,109.42785386492241,9.427853864922412
1.0,0.8,0.30000000000000004,109.89003098045733,9.890030980457325
1.0,0.8,0.40000000000000013,110.34807287865407,10.348072878654065
1.0,0.8,0.5,110.80197955951262,10.801979559512617
1.0,0.8,0.6000000000000001,111.25175102303301,11.251751023033009
1.0,0.8,0.7000000000000002,111.69738726921521,11.697387269215213
1.0,0.8,0.8,112.13888829805926,12.138888298059257
1.0,0.8,0.9000000000000001,112.57625410956513,12.576254109565127
1.0,0.8,1.0,113.00948470373282,13.009484703732824
1.0,0.9000000000000001,-1.0,103.78298661942198,3.782986619421976
1.0,0.9000000000000001,-0.9,104.294876846304,4.294876846304007
1.0,0.9000000000000001,-0.8,104.80263185584788,4.802631855847878
1.0,0.9000000000000001,-0.7,105.30625164805357,5.306251648053575
1.0,0.9000000000000001,-0.6,105.80573622292108,5.805736222921084
1.0,0.9000000000000001,-0.5,106.30108558045043,6.301085580450433
1.0,0.9000000000000001,-0.3999999999999999,106.79229972064162,6.792299720641623
1.0,0.9000000000000001,-0.29999999999999993,107.27937864349462,7.279378643494624
1.0,0.9000000000000001,-0.19999999999999996,107.76232234900945,7.762322349009452
1.0,0.9000000000000001,-0.09999999999999998,108.2411308371861,8.241130837186105
1.0,0.9000000000000001,0.0,108.71580410802457,8.715804108024571
1.0,0.9000000000000001,0.10000000000000009,109.18634216152489,9.186342161524891
1.0,0.9000000000000001,0.20000000000000018,109.65274499768702,9.652744997687023
1.0,0.9000000000000001,0.30000000000000004,110.115012616511,10.115012616510995
1.0,0.9000000000000001,0.40000000000000013,110.57314501799678,10.57314501799678
1.0,0.9000000000000001,0.5,111.02714220214439,11.02714220214439
1.0,0.9000000000000001,0.6000000000000001,111.47700416895384,11.47700416895384
1.0,0.9000000000000001,0.7000000000000002,111.9227309184251,11.922730918425103
1.0,0.9000000000000001,0.8,112.3643224505582,12.364322450558205
1.0,0.9000000000000001,0.9000000000000001,112.80177876535312,12.80177876535312
1.0,0.9000000000000001,1.0,113.23509986280988,13.235099862809875
1.0,1.0,-1.0,103.98961741677917,3.9896174167791685
1.0,1.0,-0.9,104.50159814695024,4.5015981469502435
1.0,1.0,-0.8,105.00944365978317,5.009443659783173
1.0,1.0,-0.7,105.51315395527791,5.5131539552779145
1.0,1.0,-0.6,106.0127290334345,6.012729033434496
1.0,1.0,-0.5,106.5081688942529,6.508168894252904
1.0,1.0,-0.3999999999999999,106.99947353773314,6.999473537733138
1.0,1.0,-0.29999999999999993,107.4866429638752,7.486642963875198
1.0,1.0,-0.19999999999999996,107.96967717267907,7.96967717267907
1.0,1.0,-0.09999999999999998,108.4485761641448,8.448576164144797
1.0,1.0,0.0,108.92333993827232,8.92333993827232
1.0,1.0,0.10000000000000009,109.39396849506169,9.393968495061685
1.0,1.0,0.20000000000000018,109.86046183451288,9.860461834512876
1.0,1.0,0.30000000000000004,110.32281995662589,10.322819956625892
1.0,1.0,0.40000000000000013,110.78104286140075,10.78104286140075
1.0,1.0,0.5,111.23513054883742,11.235130548837418
1.0,1.0,0.6000000000000001,111.68508301893591,11.685083018935913
1.0,1.0,0.7000000000000002,112.13090027169623,12.130900271696234
1.0,1.0,0.8,112.57258230711838,12.572582307118381
1.0,1.0,0.9000000000000001,113.01012912520237,13.010129125202369
1.0,1.0,1.0,113.44354072594817,13.443540725948168
