time_s,temperature_c,pressure_torr,flow_sccm,truth_temperature_c,truth_thickness_nm,state,fault,heater,throttle,flow_command,precursor
0.0,25.04481183062627,4.999177586433913,0.0,25.0,0.0,PUMP_DOWN,NONE,0.0,1.0,0.0,False
0.25,24.93179938222424,4.411859635206296,0.009021540389615772,25.0,0.0,PUMP_DOWN,NONE,0.0,1.0,0.0,False
0.5,25.20103228683318,3.8969512801399433,0.0,25.0,0.0,PUMP_DOWN,NONE,0.0,1.0,0.0,False
0.75,25.07347630752778,3.4437712694035234,0.01581213734968478,25.0,0.0,PUMP_DOWN,NONE,0.0,1.0,0.0,False
1.0,24.86042979329377,3.0404349299015263,0.10429547916874317,25.0,0.0,PUMP_DOWN,NONE,0.0,1.0,0.0,False
1.25,24.798367817907238,2.6842290667414526,0.0,25.0,0.0,PUMP_DOWN,NONE,0.0,1.0,0.0,False
1.5,24.806569339032254,2.3668602275368795,0.0,25.0,0.0,PUMP_DOWN,NONE,0.0,1.0,0.0,False
1.75,24.809883027783446,2.0967866510754383,0.023512662993633773,25.0,0.0,PUMP_DOWN,NONE,0.0,1.0,0.0,False
2.0,24.971960358305505,1.8444893379013227,0.0,25.0,0.0,PUMP_DOWN,NONE,0.0,1.0,0.0,False
2.25,24.99272485818984,1.6371092144025932,0.0,25.0,0.0,PUMP_DOWN,NONE,0.0,1.0,0.0,False
2.5,24.92833700859491,1.4438583311295783,0.0,25.0,0.0,PUMP_DOWN,NONE,0.0,1.0,0.0,False
2.75,25.159134793507913,1.2767185830816432,0.0,25.0,0.0,PUMP_DOWN,NONE,0.0,1.0,0.0,False
3.0,25.132658480107477,1.1294373962409519,0.0,25.0,0.0,PUMP_DOWN,NONE,0.0,1.0,0.0,False
3.25,25.016569621487424,1.0008114878396526,0.0,25.0,0.0,PUMP_DOWN,NONE,0.0,1.0,0.0,False
3.5,25.01142103455655,0.8894707086484424,0.0,25.0,0.0,PUMP_DOWN,NONE,0.0,1.0,0.0,False
3.75,25.12890740320324,0.7840657969648345,0.0,25.0,0.0,PUMP_DOWN,NONE,0.0,1.0,0.0,False
4.0,25.300062481951365,0.6962564896545862,0.0,25.0,0.0,PUMP_DOWN,NONE,0.0,1.0,0.0,False
4.25,25.01117743431572,0.6165062507192751,0.0,25.0,0.0,PUMP_DOWN,NONE,0.0,1.0,0.0,False
4.5,25.10243654007928,0.5446885863576368,0.10008713412514918,25.0,0.0,PUMP_DOWN,NONE,0.0,1.0,0.0,False
4.75,25.215778388748422,0.4811851695160879,0.030470791558441353,25.0,0.0,PUMP_DOWN,NONE,0.0,1.0,0.0,False
5.0,24.930503863519238,0.4291650983806941,0.0,25.0,0.0,PUMP_DOWN,NONE,0.0,1.0,0.0,False
5.25,24.9131047605246,0.3801614021121594,0.13481458081506115,25.0,0.0,PUMP_DOWN,NONE,0.0,1.0,0.0,False
5.5,25.17178330111812,0.3343901654319515,0.0,25.0,0.0,PUMP_DOWN,NONE,0.0,1.0,0.0,False
5.75,25.097035513386015,0.29497511537628823,0.0,25.0,0.0,PUMP_DOWN,NONE,0.0,1.0,0.0,False
6.0,24.985406961149486,0.27171064540382334,0.10341058508561334,25.0,0.0,PUMP_DOWN,NONE,0.0,1.0,0.0,False
6.25,24.95091798696667,0.23770020176226944,0.0,25.0,0.0,PUMP_DOWN,NONE,0.0,1.0,0.0,False
6.5,25.228529410068425,0.21181148017425735,0.0,25.0,0.0,PUMP_DOWN,NONE,0.0,1.0,0.0,False
6.75,25.05288836009279,0.19004391785683783,0.0,25.0,0.0,PUMP_DOWN,NONE,0.0,1.0,0.0,False
7.0,24.83288992852734,0.1703484050390308,0.0,25.0,0.0,PUMP_DOWN,NONE,0.0,1.0,0.0,False
7.25,25.174919166428534,0.1546717702431541,0.0,25.0,0.0,PUMP_DOWN,NONE,0.0,1.0,0.0,False
7.5,25.1002571534901,0.13609876570778617,0.15781895376404204,25.0,0.0,HEAT,NONE,1.0,0.0,100.0,False
7.75,27.96330622220148,0.18228526691435937,26.644803118537297,27.964116156302225,0.0,HEAT,NONE,1.0,0.0,100.0,False
8.0,30.970985915106752,0.24939787466332056,46.168557806359985,30.918983907774987,0.0,HEAT,NONE,1.0,0.0,100.0,False
8.25,33.81896057891536,0.34759259018650907,60.864045251676934,33.864632110572074,0.0,HEAT,NONE,1.0,0.0,100.0,False
8.5,37.137803024785555,0.45923596009433776,71.2559287760144,36.801089530812646,0.0,HEAT,NONE,1.0,0.0,100.0,False
8.75,39.75919543677174,0.5856573982408566,79.01240037500435,39.728384844862035,0.0,HEAT,NONE,1.0,0.0,100.0,False
9.0,42.615657090073775,0.716379816313406,84.74248946106223,42.646546639611756,0.0,HEAT,NONE,1.0,0.0,100.0,False
9.25,45.40055203794779,0.8493204216133459,88.78560397526483,45.55560341275884,0.0,HEAT,NONE,1.0,0.0,100.0,False
9.5,48.29741087977655,0.9890221127059675,91.66280666603363,48.45558357308391,0.0,HEAT,NONE,1.0,0.0,100.0,False
9.75,51.49232544691637,1.129597194220021,94.00792918333455,51.34651544072881,0.0,HEAT,NONE,1.0,0.0,100.0,False
10.0,54.13977299454462,1.27057866526436,95.3066446937232,54.228427247473064,0.0,HEAT,NONE,1.0,0.00640583,100.0,False
10.25,56.931636016431035,1.4134011300237843,96.46622021103907,57.1013471370095,0.0,HEAT,NONE,1.0,0.01436586,100.0,False
10.5,60.09229444344139,1.5469518132507651,97.76173618979873,59.96530316521921,0.0,HEAT,NONE,1.0,0.02211065,100.0,False
10.75,62.69349874551379,1.6923422943858075,98.29904763855258,62.82032330044569,0.0,HEAT,NONE,1.0,0.03475108,100.0,False
11.0,65.43591018272383,1.8280382265252737,98.95744184908499,65.66643542376755,0.0,HEAT,NONE,1.0,0.04712404,100.0,False
11.25,68.49379659337099,1.9537492322370222,99.05505179470758,68.50366732927102,0.0,HEAT,NONE,1.0,0.05904629,100.0,False
11.5,71.18577387590476,2.083796580390938,99.24477151033192,71.33204672432157,0.0,HEAT,NONE,1.0,0.07393352,100.0,False
11.75,74.14392266793048,2.198603005027398,99.41313030188746,74.15160122983423,0.0,HEAT,NONE,1.0,0.08700276,100.0,False
12.0,76.7706996077957,2.319871234710234,99.61623055041751,76.96235838054338,0.0,HEAT,NONE,1.0,0.10342363,100.0,False
12.25,79.90923386808095,2.4246963822907874,99.63197767513536,79.76434562527163,0.0,HEAT,NONE,1.0,0.11761332,100.0,False
12.5,82.50858753819755,2.525295367092451,99.80814845125495,82.55759032719789,0.0,HEAT,NONE,1.0,0.13238002,100.0,False
12.75,85.28582973817319,2.6217758991736884,99.65197875567671,85.34211976412473,0.0,HEAT,NONE,1.0,0.14768746,100.0,False
13.0,87.9969342396013,2.7163761126699266,99.79598525369747,88.11796112874447,0.0,HEAT,NONE,1.0,0.16402651,100.0,False
13.25,90.72702746076162,2.7937423534981556,100.13549315975465,90.88514152890514,0.0,HEAT,NONE,1.0,0.17757149,100.0,False
13.5,93.42558434250255,2.866793539378741,99.84988367989497,93.64368798787473,0.0,HEAT,NONE,1.0,0.19128772,100.0,False
13.75,96.12947452345628,2.9375896843313316,99.95601889528415,96.39362744460539,0.0,HEAT,NONE,1.0,0.20561393,100.0,False
14.0,99.14570303064038,2.9941607911821433,100.03861315144384,99.13498675399649,0.0,HEAT,NONE,1.0,0.21755106,100.0,False
14.25,101.7868980847338,3.050932414340254,99.81210178603509,101.8677926871569,0.0,HEAT,NONE,1.0,0.23047033,100.0,False
14.5,104.40965651763506,3.1039385578429552,99.90808816180764,104.59207193166628,0.0,HEAT,NONE,1.0,0.24337833,100.0,False
14.75,107.35160314528906,3.1421171531400476,99.92223494138184,107.30785109183569,0.0,HEAT,NONE,1.0,0.25348119,100.0,False
15.0,109.93896254341705,3.181220222463291,99.94623803579526,110.01515668896764,0.0,HEAT,NONE,1.0,0.26447081,100.0,False
15.25,112.69129861438914,3.2111264300544162,100.1702708133852,112.71401516161484,0.0,HEAT,NONE,1.0,0.27384158,100.0,False
15.5,115.50652951203347,3.23927731567009,99.91092429802076,115.4044528658385,0.0,HEAT,NONE,1.0,0.28330255,100.0,False
15.75,117.87920076746471,3.263486359909837,100.1416455403164,118.08649607546567,0.0,HEAT,NONE,1.0,0.29227639,100.0,False
16.0,120.73906472247754,3.2805311017079353,100.11478637495688,120.76017098234604,0.0,HEAT,NONE,1.0,0.29990474,100.0,False
16.25,123.55018136450691,3.296337708102873,99.92987946560626,123.42550369660717,0.0,HEAT,NONE,1.0,0.30754888,100.0,False
16.5,126.30976619430983,3.3010276321485423,100.12795773178364,126.08252024691012,0.0,HEAT,NONE,1.0,0.31273992,100.0,False
16.75,128.80533639255793,3.31615480658988,100.2808996118391,128.73124658070333,0.0,HEAT,NONE,1.0,0.32065049,100.0,False
17.0,131.59437538548266,3.315522924130613,99.74600303248748,131.37170856447585,0.0,HEAT,NONE,1.0,0.32492743,100.0,False
17.25,134.12646534286833,3.3194941788224446,99.99762981860796,134.00393198401025,0.0,HEAT,NONE,1.0,0.3303952,100.0,False
17.5,136.75390166618516,3.3189822292127826,99.68313026653638,136.62794254463438,0.0,HEAT,NONE,1.0,0.33485489,100.0,False
17.75,139.28266072452266,3.3236925675174067,99.96285689152228,139.24376587147208,0.0,HEAT,NONE,1.0,0.34063946,100.0,False
18.0,141.85720772425938,3.318483210609864,99.77277636553914,141.85142750969385,0.0,HEAT,NONE,1.0,0.34406566,100.0,False
18.25,144.42595469713413,3.31449858796608,99.75333186380325,144.45095292476617,0.0,HEAT,NONE,1.0,0.3477575,100.0,False
18.5,147.118219663409,3.312382007637954,100.06087251009392,147.04236750270002,0.0,HEAT,NONE,1.0,0.35188056,100.0,False
18.75,149.47730230908516,3.3044503390299997,99.8500654310229,149.62569655029904,0.0,HEAT,NONE,1.0,0.35455494,100.0,False
19.0,152.06796901534767,3.3001807122559006,99.88249665747239,152.20096529540638,0.0,HEAT,NONE,1.0,0.35804458,100.0,False
19.25,154.8216088304745,3.292832329944056,100.30373233614222,154.76819888715147,0.0,HEAT,NONE,1.0,0.36072419,100.0,False
19.5,157.11850403931516,3.2860959678071873,99.98654621548468,157.32742239619517,0.0,HEAT,NONE,1.0,0.3634642,100.0,False
19.75,159.87655635545522,3.2701154018410503,99.93094854779943,159.87866081497486,0.0,HEAT,NONE,1.0,0.36383356,100.0,False
20.0,162.53341864746523,3.265567600671378,100.01214178179038,162.42193905794863,0.0,HEAT,NONE,1.0,0.36682071,100.0,False
20.25,164.91367445974817,3.25997407841778,99.99676713563647,164.95728196183825,0.0,HEAT,NONE,1.0,0.36948025,100.0,False
20.5,167.15465193499955,3.244633629381049,99.70467174468975,167.48471428587186,0.0,HEAT,NONE,1.0,0.3696505,100.0,False
20.75,169.51654494970134,3.2357583097792446,100.20002756545443,170.00426071202583,0.0,HEAT,NONE,1.0,0.37121215,100.0,False
21.0,172.5230138311854,3.2243831488392876,99.85889032860561,172.51594584526583,0.0,HEAT,NONE,1.0,0.3720278,100.0,False
21.25,175.1893861983244,3.219116205709566,100.00719645410538,175.0197942137869,0.0,HEAT,NONE,1.0,0.37419103,100.0,False
21.5,177.5078110009274,3.2091982714079292,100.12080833604242,177.51583026925312,0.0,HEAT,NONE,1.0,0.37511941,100.0,False
21.75,180.08696348163994,3.2003305306590293,99.84356790927527,180.00407838703654,0.0,HEAT,NONE,1.0,0.37616414,100.0,False
22.0,182.56122918119135,3.1883436343632097,100.16407550734408,182.4845628664549,0.0,HEAT,NONE,1.0,0.37630712,100.0,False
22.25,184.76665030775052,3.1811271349029986,99.99889527373492,184.95730793100915,0.0,HEAT,NONE,1.0,0.3774575,100.0,False
22.5,187.2236408960233,3.177899708553078,100.21906029567563,187.42233772861994,0.0,HEAT,NONE,1.0,0.37948091,100.0,False
22.75,189.81013876762213,3.165982876389433,100.05680088411651,189.8796763318635,0.0,HEAT,NONE,1.0,0.37929651,100.0,False
23.0,191.9373138187048,3.15589155258512,99.99079800295081,192.3293477382066,0.0,HEAT,NONE,1.0,0.37939486,100.0,False
23.25,194.78385847326234,3.143792866616392,99.95959766134064,194.77137587024117,0.0,HEAT,NONE,1.0,0.37884988,100.0,False
23.5,197.17904576141015,3.143086554810684,100.0501638529433,197.2057845759175,0.0,HEAT,NONE,1.0,0.38094549,100.0,False
23.75,199.6317643742471,3.1362634488225014,99.91671265973824,199.6325976287775,0.0,HEAT,NONE,1.0,0.38149845,100.0,False
24.0,201.99342418245527,3.118597911154082,100.23536576661694,202.05183872818657,0.0,HEAT,NONE,1.0,0.37926926,100.0,False
24.25,204.6081813547946,3.120349303605808,100.1003346862511,204.46353149956542,0.0,HEAT,NONE,1.0,0.38159522,100.0,False
24.5,206.88422178276997,3.1113214616867806,99.96219895240687,206.8676994946204,0.0,HEAT,NONE,1.0,0.38125793,100.0,False
24.75,209.23382612771525,3.1043946852470117,100.22677438353044,209.26436619157369,0.0,HEAT,NONE,1.0,0.38130861,100.0,False
25.0,211.73690818066382,3.097933335839677,99.91309116082468,211.6535549953926,0.0,HEAT,NONE,1.0,0.3813683,100.0,False
25.25,213.9400394649061,3.097094097708091,100.07600307250857,214.03528923801787,0.0,HEAT,NONE,1.0,0.38271748,100.0,False
25.5,216.4197247623386,3.0852633708918487,99.83364197132595,216.409592178592,0.0,HEAT,NONE,1.0,0.38132359,100.0,False
25.75,218.76645777006556,3.083734655536321,99.9411194005962,218.77648700368604,0.0,HEAT,NONE,1.0,0.38231107,100.0,False
26.0,221.10191044007604,3.075194009751104,100.01643914614365,221.13599682752613,0.0,HEAT,NONE,1.0,0.38152989,100.0,False
26.25,223.24919306040712,3.070439293824378,99.87184066565133,223.48814469221895,0.0,HEAT,NONE,1.0,0.38156176,100.0,False
26.5,225.96564132286176,3.0643582452942115,100.08655700724773,225.83295356797737,0.0,HEAT,NONE,1.0,0.38119051,100.0,False
26.75,228.39911197125312,3.0616159352628562,99.90976355863508,228.17044635334412,0.0,HEAT,NONE,1.0,0.38155253,100.0,False
27.0,230.5293607142847,3.0585288655319207,99.85095754530444,230.50064587541578,0.0,HEAT,NONE,1.0,0.38178,100.0,False
27.25,232.89271280242252,3.060692841776498,99.96128319881188,232.82357489006552,0.0,HEAT,NONE,1.0,0.38325243,100.0,False
27.5,235.1088246527558,3.0473237095630235,100.04786326636419,235.1392560821655,0.0,HEAT,NONE,1.0,0.38090348,100.0,False
27.75,237.2606656321022,3.0439720730699884,100.19195008976051,237.44771206580833,0.0,HEAT,NONE,1.0,0.38085172,100.0,False
28.0,239.61314742561856,3.0475547727331938,100.22865369982405,239.74896538452776,0.0,HEAT,NONE,1.0,0.3824574,100.0,False
28.25,242.08193748014057,3.042597923771979,100.29283764100916,242.04303851151906,0.0,HEAT,NONE,1.0,0.38198663,100.0,False
28.5,244.30044458954842,3.0361232208028364,99.79701533988465,244.32995384985827,0.0,HEAT,NONE,1.0,0.3810704,100.0,False
28.75,246.61598979477318,3.0397750052490675,100.14393930691902,246.60973373272122,0.0,HEAT,NONE,1.0,0.38256513,100.0,False
29.0,248.74108673738874,3.0298334568601146,99.92437431538588,248.88240042360144,0.0,HEAT,NONE,1.0,0.38073798,100.0,False
29.25,251.19181632890192,3.029620141836674,100.03216809166064,251.14797611652762,0.0,HEAT,NONE,1.0,0.38118225,100.0,False
29.5,253.45099384298715,3.0271388660014673,99.99397390864556,253.40648293628033,0.0,HEAT,NONE,1.0,0.38105376,100.0,False
29.75,255.68893179519065,3.025741287608655,100.0755281296657,255.65794293860824,0.0,HEAT,NONE,1.0,0.38115351,100.0,False
30.0,258.1830094764426,3.025800337516043,100.00837158190026,257.90237811044335,0.0,HEAT,NONE,1.0,0.38158793,100.0,False
30.25,259.8868925766114,3.0231756671926875,99.70799823819027,260.1398103701157,0.0,HEAT,NONE,1.0,0.38135365,100.0,False
30.5,262.1589064546442,3.0227479051219235,100.10593525898783,262.3702615675676,0.0,HEAT,NONE,1.0,0.38162334,100.0,False
30.75,264.5712626348143,3.013230816166322,99.94429772244247,264.5937534845666,0.0,HEAT,NONE,1.0,0.37963711,100.0,False
31.0,266.7084970871862,3.019214953637992,100.33865957984663,266.8103078349186,0.0,HEAT,NONE,1.0,0.38135506,100.0,False
31.25,269.0524858378731,3.0133850257492085,99.82441727044171,269.0199462646799,0.0,HEAT,NONE,1.0,0.38022206,100.0,False
31.5,271.2142762102531,3.014076494024723,99.82727212606152,271.2226903523683,0.0,HEAT,NONE,1.0,0.38062254,100.0,False
31.75,273.4360148945279,3.009961280095471,100.16681609075255,273.41856160917405,0.0,HEAT,NONE,1.0,0.37983883,100.0,False
32.0,275.7669790700381,3.0158022466002663,99.9288924294037,275.6075814791699,0.0,HEAT,NONE,1.0,0.3814581,100.0,False
32.25,277.86694942401795,3.010784953022806,99.94167819078596,277.78977133952026,0.0,HEAT,NONE,1.0,0.38046361,100.0,False
32.5,279.91428065211915,3.0063220768455055,99.78342044561305,279.96515250069046,0.0,HEAT,NONE,1.0,0.37954121,100.0,False
32.75,282.25289342528583,3.0090486655926294,100.03246372766718,282.13374620665445,0.0,HEAT,NONE,1.0,0.38033487,100.0,False
33.0,284.4458301933704,3.0035879886206516,99.88238048892617,284.2955736351023,0.0,HEAT,NONE,1.0,0.3791354,100.0,False
33.25,286.47695612416703,3.0095764196945916,99.94343883243879,286.45065589764727,0.0,HEAT,NONE,1.0,0.38069229,100.0,False
33.5,288.7533909249363,3.0081399087880376,99.81799267917505,288.59901404003165,0.0,HEAT,NONE,1.0,0.3804861,100.0,False
33.75,290.60105447593384,3.0091498200552262,100.06957471846783,290.74066904233246,0.0,HEAT,NONE,1.0,0.380865,100.0,False
34.0,292.5907826333154,3.0099142679927375,100.08970405466367,292.8756418191664,0.0,HEAT,NONE,1.0,0.3811944,100.0,False
34.25,295.2054546680484,3.0037920775985727,99.95564406679985,295.0039532198939,0.0,HEAT,NONE,1.0,0.3798319,100.0,False
34.5,296.95665546611025,3.012133009993378,99.97368186618871,297.1256240288229,0.0,HEAT,NONE,1.0,0.38196443,100.0,False
34.75,299.4788049442241,3.0014641179207255,100.02457617884981,299.2406749654118,0.0,HEAT,NONE,1.0,0.37950351,100.0,False
35.0,301.09842381148627,3.0020272046073146,100.14756323625988,301.3491266844718,0.0,HEAT,NONE,1.0,0.37968399,100.0,False
35.25,303.2632382040322,3.0061136358150744,100.05058567237718,303.45099977636835,0.0,HEAT,NONE,1.0,0.38073811,100.0,False
35.5,305.389722128475,3.0007734879039867,99.93114014849414,305.5463147672226,0.0,HEAT,NONE,1.0,0.37951216,100.0,False
35.75,307.62766421842025,3.000495650887396,99.87590681487927,307.6350921191116,0.0,HEAT,NONE,1.0,0.37946941,100.0,False
36.0,309.67166407489117,2.998872684864824,99.80657101410351,309.7173522302684,0.0,HEAT,NONE,1.0,0.37908789,100.0,False
36.25,311.7858889629047,3.0045873596861346,99.77059424423238,311.7931154352808,0.0,HEAT,NONE,1.0,0.38049578,100.0,False
36.5,313.8629282280101,2.999501812240655,99.85342818442979,313.8624020052905,0.0,HEAT,NONE,1.0,0.37930562,100.0,False
36.75,316.0532477960977,2.999835560093821,100.22474525245971,315.9252321481905,0.0,HEAT,NONE,1.0,0.37939048,100.0,False
37.0,317.86465010420085,3.0024626616755907,99.9659075490164,317.9816260088228,0.0,HEAT,NONE,1.0,0.38004395,100.0,False
37.25,319.9185003978061,3.0027642131943475,99.97675261403876,320.03160366917507,0.0,HEAT,NONE,1.0,0.38015459,100.0,False
37.5,322.1656667356838,3.000535961037644,99.83712756170478,322.0751851485768,0.0,HEAT,NONE,1.0,0.37964449,100.0,False
37.75,324.0970800174161,3.0006986361002723,100.14376944308216,324.11239040389444,0.0,HEAT,NONE,1.0,0.37969714,100.0,False
38.0,326.0072989786266,3.0002790842417864,99.74171819046548,326.14323932972684,0.0,HEAT,NONE,1.0,0.37960697,100.0,False
38.25,328.26547571765065,2.997044832947339,99.72904607183744,328.16775175859914,0.0,HEAT,NONE,1.0,0.37881584,100.0,False
38.5,330.1770649360154,3.003769955757138,99.77133295776821,330.1859474611566,0.0,HEAT,NONE,1.0,0.38044313,100.0,False
38.75,332.03464080854957,2.9978314713491447,99.83057550304869,332.19784614635785,0.0,HEAT,NONE,1.0,0.37902505,100.0,False
39.0,334.2603816449169,2.997744422050274,99.89177278953096,334.2034674616667,0.0,HEAT,NONE,1.0,0.37897911,100.0,False
39.25,336.2903268030474,2.9980151515956415,100.06491701466709,336.202830993245,0.0,HEAT,NONE,1.0,0.37901889,100.0,False
39.5,338.0502484903607,2.996741077936254,99.72468260662134,338.19595626614296,0.0,HEAT,NONE,1.0,0.37867913,100.0,False
39.75,340.4620431625272,2.999621666167781,100.03659000519225,340.1828627444904,0.0,HEAT,NONE,1.0,0.37934867,100.0,False
40.0,342.15891240533966,3.001031634158273,100.00745297190615,342.1635698316868,0.0,HEAT,NONE,1.0,0.37968981,100.0,False
40.25,342.0530365014291,2.997291265787744,99.76638068408526,341.7668039455487,0.0,HEAT,NONE,1.0,0.3787767,100.0,False
40.5,341.2194820672152,2.9965744936700687,100.11204430787228,341.37127601748784,0.0,HEAT,NONE,1.0,0.3785643,100.0,False
40.75,341.1000389163543,2.9979277204525876,99.79143463353054,340.97698218492366,0.0,HEAT,NONE,1.0,0.37885334,100.0,False
41.0,340.5306990993561,3.005108812177339,99.57706458733024,340.5839185973273,0.0,HEAT,NONE,1.0,0.38059751,100.0,False
41.25,340.2710754315364,2.997239450743981,100.15605507198117,340.192081416184,0.0,HEAT,NONE,1.0,0.37871425,100.0,False
41.5,339.6397782238243,2.9997989667552294,99.77405813490405,339.8014668149558,0.0,HEAT,NONE,1.0,0.37931124,100.0,False
41.75,339.2654823014691,3.0047908137015216,100.12308680288349,339.4120709790438,0.0,HEAT,NONE,1.0,0.38053998,100.0,False
42.0,338.96363988292853,2.997589198206964,99.71592892952322,339.02389010575115,0.0,HEAT,NONE,1.0,0.37881995,100.0,False
42.25,338.57787189746085,3.000273915098714,99.98739184632481,338.636920404246,0.0,HEAT,NONE,1.0,0.37945386,100.0,False
42.5,338.2370893063278,2.996946431384692,99.99005891719514,338.2511580955242,0.0,HEAT,NONE,1.0,0.37863502,100.0,False
42.75,337.86079840544244,3.0044067380394845,100.28001001815284,337.8665994123727,0.0,HEAT,NONE,1.0,0.38043931,100.0,False
43.0,337.46269224529493,2.99784151334207,99.99025268053569,337.4832405993326,0.0,HEAT,NONE,1.0,0.37887175,100.0,False
43.25,337.0099347213742,2.9980657291770108,99.99120247721166,337.10107791266233,0.0,HEAT,NONE,1.0,0.37890077,100.0,False
43.5,336.56361195562863,3.00224624099078,99.98441266762238,336.72010762030146,0.0,HEAT,NONE,1.0,0.37990853,100.0,False
43.75,336.37782724786285,2.999668390021778,99.89091183291212,336.3403260018339,0.0,HEAT,NONE,1.0,0.37929888,100.0,False
44.0,335.8195354144894,2.9995104838480833,99.91768594938581,335.96172934845174,0.0,HEAT,NONE,1.0,0.37925579,100.0,False
44.25,335.61939916290055,3.0002283277805417,99.79565398781158,335.5843139629191,0.0,HEAT,NONE,1.0,0.3794269,100.0,False
44.5,335.2181443544501,2.996173861988168,99.9075283561721,335.20807615953584,0.0,HEAT,NONE,1.0,0.37842816,100.0,False
44.75,334.78885922271894,2.9942750174654518,100.01372611717898,334.8330122641016,0.0,HEAT,NONE,1.0,0.37791078,100.0,False
45.0,334.4817661163373,3.0004834549556056,99.93635240912924,334.45911861388015,0.0,HEAT,NONE,1.0,0.37937009,100.0,False
45.25,334.03035100854703,2.997970433136986,99.95954494454067,334.0863915575633,0.0,HEAT,NONE,1.0,0.37875117,100.0,False
45.5,333.63193568470814,3.001328603536467,99.81937958656826,333.71482745523537,0.0,HEAT,NONE,1.0,0.37955207,100.0,False
45.75,333.37976116468946,3.001359564846856,99.97876557517317,333.34442267833776,0.0,HEAT,NONE,1.0,0.37957293,100.0,False
46.0,332.9092928861705,3.002462737835761,99.7503097439809,332.97517360963343,0.0,HEAT,NONE,1.0,0.37986032,100.0,False
46.25,332.6761446438932,3.0013205686996924,100.04250644388017,332.60707664317147,0.0,HEAT,NONE,1.0,0.37960818,100.0,False
46.5,332.2976250731169,2.9985121699361494,99.96108099125478,332.240128184252,0.0,HEAT,NONE,1.0,0.3789313,100.0,False
46.75,331.96988339907347,3.0018802602334382,100.03100691481639,331.87432464939104,0.0,HEAT,NONE,1.0,0.37974533,100.0,False
47.0,331.2825144295176,3.0020377358543415,100.17542064879895,331.5096624662856,0.0,HEAT,NONE,1.0,0.37980803,100.0,False
47.25,331.29758879773505,3.0009489610266185,99.76634820945935,331.1461380737786,0.0,HEAT,NONE,1.0,0.37956562,100.0,False
47.5,330.92512964395854,2.999719484669776,99.62012205278994,330.78374792182433,0.0,HEAT,NONE,1.0,0.37927545,100.0,False
47.75,330.47906958191953,2.9957006274622944,99.80553391297073,330.42248847145345,0.0,HEAT,NONE,1.0,0.37828128,100.0,False
48.0,329.96711236088277,3.0043439761676933,99.94437319687323,330.06235619473887,0.0,HEAT,NONE,1.0,0.38036324,100.0,False
48.25,329.7439963129214,3.0054015030761376,100.23910446439835,329.7033475747609,0.0,HEAT,NONE,1.0,0.38067829,100.0,False
48.5,329.32995609319914,2.9989778985789295,99.81086940488656,329.34545910557324,0.0,HEAT,NONE,1.0,0.3791609,100.0,False
48.75,328.88451858104116,3.001056857401305,100.05935961427143,328.9886872921684,0.0,HEAT,NONE,1.0,0.37966515,100.0,False
49.0,328.64956438511985,3.0026700495724263,99.88414479804501,328.63302865044375,0.0,HEAT,NONE,1.0,0.38007928,100.0,False
49.25,328.27006822914007,3.0016501173974808,100.08762188593417,328.2784797071676,0.0,HEAT,NONE,1.0,0.37986341,100.0,False
49.5,328.085678866305,3.000502677371089,99.95358961666047,327.9250369999451,0.0,HEAT,NONE,1.0,0.37960411,100.0,False
49.75,327.62702591622394,2.996253704258953,99.75408110026852,327.57269707718456,0.0,HEAT,NONE,1.0,0.37856431,100.0,False
50.0,327.3085572651981,2.9993977701375703,100.04626144396254,327.2214564980635,0.0,HEAT,NONE,1.0,0.37929662,100.0,False
50.25,326.6166591779192,2.998507854356602,99.91002143294025,326.8713118324954,0.0,HEAT,NONE,1.0,0.37906976,100.0,False
50.5,326.39262784388546,2.9929522649571725,99.94976897767943,326.522259661096,0.0,HEAT,NONE,1.0,0.37767878,100.0,False
50.75,326.3088922183748,3.0014357190206375,99.90985800855012,326.17429657514987,0.0,HEAT,NONE,1.0,0.37968493,100.0,False
51.0,325.8251877808297,3.0024345960212706,99.58593732060186,325.8274191765773,0.0,HEAT,NONE,1.0,0.37994592,100.0,False
51.25,325.4629435958799,3.001584311860143,100.10231929378511,325.4816240779009,0.0,HEAT,NONE,1.0,0.379764,100.0,False
51.5,325.3920174332642,3.003222420294861,100.04688442521193,325.13690790221267,0.0,HEAT,NONE,1.0,0.3801878,100.0,False
51.75,324.8385636840583,3.0019055316141157,99.91910095078863,324.79326728314095,0.0,HEAT,NONE,1.0,0.3799035,100.0,False
52.0,324.4446706565761,3.0021005606613693,100.29361678223425,324.4506988648176,0.0,HEAT,NONE,1.0,0.37997736,100.0,False
52.25,324.0853092059854,2.999057498570468,100.02977202906814,324.1091993018452,0.0,HEAT,NONE,1.0,0.37925422,100.0,False
52.5,323.9702458133655,2.9991848252723394,100.22040385547066,323.76876525926434,0.0,HEAT,NONE,1.0,0.37927677,100.0,False
52.75,323.28439482990683,2.9987793335749267,99.97027522649715,323.42939341252116,0.0,HEAT,NONE,1.0,0.37916801,100.0,False
53.0,323.20905630604915,3.0025682075712683,99.77358334628225,323.0910804474347,0.0,HEAT,NONE,1.0,0.38008956,100.0,False
53.25,322.6165554162931,3.0002235168009372,99.90119595311711,322.7538230601648,0.0,HEAT,NONE,1.0,0.3795432,100.0,False
53.5,322.1892537908324,3.0023038815549237,100.07409551262303,322.4176179571796,0.0,HEAT,NONE,1.0,0.38006122,100.0,False
53.75,322.1564384797525,2.99756491267822,100.15434076782509,322.0824618552234,0.0,HEAT,NONE,1.0,0.37892097,100.0,False
54.0,321.71235748182073,3.0024765680658403,99.86325022735859,321.7483514812848,0.0,HEAT,NONE,1.0,0.38010566,100.0,False
54.25,321.2871632554119,2.999589198945484,99.89465017813043,321.4152835725645,0.0,HEAT,NONE,1.0,0.37942405,100.0,False
54.5,321.1845725362488,2.999783383504433,99.86155431732053,321.0832548764435,0.0,HEAT,NONE,1.0,0.3794684,100.0,False
54.75,320.7631919905933,2.9979608478831996,100.13737492437654,320.75226215045154,0.0,HEAT,NONE,1.0,0.37901671,100.0,False
55.0,320.3274192147583,2.9978598003556995,100.18168553580644,320.42230216223504,0.0,HEAT,NONE,1.0,0.37896684,100.0,False
55.25,320.4291606979123,3.005345246600994,100.00948345174908,320.09337168952595,0.0,HEAT,NONE,1.0,0.3807883,100.0,False
55.5,319.7982957261702,3.0034988960061053,99.98133477906329,319.76546752010995,0.0,HEAT,NONE,1.0,0.38039837,100.0,False
55.75,319.2921340812247,2.998953913928104,100.0677275170798,319.4385864517953,0.0,HEAT,NONE,1.0,0.37932135,100.0,False
56.0,318.98835284970875,2.9937464092778274,99.78449057281686,319.11272529238147,0.0,HEAT,NONE,1.0,0.37802468,100.0,False
56.25,318.8876952522538,2.996922932915105,99.97879793614432,318.787880859628,0.0,HEAT,NONE,1.0,0.37873241,100.0,False
56.5,318.495933783874,3.001304035920812,99.94976458019296,318.46404998122335,0.0,HEAT,NONE,1.0,0.37977419,100.0,False
56.75,318.2160368498262,2.9966621342146604,99.94574289614829,318.1412294947541,0.0,HEAT,NONE,1.0,0.37864132,100.0,False
57.0,317.6657539095056,3.002999760871103,99.99593751578993,317.8194162476738,0.0,HEAT,NONE,1.0,0.3801632,100.0,False
57.25,317.3877109741279,2.99829414932367,99.96674072789149,317.49860709727244,0.0,HEAT,NONE,1.0,0.37903577,100.0,False
57.5,317.28387687934435,2.994703031746063,99.84441912375617,317.1787989106456,0.0,HEAT,NONE,1.0,0.37812646,100.0,False
57.75,316.8032724769303,3.00752372249877,100.14335183387979,316.8599885646639,0.0,HEAT,NONE,1.0,0.38122502,100.0,False
58.0,316.52545519407295,3.0014361343236935,100.30861542544454,316.5421729459426,0.0,HEAT,NONE,1.0,0.37981236,100.0,False
58.25,316.19028736179456,2.9980814339009165,100.18179153148327,316.2253489508109,0.0,HEAT,NONE,1.0,0.37900239,100.0,False
58.5,315.98363981000193,3.0013534603475134,99.9237666401079,315.909513485282,0.0,HEAT,NONE,1.0,0.37978759,100.0,False
58.75,315.8832939348741,3.004355034727072,100.0848921683309,315.5946634650227,0.0,HEAT,NONE,1.0,0.38054616,100.0,False
59.0,315.3834392910453,2.9927824713030233,100.09565646902456,315.28079581532324,0.0,HEAT,NONE,1.0,0.37774318,100.0,False
59.25,314.9387911829836,3.000764143087847,100.1023689117769,314.9679074710674,0.0,HEAT,NONE,1.0,0.37962641,100.0,False
59.5,314.6048016114862,2.994325486569262,100.05518118476112,314.65599537670244,0.0,HEAT,NONE,1.0,0.37804424,100.0,False
59.75,314.2338489383433,2.998875675552204,99.90932352338585,314.34505648620933,0.0,HEAT,NONE,1.0,0.37909611,100.0,False
60.0,313.9838516247847,2.9930292301870054,100.18254206908472,314.03508776307297,0.0,HEAT,NONE,1.0,0.37763444,100.0,False
60.25,313.76408809560155,3.003869791288745,100.29697627447148,313.7260861802526,0.0,HEAT,NONE,1.0,0.38022115,100.0,False
60.5,313.4214376885366,2.994806922935979,99.86591697244305,313.4180487201522,0.0,HEAT,NONE,1.0,0.37802546,100.0,False
60.75,312.92993670245653,2.9991416863004052,100.01194719670988,313.11097237459103,0.0,HEAT,NONE,1.0,0.37902792,100.0,False
61.0,312.50452605472066,3.0017484240921886,99.7734465020071,312.80485414477414,0.0,HEAT,NONE,1.0,0.37965602,100.0,False
61.25,312.5442958306833,3.000251330365384,99.9529553141211,312.4996910412633,0.0,HEAT,NONE,1.0,0.37930405,100.0,False
61.5,312.18452362555644,2.9989449044776895,99.90812928348936,312.19548008394764,0.0,HEAT,NONE,1.0,0.37898208,100.0,False
61.75,311.6398048433843,3.0005687801164025,100.27683005659348,311.8922183020146,0.0,HEAT,NONE,1.0,0.379368,100.0,False
62.0,311.88697699335364,3.004581998529213,100.10587024012771,311.58990273392095,0.0,HEAT,NONE,1.0,0.38036434,100.0,False
62.25,311.1870584087518,3.0045710980786158,99.99158086683384,311.2885304273638,0.0,HEAT,NONE,1.0,0.380418,100.0,False
62.5,310.97776711278743,2.998996993162094,100.01379428485274,310.98809843925187,0.0,HEAT,NONE,1.0,0.37909993,100.0,False
62.75,310.6233216004384,2.9997093496208014,99.83731013369089,310.6886038356766,0.0,HEAT,NONE,1.0,0.37926624,100.0,False
63.0,310.3339941361725,3.0068318232860847,99.9895608958057,310.3900436918836,0.0,HEAT,NONE,1.0,0.38102394,100.0,False
63.25,310.0566160075283,3.00102481818674,100.10621827325551,310.0924150922441,0.0,HEAT,NONE,1.0,0.37967714,100.0,False
63.5,309.62864980135066,2.9987255023250765,100.1377413761402,309.7957151302265,0.0,HEAT,NONE,1.0,0.37912664,100.0,False
63.75,309.54041655272863,2.999821221146548,100.2331026502913,309.4999409083678,0.0,HEAT,NONE,1.0,0.37938509,100.0,False
64.0,309.10342362429964,2.999719518602129,99.92199120021172,309.2050895382456,0.0,HEAT,NONE,1.0,0.37936051,100.0,False
64.25,309.134704374811,2.9936390455298967,99.89947874567743,308.9111581404496,0.0,HEAT,NONE,1.0,0.37785699,100.0,False
64.5,308.53877029964946,3.002012383829467,100.09094132141641,308.61814384455363,0.0,HEAT,NONE,1.0,0.37984645,100.0,False
64.75,308.53532292812343,2.9951310394288946,100.11257125135455,308.32604378908763,0.0,HEAT,NONE,1.0,0.37817032,100.0,False
65.0,307.9908631418665,2.998259477395085,100.08093528000586,308.03485512150974,0.0,HEAT,NONE,1.0,0.37888105,100.0,False
65.25,307.60655406076785,2.994169041670362,99.94446722666159,307.7445749981782,0.0,HEAT,NONE,1.0,0.37784612,100.0,False
65.5,307.23053495657774,2.998936711457157,100.05573321456265,307.455200584324,0.0,HEAT,NONE,1.0,0.3789473,100.0,False
65.75,307.2135290158649,3.005732613129746,99.97005178795847,307.16672905402277,0.0,HEAT,NONE,1.0,0.38060729,100.0,False
66.0,306.64915785158524,2.9982297049212687,99.86209236630604,306.87915759016744,0.0,HEAT,NONE,1.0,0.37882158,100.0,False
66.25,306.4098096106719,3.0019549021527787,99.9032151493052,306.59248338444064,0.0,HEAT,NONE,1.0,0.37971835,100.0,False
66.5,306.0100977147843,3.0025812061367483,99.98328601469397,306.30670363728734,0.0,HEAT,NONE,1.0,0.37989595,100.0,False
66.75,306.0753411496402,3.000597849951468,100.09474821012225,306.02181555788735,0.0,HEAT,NONE,1.0,0.37943828,100.0,False
67.0,305.74351917618065,3.003944250232673,100.06374741849658,305.7378163641283,0.0,HEAT,NONE,1.0,0.38027321,100.0,False
67.25,305.51351342608655,3.0011420843107994,99.78150433861468,305.4547032825783,0.0,HEAT,NONE,1.0,0.37963184,100.0,False
67.5,305.14777818568837,2.9990437038768722,100.03113200817405,305.1724735484589,0.0,HEAT,NONE,1.0,0.37913074,100.0,False
67.75,304.6873202809737,3.0048062282949246,100.01565829962347,304.89112440561814,0.0,HEAT,NONE,1.0,0.38054463,100.0,False
68.0,304.4289554754059,2.994380259684332,99.95780690594188,304.61065310650355,0.0,HEAT,NONE,1.0,0.37803168,100.0,False
68.25,304.3176056001964,2.9978198620422805,100.01381707418858,304.33105691213535,0.0,HEAT,NONE,1.0,0.37881423,100.0,False
68.5,303.9561567269938,3.0018102777929405,99.89131872724165,304.0523330920797,0.0,HEAT,NONE,1.0,0.37977254,100.0,False
68.75,303.7687038906564,3.0029410411973556,100.38575033243653,303.77447892442217,0.0,HEAT,NONE,1.0,0.38007386,100.0,False
69.0,303.3463452168463,2.998366889790169,99.87402464533,303.4974916957409,0.0,HEAT,NONE,1.0,0.37898133,100.0,False
69.25,303.3390179493457,2.996451728366964,99.92734644316103,303.22136870108034,0.0,HEAT,NONE,1.0,0.37848931,100.0,False
69.5,302.94166705143897,2.997253810357159,99.85640124365361,302.9461072439246,0.0,HEAT,NONE,1.0,0.37864317,100.0,False
69.75,302.600361202953,2.9941153400308176,99.78317826743898,302.6717046361713,0.0,HEAT,NONE,1.0,0.37783191,100.0,False
70.0,302.3362030849364,3.001348926270124,99.97213600210695,302.39815819810536,0.0,HEAT,NONE,1.0,0.37954217,100.0,False
70.25,301.8593699541467,2.9994003620658884,100.11976564607592,302.1254652583726,0.0,HEAT,NONE,1.0,0.37907304,100.0,False
70.5,301.9370029807527,3.0006064689294707,99.86689451873525,301.853623153954,0.0,HEAT,NONE,1.0,0.37936022,100.0,False
70.75,301.67731168578206,2.999057760999677,99.82461273962889,301.5826292301392,0.0,HEAT,NONE,1.0,0.37898271,100.0,False
71.0,301.19215290522686,3.0052207798079538,100.03302700573023,301.3124808405011,0.0,HEAT,NONE,1.0,0.38049115,100.0,False
71.25,301.21706240482683,2.9990078688868596,100.14072240087776,301.0431753468697,0.0,HEAT,NONE,1.0,0.37902031,100.0,False
71.5,300.6844845127636,3.000060350136542,100.37295253899335,300.77471011930635,0.0,HEAT,NONE,1.0,0.37926856,100.0,False
71.75,300.6221548309231,2.999027942254149,99.98727714414598,300.50708253607814,0.0,HEAT,NONE,1.0,0.37901465,100.0,False
72.0,300.28922349676526,3.0042470171696145,99.92663003624946,300.2402899836324,0.0,HEAT,NONE,1.0,0.38029172,100.0,False
72.25,299.7131319938803,2.9994274622352046,100.00230781857455,299.974329856571,0.0,HEAT,NONE,1.0,0.3791544,100.0,False
72.5,299.72563025293516,3.0042675299453676,100.04750306174587,299.70919955762486,0.0,HEAT,NONE,1.0,0.38034472,100.0,False
72.75,299.5668340433743,2.996662658147839,100.13018522326367,299.44489649762886,0.0,HEAT,NONE,1.0,0.37852123,100.0,False
73.0,299.4958510702448,3.0025641766252837,100.0380333579911,299.1814180954963,0.0,HEAT,NONE,1.0,0.37993972,100.0,False
73.25,298.9418600064551,3.0053952260731083,99.86092277749135,298.9187617781939,0.0,HEAT,NONE,1.0,0.38067207,100.0,False
73.5,298.64025962702334,3.000967855534725,100.11160016617197,298.65692498071644,0.0,HEAT,NONE,1.0,0.37964844,100.0,False
73.75,298.3303059602055,3.0004297837460614,99.95831177779732,298.3959051460618,0.0,HEAT,NONE,1.0,0.37953183,100.0,False
74.0,298.1537703951263,2.99907544417279,99.82876094832166,298.1356997252061,0.0,HEAT,NONE,1.0,0.37920629,100.0,False
74.25,297.8731391393252,3.002178292286781,99.85494725626873,297.87630617707873,0.0,HEAT,NONE,1.0,0.37996426,100.0,False
74.5,297.5815582062213,3.0013578083188506,99.83952023398791,297.6177219685375,0.0,HEAT,NONE,1.0,0.37979127,100.0,False
74.75,297.38734032497024,2.9960673896377426,100.17019457512505,297.359944574344,0.0,HEAT,NONE,1.0,0.37850423,100.0,False
75.0,297.44989468442077,3.0056371395262738,99.96712289833401,297.1029714771388,0.0,HEAT,NONE,1.0,0.3808213,100.0,False
75.25,296.95783003672796,2.999460950479691,100.01531588441038,296.84680016741686,0.0,HEAT,NONE,1.0,0.37936724,100.0,False
75.5,296.823591702644,2.9951809970395713,100.15829418961991,296.5914281435033,0.0,HEAT,NONE,1.0,0.3783063,100.0,False
75.75,296.32950651225525,3.0037589218203635,100.0280850053349,296.33685291152864,0.0,HEAT,NONE,1.0,0.38036649,100.0,False
76.0,295.9821711862256,3.0000469780689247,100.11039506425443,296.08307198540456,0.0,HEAT,NONE,1.0,0.3794964,100.0,False
76.25,295.8354474379164,3.000670734772931,99.92174872364468,295.83008288679974,0.0,HEAT,NONE,1.0,0.37965245,100.0,False
76.5,295.2578005599887,3.001845816115683,100.10487396042762,295.5778831451155,0.0,HEAT,NONE,1.0,0.37995222,100.0,False
76.75,295.3486970551538,2.9991926194426797,100.1554443654032,295.3264702974617,0.0,HEAT,NONE,1.0,0.37932138,100.0,False
77.0,295.0072758798113,2.996929537291893,99.97171751957559,295.0758418886328,0.0,HEAT,NONE,1.0,0.37875409,100.0,False
77.25,295.0043600493665,2.9951368364065183,100.17877449889208,294.82599547108373,0.0,HEAT,NONE,1.0,0.37827362,100.0,False
77.5,294.4810406767753,2.996393368213372,100.18900927542133,294.57692860490613,0.0,HEAT,NONE,1.0,0.37852197,100.0,False
77.75,294.3141053435849,2.9960881905047447,99.94619004114152,294.3286388578043,0.0,HEAT,NONE,1.0,0.37839837,100.0,False
78.0,294.2207816697049,3.003884646670761,99.93593519771183,294.0811238050718,0.0,HEAT,NONE,1.0,0.38027095,100.0,False
78.25,293.89532914343204,3.0021244704870065,99.90330602594253,293.83438102956745,0.0,HEAT,NONE,1.0,0.37987986,100.0,False
78.5,293.6416635329668,2.9997088007874484,99.91959633842902,293.5884081216918,0.0,HEAT,NONE,1.0,0.37930793,100.0,False
78.75,293.269380489057,3.0000291497351923,100.00447802304377,293.34320267936386,0.0,HEAT,NONE,1.0,0.37938257,100.0,False
79.0,293.01393881499854,2.9985475188519963,100.16700058575104,293.09876230799716,0.0,HEAT,NONE,1.0,0.37901641,100.0,False
79.25,292.8871586907534,3.002601078692883,100.1802733347906,292.8550846204768,0.0,HEAT,NONE,1.0,0.37999864,100.0,False
79.5,292.7004935760819,3.006542679883386,99.8762043952354,292.61216723713596,0.0,HEAT,NONE,1.0,0.38100393,100.0,False
79.75,292.4912692246949,2.9982334799683423,100.27836748950568,292.3700077857326,0.0,HEAT,NONE,1.0,0.37903413,100.0,False
80.0,292.3836699196352,2.9934730281857,99.8546700636232,292.12860390142635,0.0,HEAT,NONE,1.0,0.37783955,100.0,False
80.25,291.9876001633747,3.0022465337848967,100.11048463242388,291.88795322675554,0.0,HEAT,NONE,1.0,0.37992637,100.0,False
80.5,291.637423612388,3.001054394149955,100.09795321536794,291.648053411614,0.0,HEAT,NONE,1.0,0.37965837,100.0,False
80.75,291.39722142279766,3.00268287070988,99.66107541263364,291.40890211322824,0.0,HEAT,NONE,1.0,0.38007379,100.0,False
81.0,291.26556602406987,2.996275822667797,100.14380167119539,291.1704969961344,0.0,HEAT,NONE,1.0,0.37852539,100.0,False
81.25,290.89853306842195,2.997020319940491,100.05608532351162,290.93283573215564,0.0,HEAT,NONE,1.0,0.37866378,100.0,False
81.5,290.5592159757024,2.9971945026647884,99.76490584660702,290.69591600037927,0.0,HEAT,NONE,1.0,0.37866891,100.0,False
81.75,290.45572932391445,3.0016548457576766,100.15345389791968,290.4597354871342,0.0,HEAT,NONE,1.0,0.37973331,100.0,False
82.0,290.20303270669984,3.0031698653124628,100.0026941462702,290.22429188596817,0.0,HEAT,NONE,1.0,0.38012553,100.0,False
82.25,289.9755896254785,3.0014843839724383,100.15875891641885,289.98958289762544,0.0,HEAT,NONE,1.0,0.37974755,100.0,False
82.5,289.7043910618554,2.998910489297806,99.975875289295,289.75560623002417,0.0,HEAT,NONE,1.0,0.37913081,100.0,False
82.75,289.53477496728283,2.9970321443345336,100.15420090900993,289.52235959823406,0.0,HEAT,NONE,1.0,0.37865419,100.0,False
83.0,289.2297792796874,3.0013676111390106,99.87617911416639,289.28984072445417,0.0,HEAT,NONE,1.0,0.37968805,100.0,False
83.25,289.11186793091184,3.0010418067719353,99.93689778898039,289.0580473379905,0.0,HEAT,NONE,1.0,0.37962355,100.0,False
83.5,289.1301105901835,3.0008944766762977,100.26653933844659,288.82697717523394,0.0,HEAT,NONE,1.0,0.37959981,100.0,False
83.75,288.7404988182228,2.9977213108762144,99.9426719776513,288.5966279796381,0.0,HEAT,NONE,1.0,0.37882759,100.0,False
84.0,288.43241281180076,3.0000816345043453,100.00741917126382,288.3669975016972,0.0,HEAT,NONE,1.0,0.37938267,100.0,False
84.25,288.0951527557682,2.9944663033088217,99.96618510348688,288.1380834989244,0.0,HEAT,NONE,1.0,0.37799596,100.0,False
84.5,287.5771655162411,3.0014669722226723,99.89109133188583,287.9098837358295,0.0,HEAT,NONE,1.0,0.37965504,100.0,False
84.75,287.5750834749716,2.9995720416532428,100.04090085194437,287.68239598389744,0.0,HEAT,NONE,1.0,0.37920246,100.0,False
85.0,287.2408170949058,2.9950209774228207,99.84009011927502,287.45561802156624,0.0,HEAT,NONE,1.0,0.37807127,100.0,False
85.25,286.92328850557584,2.997781182752148,100.23863245457844,287.22954763420563,0.0,HEAT,NONE,1.0,0.37868869,100.0,False
85.5,286.8456947266206,3.002821821742734,99.79425477876022,287.00418261409516,0.0,HEAT,NONE,1.0,0.37990222,100.0,False
85.75,286.8243887832886,2.9996768302799435,99.99102808216985,286.77952076040276,0.0,HEAT,NONE,1.0,0.37915698,100.0,False
86.0,286.64087651831835,3.005935664840661,100.02920595247498,286.55555987916324,0.0,HEAT,NONE,1.0,0.38069705,100.0,False
86.25,286.3509516259662,2.9972587335786574,100.08750094829983,286.3322977832568,0.0,HEAT,NONE,1.0,0.37862701,100.0,False
86.5,286.0728214428061,3.002907675718637,99.99344403242723,286.1097322923879,0.0,HEAT,NONE,1.0,0.37998933,100.0,False
86.75,286.14898958863495,2.994225901240304,99.95551009597672,285.88786123306346,0.0,HEAT,NONE,1.0,0.37788145,100.0,False
87.0,285.7989046843924,2.9996060988403848,99.88117403964917,285.66668243857225,0.0,HEAT,NONE,1.0,0.37913889,100.0,False
87.25,285.4063116581024,2.9965542243175256,100.01784306575345,285.44619374896337,0.0,HEAT,NONE,1.0,0.37837839,100.0,False
87.5,285.59246228705115,3.0044186063607032,99.8336486340227,285.22639301102515,0.0,HEAT,NONE,1.0,0.38027607,100.0,False
87.75,284.876276915915,2.999406084726221,100.15066241916007,285.0072780782643,0.0,HEAT,NONE,1.0,0.37909065,100.0,False
88.0,284.6656237595094,2.9986035955245876,100.13271241502723,284.78884681088476,0.0,HEAT,NONE,1.0,0.37888487,100.0,False
88.25,284.7007949613383,2.999673190442359,99.83233548784406,284.57109707576706,0.0,HEAT,NONE,1.0,0.37913089,100.0,False
88.5,284.1215650229577,2.998729065469465,99.66542066465925,284.3540267464471,0.0,HEAT,NONE,1.0,0.37889258,100.0,False
88.75,284.25010668538226,2.9990457822848087,100.07219404963675,284.1376337030958,0.0,HEAT,NONE,1.0,0.37895389,100.0,False
89.0,284.2021645656382,3.004538368473735,99.82732977430794,283.92191583249803,0.0,HEAT,NONE,1.0,0.380297,100.0,False
89.25,283.83725837600383,3.0041208000273736,99.88804652228558,283.7068710280323,0.0,HEAT,NONE,1.0,0.38024961,100.0,False
89.5,283.3495026511892,2.9999813909403175,99.75978649757256,283.49249718965,0.0,HEAT,NONE,1.0,0.37927988,100.0,False
89.75,283.49940246625016,2.9931009913527644,99.83397888763868,283.2787922238549,0.0,HEAT,NONE,1.0,0.37758299,100.0,False
90.0,283.0253192690814,3.0002122174974306,100.02491862597138,283.0657540436828,0.0,HEAT,NONE,1.0,0.37925465,100.0,False
90.25,282.89409785398215,3.000237300216148,100.17053294781547,282.8533805686809,0.0,HEAT,NONE,1.0,0.37926191,100.0,False
90.5,282.3207632994423,3.00086066167553,99.89281233824268,282.6416697248879,0.0,HEAT,NONE,1.0,0.37941786,100.0,False
90.75,282.4504964600849,3.001454939859535,99.86322566852577,282.4306194448134,0.0,HEAT,NONE,1.0,0.37957461,100.0,False
91.0,282.12408531793744,3.0030528354678756,100.05235844029764,282.22022766741776,0.0,HEAT,NONE,1.0,0.37998741,100.0,False
91.25,281.9084550726018,3.0065446171005905,100.34637664727425,282.01049233809215,0.0,HEAT,NONE,1.0,0.38088891,100.0,False
91.5,281.5820420367943,3.0007904458939185,100.37634916534485,281.80141140863833,0.0,HEAT,NONE,1.0,0.37955176,100.0,False
91.75,281.7105676316264,3.000485742028465,99.96879147499607,281.5929828372487,0.0,HEAT,NONE,1.0,0.37949127,100.0,False
92.0,281.3040254456048,2.9991461005167275,99.91739058813876,281.3852045884863,0.0,HEAT,NONE,1.0,0.3791705,100.0,False
92.25,281.2898108870488,2.9986600426605188,99.93382727319847,281.1780746332651,0.0,HEAT,NONE,1.0,0.3790432,100.0,False
92.5,280.7912668458055,2.999815655491583,99.86588174898414,280.9715909488299,0.0,HEAT,NONE,1.0,0.37931425,100.0,False
92.75,280.73863899342746,3.003103007758241,100.05488873294665,280.7657515187368,0.0,HEAT,NONE,1.0,0.38012509,100.0,False
93.0,280.6362631270514,3.000785925925195,100.00887635952871,280.5605543328336,0.0,HEAT,NONE,1.0,0.37959282,100.0,False
93.25,280.3368981526391,2.9987266887068116,100.11386755132494,280.3559973872398,0.0,HEAT,NONE,1.0,0.37909638,100.0,False
93.5,279.9894427129342,3.003774999487803,100.00511170940271,280.1520786843274,0.0,HEAT,NONE,1.0,0.38032936,100.0,False
93.75,279.8364911741146,2.997968633809798,99.89845143982177,279.9487962327012,0.0,HEAT,NONE,1.0,0.37894396,100.0,False
94.0,279.77017902203363,2.997447629127758,100.17131967981754,279.7461480471794,0.0,HEAT,NONE,1.0,0.37879239,100.0,False
94.25,279.426886299882,2.9929909768846548,99.8903502260911,279.54413214877417,0.0,HEAT,NONE,1.0,0.37766055,100.0,False
94.5,279.04146838867746,3.0002657295922326,100.15887369675568,279.3427465646724,0.0,HEAT,NONE,1.0,0.37936889,100.0,False
94.75,279.2391532982562,2.996345371735225,99.88566170776478,279.14198932821637,0.0,HEAT,NONE,1.0,0.37840017,100.0,False
95.0,279.20865350921963,3.001613359101099,100.0006178038951,278.9418584788846,0.0,HEAT,NONE,1.0,0.37965258,100.0,False
95.25,278.90076144645184,3.007879310717504,100.19448599163695,278.7423520622728,0.0,HEAT,NONE,1.0,0.38121666,100.0,False
95.5,278.56438041829,3.000930139980959,100.09256196866473,278.5434681300744,0.0,HEAT,NONE,1.0,0.37959715,100.0,False
95.75,278.2532999655854,2.9966131633002666,100.0078673625234,278.34520474006194,0.0,HEAT,NONE,1.0,0.37854445,100.0,False
96.0,278.0054782716485,2.9998857927617415,100.0144184559988,278.14755995606794,0.0,HEAT,NONE,1.0,0.37931215,100.0,False
96.25,278.3016874462484,2.997525350110931,99.98173166020435,277.950531847966,0.0,HEAT,NONE,1.0,0.37872748,100.0,False
96.5,277.7294730582142,3.0015947278985213,100.15700864973753,277.75411849165187,0.0,HEAT,NONE,1.0,0.37970147,100.0,False
96.75,277.4847454437809,2.9976851726562566,99.75389340761024,277.5583179690249,0.0,HEAT,NONE,1.0,0.37875453,100.0,False
97.0,277.2241976934486,3.0019500718028653,100.00684705627347,277.36312836796907,0.0,HEAT,NONE,1.0,0.37977856,100.0,False
97.25,277.01623268309834,2.999059953984052,100.00472094216853,277.16854778233426,0.0,HEAT,NONE,1.0,0.37908798,100.0,False
97.5,277.05012615165936,2.9984760581140617,99.9624339913513,276.974574311918,0.0,HEAT,NONE,1.0,0.37893178,100.0,False
97.75,276.5084408524455,2.9969284749211864,100.24265734872681,276.78120606244653,0.0,HEAT,NONE,1.0,0.37852967,100.0,False
98.0,276.26022004465227,2.9996241225389793,100.03287973440162,276.5884411455565,0.0,HEAT,NONE,1.0,0.37915571,100.0,False
98.25,276.3401252919774,2.9982443188734975,99.99083822014188,276.39627767877647,0.0,HEAT,NONE,1.0,0.37880771,100.0,False
98.5,276.20396897528326,3.0005689968171736,99.71834318182717,276.2047137855086,0.0,HEAT,NONE,1.0,0.37935775,100.0,False
98.75,275.9916370508169,2.998204105067387,99.91783961877796,276.0137475950102,0.0,HEAT,NONE,1.0,0.37877824,100.0,False
99.0,275.8574234568768,3.002842840072257,100.13451660013627,275.82337724237556,0.0,HEAT,NONE,1.0,0.37989969,100.0,False
99.25,275.55913890997084,3.0034591647538553,100.17605912989359,275.63360086851765,0.0,HEAT,NONE,1.0,0.3800854,100.0,False
99.5,275.614912308832,3.004572776681146,99.97814762411215,275.4444166201501,0.0,HEAT,NONE,1.0,0.3804037,100.0,False
99.75,275.229702862508,3.002502852160475,99.79502135273079,275.255822649769,0.0,HEAT,NONE,1.0,0.37995133,100.0,False
100.0,275.0992314727251,2.998231857001907,99.94468164237078,275.06781711563485,0.0,HEAT,NONE,1.0,0.37893117,100.0,False
100.25,274.61917101456976,2.997301070240248,99.99692591058142,274.8803981817546,0.0,HEAT,NONE,1.0,0.37868273,100.0,False
100.5,274.8268319939777,3.0031676289702456,99.9879510287506,274.69356401786365,0.0,HEAT,NONE,1.0,0.38010006,100.0,False
100.75,274.47891954582394,2.9974425066976678,100.0603534745464,274.5073127994083,0.0,HEAT,NONE,1.0,0.37872635,100.0,False
101.0,274.2845060074512,3.0019643802458873,100.26275302061887,274.32164270752736,0.0,HEAT,NONE,1.0,0.3798127,100.0,False
101.25,274.1316956854457,2.9954908418203208,99.87087243354566,274.13655192903497,0.0,HEAT,NONE,1.0,0.3782389,100.0,False
101.5,273.733316540202,2.996764992724946,100.1957906085228,273.95203865640246,0.0,HEAT,NONE,1.0,0.37849793,100.0,False
101.75,273.80210002375975,2.996062731880924,100.0980448249045,273.768101087741,0.0,HEAT,NONE,1.0,0.37828254,100.0,False
102.0,273.77379365789557,2.999869027142265,99.89860137412946,273.58473742678376,0.0,HEAT,NONE,1.0,0.37917048,100.0,False
102.25,273.3513392259958,3.001812530644886,100.09599552253844,273.4019458828685,0.0,HEAT,NONE,1.0,0.37964508,100.0,False
102.5,273.39705719662624,3.0044462082127072,100.17781057723403,273.2197246709202,0.0,HEAT,NONE,1.0,0.38031507,100.0,False
102.75,273.24236022620033,3.002425731835198,99.77036400935019,273.0380720114333,0.0,HEAT,NONE,1.0,0.37987046,100.0,False
103.0,272.8373414960276,3.0011846952240897,99.94253106024883,272.85698613045463,0.0,HEAT,NONE,1.0,0.37959529,100.0,False
103.25,272.8131543878012,2.9990664758979637,99.86113794550543,272.67646525956593,0.0,HEAT,NONE,1.0,0.37908861,100.0,False
103.5,272.71315248578253,3.0022245288049727,100.03288806763004,272.4965076358667,0.0,HEAT,NONE,1.0,0.37985912,100.0,False
103.75,272.45611786567576,3.003230533813145,100.05115537164589,272.3171115019568,0.0,HEAT,NONE,1.0,0.38013679,100.0,False
104.0,271.7696258930852,2.9977489063134732,99.93151313056325,272.1382751059194,0.0,HEAT,NONE,1.0,0.37882544,100.0,False
104.25,271.8123665670369,3.0005588882095187,100.17883031992768,271.9599967013039,0.0,HEAT,NONE,1.0,0.37949429,100.0,False
104.5,271.70953870932783,2.996511099180207,100.30420522163656,271.7822745471089,0.0,HEAT,NONE,1.0,0.37850291,100.0,False
104.75,271.5373912668504,2.996504933358291,100.03565158744276,271.60510690776505,0.0,HEAT,NONE,1.0,0.37845888,100.0,False
105.0,271.49234444035665,2.9983766787643082,100.11856803618822,271.4284920531182,0.0,HEAT,NONE,1.0,0.37887669,100.0,False
105.25,271.17933034266946,2.99785558681297,100.02678863027872,271.25242825841246,0.0,HEAT,NONE,1.0,0.37872544,100.0,False
105.5,271.1925291508423,2.998899398767612,100.04959383340211,271.07691380427354,0.0,HEAT,NONE,1.0,0.37895358,100.0,False
105.75,270.88792323078087,3.0093649041055177,99.89371604782552,270.90194697669165,0.0,HEAT,NONE,1.0,0.3815218,100.0,False
106.0,270.93515180708584,2.999957624886813,99.98098569944914,270.72752606700493,0.0,HEAT,NONE,1.0,0.37931334,100.0,False
106.25,270.6618991386133,3.002802233339331,100.19005234614299,270.55364937188284,0.0,HEAT,NONE,1.0,0.38001743,100.0,False
106.5,270.4296129535797,2.9980878645560223,99.91935308437237,270.3803151933094,0.0,HEAT,NONE,1.0,0.37889008,100.0,False
106.75,270.2839698171992,3.001791307389152,100.20970764110446,270.20752183856666,0.0,HEAT,NONE,1.0,0.37978333,100.0,False
107.0,270.0980321885309,3.003080284603021,100.22751565521757,270.0352676202181,0.0,HEAT,NONE,1.0,0.38012553,100.0,False
107.25,269.888270937772,2.9951871159426275,99.8231084370249,269.86355085609233,0.0,HEAT,NONE,1.0,0.37821662,100.0,False
107.5,269.4766994390378,3.0048171287977574,99.87288871077564,269.6923698692664,0.0,HEAT,NONE,1.0,0.38053755,100.0,False
107.75,269.70649922286145,3.0013977198472075,100.25729036902584,269.5217229880496,0.0,HEAT,NONE,1.0,0.37975381,100.0,False
108.0,269.50207261889034,2.9992158263288977,99.969995432441,269.35160854596717,0.0,HEAT,NONE,1.0,0.37923483,100.0,False
108.25,269.1948000397358,3.000111579838978,99.92038844933147,269.18202488174387,0.0,HEAT,NONE,1.0,0.37944883,100.0,False
108.5,269.0080760946496,3.004401460004356,99.74467925337613,269.0129703392879,0.0,HEAT,NONE,1.0,0.38051129,100.0,False
108.75,268.88321648860375,2.9964841675793523,100.02805556242072,268.8444432676747,0.0,HEAT,NONE,1.0,0.37861264,100.0,False
109.0,268.8024203874119,2.9993206081579613,100.11594803797725,268.6764420211307,0.0,HEAT,NONE,1.0,0.3792723,100.0,False
109.25,268.27048904880974,3.002866221011219,99.90953061360277,268.50896495901736,0.0,HEAT,NONE,1.0,0.38014025,100.0,False
109.5,268.4353716562841,2.9998502073465945,99.61216567313141,268.3420104458152,0.0,HEAT,NONE,1.0,0.3794318,100.0,False
109.75,268.0621672328872,2.9999725860525612,100.23309641223535,268.17557685110773,0.0,HEAT,NONE,1.0,0.37946198,100.0,False
110.0,268.05275279245114,3.0000817829015296,99.78809738655558,268.0096625495656,0.0,HEAT,NONE,1.0,0.37948984,100.0,False
110.25,268.05893792540905,3.004718327813167,100.00428625646859,267.8442659209305,0.0,HEAT,NONE,1.0,0.38063697,100.0,False
110.5,267.64642179276683,2.994043738611577,100.13249815884346,267.67938534999985,0.0,HEAT,NONE,1.0,0.37806078,100.0,False
110.75,267.92036112546424,3.001541827249296,100.18955552772296,267.5150192266104,0.0,HEAT,NONE,1.0,0.37984069,100.0,False
111.0,267.4324790396791,2.996301742606847,100.20050089465296,267.3511659456229,0.0,HEAT,NONE,1.0,0.37856533,100.0,False
111.25,267.0026376719859,2.9989263992341755,100.04182776175037,267.1878239069064,0.0,HEAT,NONE,1.0,0.3791672,100.0,False
111.5,267.15742796443897,3.000890074873742,100.058025175125,267.0249915153225,0.0,HEAT,NONE,1.0,0.37963727,100.0,False
111.75,266.74844397044546,2.99569547453623,100.00922210023947,266.86266718070976,0.0,HEAT,NONE,1.0,0.3783636,100.0,False
112.0,266.594320101282,2.9959936039406188,99.8101080292747,266.7008493178684,0.0,HEAT,NONE,1.0,0.37838226,100.0,False
112.25,266.46601707541856,2.9946879150882832,99.79787969457333,266.53953634654454,0.0,HEAT,NONE,1.0,0.37800637,100.0,False
112.5,266.1334561520546,3.0012302866601748,100.06119763442774,266.37872669141495,0.0,HEAT,NONE,1.0,0.37955113,100.0,False
112.75,266.51948992654894,2.996086924418217,99.89806045616353,266.2184187820715,0.0,HEAT,NONE,1.0,0.37829041,100.0,False
113.0,266.1955027614045,3.0002542223571225,99.95095030919381,266.0586110530061,0.0,HEAT,NONE,1.0,0.37926623,100.0,False
113.25,266.15567739909585,2.9998695141115457,99.82657076959988,265.89930194359493,0.0,HEAT,NONE,1.0,0.3791694,100.0,False
113.5,265.5429489041038,3.0019055748512686,100.04578624051088,265.74048989808387,0.0,HEAT,NONE,1.0,0.37966664,100.0,False
113.75,265.3764180100298,2.9977882676039695,100.08020689567233,265.5821733655727,0.0,HEAT,NONE,1.0,0.37867023,100.0,False
114.0,265.51094081587905,2.9990035971696574,100.09333243027778,265.4243508000003,0.0,HEAT,NONE,1.0,0.378941,100.0,False
114.25,265.352798848223,2.9956719927807582,99.95319043743268,265.26702066012945,0.0,HEAT,NONE,1.0,0.37810302,100.0,False
114.5,265.1724502481999,2.9996670040748805,99.67916021965483,265.1101814095317,0.0,HEAT,NONE,1.0,0.37903283,100.0,False
114.75,264.9113793083526,3.0036759927356957,100.23706083787195,264.9538315165725,0.0,HEAT,NONE,1.0,0.38001484,100.0,False
115.0,264.4693520552081,3.0089613972222993,99.8309295503456,264.7979694543962,0.0,HEAT,NONE,1.0,0.38136318,100.0,False
115.25,264.7861393315313,3.0040883226913695,100.14745259502006,264.6425937009111,0.0,HEAT,NONE,1.0,0.38027153,100.0,False
115.5,264.5101455107087,2.9965710291192464,100.0939838181979,264.48770273877466,0.0,HEAT,NONE,1.0,0.37846989,100.0,False
115.75,264.22601007886226,2.9927792409104783,100.42433479505743,264.3332950553786,0.0,HEAT,NONE,1.0,0.37749487,100.0,False
116.0,264.2855844461282,3.006405989999273,99.86325657887582,264.1793691428341,0.0,HEAT,NONE,1.0,0.38077195,100.0,False
116.25,264.246048921469,3.005193181938515,100.23318242867516,264.02592349795725,0.0,HEAT,NONE,1.0,0.38055135,100.0,False
116.5,263.86977567227234,2.9963897654599316,99.97340307897043,263.87295662225415,0.0,HEAT,NONE,1.0,0.37844415,100.0,False
116.75,263.3900516548415,2.995194834901956,100.01379081717252,263.7204670219065,0.0,HEAT,NONE,1.0,0.37810736,100.0,False
117.0,263.41974343789155,3.0002085808388483,99.98365003728978,263.56845320775676,0.0,HEAT,NONE,1.0,0.37928663,100.0,False
117.25,263.70652275257163,3.004578713320319,99.99326911237556,263.4169136952939,0.0,HEAT,NONE,1.0,0.38036743,100.0,False
117.5,263.447181934764,2.9979683306980807,99.94946544638576,263.2658470046386,0.0,HEAT,NONE,1.0,0.37879133,100.0,False
117.75,263.25178530704665,2.9967533933646537,99.95815289075495,263.11525166052905,0.0,HEAT,NONE,1.0,0.37846712,100.0,False
118.0,262.7669993132932,3.001101716399303,100.2448773633384,262.9651261923064,0.0,HEAT,NONE,1.0,0.37950063,100.0,False
118.25,262.70265460053525,3.001336474021063,99.86540171475451,262.8154691339004,0.0,HEAT,NONE,1.0,0.37957093,100.0,False
118.5,262.49384668232915,2.9968419289577923,100.21821281221142,262.6662790238152,0.0,HEAT,NONE,1.0,0.37847717,100.0,False
118.75,262.8719197257075,3.0022624502378727,99.89255605462938,262.5175544051149,0.0,HEAT,NONE,1.0,0.3797763,100.0,False
119.0,262.47502757056094,2.9996239187270937,100.12020975213059,262.36929382540944,0.0,HEAT,NONE,1.0,0.37915185,100.0,False
119.25,262.2651448825704,3.001499115286518,100.09109140890628,262.22149583684046,0.0,HEAT,NONE,1.0,0.37961022,100.0,False
119.5,261.9872349505205,2.9993242798971647,99.74181316149189,262.07415899606707,0.0,HEAT,NONE,1.0,0.37909169,100.0,False
119.75,261.8610014480337,2.9963283828058063,99.978297820144,261.9272818642517,0.0,HEAT,NONE,1.0,0.37834373,100.0,False
120.0,261.63721836463833,3.0012053710248536,100.06798589596235,261.78086300704626,0.0,HEAT,NONE,1.0,0.37950221,100.0,False
120.25,261.42188260891817,2.9983628778617337,99.85850321472468,261.6349009945779,0.0,HEAT,NONE,1.0,0.37881376,100.0,False
120.5,261.60136841519693,3.006059341276336,100.12773049230545,261.48939440143516,0.0,HEAT,NONE,1.0,0.3806933,100.0,False
120.75,261.2919289674992,3.0048341160563266,99.77288383953379,261.3443418066541,0.0,HEAT,NONE,1.0,0.38046568,100.0,False
121.0,261.4246455015235,2.9980719968406526,99.58295601772677,261.1997417937043,0.0,HEAT,NONE,1.0,0.37885818,100.0,False
121.25,261.4532136613378,3.0049370719610864,99.84521744093198,261.0555929504751,0.0,HEAT,NONE,1.0,0.3805333,100.0,False
121.5,260.9372451664008,2.999150689851564,100.01533312049422,260.91189386926186,0.0,HEAT,NONE,1.0,0.37916845,100.0,False
121.75,260.5461501811209,2.9978207035401696,100.07019419241213,260.7686431467521,0.0,HEAT,NONE,1.0,0.37883328,100.0,False
122.0,260.6592438095051,3.0036427801726657,100.01196253861406,260.6258393840117,0.0,HEAT,NONE,1.0,0.38024668,100.0,False
122.25,260.83586443935644,2.997593591508223,100.03889985879302,260.48348118647175,0.0,HEAT,NONE,1.0,0.37879969,100.0,False
122.5,260.05411947952416,2.9961790372214914,100.1992788941397,260.3415671639142,0.0,HEAT,NONE,1.0,0.37842259,100.0,False
122.75,260.05867551533703,3.001844485374746,99.99073437139728,260.2000959304588,0.0,HEAT,NONE,1.0,0.37977472,100.0,False
123.0,259.9023837608963,2.999051123053646,99.92286495480298,260.05906610454946,0.0,HEAT,NONE,1.0,0.37910706,100.0,False
123.25,259.8453714286719,3.00243256989356,100.09785168316247,259.9184763089406,0.0,HEAT,NONE,1.0,0.37993053,100.0,False
123.5,259.6917113161899,2.99724572745652,100.04235060017773,259.77832517068396,0.0,HEAT,NONE,1.0,0.3786796,100.0,False
123.75,259.6236090093523,3.0032780762683284,100.39829403559199,259.6386113211149,0.0,HEAT,NONE,1.0,0.38013565,100.0,False
124.0,259.6257720610031,2.9998143042151795,99.97419340436812,259.49933339583936,0.0,HEAT,NONE,1.0,0.3793207,100.0,False
124.25,259.2319859166505,2.997211844030915,99.84948767342482,259.3604900347201,0.0,HEAT,NONE,1.0,0.37867672,100.0,False
124.5,259.1627796061531,2.998879426476182,100.11155960598425,259.2220798818639,0.0,HEAT,NONE,1.0,0.3790541,100.0,False
124.75,259.0242517333579,2.999658782087928,99.81725889616662,259.084101585608,0.0,HEAT,NONE,1.0,0.3792319,100.0,False
125.0,259.1932401428865,3.00179792275822,100.26833097538358,258.94655379850695,0.0,HEAT,NONE,1.0,0.37975481,100.0,False
125.25,258.928968046125,3.0045946901772767,99.96272687118324,258.80943517731964,0.0,HEAT,NONE,1.0,0.38046727,100.0,False
125.5,258.78031850418944,3.0078597070684716,99.81646983075912,258.6727443829959,0.0,HEAT,NONE,1.0,0.38133163,100.0,False
125.75,258.7129204239232,3.0041841750620346,100.0631691366564,258.5364800806636,0.0,HEAT,NONE,1.0,0.38052491,100.0,False
126.0,258.51542280497307,3.0025814869582077,99.89945572510517,258.4006409396155,0.0,HEAT,NONE,1.0,0.38018723,100.0,False
126.25,258.3278373925182,2.9958623836233707,99.89631294380177,258.2652256332966,0.0,HEAT,NONE,1.0,0.37856661,100.0,False
126.5,258.0354984274489,2.9984268408115624,100.0224663457725,258.1302328392906,0.0,HEAT,NONE,1.0,0.37915442,100.0,False
126.75,258.0651162143602,2.9946370914747247,100.30401631327607,257.9956612393074,0.0,HEAT,NONE,1.0,0.3782016,100.0,False
127.0,258.03903886268364,3.001658181045438,99.94502044125898,257.8615095191702,0.0,HEAT,NONE,1.0,0.37986996,100.0,False
127.25,257.7140803687924,3.000965530369036,100.06321599795928,257.72777636880255,0.0,HEAT,NONE,1.0,0.37971875,100.0,False
127.5,257.33630111650405,3.0014727894327877,100.44823713826048,257.5944604822156,0.0,HEAT,NONE,1.0,0.37985601,100.0,False
127.75,257.17756706497244,3.002125362154694,100.05677529626138,257.46156055749526,0.0,HEAT,NONE,1.0,0.38003596,100.0,False
128.0,257.31191301383296,3.003105051899493,99.81796055303795,257.3290752967897,0.0,HEAT,NONE,1.0,0.38030578,100.0,False
128.25,257.22206765521327,3.003126482645826,99.9696852182751,257.1970034062965,0.0,HEAT,NONE,1.0,0.3803519,100.0,False
128.5,257.00095414129606,2.9987094602835613,99.93148669779926,257.06534359625005,0.0,HEAT,NONE,1.0,0.37930322,100.0,False
128.75,257.172469890453,2.9956608231233615,100.13453969054957,256.93409458090895,0.0,HEAT,NONE,1.0,0.37853795,100.0,False
129.0,256.61025250860854,3.0008716047489585,99.98383007956367,256.8032550785435,0.0,HEAT,NONE,1.0,0.37977286,100.0,False
129.25,256.27454951572486,2.9987099333742377,99.83548243880885,256.67282381142314,0.0,HEAT,NONE,1.0,0.37924971,100.0,False
129.5,256.4742822789149,3.003572358675234,99.82771283694389,256.542799505804,0.0,HEAT,NONE,1.0,0.3804347,100.0,False
129.75,256.24968832805746,3.002966627010899,100.01787953807022,256.41318089191645,0.0,HEAT,NONE,1.0,0.38032992,100.0,False
130.0,256.5216763415914,2.9992691458904464,99.86394029925903,256.2839667039527,0.0,HEAT,NONE,1.0,0.37945532,100.0,False
130.25,256.14493057427603,3.002117879524903,100.14512578372765,256.15515568005435,0.0,HEAT,NONE,1.0,0.38015238,100.0,False
130.5,256.0268832921116,2.998293254677822,99.98264493398271,256.0267465623003,0.0,HEAT,NONE,1.0,0.379236,100.0,False
130.75,255.80953802100717,3.004234972228963,100.00110897552472,255.89873809669413,0.0,HEAT,NONE,1.0,0.38068454,100.0,False
131.0,255.5966926653334,2.996447290951734,100.11202297911463,255.77112903315225,0.0,HEAT,NONE,1.0,0.37881535,100.0,False
131.25,255.7428520402731,2.997782974796731,99.89691145650477,255.64391812549135,0.0,HEAT,NONE,1.0,0.37910347,100.0,False
131.5,255.52079144955738,2.993219615722899,99.79923351774377,255.5171041314164,0.0,HEAT,NONE,1.0,0.37794909,100.0,False
131.75,255.5138957516294,2.9974575127981757,100.05782259008389,255.39068581250848,0.0,HEAT,NONE,1.0,0.37890988,100.0,False
132.0,255.45255081417335,3.001142184831311,100.0031784479977,255.2646619342127,0.0,HEAT,NONE,1.0,0.37978408,100.0,False
132.25,255.46722854550575,3.0010964289110507,99.94533094840868,255.13903126582613,0.0,HEAT,NONE,1.0,0.37978292,100.0,False
132.5,255.1266970894543,3.0001991518633875,99.86800210415778,255.01379258048576,0.0,HEAT,NONE,1.0,0.37957237,100.0,False
132.75,254.90019693576815,2.998412126688447,99.69676714844447,254.88894465515654,0.0,HEAT,NONE,1.0,0.37913177,100.0,False
133.0,254.73789855202892,2.9981767221168956,99.9324040997463,254.7644862706195,0.0,HEAT,NONE,1.0,0.37905244,100.0,False
133.25,254.38675169173095,2.9981047409138397,99.99387968639131,254.6404162114597,0.0,HEAT,NONE,1.0,0.3790099,100.0,False
133.5,254.53245259716078,2.9958519369309977,100.09753399886363,254.5167332660545,0.0,HEAT,NONE,1.0,0.37842723,100.0,False
133.75,254.2059855227922,2.9990068120174556,100.2012488080685,254.39343622656168,0.0,HEAT,NONE,1.0,0.3791515,100.0,False
134.0,254.1637602936062,2.998203697094353,100.16550296160062,254.27052388890755,0.0,HEAT,NONE,1.0,0.37893645,100.0,False
134.25,254.08878802855276,2.9990126673246538,100.03410380275145,254.14799505277537,0.0,HEAT,NONE,1.0,0.37910981,100.0,False
134.5,254.1876113875677,2.9932182471488478,99.87232432711987,254.0258485215935,0.0,HEAT,NONE,1.0,0.37766209,100.0,False
134.75,253.74884608640167,2.997234568398771,99.86833247869828,253.90408310252377,0.0,HEAT,NONE,1.0,0.37856522,100.0,False
135.0,253.65346536011396,3.0017382365787686,99.86318084567924,253.78269760644974,0.0,HEAT,NONE,1.0,0.37963647,100.0,False
135.25,253.68052848965945,3.001905544165116,99.8877920228977,253.66169084796525,0.0,HEAT,NONE,1.0,0.37969362,100.0,False
135.5,253.5611430716747,3.0055526107977713,100.0495080946318,253.5410616453627,0.0,HEAT,NONE,1.0,0.38061428,100.0,False
135.75,253.32286190704258,2.9998678790905546,99.85930869508117,253.42080882062157,0.0,HEAT,NONE,1.0,0.37927764,100.0,False
136.0,253.34250163200113,3.0027348440984913,99.87430835578715,253.30093119939693,0.0,HEAT,NONE,1.0,0.37998486,100.0,False
136.25,253.1493360357159,3.0032808304991665,99.92372714362108,253.18142761100793,0.0,HEAT,NONE,1.0,0.38015471,100.0,False
136.5,253.0911122638779,2.996466373861228,99.87448213341354,253.06229688842637,0.0,HEAT,NONE,1.0,0.37851448,100.0,False
136.75,252.86501838983074,3.0064342715351358,99.93864247879951,252.94353786826537,0.0,HEAT,NONE,1.0,0.380935,100.0,False
137.0,252.74565558785747,2.9976875873045516,99.97515964689124,252.8251493907679,0.0,HEAT,NONE,1.0,0.37885648,100.0,False
137.25,252.8055198175485,3.000143179573677,100.30867220120504,252.70713029979555,0.0,HEAT,NONE,1.0,0.37943736,100.0,False
137.5,252.62154860982716,3.0039090549849417,100.04150666740371,252.5894794428172,0.0,HEAT,NONE,1.0,0.38037116,100.0,False
137.75,252.56303289566492,2.994914976320645,99.98094108277911,252.4721956708978,0.0,HEAT,NONE,1.0,0.37820039,100.0,False
138.0,252.34493567759273,2.998941654451923,99.67706820592136,252.35527783868704,0.0,HEAT,NONE,1.0,0.37913407,100.0,False
138.25,252.37081847368918,2.998598073798788,99.93428930166304,252.2387248044083,0.0,HEAT,NONE,1.0,0.37903579,100.0,False
138.5,252.08425971069138,2.999192653657115,100.0610647631183,252.1225354298474,0.0,HEAT,NONE,1.0,0.3791646,100.0,False
138.75,251.8160537426068,2.9971517390548166,100.04359499438489,252.0067085803416,0.0,HEAT,NONE,1.0,0.37864924,100.0,False
139.0,251.91308054646643,2.999052448708348,99.91391313915383,251.89124312476838,0.0,HEAT,NONE,1.0,0.37908141,100.0,False
139.25,251.65097423005898,3.0000873226313955,100.1771098709787,251.77613793553448,0.0,HEAT,NONE,1.0,0.37932276,100.0,False
139.5,251.50268427585803,3.0048270630621516,100.12659721980705,251.66139188856488,0.0,HEAT,NONE,1.0,0.38049229,100.0,False
139.75,251.4790593026953,3.0022084621127205,99.78011448747067,251.5470038632918,0.0,HEAT,NONE,1.0,0.37990438,100.0,False
140.0,251.17323650086956,2.9958103011465504,99.93853803020286,251.43297274264376,0.0,HEAT,NONE,1.0,0.37835275,100.0,False
140.25,251.27048591769227,2.998485190105655,100.0149134035847,251.31929741303472,0.0,HEAT,NONE,1.0,0.37896242,100.0,False
140.5,250.8857036781953,3.0016445339504014,99.78710491316613,251.20597676435312,0.0,HEAT,NONE,1.0,0.37972323,100.0,False
140.75,250.99388209916728,2.998785552606927,99.82656840448861,251.0930096899511,0.0,HEAT,NONE,1.0,0.37903657,100.0,False
141.0,250.774745136338,2.997109158068381,99.9982114536788,250.98039508663365,0.0,HEAT,NONE,1.0,0.37860686,100.0,False
141.25,250.95662918150686,3.0020623773847364,99.85082634425942,250.86813185464794,0.0,HEAT,NONE,1.0,0.37979309,100.0,False
141.5,250.63748232544063,2.9974389768389,100.06747184681446,250.75621889767243,0.0,HEAT,NONE,1.0,0.37867522,100.0,False
141.75,250.33904209572847,3.004131280954185,99.92727926870654,250.64465512280626,0.0,HEAT,NONE,1.0,0.38029529,100.0,False
142.0,250.41591071098847,3.0010945993037317,100.15489285826594,250.53343944055854,0.0,HEAT,NONE,1.0,0.37959574,100.0,False
142.25,250.47395825337048,3.0031472123616885,100.02015382249805,250.42257076483776,0.0,HEAT,NONE,1.0,0.38011701,100.0,False
142.5,250.49649380379728,3.003466668034047,99.98507818160017,250.31204801294112,0.0,HEAT,NONE,1.0,0.38023672,100.0,False
142.75,250.41775098873302,2.9999408746687473,100.01303398304529,250.20187010554397,0.0,HEAT,NONE,1.0,0.37941181,100.0,False
143.0,249.95381491612224,2.9985877350450343,100.11663741187652,250.09203596668934,0.0,HEAT,NONE,1.0,0.37908041,100.0,False
143.25,249.78564748731688,3.0015212651726406,100.0522923926904,249.98254452377734,0.0,HEAT,NONE,1.0,0.37978986,100.0,False
143.5,249.91502891999224,2.992826782471326,99.9845135620548,249.87339470755472,0.0,HEAT,NONE,1.0,0.37766316,100.0,False
143.75,249.86182445325807,2.9977521600268497,100.01354600486465,249.76458545210443,0.0,HEAT,NONE,1.0,0.37879124,100.0,False
144.0,249.29940470447502,3.00224003482667,99.90063507854862,249.65611569483525,0.0,HEAT,NONE,1.0,0.37986958,100.0,False
144.25,249.6786879186063,2.994510432915908,100.10384010824883,249.5479843764713,0.0,HEAT,NONE,1.0,0.37798593,100.0,False
144.5,249.40464954789402,3.0029170973737065,99.86114353193317,249.44019044104186,0.0,HEAT,NONE,1.0,0.3799923,100.0,False
144.75,249.2399642821594,3.0069793182546927,99.8755071774344,249.3327328358709,0.0,HEAT,NONE,1.0,0.38102895,100.0,False
145.0,249.1197064304557,2.9988443592346807,99.84661619112693,249.22561051156688,0.0,HEAT,NONE,1.0,0.37910621,100.0,False
145.25,249.29739093996508,3.0049473155581614,99.89438409001248,249.11882242201253,0.0,HEAT,NONE,1.0,0.38060137,100.0,False
145.5,248.75346269750256,3.0028790772827554,100.16625857676874,249.01236752435454,0.0,HEAT,NONE,1.0,0.38015417,100.0,False
145.75,249.02949365782024,3.002595138613778,99.86987121012642,248.90624477899345,0.0,HEAT,NONE,1.0,0.38012369,100.0,False
146.0,248.77517868827272,2.99475839272628,99.78727557556212,248.8004531495735,0.0,HEAT,NONE,1.0,0.37822474,100.0,False
146.25,248.8421567990629,2.99732900558519,100.341935739103,248.69499160297246,0.0,HEAT,NONE,1.0,0.37879825,100.0,False
146.5,248.60098612578898,2.997642259631234,100.11968278055593,248.58985910929158,0.0,HEAT,NONE,1.0,0.37884301,100.0,False
146.75,248.75524399548542,3.0012142710189984,99.81742822438093,248.48505464184552,0.0,HEAT,NONE,1.0,0.37969518,100.0,False
147.0,248.43622759743505,3.0037787494573935,99.92601385764604,248.3805771771523,0.0,HEAT,NONE,1.0,0.38034258,100.0,False
147.25,248.16037940131167,3.0023853773671854,100.02099516107528,248.27642569492338,0.0,HEAT,NONE,1.0,0.3800453,100.0,False
147.5,248.00721786265117,2.997997230538877,99.88665062635509,248.1725991780536,0.0,HEAT,NONE,1.0,0.37899286,100.0,False
147.75,248.1135369123418,2.9996298176299456,100.17256705645902,248.06909661261125,0.0,HEAT,NONE,1.0,0.3793732,100.0,False
148.0,248.07236674412553,2.994638149513082,100.06104857971827,247.96591698782834,0.0,HEAT,NONE,1.0,0.37813633,100.0,False
148.25,247.99759914404152,3.0011383334352475,100.1545089488919,247.8630592960905,0.0,HEAT,NONE,1.0,0.37967475,100.0,False
148.5,247.67808598402678,2.9968203649909317,100.13951050378635,247.7605225329273,0.0,HEAT,NONE,1.0,0.37862035,100.0,False
148.75,247.4984859962794,2.993455681411446,100.15379499169853,247.65830569700228,0.0,HEAT,NONE,1.0,0.37774817,100.0,False
149.0,247.44778005125306,2.999556908637611,99.79030309776543,247.55640779010338,0.0,HEAT,NONE,1.0,0.37917017,100.0,False
149.25,247.25599867908227,2.997040220924463,99.94590252224022,247.45482781713304,0.0,HEAT,NONE,1.0,0.37853775,100.0,False
149.5,247.40906464752192,2.99386209861836,100.1128259761927,247.35356478609853,0.0,HEAT,NONE,1.0,0.37771117,100.0,False
149.75,247.075317983684,2.998067108603095,100.10167830821123,247.25261770810226,0.0,HEAT,NONE,1.0,0.37866759,100.0,False
150.0,247.14079050745497,2.9968192419196313,100.27668890308514,247.15198559733213,0.0,HEAT,NONE,1.0,0.37832813,100.0,False
150.25,246.92257423031074,3.0024386109592216,100.02998355229117,247.05166747105187,0.0,HEAT,NONE,1.0,0.37966978,100.0,False
150.5,247.16336142387095,3.000132863499441,100.15121345265737,246.9516623495915,0.0,HEAT,NONE,1.0,0.37912428,100.0,False
150.75,246.74068582798995,3.0048630740628326,99.88555230556271,246.85196925633767,0.0,HEAT,NONE,1.0,0.38029012,100.0,False
151.0,246.69825585293208,3.006789775934062,100.04754570821774,246.75258721772425,0.0,HEAT,NONE,1.0,0.3808241,100.0,False
151.25,246.66997910912812,3.0072744574188577,100.05420350110501,246.65351526322272,0.0,HEAT,NONE,1.0,0.38102893,100.0,False
151.5,246.43233182917345,3.0021588141925903,99.82274786244876,246.55475242533274,0.0,HEAT,NONE,1.0,0.37986022,100.0,False
151.75,246.62554522038425,3.003403104532295,99.9140561232188,246.45629773957268,0.0,HEAT,NONE,1.0,0.38020062,100.0,False
152.0,246.26396496707767,3.0000394702544892,100.00212327276682,246.35815024447024,0.0,HEAT,NONE,1.0,0.37941836,100.0,False
152.25,246.11365583902304,3.0012161180469463,99.69371864556041,246.26030898155298,0.0,HEAT,NONE,1.0,0.37971583,100.0,False
152.5,246.0978440766005,2.9982019238034257,99.95901016727161,246.16277299533905,0.0,HEAT,NONE,1.0,0.37899172,100.0,False
152.75,246.1116249191342,2.995879889473161,100.08827726248536,246.06554133332781,0.0,HEAT,NONE,1.0,0.37840013,100.0,False
153.0,245.94158994369232,2.9979543907794515,99.79497607982564,245.96861304599057,0.0,HEAT,NONE,1.0,0.37886331,100.0,False
153.25,245.6945207960013,3.001153726235389,99.85542263356866,245.8719871867612,0.0,HEAT,NONE,1.0,0.37962821,100.0,False
153.5,245.78529261670485,3.0031607169450947,100.15489639230192,245.77566281202706,0.0,HEAT,NONE,1.0,0.38013772,100.0,False
153.75,245.91369852523408,2.998821884137738,99.83722763922717,245.67963898111967,0.0,HEAT,NONE,1.0,0.37910576,100.0,False
154.0,245.73699358286368,3.000735983998285,100.1685925975116,245.5839147563055,0.0,HEAT,NONE,1.0,0.37956515,100.0,False
154.25,245.49014761343503,3.0033311821144273,100.12695811300813,245.48848920277692,0.0,HEAT,NONE,1.0,0.380216,100.0,False
154.5,245.50082452415566,3.00097657420254,100.05965485187936,245.39336138864303,0.0,HEAT,NONE,1.0,0.37967738,100.0,False
154.75,245.3334857559727,3.0000609253607666,100.14852918933394,245.2985303849205,0.0,HEAT,NONE,1.0,0.37946571,100.0,False
155.0,245.12719831443792,3.004582875868798,99.9840636181961,245.20399526552455,0.0,HEAT,NONE,1.0,0.3805857,100.0,False
155.25,245.25756243652322,2.9987219826910714,99.96300010068545,245.1097551072599,0.0,HEAT,NONE,1.0,0.37919764,100.0,False
155.5,245.3206452126714,2.99816769864182,99.80841748559864,245.01580898981177,0.0,HEAT,NONE,1.0,0.37904839,100.0,False
155.75,244.81504367188373,2.998291819844371,100.32327877790765,244.92215599573683,0.0,HEAT,NONE,1.0,0.37905827,100.0,False
156.0,244.8598086002853,3.0021843858351094,99.84976000646797,244.82879521045436,0.0,HEAT,NONE,1.0,0.37999906,100.0,False
156.25,244.78861696570132,3.001208333902395,100.27024404331964,244.73572572223716,0.0,HEAT,NONE,1.0,0.37978548,100.0,False
156.5,244.5385060549542,3.000899484381258,100.04538758626798,244.6429466222028,0.0,HEAT,NONE,1.0,0.3797254,100.0,False
156.75,244.3971997977248,2.9989514203669785,99.96047876356953,244.5504570043046,0.0,HEAT,NONE,1.0,0.37925698,100.0,False
157.0,244.10945115143093,3.0008880045947635,100.08103651296152,244.45825596532296,0.0,HEAT,NONE,1.0,0.37972375,100.0,False
157.25,244.30050238575691,2.994997482757241,100.22198213006988,244.36634260485633,0.0,HEAT,NONE,1.0,0.3782806,100.0,False
157.5,244.31461591842165,3.002473199402454,100.21154826950529,244.27471602531259,0.0,HEAT,NONE,1.0,0.38006515,100.0,False
157.75,244.10523931425172,3.001648777403979,99.96382764794947,244.18337533190018,0.0,HEAT,NONE,1.0,0.37989119,100.0,False
158.0,244.08293733639445,2.99881412343596,99.99980216013174,244.09231963261942,0.0,HEAT,NONE,1.0,0.37921164,100.0,False
158.25,244.16864206819818,2.9995366931003593,99.97694008779128,244.0015480382538,0.0,HEAT,NONE,1.0,0.37937601,100.0,False
158.5,243.86957907763372,3.000223274675763,99.8657697905038,243.9110596623612,0.0,HEAT,NONE,1.0,0.37953962,100.0,False
158.75,243.74545485668287,2.999019886785693,99.91512275316873,243.82085362126537,0.0,HEAT,NONE,1.0,0.37924508,100.0,False
159.0,243.7131576111067,2.997421887747297,100.30059366685433,243.73092903404725,0.0,HEAT,NONE,1.0,0.37883796,100.0,False
159.25,243.84064413363348,3.0008142480770212,99.99195722227915,243.6412850225363,0.0,HEAT,NONE,1.0,0.37964278,100.0,False
159.5,243.8805353357219,3.000362155864048,99.98697317381966,243.55192071130202,0.0,HEAT,NONE,1.0,0.37953974,100.0,False
159.75,243.5083041841681,3.0002783513037974,100.21154765597254,243.46283522764534,0.0,HEAT,NONE,1.0,0.37952262,100.0,False
160.0,243.37118299771754,3.005633182191278,99.86769681099973,243.37402770159014,0.0,HEAT,NONE,1.0,0.38084823,100.0,False
160.25,243.38960479841253,2.9958605847375623,100.27256514349358,243.2854972658747,0.0,HEAT,NONE,1.0,0.3785052,100.0,False
160.5,243.14765824010934,2.9990336612433444,100.13863553594537,243.19724305594332,0.0,HEAT,NONE,1.0,0.37923923,100.0,False
160.75,243.297565312542,2.9959504085951076,99.94807615125376,243.10926420993775,0.0,HEAT,NONE,1.0,0.37846527,100.0,False
161.0,242.81232137776888,3.0000316404234155,99.98479411972879,243.02155986868885,0.0,HEAT,NONE,1.0,0.37942201,100.0,False
161.25,242.8817890722943,2.997561279928718,99.9421140304228,242.93412917570825,0.0,HEAT,NONE,1.0,0.37880974,100.0,False
161.5,242.73501197637032,3.001402401815474,100.2273925070807,242.84697127717988,0.0,HEAT,NONE,1.0,0.37972588,100.0,False
161.75,242.47047670566633,2.999350263276859,99.93727423388587,242.7600853219517,0.0,HEAT,NONE,1.0,0.37923405,100.0,False
162.0,242.74732574980254,2.9968968396555393,99.97803462539606,242.67347046152736,0.0,HEAT,NONE,1.0,0.37861852,100.0,False
162.25,242.43118702268615,3.002100149361182,100.01489119449373,242.58712585005793,0.0,HEAT,NONE,1.0,0.37986309,100.0,False
162.5,242.4768294594991,3.0009470153284576,99.96302750430534,242.50105064433362,0.0,HEAT,NONE,1.0,0.3796021,100.0,False
162.75,242.18217085632904,3.001546773948706,100.0432405255686,242.41524400377557,0.0,HEAT,NONE,1.0,0.3797611,100.0,False
163.0,242.30659315019588,3.002588100391041,100.18277433246877,242.3297050904276,0.0,HEAT,NONE,1.0,0.38003728,100.0,False
163.25,242.0805906738299,2.997077682612989,100.23209276436516,242.24443306894813,0.0,HEAT,NONE,1.0,0.3787093,100.0,False
163.5,242.37225488659053,2.9974504237740023,99.82289349216448,242.15942710660184,0.0,HEAT,NONE,1.0,0.37876592,100.0,False
163.75,241.97905124019135,2.9983841686482187,99.76239012521698,242.07468637325175,0.0,HEAT,NONE,1.0,0.37896432,100.0,False
164.0,241.9948851292633,2.996173146387629,99.81844155249375,241.99021004135093,0.0,HEAT,NONE,1.0,0.37839649,100.0,False
164.25,242.04341324927447,2.9982829856145417,99.98927932268282,241.90599728593455,0.0,HEAT,NONE,1.0,0.37886758,100.0,False
164.5,241.9164117379631,3.002916204849105,99.94944698068107,241.82204728461176,0.0,HEAT,NONE,1.0,0.37998698,100.0,False
164.75,241.74497683935581,2.9977607083005013,100.26210695446883,241.73835921755762,0.0,HEAT,NONE,1.0,0.37874695,100.0,False
165.0,241.7524247401697,2.997116700830795,100.00060869532844,241.65493226750522,0.0,HEAT,NONE,1.0,0.37855828,100.0,False
165.25,241.6787983728415,3.002107655892928,100.27437551770605,241.5717656197376,0.0,HEAT,NONE,1.0,0.37975255,100.0,False
165.5,241.69470632905725,2.998880572990363,99.98662292493064,241.48885846207975,0.0,HEAT,NONE,1.0,0.37897891,100.0,False
165.75,241.2139787759444,3.0013447700621634,100.02265315893193,241.40620998489084,0.0,HEAT,NONE,1.0,0.37957193,100.0,False
166.0,241.72934181044903,3.000782703297815,99.68601214290233,241.32381938105618,0.0,HEAT,NONE,1.0,0.37944833,100.0,False
166.25,241.1408728729737,3.0007676768953946,99.81159770611106,241.24168584597936,0.0,HEAT,NONE,1.0,0.37945375,100.0,False
166.5,241.0297274249667,2.999275651628944,100.05127174516983,241.15980857757444,0.0,HEAT,NONE,1.0,0.37909469,100.0,False
166.75,241.05338547457623,2.9977704525056006,100.11815218517425,241.07818677625806,0.0,HEAT,NONE,1.0,0.37871378,100.0,False
167.0,240.91587402751298,2.9991303687157065,99.7930522612073,240.99681964494167,0.0,HEAT,NONE,1.0,0.37902141,100.0,False
167.25,240.79780402778943,3.002660476892479,99.75735172621992,240.9157063890237,0.0,HEAT,NONE,1.0,0.37988114,100.0,False
167.5,240.82417016218687,3.0026423363324835,99.94343370893075,240.83484621638192,0.0,HEAT,NONE,1.0,0.37990881,100.0,False
167.75,240.79020691512628,2.996924773290457,100.1965416853277,240.75423833736554,0.0,HEAT,NONE,1.0,0.37853016,100.0,False
168.0,240.839039515203,3.0012419878783647,99.7367381710126,240.6738819647876,0.0,HEAT,NONE,1.0,0.37955911,100.0,False
168.25,240.4368819632627,3.003366656031623,100.25696816354179,240.59377631391726,0.0,HEAT,NONE,1.0,0.38009927,100.0,False
168.5,240.55841291846988,3.0039032658220224,99.90883574448675,240.51392060247213,0.0,HEAT,NONE,1.0,0.3802744,100.0,False
168.75,240.405905977119,2.9998450824427327,100.06346451306024,240.43431405061065,0.0,HEAT,NONE,1.0,0.37932311,100.0,False
169.0,240.12563444235772,3.0026802097398,100.198381996655,240.35495588092445,0.0,HEAT,NONE,1.0,0.38002477,100.0,False
169.25,240.10353504610478,2.9955722185340066,100.05258401719263,240.27584531843078,0.0,HEAT,NONE,1.0,0.37830548,100.0,False
169.5,240.09883480464805,2.9928947541706523,100.1212875274038,240.19698159056492,0.0,HEAT,NONE,1.0,0.37759185,100.0,False
169.75,240.14170308970782,2.9991668393739803,100.3170166439066,240.11836392717265,0.0,HEAT,NONE,1.0,0.37905209,100.0,False
170.0,240.0608271982547,2.998404693228838,100.01517277181503,240.03999156050276,0.0,HEAT,NONE,1.0,0.37885043,100.0,False
170.25,239.8058533350848,2.998512265137253,100.05795442031877,239.96186372519944,0.0,HEAT,NONE,1.0,0.378854,100.0,False
170.5,239.8008499273631,2.999568759831157,100.2503417291261,239.88397965829492,0.0,HEAT,NONE,1.0,0.37909336,100.0,False
170.75,239.93528591668,3.003367541382753,100.07932250532971,239.80633859920204,0.0,HEAT,NONE,1.0,0.38002319,100.0,False
171.0,239.8015700239653,3.0050518181787202,99.99706810210371,239.72893978970666,0.0,HEAT,NONE,1.0,0.3804789,100.0,False
171.25,239.93010959269543,2.9974122443644524,99.9617443468418,239.65178247396045,0.0,HEAT,NONE,1.0,0.37865494,100.0,False
171.5,239.368076444267,2.999453996960605,100.07776636494314,239.57486589847338,0.0,HEAT,NONE,1.0,0.37912871,100.0,False
171.75,239.7158763454902,2.9985436102408123,100.00079567103985,239.4981893121064,0.0,HEAT,NONE,1.0,0.37889742,100.0,False
172.0,239.36787040608888,2.998441260063668,99.82159308196789,239.42175196606414,0.0,HEAT,NONE,1.0,0.37885366,100.0,False
172.25,239.35465228868276,2.995592594920929,100.01658147262366,239.3455531138875,0.0,HEAT,NONE,1.0,0.37812989,100.0,False
172.5,239.2727348017696,2.999183607790026,99.8483644645135,239.26959201144643,0.0,HEAT,NONE,1.0,0.37896004,100.0,False
172.75,238.9862218246914,3.0068407554933017,99.79870419037167,239.19386791693276,0.0,HEAT,NONE,1.0,0.38083789,100.0,False
173.0,239.35203544478523,3.00246252341867,99.94539685475725,239.11838009085272,0.0,HEAT,NONE,1.0,0.37983981,100.0,False
173.25,238.8695662694617,3.003589648825177,100.2594476795113,239.04312779601995,0.0,HEAT,NONE,1.0,0.38015017,100.0,False
173.5,238.82800663622666,2.9992722560159204,100.15774356471904,238.96811029754812,0.0,HEAT,NONE,1.0,0.37913081,100.0,False
173.75,238.94369436684792,3.006232480503848,99.91447833257928,238.8933268628439,0.0,HEAT,NONE,1.0,0.38084403,100.0,False
174.0,238.90012044285515,2.995965080022589,100.31438375957484,238.81877676159974,0.0,HEAT,NONE,1.0,0.37838888,100.0,False
174.25,238.63490814394345,2.9934308043050124,99.98113539681104,238.74445926578667,0.0,HEAT,NONE,1.0,0.37771696,100.0,False
174.5,238.64945905648034,3.0063464531297943,99.94917705319243,238.67037364964733,0.0,HEAT,NONE,1.0,0.3808261,100.0,False
174.75,238.59462262806744,3.00185211534334,100.23794060246641,238.59651918968876,0.0,HEAT,NONE,1.0,0.37979442,100.0,False
175.0,238.51341072251353,3.0030364673061047,100.07771268820913,238.52289516467545,0.0,HEAT,NONE,1.0,0.38011195,100.0,False
175.25,238.40506555540784,2.9998983155903423,100.0043010818285,238.44950085562215,0.0,HEAT,NONE,1.0,0.37937741,100.0,False
175.5,238.2389318504294,3.0033142151506755,99.79215696209977,238.37633554578701,0.0,HEAT,NONE,1.0,0.38022316,100.0,False
175.75,238.4790738590471,3.002259505291211,99.98604261128801,238.30339852066447,0.0,HEAT,NONE,1.0,0.38000716,100.0,False
176.0,238.11587241585727,2.9985270684869874,100.07091619869927,238.23068906797832,0.0,HEAT,NONE,1.0,0.37911724,100.0,False
176.25,238.26966524357928,3.0001859773423503,100.14882045042111,238.1582064776747,0.0,HEAT,NONE,1.0,0.37951246,100.0,False
176.5,238.00233485611113,3.00000889158259,99.76474812836956,238.08595004191525,0.0,HEAT,NONE,1.0,0.37947359,100.0,False
176.75,238.12846305389579,2.9997587344931507,99.93766387342377,238.01391905507018,0.0,HEAT,NONE,1.0,0.37941404,100.0,False
177.0,238.11634417651916,3.0013881374697737,99.57754086373838,237.94211281371128,0.0,HEAT,NONE,1.0,0.37981504,100.0,False
177.25,237.87651310384527,2.994827423839934,100.15999898117023,237.87053061660515,0.0,HEAT,NONE,1.0,0.37821319,100.0,False
177.5,238.17253298814205,2.9980601207502664,100.01118687287527,237.79917176470633,0.0,HEAT,NONE,1.0,0.37894821,100.0,False
177.75,237.69038052506417,3.0008224472818497,100.0966823523413,237.72803556115045,0.0,HEAT,NONE,1.0,0.37960481,100.0,False
178.0,237.85020040172853,2.996733435920177,100.23574522177353,237.6571213112475,0.0,HEAT,NONE,1.0,0.37860332,100.0,False
178.25,237.44670124406835,3.0007929293748035,100.17378649593648,237.5864283224749,0.0,HEAT,NONE,1.0,0.37956388,100.0,False
178.5,237.62293571523057,2.9970753666234233,99.8947114574763,237.51595590447087,0.0,HEAT,NONE,1.0,0.37865308,100.0,False
178.75,237.376353733618,2.9999766451212992,100.17204298724779,237.44570336902768,0.0,HEAT,NONE,1.0,0.37933144,100.0,False
179.0,237.18189831445957,3.0015289663963234,100.09149586482592,237.37567003008485,0.0,HEAT,NONE,1.0,0.37971183,100.0,False
179.25,237.38959851204612,3.001398776513987,100.22774771819797,237.30585520372247,0.0,HEAT,NONE,1.0,0.37969684,100.0,False
179.5,237.30942945965953,3.0024535067651446,100.0845319757391,237.2362582081546,0.0,HEAT,NONE,1.0,0.37997408,100.0,False
179.75,237.43584528863175,2.993978991835013,100.19231628656787,237.1668783637225,0.0,HEAT,NONE,1.0,0.37791156,100.0,False
180.0,237.05856037675008,2.999335496076274,99.85457848851603,237.0977149928881,0.0,HEAT,NONE,1.0,0.37915971,100.0,False
180.25,236.74846310002624,2.9990858816613204,99.89690600357233,237.02876742022727,0.0,HEAT,NONE,1.0,0.37908781,100.0,False
180.5,237.03416106934247,2.9958900387257237,100.2147419769316,236.96003497242336,0.0,HEAT,NONE,1.0,0.37828495,100.0,False
180.75,236.93230705474264,2.999904188800227,99.8935864976221,236.89151697826048,0.0,HEAT,NONE,1.0,0.37922263,100.0,False
181.0,236.7051317102992,2.997265871154347,99.91834589126391,236.82321276861708,0.0,HEAT,NONE,1.0,0.37856628,100.0,False
181.25,236.7560292386935,3.000352382904374,99.78782681892926,236.7551216764593,0.0,HEAT,NONE,1.0,0.37929117,100.0,False
181.5,236.647368800678,2.9981777809423535,100.0239823277593,236.68724303683456,0.0,HEAT,NONE,1.0,0.378755,100.0,False
181.75,236.89927396814556,3.002886834433078,99.95303200917667,236.61957618686495,0.0,HEAT,NONE,1.0,0.37989243,100.0,False
182.0,236.30838798971968,2.9965317727061116,99.74699150117863,236.55212046574084,0.0,HEAT,NONE,1.0,0.37835606,100.0,False
182.25,236.59377048422456,2.998773473168505,100.00939003886862,236.48487521471444,0.0,HEAT,NONE,1.0,0.37886483,100.0,False
182.5,236.32453764971197,3.0014487776000065,100.2102515696334,236.41783977709332,0.0,HEAT,NONE,1.0,0.37950783,100.0,False
182.75,236.2482716084164,3.0000371950336553,99.87904841330045,236.35101349823398,0.0,HEAT,NONE,1.0,0.37917472,100.0,False
183.0,236.41558196106342,2.9979857301344883,99.83005251332364,236.28439572553552,0.0,HEAT,NONE,1.0,0.3786672,100.0,False
183.25,236.00983636359746,2.997010684173863,100.07063415080069,236.2179858084332,0.0,HEAT,NONE,1.0,0.37839991,100.0,False
183.5,236.53715185141547,2.998503997709335,100.14273187349593,236.1517830983922,0.0,HEAT,NONE,1.0,0.37872918,100.0,False
183.75,236.12345300515196,2.9983141746373163,99.95849506749593,236.0857869489011,0.0,HEAT,NONE,1.0,0.37866049,100.0,False
184.0,235.98505921411513,2.9996945551447216,100.28959103105687,236.01999671546574,0.0,HEAT,NONE,1.0,0.37897731,100.0,False
184.25,235.66849367015428,3.0029420634035064,100.04972867209504,235.95441175560285,0.0,HEAT,NONE,1.0,0.37977224,100.0,False
184.5,235.80208899910153,3.002010888841984,100.13164074530437,235.8890314288338,0.0,HEAT,NONE,1.0,0.37957661,100.0,False
184.75,235.84676536699425,3.0026558909601073,100.10393678999081,235.8238550966783,0.0,HEAT,NONE,1.0,0.37976048,100.0,False
185.0,235.45407372408576,3.0056270717686084,100.34174559551614,235.75888212264823,0.0,HEAT,NONE,1.0,0.38052812,100.0,False
185.25,235.8412311302988,3.003774094664494,99.78876295340248,235.69411187224136,0.0,HEAT,NONE,1.0,0.38014288,100.0,False
185.5,235.6117794576582,2.9979915720286754,99.91192086094897,235.62954371293523,0.0,HEAT,NONE,1.0,0.37876622,100.0,False
185.75,235.71023255052583,2.9981890727646032,99.9804848060957,235.56517701418085,0.0,HEAT,NONE,1.0,0.37879454,100.0,False
186.0,235.21472403918943,3.0002800085509493,100.01350251398283,235.5010111473967,0.0,HEAT,NONE,1.0,0.3792912,100.0,False
186.25,235.33132695474163,2.9985752339421268,100.28296343289752,235.43704548596244,0.0,HEAT,NONE,1.0,0.37887513,100.0,False
186.5,235.1918177623272,2.997703499339851,99.87864842870475,235.37327940521294,0.0,HEAT,NONE,1.0,0.37864315,100.0,False
186.75,235.48953513582427,3.007352102732795,100.04982637776189,235.30971228243203,0.0,HEAT,NONE,1.0,0.38099792,100.0,False
187.0,235.13874579445547,2.9991551629722437,100.15972184762255,235.24634349684655,0.0,HEAT,NONE,1.0,0.37906512,100.0,False
187.25,235.04651224778326,3.004869291688705,100.2124867276324,235.18317242962019,0.0,HEAT,NONE,1.0,0.38046874,100.0,False
187.5,235.13072966611853,3.002045622039719,100.11246189217471,235.1201984638475,0.0,HEAT,NONE,1.0,0.37983473,100.0,False
187.75,235.29055250197175,2.996783719593209,100.17718069757738,235.0574209845478,0.0,HEAT,NONE,1.0,0.37856467,100.0,False
188.0,234.93855517841354,2.9979011038014383,100.01540086477922,234.99483937865932,0.0,HEAT,NONE,1.0,0.37880412,100.0,False
188.25,234.90030139204507,2.997413891894956,99.76040043577973,234.93245303503306,0.0,HEAT,NONE,1.0,0.37865911,100.0,False
188.5,234.7289471097416,3.0049451771435645,100.29438542551706,234.87026134442686,0.0,HEAT,NONE,1.0,0.38048705,100.0,False
188.75,234.90578116640316,3.0037324472589937,99.92247505516143,234.80826369949955,0.0,HEAT,NONE,1.0,0.3802488,100.0,False
189.0,234.73488674354257,3.0007111947286185,99.8378065622641,234.74645949480484,0.0,HEAT,NONE,1.0,0.37955125,100.0,False
189.25,234.53635650175653,3.000093261890141,99.95195441096382,234.68484812678557,0.0,HEAT,NONE,1.0,0.37941065,100.0,False
189.5,234.46389547683683,3.000950576613606,99.96050810492854,234.6234289937677,0.0,HEAT,NONE,1.0,0.37962656,100.0,False
189.75,234.7154045885835,2.999692727909541,99.95495403113205,234.56220149595458,0.0,HEAT,NONE,1.0,0.37933011,100.0,False
190.0,234.52031601312305,2.9992135032576406,99.89979309284628,234.5011650354209,0.0,HEAT,NONE,1.0,0.37921021,100.0,False
190.25,234.3800256032447,3.0020380599747876,100.09697750751984,234.440319016107,0.0,HEAT,NONE,1.0,0.37989952,100.0,False
190.5,234.57259701521758,2.9945364933403207,99.94103639816149,234.37966284381298,0.0,HEAT,NONE,1.0,0.37807318,100.0,False
190.75,234.25700962443557,3.0005790173931497,99.932176411315,234.31919592619295,0.0,HEAT,NONE,1.0,0.37949871,100.0,False
191.0,234.18194022159986,3.002358614239233,100.0267131273004,234.25891767274916,0.0,HEAT,NONE,1.0,0.37994444,100.0,False
191.25,234.0238728914544,3.003812298427905,100.14951280754627,234.19882749482633,0.0,HEAT,NONE,1.0,0.38033236,100.0,False
191.5,234.0528308585805,3.0019819263069087,99.88972551400703,234.13892480560582,0.0,HEAT,NONE,1.0,0.37992896,100.0,False
191.75,234.24806378166957,2.998666148262938,99.87957364068659,234.0792090201,0.0,HEAT,NONE,1.0,0.37913717,100.0,False
192.0,233.96371389577385,2.9971284214048795,100.02882094939888,234.01967955514635,0.0,HEAT,NONE,1.0,0.37874326,100.0,False
192.25,233.9866016144627,2.999766346657119,99.91650768315074,233.96033582940203,0.0,HEAT,NONE,1.0,0.37936024,100.0,False
192.5,233.35201499180695,2.9999510828045737,99.71556484330945,233.90117726333798,0.0,HEAT,NONE,1.0,0.37940288,100.0,False
192.75,233.8788315319687,3.0030635615248538,100.0410828457877,233.84220327923336,0.0,HEAT,NONE,1.0,0.38017097,100.0,False
193.0,233.72499781192724,2.9988722538627077,99.98004060596296,233.78341330116987,0.0,HEAT,NONE,1.0,0.37917397,100.0,False
193.25,233.64242051112942,2.99774961501062,99.86141560530973,233.72480675502618,0.0,HEAT,NONE,1.0,0.37888395,100.0,False
193.5,233.84460740547183,2.9996361794145416,100.14344070935405,233.66638306847227,0.0,HEAT,NONE,1.0,0.37932196,100.0,False
193.75,233.57063401458214,2.999924590122885,99.97444260302746,233.60814167096387,0.0,HEAT,NONE,1.0,0.37938809,100.0,False
194.0,233.61950740199094,3.002189711503529,100.0359556931945,233.55008199373685,0.0,HEAT,NONE,1.0,0.37994589,100.0,False
194.25,233.3911310450064,2.9971842233190484,100.24887558068511,233.49220346980172,0.0,HEAT,NONE,1.0,0.3787364,100.0,False
194.5,233.39249988260596,2.998880988405026,100.21975111118459,233.43450553393808,0.0,HEAT,NONE,1.0,0.37912065,100.0,False
194.75,233.54016679588025,3.001444943828499,99.94009051968781,233.37698762268903,0.0,HEAT,NONE,1.0,0.37973896,100.0,False
195.0,233.67262881315642,3.000899148992326,100.08204782179571,233.3196491743558,0.0,HEAT,NONE,1.0,0.37962105,100.0,False
195.25,233.2368237092423,2.9954001432652415,99.79978569024642,233.2624896289921,0.0,HEAT,NONE,1.0,0.37827382,100.0,False
195.5,233.26655515715933,3.0011979430709306,99.96400025140424,233.20550842839884,0.0,HEAT,NONE,1.0,0.37964815,100.0,False
195.75,232.97295244720027,2.995595427103598,99.9508224003513,233.14870501611853,0.0,HEAT,NONE,1.0,0.37827724,100.0,False
196.0,232.87365964763248,3.0029809390501434,100.17289971727,233.09207883742985,0.0,HEAT,NONE,1.0,0.380045,100.0,False
196.25,233.45998446380636,3.0026701049945768,99.91107255927037,233.03562933934236,0.0,HEAT,NONE,1.0,0.38000277,100.0,False
196.5,232.8486062227052,2.98945813459336,99.9107666292247,232.97935597059097,0.0,HEAT,NONE,1.0,0.3767721,100.0,False
196.75,232.8967121000397,3.003591781794932,100.09174002297804,232.92325818163062,0.0,HEAT,NONE,1.0,0.3801309,100.0,False
197.0,232.95558788568783,3.0010302102112356,100.09913650456487,232.86733542463088,0.0,HEAT,NONE,1.0,0.3795387,100.0,False
197.25,233.02872715369023,2.99711024456144,99.93140494229061,232.81158715347064,0.0,HEAT,NONE,1.0,0.37858145,100.0,False
197.5,232.54773308901062,3.0054024101294923,100.1945303684842,232.75601282373276,0.0,HEAT,NONE,1.0,0.38059206,100.0,False
197.75,232.81345451722086,2.9965042458669338,100.02594172052433,232.70061189269873,0.0,HEAT,NONE,1.0,0.37846006,100.0,False
198.0,232.6101879153799,3.000635402017028,99.97178228055819,232.64538381934338,0.0,HEAT,NONE,1.0,0.37943715,100.0,False
198.25,232.668320988046,2.9991578771453664,100.12818557591358,232.5903280643296,0.0,HEAT,NONE,1.0,0.37907927,100.0,False
198.5,232.57165331874114,2.999535513673618,99.98322199496134,232.53544409000315,0.0,HEAT,NONE,1.0,0.37916149,100.0,False
198.75,232.41464324874823,3.0028973413618685,99.95928032725462,232.48073136038724,0.0,HEAT,NONE,1.0,0.37998498,100.0,False
199.0,232.47042290074486,2.999040630706182,99.77723471868785,232.42618934117743,0.0,HEAT,NONE,1.0,0.37906816,100.0,False
199.25,232.50773316054278,2.9971260422882824,100.10187414526199,232.3718174997364,0.0,HEAT,NONE,1.0,0.37858375,100.0,False
199.5,232.3806382214723,2.9955733348846256,99.85829776518702,232.31761530508874,0.0,HEAT,NONE,1.0,0.37816403,100.0,False
199.75,232.18646713187704,2.9984487603756613,99.822689389617,232.26358222791563,0.0,HEAT,NONE,1.0,0.37881731,100.0,False
200.0,232.32073209253474,3.000323102367157,100.05785358699802,232.20971774054993,0.0,HEAT,NONE,1.0,0.37925747,100.0,False
200.25,232.0914450488683,3.001933580935017,99.88732736504853,232.15602131697082,0.0,HEAT,NONE,1.0,0.37965617,100.0,False
200.5,232.09851491659398,3.0026063922968906,100.00676092223425,232.10249243279873,0.0,HEAT,NONE,1.0,0.37984405,100.0,False
200.75,231.98056402994976,2.997389178169528,100.02514494429902,232.0491305652902,0.0,HEAT,NONE,1.0,0.37858723,100.0,False
201.0,232.04767701911368,3.000095762987736,99.88460195036181,231.99593519333285,0.0,HEAT,NONE,1.0,0.37922338,100.0,False
201.25,232.02429325248244,3.0083123789734296,99.95463070311166,231.9429057974402,0.0,HEAT,NONE,1.0,0.38125301,100.0,False
201.5,231.94055277646078,3.0013140021988836,99.61503027045357,231.89004185974662,0.0,HEAT,NONE,1.0,0.37962854,100.0,False
201.75,231.85592221580953,2.9979584742262513,100.20770319757752,231.8373428640023,0.0,HEAT,NONE,1.0,0.3788196,100.0,False
202.0,231.74671042240442,2.997918796514041,99.96722509958832,231.7848082955682,0.0,HEAT,NONE,1.0,0.37878762,100.0,False
202.25,231.75742180012463,2.9987467625612765,99.99210058309858,231.73243764141102,0.0,HEAT,NONE,1.0,0.37896764,100.0,False
202.5,231.47710641536676,2.9998561811958,100.11635093141295,231.68023039009816,0.0,HEAT,NONE,1.0,0.37922615,100.0,False
202.75,231.92356187314297,3.002664592019514,100.04079007898378,231.62818603179275,0.0,HEAT,NONE,1.0,0.37991786,100.0,False
203.0,231.7538689369389,3.0033824057302385,100.24957640524102,231.57630405824872,0.0,HEAT,NONE,1.0,0.38012823,100.0,False
203.25,231.68698234088308,2.9996923520769463,100.03876714189512,231.52458396280574,0.0,HEAT,NONE,1.0,0.37926045,100.0,False
203.5,231.49989942863397,3.0009793129736724,100.030048163356,231.47302524038435,0.0,HEAT,NONE,1.0,0.37957691,100.0,False
203.75,231.30426306781027,2.9936812286010532,99.89924820821953,231.42162738748098,0.0,HEAT,NONE,1.0,0.37778845,100.0,False
204.0,231.06648472890794,3.000720283843967,100.00068045822297,231.37038990216308,0.0,HEAT,NONE,1.0,0.37944938,100.0,False
204.25,231.06797610852968,3.002519829344781,100.13002871270727,231.31931228406415,0.0,HEAT,NONE,1.0,0.37990156,100.0,False
204.5,231.28277180274296,3.0052485221383267,100.28074983156786,231.26839403437896,0.0,HEAT,NONE,1.0,0.38060652,100.0,False
204.75,231.03673555641262,3.002920004465559,100.06612718180705,231.21763465585855,0.0,HEAT,NONE,1.0,0.38009792,100.0,False
205.0,231.22978161928748,3.0023712178962962,99.89212483060622,231.16703365280546,0.0,HEAT,NONE,1.0,0.38000205,100.0,False
205.25,231.02773466608514,2.996890698123352,99.88676464399563,231.11659053106888,0.0,HEAT,NONE,1.0,0.37868212,100.0,False
205.5,231.0515280379129,2.9952716805973876,99.84314089345153,231.06630479803977,0.0,HEAT,NONE,1.0,0.3782472,100.0,False
205.75,231.10280520600529,2.9998034251375265,100.0574432186347,231.01617596264614,0.0,HEAT,NONE,1.0,0.3793086,100.0,False
206.0,230.68281446286608,2.9976770783722895,99.91668660208903,230.9662035353482,0.0,HEAT,NONE,1.0,0.37878019,100.0,False
206.25,230.92126725034709,2.9984589745762293,100.13998219397595,230.91638702813353,0.0,HEAT,NONE,1.0,0.37894333,100.0,False
206.5,230.8579845370774,3.000393384434049,100.00203072594886,230.86672595451242,0.0,HEAT,NONE,1.0,0.3793999,100.0,False
206.75,230.92341764692816,2.9988921110854236,100.16835906734097,230.81721982951305,0.0,HEAT,NONE,1.0,0.37903199,100.0,False
207.0,230.8368769600802,3.0008591620554173,100.00626047313217,230.7678681696768,0.0,HEAT,NONE,1.0,0.37950238,100.0,False
207.25,230.79671608823585,3.003370571929847,100.14182913255773,230.71867049305345,0.0,HEAT,NONE,1.0,0.38013194,100.0,False
207.5,230.7260053428682,3.0026742060844755,100.01775372786152,230.66962631919657,0.0,HEAT,NONE,1.0,0.38000128,100.0,False
207.75,230.80860869905572,2.999742431819282,99.68872910879136,230.62073516915873,0.0,HEAT,NONE,1.0,0.37931161,100.0,False
208.0,230.77267895052978,3.0001672500861485,99.82433823324017,230.57199656548693,0.0,HEAT,NONE,1.0,0.37941529,100.0,False
208.25,230.49367647613292,2.9971776963200276,100.3150314074949,230.52341003221784,0.0,HEAT,NONE,1.0,0.37868056,100.0,False
208.5,230.5496278370107,2.995356120930675,100.08192468195531,230.4749750948732,0.0,HEAT,NONE,1.0,0.3781962,100.0,False
208.75,230.36688028723202,3.006196233196219,99.8420955099869,230.4266912804552,0.0,HEAT,NONE,1.0,0.3808148,100.0,False
209.0,230.04150369194366,3.000127404559657,99.94779589756753,230.37855811744186,0.0,HEAT,NONE,1.0,0.3793913,100.0,False
209.25,230.26808727554754,2.9934951419359597,100.0640214026796,230.33057513578234,0.0,HEAT,NONE,1.0,0.37775575,100.0,False
209.5,230.53374363906886,2.994730781979906,100.17568355311342,230.28274186689248,0.0,HEAT,NONE,1.0,0.3779799,100.0,False
209.75,230.149750315137,3.0079406434358607,100.06540118815731,230.2350578436501,0.0,HEAT,NONE,1.0,0.38117392,100.0,False
210.0,230.15934594468868,3.003549591933153,100.07890426761244,230.18752260039057,0.0,HEAT,NONE,1.0,0.3801849,100.0,False
210.25,230.05126727650475,3.002070716859562,99.92339561944821,230.14013567290212,0.0,HEAT,NONE,1.0,0.37986453,100.0,False
210.5,229.82462340334988,3.005864412919348,99.94756253488872,230.09289659842142,0.0,HEAT,NONE,1.0,0.38082937,100.0,False
210.75,229.95445281552887,3.0003002399838343,99.76605522132193,230.04580491562902,0.0,HEAT,NONE,1.0,0.37953144,100.0,False
211.0,229.79582336741498,2.9977608507202835,99.92204172901705,229.9988601646448,0.0,HEAT,NONE,1.0,0.3789129,100.0,False
211.25,229.96284527789652,3.002812177950342,99.92889595402973,229.9520618870236,0.0,HEAT,NONE,1.0,0.38013628,100.0,False
211.5,229.97932939666308,3.0010133514679604,99.8373886927603,229.9054096257506,0.0,HEAT,NONE,1.0,0.37972947,100.0,False
211.75,229.89317128367384,2.996293865861026,100.15958481168215,229.85890292523692,0.0,HEAT,NONE,1.0,0.37857969,100.0,False
212.0,229.8808048130261,2.9994751943929656,99.79904505193731,229.8125413313152,0.0,HEAT,NONE,1.0,0.37932162,100.0,False
212.25,229.78372289277794,2.9971633874418835,100.10589439606782,229.76632439123514,0.0,HEAT,NONE,1.0,0.3787445,100.0,False
212.5,229.70235267830427,2.99725803440828,100.13882768462666,229.7202516536591,0.0,HEAT,NONE,1.0,0.37873242,100.0,False
212.75,229.78255292881457,2.9981378077332876,100.17430417490176,229.67432266865757,0.0,HEAT,NONE,1.0,0.37891402,100.0,False
213.0,229.58377778642733,2.9991402620199046,100.01857015724022,229.628536987705,0.0,HEAT,NONE,1.0,0.37913577,100.0,False
213.25,229.46999910089124,2.9988104962777014,99.97592810819724,229.58289416367518,0.0,HEAT,NONE,1.0,0.37904071,100.0,False
213.5,229.76693620228576,3.004730465373003,99.96116946991141,229.53739375083708,0.0,HEAT,NONE,1.0,0.38048537,100.0,False
213.75,229.73360096592967,2.9997074483067916,100.05708710167171,229.49203530485036,0.0,HEAT,NONE,1.0,0.37930164,100.0,False
214.0,229.57935505782717,3.000737460290231,100.36227733062726,229.44681838276108,0.0,HEAT,NONE,1.0,0.37955252,100.0,False
214.25,229.43824449013297,2.996207034658317,100.19582064617711,229.4017425429974,0.0,HEAT,NONE,1.0,0.37844288,100.0,False
214.5,229.29499782133837,2.999201369168903,99.55124906747417,229.35680734536518,0.0,HEAT,NONE,1.0,0.37913495,100.0,False
214.75,229.4621602359918,3.0026351284767183,100.11985292100529,229.3120123510438,0.0,HEAT,NONE,1.0,0.37997153,100.0,False
215.0,229.41411800706067,3.005033879891744,99.99309972264335,229.26735712258176,0.0,HEAT,NONE,1.0,0.38059566,100.0,False
215.25,229.36348369861793,2.9973122741256777,99.94692982245036,229.22284122389252,0.0,HEAT,NONE,1.0,0.37875173,100.0,False
215.5,229.33697824339956,3.0009411982371232,99.79998772111327,229.17846422025013,0.0,HEAT,NONE,1.0,0.37961661,100.0,False
215.75,229.18842508521723,2.9991409349990383,99.87720005632788,229.13422567828508,0.0,HEAT,NONE,1.0,0.37918449,100.0,False
216.0,229.15526822352712,2.998547217057361,99.76442654672319,229.09012516598,0.0,HEAT,NONE,1.0,0.3790279,100.0,False
216.25,228.87948896086476,3.0051881979546486,99.77276066258085,229.04616225266548,0.0,HEAT,NONE,1.0,0.38065026,100.0,False
216.5,229.0357568370779,3.001279630191894,100.09587835694504,229.00233650901583,0.0,HEAT,NONE,1.0,0.37974994,100.0,False
216.75,228.77482675824913,2.998378544900639,100.02112700876927,228.95864750704493,0.0,HEAT,NONE,1.0,0.37905167,100.0,False
217.0,229.03512620917382,2.9975420353399334,99.82547882430616,228.915094820102,0.0,HEAT,NONE,1.0,0.37882685,100.0,False
217.25,229.02206413024163,3.0029946682708775,100.05551088340734,228.87167802286754,0.0,HEAT,NONE,1.0,0.38014386,100.0,False
217.5,228.73707861784436,3.000648883645293,100.01639660548986,228.828396691349,0.0,HEAT,NONE,1.0,0.37960183,100.0,False
217.75,228.91089470430552,2.9956257879729886,100.01743911582084,228.7852504028768,0.0,HEAT,NONE,1.0,0.37837052,100.0,False
218.0,228.71837915880022,2.9964050475363653,100.03234723741124,228.74223873610015,0.0,HEAT,NONE,1.0,0.37850908,100.0,False
218.25,228.70459894636468,2.9987986408026477,100.05940431248288,228.69936127098285,0.0,HEAT,NONE,1.0,0.37905402,100.0,False
218.5,228.4437980371899,2.9999659356768964,100.06471212486683,228.65661758879932,0.0,HEAT,NONE,1.0,0.37932454,100.0,False
218.75,228.65660995084932,3.0033573430923752,99.81983311387269,228.61400727213046,0.0,HEAT,NONE,1.0,0.38015904,100.0,False
219.0,228.34534784116465,3.000566080749935,100.06827287911538,228.57152990485957,0.0,HEAT,NONE,1.0,0.37950982,100.0,False
219.25,228.8471586411448,3.0016521927753193,99.8689077553946,228.52918507216827,0.0,HEAT,NONE,1.0,0.37978509,100.0,False
219.5,228.60787682076773,2.997128914947748,99.77712460815155,228.48697236053246,0.0,HEAT,NONE,1.0,0.37868892,100.0,False
219.75,228.83625648967518,3.00088205000487,100.10724259477107,228.4448913577183,0.0,HEAT,NONE,1.0,0.37958068,100.0,False
220.0,228.4874741906828,3.005267571469435,100.04261597747124,228.40294165277814,0.0,HEAT,NONE,1.0,0.38067452,100.0,False
220.25,228.54377754094853,2.996312700257154,99.79117585141778,228.36112283604658,0.0,HEAT,NONE,1.0,0.37852894,100.0,False
220.5,228.53341805067353,3.004125776099379,100.07660887229702,228.3194344991364,0.0,HEAT,NONE,1.0,0.38041476,100.0,False
220.75,228.3117862104928,2.9998569877255936,99.89677578573483,228.2778762349346,0.0,HEAT,NONE,1.0,0.37941251,100.0,False
221.0,228.4672433225964,3.0013468733723494,100.07588581667532,228.23644763759845,0.0,HEAT,NONE,1.0,0.37978089,100.0,False
221.25,228.25156709267222,3.0024014128197924,100.07575079497957,228.19514830255144,0.0,HEAT,NONE,1.0,0.38005984,100.0,False
221.5,228.2657817919181,2.995550533131149,100.07650494976956,228.15397782647943,0.0,HEAT,NONE,1.0,0.37840011,100.0,False
221.75,228.44101603398548,2.99786924597539,99.9806756697389,228.1129358073267,0.0,HEAT,NONE,1.0,0.37891932,100.0,False
222.0,228.2058134006284,3.0024706737064504,100.09366406379885,228.0720218442919,0.0,HEAT,NONE,1.0,0.38002921,100.0,False
222.25,227.78859549835175,3.000896057650608,99.82244882277097,228.03123553782433,0.0,HEAT,NONE,1.0,0.37967033,100.0,False
222.5,227.86687120187415,3.000958522771221,99.95562638146598,227.99057648961985,0.0,HEAT,NONE,1.0,0.37969758,100.0,False
222.75,228.07148773957434,3.008677117953042,100.11657700755758,227.95004430261716,0.0,HEAT,NONE,1.0,0.38161676,100.0,False
223.0,228.01806647894594,2.9958237063583213,99.90355535898522,227.90963858099377,0.0,HEAT,NONE,1.0,0.37855245,100.0,False
223.25,227.70980964717958,2.9972579116165354,99.83623719161048,227.86935893016224,0.0,HEAT,NONE,1.0,0.37885904,100.0,False
223.5,227.73025145420638,2.998453413608038,99.84991391980421,227.8292049567663,0.0,HEAT,NONE,1.0,0.37912166,100.0,False
223.75,227.57631170353258,2.9951191964353288,100.06808816685904,227.78917626867695,0.0,HEAT,NONE,1.0,0.37827896,100.0,False
224.0,227.75823445469305,3.002681965667237,100.15666588277007,227.74927247498877,0.0,HEAT,NONE,1.0,0.38008501,100.0,False
224.25,227.65839734772328,3.001387356680476,99.7839219180162,227.70949318601592,0.0,HEAT,NONE,1.0,0.37979618,100.0,False
224.5,228.0122915438442,3.002845381912691,99.9677449907238,227.66983801328846,0.0,HEAT,NONE,1.0,0.38017287,100.0,False
224.75,227.45582665443303,3.000160932213694,99.71948897072748,227.63030656954854,0.0,HEAT,NONE,1.0,0.3795457,100.0,False
225.0,227.47400310333063,3.001251739863413,100.0113173500141,227.5908984687466,0.0,HEAT,NONE,1.0,0.37981852,100.0,False
225.25,227.477968616411,3.001751556139768,99.84420489836577,227.55161332603757,0.0,HEAT,NONE,1.0,0.37995892,100.0,False
225.5,227.5551558501515,2.9972579554509933,99.87289443147753,227.51245075777717,0.0,HEAT,NONE,1.0,0.37887248,100.0,False
225.75,227.54291974551072,2.995997769662796,100.28530096731173,227.47341038151816,0.0,HEAT,NONE,1.0,0.37852876,100.0,False
226.0,227.34678428918633,3.0052743685298293,99.83590438160151,227.43449181600653,0.0,HEAT,NONE,1.0,0.38076982,100.0,False
226.25,227.48658739392724,2.9952649544045196,99.79883240381787,227.39569468117787,0.0,HEAT,NONE,1.0,0.37836239,100.0,False
226.5,227.38097439961464,3.001286605217097,99.80886055699136,227.3570185981536,0.0,HEAT,NONE,1.0,0.37979136,100.0,False
226.75,227.49608524931833,2.9967511370518607,100.01968340350973,227.31846318923726,0.0,HEAT,NONE,1.0,0.37868587,100.0,False
227.0,227.3369949068736,3.0011949826881974,99.7303281700729,227.2800280779109,0.0,HEAT,NONE,1.0,0.37974217,100.0,False
227.25,227.48449728149885,3.0009946365003906,99.93616097786995,227.24171288883136,0.0,HEAT,NONE,1.0,0.37970592,100.0,False
227.5,227.049894162408,2.99414284911332,99.7957865175864,227.2035172478265,0.0,HEAT,NONE,1.0,0.37802506,100.0,False
227.75,227.24718155375237,2.998686561115412,99.83027260753472,227.1654407818918,0.0,HEAT,NONE,1.0,0.37907334,100.0,False
228.0,227.04844287435824,3.004509467826695,99.95039876494069,227.12748311918637,0.0,HEAT,NONE,1.0,0.3804918,100.0,False
228.25,227.00197665220782,3.0034942688262602,100.06928375384857,227.08964388902967,0.0,HEAT,NONE,1.0,0.38029484,100.0,False
228.5,227.05856484626054,2.997330176588187,99.76713838275316,227.05192272189765,0.0,HEAT,NONE,1.0,0.37881608,100.0,False
228.75,226.83873787119592,2.997934910904711,99.96705614493968,227.01431924941926,0.0,HEAT,NONE,1.0,0.37893332,100.0,False
229.0,227.0302694469769,3.0012033681072348,100.03343823392451,226.97683310437276,0.0,HEAT,NONE,1.0,0.37971437,100.0,False
229.25,226.97252519645372,2.9964259898770345,99.67678675852336,226.93946392068221,0.0,HEAT,NONE,1.0,0.37854852,100.0,False
229.5,226.82407995964056,2.9968833695261514,99.90210595711878,226.90221133341393,0.0,HEAT,NONE,1.0,0.37861608,100.0,False
229.75,226.82389188249988,2.996274060385027,99.83342343674101,226.86507497877278,0.0,HEAT,NONE,1.0,0.37842443,100.0,False
230.0,226.81300693443154,3.0006621357166474,99.90160025831273,226.82805449409875,0.0,HEAT,NONE,1.0,0.37945826,100.0,False
230.25,226.86589227817814,2.999602922517465,99.8470130368679,226.7911495178634,0.0,HEAT,NONE,1.0,0.3792008,100.0,False
230.5,226.76046928985505,3.0059442775215888,99.89876106995193,226.75435968966627,0.0,HEAT,NONE,1.0,0.38075895,100.0,False
230.75,226.89260561248315,3.003940833187109,100.2247242401665,226.7176846502314,0.0,HEAT,NONE,1.0,0.38033646,100.0,False
231.0,226.55772983924362,3.005531622551046,100.01745241874092,226.68112404140382,0.0,HEAT,NONE,1.0,0.38077983,100.0,False
231.25,226.60660917013965,2.998340411366912,100.09023603096452,226.64467750614602,0.0,HEAT,NONE,1.0,0.37907559,100.0,False
231.5,226.61601381843158,2.998642755535539,100.1925383373919,226.60834468853454,0.0,HEAT,NONE,1.0,0.37913415,100.0,False
231.75,226.46371083309074,2.996158928461429,100.11896576489777,226.57212523375642,0.0,HEAT,NONE,1.0,0.37850642,100.0,False
232.0,226.64155839522493,3.002890036770965,99.83917003604631,226.53601878810576,0.0,HEAT,NONE,1.0,0.38012227,100.0,False
232.25,226.6622337178411,3.0008145289177897,100.26438631533082,226.50002499898025,0.0,HEAT,NONE,1.0,0.37964566,100.0,False
232.5,226.27690036579503,2.999956136000638,99.95836488707857,226.46414351487778,0.0,HEAT,NONE,1.0,0.37944474,100.0,False
232.75,226.1899090970739,2.9971606789691134,100.16905962266515,226.4283739853929,0.0,HEAT,NONE,1.0,0.378755,100.0,False
233.0,226.32237195953203,2.9973729197061845,100.13023905878309,226.39271606121358,0.0,HEAT,NONE,1.0,0.37877252,100.0,False
233.25,226.5055008951675,3.0027182750127475,99.88154599379376,226.35716939411756,0.0,HEAT,NONE,1.0,0.38005901,100.0,False
233.5,226.31303232403056,3.0026236726551527,99.90159488067266,226.32173363696918,0.0,HEAT,NONE,1.0,0.38006828,100.0,False
233.75,226.1740087680674,3.0017988795336783,100.2343523041217,226.28640844371583,0.0,HEAT,NONE,1.0,0.37989746,100.0,False
234.0,226.07838225780233,2.991372704349324,99.78245253291134,226.25119346938462,0.0,HEAT,NONE,1.0,0.37734609,100.0,False
234.25,226.06422050281026,2.9994682590418376,100.09237738112827,226.21608837007906,0.0,HEAT,NONE,1.0,0.37923866,100.0,False
234.5,226.15911762487917,2.9978231378906712,100.02300545289913,226.18109280297563,0.0,HEAT,NONE,1.0,0.37882294,100.0,False
234.75,226.001925663342,2.999963672311732,99.90376473071002,226.14620642632045,0.0,HEAT,NONE,1.0,0.37932192,100.0,False
235.0,226.5134803774715,3.002558043922597,99.8747478362746,226.111428899426,0.0,HEAT,NONE,1.0,0.37995921,100.0,False
235.25,225.9272197512586,2.998582154325429,99.75326873215012,226.0767598826677,0.0,HEAT,NONE,1.0,0.37900697,100.0,False
235.5,225.93262486827388,2.9978018980682837,100.1325888533958,226.04219903748063,0.0,HEAT,NONE,1.0,0.37879576,100.0,False
235.75,225.94375597892824,2.9978295293437656,99.7989301242452,226.0077460263563,0.0,HEAT,NONE,1.0,0.37877375,100.0,False
236.0,225.7969047304623,3.0001844535407782,99.96773063452876,225.97340051283925,0.0,HEAT,NONE,1.0,0.3793258,100.0,False
236.25,226.10929990567604,2.998483504992881,100.15887764298114,225.9391621615238,0.0,HEAT,NONE,1.0,0.37890554,100.0,False
236.5,225.94359958487829,3.0004862155000374,99.69875436074643,225.90503063805076,0.0,HEAT,NONE,1.0,0.37937889,100.0,False
236.75,225.67749688135538,3.002687860016826,100.20967297935174,225.8710056091042,0.0,HEAT,NONE,1.0,0.37992653,100.0,False
237.0,225.86805406318422,3.002532534141787,99.9388416787119,225.8370867424082,0.0,HEAT,NONE,1.0,0.37992046,100.0,False
237.25,225.74757106760737,2.998050910652116,100.14620481546636,225.80327370672353,0.0,HEAT,NONE,1.0,0.37884528,100.0,False
237.5,225.82098577960556,2.999504031291855,99.95074131029162,225.76956617184453,0.0,HEAT,NONE,1.0,0.3791808,100.0,False
237.75,225.81943964656003,3.001221212438099,99.87519370520363,225.73596380859576,0.0,HEAT,NONE,1.0,0.37959866,100.0,False
238.0,225.9598641704461,3.0009255379978645,100.00157186564107,225.70246628882887,0.0,HEAT,NONE,1.0,0.37954095,100.0,False
238.25,225.8906661365138,3.0031535625984227,99.98680497121305,225.66907328541942,0.0,HEAT,NONE,1.0,0.38010334,100.0,False
238.5,225.71618224944282,2.996613538085347,99.90387356150472,225.63578447226354,0.0,HEAT,NONE,1.0,0.37852846,100.0,False
238.75,225.26354980723235,3.0037690237341472,99.71523828147468,225.60259952427492,0.0,HEAT,NONE,1.0,0.38025521,100.0,False
239.0,225.67170940247357,2.997305460252158,99.85315427982735,225.56951811738153,0.0,HEAT,NONE,1.0,0.37870617,100.0,False
239.25,225.50728529721445,3.0008228352143327,100.09181597188004,225.53653992852253,0.0,HEAT,NONE,1.0,0.37954303,100.0,False
239.5,225.76940938839417,3.0010326374274197,100.1321793044594,225.503664635645,0.0,HEAT,NONE,1.0,0.37960547,100.0,False
239.75,225.381118566224,3.0020136716057255,100.0229903129545,225.4708919177009,0.0,HEAT,NONE,1.0,0.37986135,100.0,False
240.0,225.3687438240536,2.999418739324927,99.9906917346514,225.4382214546439,0.0,HEAT,NONE,1.0,0.37924671,100.0,False
240.25,225.43432081530534,3.0009601290888566,99.92366644439096,225.40565292742625,0.0,HEAT,NONE,1.0,0.37962173,100.0,False
240.5,225.2620700013147,3.001919113366844,99.7455173484951,225.37318601799566,0.0,HEAT,NONE,1.0,0.3798718,100.0,False
240.75,225.24808941166816,3.0041754459385364,99.59392034621746,225.34082040929223,0.0,HEAT,NONE,1.0,0.38045455,100.0,False
241.0,225.20459798198345,3.001234257861735,99.75245181933883,225.3085557852453,0.0,HEAT,NONE,1.0,0.37978272,100.0,False
241.25,225.66611314897398,2.9913031244032804,100.21548391766319,225.27639183077036,0.0,HEAT,NONE,1.0,0.37734891,100.0,False
241.5,225.4779294366387,3.002537371901131,99.96676216417997,225.24432823176608,0.0,HEAT,NONE,1.0,0.3800176,100.0,False
241.75,225.26594140550594,2.9968826561347175,100.12139869887201,225.21236467511108,0.0,HEAT,NONE,1.0,0.37865163,100.0,False
242.0,225.01252111184286,2.999008843547794,100.14943739195039,225.18050084866104,0.0,HEAT,NONE,1.0,0.37913757,100.0,False
242.25,224.9815910052956,2.998817136195185,100.02463972383025,225.1487364412455,0.0,HEAT,NONE,1.0,0.37907624,100.0,False
242.5,224.91580289168462,3.0034989895203132,100.05111611359331,225.1170711426649,0.0,HEAT,NONE,1.0,0.38021618,100.0,False
242.75,224.85816614752903,2.9995729806489297,99.88369972427512,225.0855046436876,0.0,HEAT,NONE,1.0,0.37928869,100.0,False
243.0,224.95540294106522,2.999978923895407,99.89354636183515,225.05403663604676,0.0,HEAT,NONE,1.0,0.37938379,100.0,False
243.25,225.1673435554275,2.9976357557670674,100.14725647749961,225.02266681243734,0.0,HEAT,NONE,1.0,0.37880476,100.0,False
243.5,224.9848309481242,3.002512518267325,99.9187998013025,224.99139486651313,0.0,HEAT,NONE,1.0,0.37997954,100.0,False
243.75,224.88442790082135,2.996278487542659,100.08669682345446,224.96022049288385,0.0,HEAT,NONE,1.0,0.37846999,100.0,False
244.0,225.06981267514152,3.006402105187837,100.19357912772004,224.92914338711196,0.0,HEAT,NONE,1.0,0.38092398,100.0,False
244.25,224.93563034761522,2.9988798919735022,100.05830552592892,224.89816324570987,0.0,HEAT,NONE,1.0,0.37914514,100.0,False
244.5,224.86311910956428,3.003996745682862,100.14159159608633,224.8672797661369,0.0,HEAT,NONE,1.0,0.38039674,100.0,False
244.75,224.7109784768564,2.997211702224769,100.20509228553588,224.8364926467963,0.0,HEAT,NONE,1.0,0.37877212,100.0,False
245.0,224.85201360724767,2.998810539492052,100.17795042432039,224.8058015870324,0.0,HEAT,NONE,1.0,0.3791346,100.0,False
245.25,224.71706716954967,2.998763907802483,99.93082426881513,224.77520628712753,0.0,HEAT,NONE,1.0,0.37910879,100.0,False
245.5,224.45045557231185,3.0022970074959088,99.818637331296,224.74470644829927,0.0,HEAT,NONE,1.0,0.37996592,100.0,False
245.75,224.6289978647841,2.9972804649928655,100.10904859029509,224.71430177269735,0.0,HEAT,NONE,1.0,0.37875512,100.0,False
246.0,224.67370454596528,2.9997828785913385,99.74808103091519,224.68399196340087,0.0,HEAT,NONE,1.0,0.37933975,100.0,False
246.25,224.64066116718016,2.995324093543301,100.04607954934961,224.65377672441537,0.0,HEAT,NONE,1.0,0.37823486,100.0,False
246.5,224.67866420969457,3.0000876454064223,100.30647155287845,224.62365576066992,0.0,HEAT,NONE,1.0,0.37935193,100.0,False
246.75,224.67278811514808,3.0019186304708447,100.02134670295739,224.59362877801425,0.0,HEAT,NONE,1.0,0.37980247,100.0,False
247.0,224.5347817717351,3.0028693413659786,100.1652174312512,224.56369548321584,0.0,HEAT,NONE,1.0,0.38005909,100.0,False
247.25,224.338681529727,3.00289762813777,100.07707348015406,224.53385558395715,0.0,HEAT,NONE,1.0,0.38010155,100.0,False
247.5,224.648213799739,3.000893423052603,99.8133595415545,224.50410878883267,0.0,HEAT,NONE,1.0,0.37964352,100.0,False
247.75,224.2985173397212,3.004895722115237,100.03786358029704,224.4744548073461,0.0,HEAT,NONE,1.0,0.38064546,100.0,False
248.0,224.23230502578372,3.000060750043879,99.94568145950888,224.44489334990755,0.0,HEAT,NONE,1.0,0.37951489,100.0,False
248.25,224.13891203446045,2.992141047713523,99.75959999586956,224.4154241278307,0.0,HEAT,NONE,1.0,0.37756336,100.0,False
248.5,224.42681573472422,2.9995182955874524,99.96262612140619,224.38604685332993,0.0,HEAT,NONE,1.0,0.37928964,100.0,False
248.75,224.39946296258694,3.001503067993629,99.68462388406974,224.35676123951754,0.0,HEAT,NONE,1.0,0.37977263,100.0,False
249.0,224.28239432307925,2.9970889336727593,99.81502075333161,224.327567000401,0.0,HEAT,NONE,1.0,0.3787001,100.0,False
249.25,224.2163836591712,2.9994439302904174,99.96004653151604,224.29846385088007,0.0,HEAT,NONE,1.0,0.37924485,100.0,False
249.5,224.0512514097287,2.9984074745480442,100.30237493378858,224.26945150674408,0.0,HEAT,NONE,1.0,0.37898011,100.0,False
249.75,224.08234645806218,2.9949266319754893,100.0412862354118,224.24052968466913,0.0,HEAT,NONE,1.0,0.37809893,100.0,False
250.0,224.30119232633754,3.001800222868181,99.83204236962301,224.2116981022153,0.0,HEAT,NONE,1.0,0.37973065,100.0,False
250.25,224.3326707166103,2.9979021768600957,99.82976853186389,224.18295647782398,0.0,HEAT,NONE,1.0,0.37878648,100.0,False
250.5,224.063032902338,3.0001071772042653,100.10711371420966,224.15430453081498,0.0,HEAT,NONE,1.0,0.37930232,100.0,False
250.75,224.21931675523717,3.0003584465963598,100.13993583335183,224.12574198138392,0.0,HEAT,NONE,1.0,0.37936277,100.0,False
251.0,224.10949198660924,3.0030866359396495,99.78941968077861,224.09726855059944,0.0,HEAT,NONE,1.0,0.38003907,100.0,False
251.25,223.83275786149287,3.00247281065309,99.79148763308109,224.06888396040043,0.0,HEAT,NONE,1.0,0.37992467,100.0,False
251.5,223.99536005352212,2.999649964269727,99.92680737390181,224.04058793359343,0.0,HEAT,NONE,1.0,0.37925872,100.0,False
251.75,223.9443567727725,3.0041549933240863,99.62055977372503,224.01238019384982,0.0,HEAT,NONE,1.0,0.38036836,100.0,False
252.0,224.11684151091157,3.0065210377019516,100.00353768408489,223.98426046570316,0.0,HEAT,NONE,1.0,0.38100601,100.0,False
252.25,223.9533822552246,3.001276776676009,100.2743281810852,223.95622847454652,0.0,HEAT,NONE,1.0,0.37979561,100.0,False
252.5,223.7500766042619,2.9992574770383205,99.97206752126885,223.92828394662973,0.0,HEAT,NONE,1.0,0.37931806,100.0,False
252.75,223.98433380058282,2.9995344691504804,100.09894796736262,223.90042660905684,0.0,HEAT,NONE,1.0,0.37938196,100.0,False
253.0,223.80941128749504,2.9992416942123246,99.8994486429389,223.87265618978327,0.0,HEAT,NONE,1.0,0.37930749,100.0,False
253.25,223.74532884206192,2.998730882336388,99.97869851423808,223.84497241761332,0.0,HEAT,NONE,1.0,0.37917431,100.0,False
253.5,223.64150246086203,3.0039680412760084,99.97973738646705,223.81737502219744,0.0,HEAT,NONE,1.0,0.38045358,100.0,False
253.75,223.58230861959254,3.002229894510622,99.88775757693831,223.78986373402958,0.0,HEAT,NONE,1.0,0.38007505,100.0,False
254.0,223.83868048465632,2.9986861645563607,100.03759243405733,223.7624382844446,0.0,HEAT,NONE,1.0,0.37923029,100.0,False
254.25,223.76075156854287,2.9971171113094344,100.0061419430758,223.73509840561564,0.0,HEAT,NONE,1.0,0.37882927,100.0,False
254.5,224.01280763860925,2.9923643565152425,100.00989356600239,223.70784383055147,0.0,HEAT,NONE,1.0,0.37762079,100.0,False
254.75,223.74592151398576,2.9965485595586348,99.794447793226,223.6806742930939,0.0,HEAT,NONE,1.0,0.37855835,100.0,False
255.0,223.97742691476594,2.998871427807662,100.3118492742404,223.6535895279152,0.0,HEAT,NONE,1.0,0.3790848,100.0,False
255.25,223.70695376705993,3.000303451113366,100.07139557680725,223.6265892705155,0.0,HEAT,NONE,1.0,0.37941975,100.0,False
255.5,223.69492407403862,3.003585915548202,100.06537237682453,223.59967325722022,0.0,HEAT,NONE,1.0,0.3802303,100.0,False
255.75,223.59453281929495,3.000276937126019,100.20278699831184,223.57284122517743,0.0,HEAT,NONE,1.0,0.37945497,100.0,False
256.0,223.66863814867818,2.9967191757267826,99.9046556804111,223.54609291235536,0.0,HEAT,NONE,1.0,0.3785788,100.0,False
256.25,223.5690403811514,2.9981291363375044,99.94352694709029,223.5194280575398,0.0,HEAT,NONE,1.0,0.3788852,100.0,False
256.5,223.34945846307374,2.99936848740034,100.06354414602325,223.4928464003316,0.0,HEAT,NONE,1.0,0.37916565,100.0,False
256.75,223.61562192360213,3.0002342975549205,100.31122750444162,223.466347681144,0.0,HEAT,NONE,1.0,0.37936909,100.0,False
257.0,223.42846963309194,3.009768943530683,100.15024781336504,223.43993164120025,0.0,HEAT,NONE,1.0,0.38172489,100.0,False
257.25,223.48810638730438,2.997883294955006,99.57632589696429,223.413598022531,0.0,HEAT,NONE,1.0,0.3789104,100.0,False
257.5,223.36407682607452,3.000094313036334,100.28836798074325,223.38734656797183,0.0,HEAT,NONE,1.0,0.37943315,100.0,False
257.75,223.15421458850687,3.0052716514456415,99.96231333916187,223.36117702116064,0.0,HEAT,NONE,1.0,0.38071493,100.0,False
258.0,223.44369765831107,2.9914986147662486,100.0208545572264,223.33508912653525,0.0,HEAT,NONE,1.0,0.37738077,100.0,False
258.25,223.2575228212412,3.0018721300497067,100.01368379316351,223.30908262933085,0.0,HEAT,NONE,1.0,0.3798394,100.0,False
258.5,223.1118213323657,3.002509838203757,100.10419431089522,223.28315727557754,0.0,HEAT,NONE,1.0,0.38001938,100.0,False
258.75,223.3468280415172,3.002487359524558,100.16514511618763,223.2573128120978,0.0,HEAT,NONE,1.0,0.38004527,100.0,False
259.0,223.22827723616825,2.9951815737068097,99.79225565917766,223.23154898650415,0.0,HEAT,NONE,1.0,0.37827343,100.0,False
259.25,223.4083282322943,3.0017856487236845,100.01530440213143,223.20586554719648,0.0,HEAT,NONE,1.0,0.37984603,100.0,False
259.5,223.1150650050798,2.999599697669896,100.00371913150906,223.18026224335975,0.0,HEAT,NONE,1.0,0.37932798,100.0,False
259.75,223.10422501902283,2.9974404609179173,100.32464752787322,223.1547388249615,0.0,HEAT,NONE,1.0,0.37878978,100.0,False
260.0,223.16357903350223,2.9979317009903266,99.80469075461653,223.1292950427494,0.0,HEAT,NONE,1.0,0.37887915,100.0,False
260.25,222.9950765977948,3.002078819314146,100.11375755777773,223.1039306482488,0.0,HEAT,NONE,1.0,0.37987626,100.0,False
260.5,223.04589236198962,2.9999014699950624,99.95424212947798,223.07864539376035,0.0,HEAT,NONE,1.0,0.37936257,100.0,False
260.75,222.88726358741212,3.0036596887156763,100.05589529654465,223.05343903235752,0.0,HEAT,NONE,1.0,0.38028927,100.0,False
261.0,223.39976460583873,2.9971827295666666,99.97936999474551,223.02831131788426,0.0,HEAT,NONE,1.0,0.37873509,100.0,False
261.25,223.13570753772063,2.998950404834969,99.79184574581556,223.00326200495252,0.0,HEAT,NONE,1.0,0.37913743,100.0,False
261.5,222.83596040565504,3.000075018576577,100.05150509933607,222.97829084893988,0.0,HEAT,NONE,1.0,0.37940182,100.0,False
261.75,222.9392068069991,3.0027769522324794,100.14891483130792,222.95339760598722,0.0,HEAT,NONE,1.0,0.38006946,100.0,False
262.0,222.97699890457824,2.999616986605536,99.96206615115854,222.92858203299627,0.0,HEAT,NONE,1.0,0.3793234,100.0,False
262.25,222.98649765734112,3.0023276028303205,100.00909072222224,222.90384388762726,0.0,HEAT,NONE,1.0,0.3799891,100.0,False
262.5,222.94668266331004,2.9984029293718426,99.788267563107,222.87918292829653,0.0,HEAT,NONE,1.0,0.37904951,100.0,False
262.75,222.7044557618672,3.0018059440184266,100.0670504522861,222.85459891417418,0.0,HEAT,NONE,1.0,0.37987148,100.0,False
263.0,223.0686236559875,2.999526727346935,100.12971606068166,222.8300916051818,0.0,HEAT,NONE,1.0,0.3793318,100.0,False
263.25,223.00411330157348,3.002380662698615,99.90871795799453,222.80566076198994,0.0,HEAT,NONE,1.0,0.38003202,100.0,False
263.5,222.7536212718521,2.999588322664852,99.85211969645545,222.78130614601602,0.0,HEAT,NONE,1.0,0.37937293,100.0,False
263.75,222.82817079668743,3.0023043614338927,99.92787176406924,222.75702751942177,0.0,HEAT,NONE,1.0,0.38004035,100.0,False
264.0,223.02870777760143,2.998167742087062,99.96955630363959,222.73282464511104,0.0,HEAT,NONE,1.0,0.379049,100.0,False
264.25,222.6729554599477,2.997065564266084,100.0626787239236,222.70869728672744,0.0,HEAT,NONE,1.0,0.37875579,100.0,False
264.5,222.68764909074136,3.0044156066526835,100.09109648943571,222.68464520865203,0.0,HEAT,NONE,1.0,0.38053505,100.0,False
264.75,222.74132159945563,2.998397857619384,99.78786509282583,222.66066817600105,0.0,HEAT,NONE,1.0,0.37910347,100.0,False
265.0,222.62334044482344,2.9966426046162318,100.14277649018726,222.63676595462363,0.0,HEAT,NONE,1.0,0.37865129,100.0,False
265.25,222.6083718780177,3.004466742906476,100.1102965466287,222.6129383110994,0.0,HEAT,NONE,1.0,0.38054194,100.0,False
265.5,222.71451540608362,2.9997881619263005,100.03130085016188,222.5891850127364,0.0,HEAT,NONE,1.0,0.37944124,100.0,False
265.75,222.6634967576479,3.001880017561205,99.8934144606559,222.5655058275686,0.0,HEAT,NONE,1.0,0.37995642,100.0,False
266.0,222.61574262595002,3.0068172684152232,99.98654649596567,222.54190052435374,0.0,HEAT,NONE,1.0,0.38120035,100.0,False
266.25,222.48003736023054,2.9963092012043124,99.7827153663335,222.51836887257116,0.0,HEAT,NONE,1.0,0.37869231,100.0,False
266.5,222.6732436064905,2.9988738356168665,100.04494414009622,222.49491064241934,0.0,HEAT,NONE,1.0,0.37928386,100.0,False
266.75,222.74825074529647,3.0063083344548813,99.86671811211995,222.47152560481382,0.0,HEAT,NONE,1.0,0.38110771,100.0,False
267.0,222.60639730802623,3.0001250878195185,100.05993885479724,222.4482135313849,0.0,HEAT,NONE,1.0,0.37966091,100.0,False
267.25,222.49697100348766,2.9981750170382946,100.23869247057205,222.42497419447548,0.0,HEAT,NONE,1.0,0.37918461,100.0,False
267.5,222.49430462379658,2.9994274288609515,100.18741363092927,222.40180736713867,0.0,HEAT,NONE,1.0,0.37947393,100.0,False
267.75,222.51357467783,2.999816635170766,100.049433262103,222.37871282313574,0.0,HEAT,NONE,1.0,0.37956462,100.0,False
268.0,222.61945841977004,2.999974442101727,99.98694651514845,222.3556903369339,0.0,HEAT,NONE,1.0,0.37960209,100.0,False
268.25,222.20458740072496,2.9974101366625443,99.84296487535883,222.33273968370392,0.0,HEAT,NONE,1.0,0.37896916,100.0,False
268.5,222.32642931067565,2.999422173941619,99.69281286370826,222.3098606393182,0.0,HEAT,NONE,1.0,0.37943404,100.0,False
268.75,222.29022042835211,3.0006403145169287,100.02539316682038,222.2870529803484,0.0,HEAT,NONE,1.0,0.3797268,100.0,False
269.0,222.12152433089165,3.002440297963651,99.8959393744229,222.26431648406324,0.0,HEAT,NONE,1.0,0.38017855,100.0,False
269.25,222.05778869095505,2.9951843273980456,99.99820170823928,222.2416509284265,0.0,HEAT,NONE,1.0,0.37841663,100.0,False
269.5,222.36686382508327,3.0023179933604043,100.0318097445226,222.21905609209466,0.0,HEAT,NONE,1.0,0.38011888,100.0,False
269.75,222.01782127220184,2.9966530351862355,99.86563422174717,222.19653175441485,0.0,HEAT,NONE,1.0,0.37874718,100.0,False
270.0,222.14759801948546,2.9935738520678483,100.01691251183084,222.17407769542262,0.0,HEAT,NONE,1.0,0.37794429,100.0,False
270.25,222.24867535573296,2.998977211065846,100.06920889395789,222.15169369583992,0.0,HEAT,NONE,1.0,0.37919609,100.0,False
270.5,221.98876246189468,2.9951404660989898,99.9045975579149,222.1293795370728,0.0,HEAT,NONE,1.0,0.37823096,100.0,False
270.75,222.28084379909774,3.002995321967,99.93160572392205,222.10713500120937,0.0,HEAT,NONE,1.0,0.38010582,100.0,False
271.0,222.26565393265255,2.9986808364000486,100.22690063302608,222.08495987101767,0.0,HEAT,NONE,1.0,0.37907239,100.0,False
271.25,222.1353577337672,2.9984099476530925,100.11939133787335,222.06285392994354,0.0,HEAT,NONE,1.0,0.37898579,100.0,False
271.5,221.92470455902156,2.997091911585134,99.78241667222058,222.04081696210844,0.0,HEAT,NONE,1.0,0.37863714,100.0,False
271.75,222.05763645867867,2.9999822579097013,99.98843301088787,222.01884875230743,0.0,HEAT,NONE,1.0,0.3793111,100.0,False
272.0,221.93547126636165,3.004460326094971,99.936459106686,221.99694908600705,0.0,HEAT,NONE,1.0,0.38041297,100.0,False
272.25,221.8666058832251,3.0035195600442592,100.21319256504542,221.9751177493432,0.0,HEAT,NONE,1.0,0.3802338,100.0,False
272.5,222.00418334659605,2.994274988737256,99.91004335146265,221.95335452911905,0.0,HEAT,NONE,1.0,0.37799423,100.0,False
272.75,222.02359468518586,3.0000292571162546,100.23311133671832,221.931659212803,0.0,HEAT,NONE,1.0,0.3793447,100.0,False
273.0,221.70499440913287,3.002013528179365,99.9059450110486,221.91003158852652,0.0,HEAT,NONE,1.0,0.3798337,100.0,False
273.25,222.08692765782286,2.999590957301729,100.15459686995908,221.8884714450822,0.0,HEAT,NONE,1.0,0.37925928,100.0,False
273.5,221.769849209009,2.9956271449164036,99.83344253710528,221.86697857192155,0.0,HEAT,NONE,1.0,0.37827494,100.0,False
273.75,221.75454790283726,2.9971491391321137,100.18006920024281,221.84555275915312,0.0,HEAT,NONE,1.0,0.37859551,100.0,False
274.0,222.02503036597054,3.001283787612385,99.84487073722535,221.82419379754026,0.0,HEAT,NONE,1.0,0.37957862,100.0,False
274.25,221.78514586552467,2.9983049241719497,100.21811116927363,221.80290147849917,0.0,HEAT,NONE,1.0,0.37885577,100.0,False
274.5,221.82906712130313,3.00197752673933,99.94004753219151,221.7816755940969,0.0,HEAT,NONE,1.0,0.37973969,100.0,False
274.75,221.4588176962365,2.9980375756196462,99.83250517318086,221.76051593704926,0.0,HEAT,NONE,1.0,0.37878905,100.0,False
275.0,221.794960521239,3.000810001426605,99.87975590528384,221.7394223007188,0.0,HEAT,NONE,1.0,0.37944806,100.0,False
275.25,221.66010314448624,3.005158965111462,99.85609854109572,221.7183944791128,0.0,HEAT,NONE,1.0,0.38053077,100.0,False
275.5,221.5597391363369,2.9993531160009663,99.89512946063064,221.69743226688126,0.0,HEAT,NONE,1.0,0.37916071,100.0,False
275.75,221.61222335585256,3.001693353580014,100.25983362173484,221.67653545931495,0.0,HEAT,NONE,1.0,0.37973224,100.0,False
276.0,221.3887797662504,2.999909974093729,100.0062157784448,221.6557038523433,0.0,HEAT,NONE,1.0,0.37931422,100.0,False
276.25,221.62234742639657,2.9994165056190827,99.94894443161422,221.63493724253246,0.0,HEAT,NONE,1.0,0.37919296,100.0,False
276.5,221.76486434954634,2.9986356043022235,99.98090261015138,221.61423542708337,0.0,HEAT,NONE,1.0,0.37899398,100.0,False
276.75,221.59358115394002,3.0004707494807543,99.97437043348705,221.59359820382969,0.0,HEAT,NONE,1.0,0.37943078,100.0,False
277.0,221.72291225865075,3.0000866186797364,100.0261091327904,221.57302537123584,0.0,HEAT,NONE,1.0,0.37934181,100.0,False
277.25,221.5447987553788,2.997099720754575,99.87550491458886,221.55251672839515,0.0,HEAT,NONE,1.0,0.37860529,100.0,False
277.5,221.3745710071689,3.0009305061151936,99.89297599077506,221.53207207502768,0.0,HEAT,NONE,1.0,0.37951519,100.0,False
277.75,221.35248302793474,3.000992244413782,100.07875475815409,221.5116912114785,0.0,HEAT,NONE,1.0,0.37954075,100.0,False
278.0,221.22725256146546,3.005267623183233,100.00484217012874,221.49137393871555,0.0,HEAT,NONE,1.0,0.38060887,100.0,False
278.25,221.4553449560801,3.0029649629231017,100.01047185806974,221.4711200583278,0.0,HEAT,NONE,1.0,0.38010644,100.0,False
278.5,221.3603505285492,3.006105851636808,99.83884063094052,221.45092937252332,0.0,HEAT,NONE,1.0,0.38092218,100.0,False
278.75,221.41615855301868,3.001559947435034,99.83955317784353,221.43080168412726,0.0,HEAT,NONE,1.0,0.37987973,100.0,False
279.0,221.3954326004367,3.0000507006188184,100.36024709984622,221.41073679658,0.0,HEAT,NONE,1.0,0.37953237,100.0,False
279.25,221.2568149368509,2.998743956691859,100.09880606959544,221.39073451393523,0.0,HEAT,NONE,1.0,0.37921549,100.0,False
279.5,221.38295144401948,2.995380952995712,100.06121934530732,221.37079464085798,0.0,HEAT,NONE,1.0,0.37837328,100.0,False
279.75,221.36704947444053,3.000706422900694,100.16971991826544,221.35091698262278,0.0,HEAT,NONE,1.0,0.37963318,100.0,False
280.0,221.48308080101137,3.000529902010199,100.04658792723613,221.3311013451117,0.0,HEAT,NONE,1.0,0.37959864,100.0,False
280.25,221.14657677750367,2.99885564235188,100.03304823960352,221.3113475348125,0.0,HEAT,NONE,1.0,0.37919221,100.0,False
280.5,221.23150307126528,2.9996423853899903,99.87620201220174,221.29165535881674,0.0,HEAT,NONE,1.0,0.37937248,100.0,False
280.75,221.50217358478608,3.00583147819939,99.94156807567668,221.27202462481785,0.0,HEAT,NONE,1.0,0.38089655,100.0,False
281.0,221.3125089178941,2.9981852981173347,100.18942915764107,221.25245514110927,0.0,HEAT,NONE,1.0,0.37908119,100.0,False
281.25,221.29819625027042,2.999267384052881,99.96645054951864,221.2329467165826,0.0,HEAT,NONE,1.0,0.37932817,100.0,False
281.5,221.23241826285803,2.9960912376422937,100.10132987372418,221.21349916072577,0.0,HEAT,NONE,1.0,0.37853566,100.0,False
281.75,221.0870130476285,3.001017134960482,100.01944527074774,221.19411228362105,0.0,HEAT,NONE,1.0,0.37970374,100.0,False
282.0,221.3390273648805,2.9992726554255067,100.15346064792492,221.17478589594333,0.0,HEAT,NONE,1.0,0.3792844,100.0,False
282.25,221.0171668991915,3.0012085838884985,99.96638552149922,221.1555198089582,0.0,HEAT,NONE,1.0,0.37975281,100.0,False
282.5,221.16544651992737,2.9994918482629456,100.1404436682662,221.1363138345201,0.0,HEAT,NONE,1.0,0.3793431,100.0,False
282.75,220.81422590982987,3.000285202646278,99.77582520387813,221.1171677850706,0.0,HEAT,NONE,1.0,0.37953247,100.0,False
283.0,221.2791039988196,2.9933714335948496,99.8494327324204,221.09808147363634,0.0,HEAT,NONE,1.0,0.37782798,100.0,False
283.25,220.82797283912143,3.004754922324377,99.80665022158165,221.07905471382745,0.0,HEAT,NONE,1.0,0.38055618,100.0,False
283.5,221.07717449544666,2.9978324833221137,99.73003563934928,221.06008731983556,0.0,HEAT,NONE,1.0,0.37890284,100.0,False
283.75,220.99058590717942,3.0016067664659074,99.97235975211836,221.04117910643205,0.0,HEAT,NONE,1.0,0.3798076,100.0,False
284.0,221.16349188797997,2.998398281525592,100.00102876911212,221.02232988896628,0.0,HEAT,NONE,1.0,0.37903392,100.0,False
284.25,220.94581967026073,3.0006471288264467,100.28483676999278,221.00353948336368,0.0,HEAT,NONE,1.0,0.37956895,100.0,False
284.5,221.03914379458172,3.0001455069939147,99.9072378009347,220.98480770612406,0.0,HEAT,NONE,1.0,0.37945237,100.0,False
284.75,220.85281231723505,3.003942138188395,99.83316423218061,220.96613437431975,0.0,HEAT,NONE,1.0,0.38039134,100.0,False
285.0,220.81054802850596,2.998930618396443,99.9360534351706,220.94751930559386,0.0,HEAT,NONE,1.0,0.37920297,100.0,False
285.25,221.22239067603115,2.992213493856796,100.05420431891913,220.92896231815845,0.0,HEAT,NONE,1.0,0.3775318,100.0,False
285.5,221.01736979875824,2.996596574679536,99.90331343093902,220.9104632307928,0.0,HEAT,NONE,1.0,0.37851733,100.0,False
285.75,220.95691335759204,3.00512776846793,99.8619229940823,220.89202186284163,0.0,HEAT,NONE,1.0,0.38057851,100.0,False
286.0,220.63675469518483,3.0027307415157485,100.22856148880007,220.8736380342133,0.0,HEAT,NONE,1.0,0.38004695,100.0,False
286.25,220.8050568266747,2.992946897698708,100.21777967037048,220.85531156537803,0.0,HEAT,NONE,1.0,0.37766388,100.0,False
286.5,220.80726271901318,3.0035470887739937,99.99347771991674,220.83704227736632,0.0,HEAT,NONE,1.0,0.38019386,100.0,False
286.75,220.76248300983238,2.998526301988581,100.22101675268974,220.818829991767,0.0,HEAT,NONE,1.0,0.3789955,100.0,False
287.0,221.0158422224253,2.9935929988861405,99.85956175282774,220.80067453072553,0.0,HEAT,NONE,1.0,0.37775788,100.0,False
287.25,221.0491375411481,2.9994384583459603,99.79592898945435,220.7825757169424,0.0,HEAT,NONE,1.0,0.37911969,100.0,False
287.5,220.7652032342691,3.0002636741340813,99.98539824470593,220.7645333736712,0.0,HEAT,NONE,1.0,0.37931261,100.0,False
287.75,220.6746128922466,2.9996396339477296,99.93161383666734,220.74654732471706,0.0,HEAT,NONE,1.0,0.37915832,100.0,False
288.0,220.7787033914066,2.998165561221044,99.9565533551874,220.7286173944348,0.0,HEAT,NONE,1.0,0.37878705,100.0,False
288.25,220.68913232339332,3.0046778934275618,100.0560116701135,220.7107434077273,0.0,HEAT,NONE,1.0,0.3803701,100.0,False
288.5,220.67647014802208,3.0019860583860063,100.0609177430314,220.69292519004378,0.0,HEAT,NONE,1.0,0.3797614,100.0,False
288.75,220.83833779586664,3.0017383856348125,100.26908660433267,220.67516256737807,0.0,HEAT,NONE,1.0,0.37972523,100.0,False
289.0,220.85914792321688,2.999957634167402,99.93782355371917,220.6574553662669,0.0,HEAT,NONE,1.0,0.37930848,100.0,False
289.25,220.772186776802,3.001639532388049,99.98581465510955,220.63980341378826,0.0,HEAT,NONE,1.0,0.37972504,100.0,False
289.5,220.40066380782724,2.994461131195412,100.05223878260426,220.62220653755963,0.0,HEAT,NONE,1.0,0.37797379,100.0,False
289.75,220.72029090555571,3.0028323251588835,99.80692423548041,220.6046645657364,0.0,HEAT,NONE,1.0,0.37997345,100.0,False
290.0,220.74277890337663,2.9985873357050807,100.05826322826606,220.58717732701015,0.0,HEAT,NONE,1.0,0.37895942,100.0,False
290.25,220.63224835680714,2.9979029195221165,99.91130124265246,220.56974465060688,0.0,HEAT,NONE,1.0,0.37877307,100.0,False
290.5,220.24140845480193,2.997737045244526,99.72961869112693,220.55236636628547,0.0,HEAT,NONE,1.0,0.37870528,100.0,False
290.75,220.60064587405617,3.0008619577019964,100.13710781036089,220.53504230433597,0.0,HEAT,NONE,1.0,0.37944735,100.0,False
291.0,220.57125363025636,2.998704610474107,100.05193015986224,220.51777229557797,0.0,HEAT,NONE,1.0,0.37892331,100.0,False
291.25,220.44199240429643,3.0025469093707695,100.0473059448684,220.5005561713589,0.0,HEAT,NONE,1.0,0.37985468,100.0,False
291.5,220.33510777928828,3.0005184493226795,100.00830010701262,220.4833937635524,0.0,HEAT,NONE,1.0,0.37938396,100.0,False
291.75,220.42012826171825,3.003157706877992,100.2569576351055,220.46628490455672,0.0,HEAT,NONE,1.0,0.38004247,100.0,False
292.0,220.39406937033553,2.9991628294548414,99.66279052331812,220.44922942729298,0.0,HEAT,NONE,1.0,0.37909567,100.0,False
292.25,220.4128892541786,2.9989798646208206,99.67582312786774,220.43222716520367,0.0,HEAT,NONE,1.0,0.37904158,100.0,False
292.5,220.45855200263264,3.002149276991486,99.88988398942162,220.41527795225096,0.0,HEAT,NONE,1.0,0.37981239,100.0,False
292.75,220.342489773526,2.9973010737254735,100.11438131877169,220.39838162291502,0.0,HEAT,NONE,1.0,0.37864226,100.0,False
293.0,220.1539214134739,2.999487305026555,100.29266082516807,220.38153801219252,0.0,HEAT,NONE,1.0,0.37914942,100.0,False
293.25,220.37248514569671,3.001875242199094,99.97800188095869,220.36474695559494,0.0,HEAT,NONE,1.0,0.37973248,100.0,False
293.5,220.17184440913692,3.000219590233151,100.06097105143147,220.34800828914697,0.0,HEAT,NONE,1.0,0.37934682,100.0,False
293.75,220.17792560341505,3.001326200919136,100.18673650435062,220.33132184938498,0.0,HEAT,NONE,1.0,0.37962328,100.0,False
294.0,220.47514088351127,2.9954448525006585,99.85370806164178,220.3146874733553,0.0,HEAT,NONE,1.0,0.37818789,100.0,False
294.25,220.05605310028028,3.00378615992572,100.0915494026164,220.2981049986127,0.0,HEAT,NONE,1.0,0.38019177,100.0,False
294.5,220.38704534731943,2.997624210922384,99.82500010605992,220.28157426321883,0.0,HEAT,NONE,1.0,0.3787161,100.0,False
294.75,220.2766312655357,3.0007609064826988,99.87186198835046,220.2650951057406,0.0,HEAT,NONE,1.0,0.37946174,100.0,False
295.0,220.26999374805348,3.0023294780653718,100.03420236678849,220.24866736524862,0.0,HEAT,NONE,1.0,0.37985807,100.0,False
295.25,220.07638395081318,2.9938657085572116,99.96116800794151,220.23229088131558,0.0,HEAT,NONE,1.0,0.37779698,100.0,False
295.5,220.2406187306632,2.9999338378020437,99.93574747951673,220.21596549401477,0.0,HEAT,NONE,1.0,0.37921955,100.0,False
295.75,220.09597426446024,3.002866818710943,99.99214379826842,220.19969104391842,0.0,HEAT,NONE,1.0,0.37994107,100.0,False
296.0,220.20195045840265,2.9975684277038805,99.90693674899778,220.18346737209626,0.0,HEAT,NONE,1.0,0.37866663,100.0,False
296.25,220.19186400431104,2.9976703937333267,99.81110515367826,220.16729432011385,0.0,HEAT,NONE,1.0,0.37866119,100.0,False
296.5,220.1017990797768,3.0044844182596484,100.02864276673913,220.1511717300311,0.0,HEAT,NONE,1.0,0.38031373,100.0,False
296.75,220.35403937063487,3.00011637784587,99.95349019587125,220.1350994444007,0.0,HEAT,NONE,1.0,0.37928928,100.0,False
297.0,219.91024169856334,2.9987752640985255,100.21527756057479,220.11907730626663,0.0,HEAT,NONE,1.0,0.37896003,100.0,False
297.25,220.1522377000378,3.0028072790411957,100.10576467482288,220.10310515916257,0.0,HEAT,NONE,1.0,0.37994097,100.0,False
297.5,220.085751031115,2.9997624797258062,100.01787753597728,220.08718284711037,0.0,HEAT,NONE,1.0,0.379224,100.0,False
297.75,220.1720055282036,3.0017724176939375,100.07379583176503,220.0713102146186,0.0,HEAT,NONE,1.0,0.37971865,100.0,False
298.0,220.07860873299396,2.9979436159395414,99.96076068688174,220.05548710668094,0.0,HEAT,NONE,1.0,0.37879629,100.0,False
298.25,219.8984954073459,3.003439448823899,99.68469341236427,220.03971336877476,0.0,HEAT,NONE,1.0,0.38012916,100.0,False
298.5,219.99130925954933,3.007302410047156,99.94876981746432,220.02398884685948,0.0,HEAT,NONE,1.0,0.38112688,100.0,False
298.75,219.83809569410428,2.999481986697248,100.19340645462182,220.0083133873752,0.0,HEAT,NONE,1.0,0.37928917,100.0,False
299.0,219.96861927457726,3.001419832635766,100.01499294834197,219.99268683724117,0.0,HEAT,NONE,1.0,0.3797663,100.0,False
299.25,219.92117808456908,3.00891204200267,100.01067259564579,219.9771090438542,0.0,HEAT,NONE,1.0,0.38163844,100.0,False
299.5,219.88100619419367,2.9972501499762947,100.05708617476569,219.96157985508728,0.0,HEAT,NONE,1.0,0.37887388,100.0,False
299.75,220.00748172937617,3.0012621043952437,100.02117160495267,219.94609911928808,0.0,HEAT,NONE,1.0,0.3798374,100.0,False
300.0,219.71592395978442,3.000432470475464,99.95365549916067,219.9306666852774,0.0,HEAT,NONE,1.0,0.37965274,100.0,False
300.25,219.87236737779773,2.9943463278051548,99.91397128888805,219.91528240234774,0.0,HEAT,NONE,1.0,0.3781591,100.0,False
300.5,219.7909203881175,2.9991477599236482,99.7819871430732,219.89994612026186,0.0,HEAT,NONE,1.0,0.37927749,100.0,False
300.75,219.89225613314386,2.999692566629263,99.83203482224454,219.88465768925124,0.0,HEAT,NONE,1.0,0.37940149,100.0,False
301.0,219.77571850506996,2.996764403174491,100.13614217385965,219.8694169600147,0.0,HEAT,NONE,1.0,0.37867384,100.0,False
301.25,219.4749841988908,2.998568063403576,99.75092098716368,219.85422378371683,0.0,HEAT,NONE,1.0,0.37907825,100.0,False
301.5,219.77432727228302,3.0022497916364053,99.90540830809017,219.83907801198671,0.0,HEAT,NONE,1.0,0.37996779,100.0,False
301.75,219.84473778823983,2.9969821819709193,100.29092239108674,219.82397949691625,0.0,HEAT,NONE,1.0,0.37869276,100.0,False
302.0,219.94590754042176,3.003143343793974,99.80077278469888,219.8089280910589,0.0,HEAT,NONE,1.0,0.38017583,100.0,False
302.25,219.62876181681432,3.002735378363104,99.97084477288075,219.79392364742816,0.0,HEAT,NONE,1.0,0.38011267,100.0,False
302.5,219.74027771180687,3.0002668975663727,99.81172344730771,219.77896601949612,0.0,HEAT,NONE,1.0,0.37953746,100.0,False
302.75,219.8799850896339,2.999295182542966,100.07188602183354,219.76405506119212,0.0,HEAT,NONE,1.0,0.37930199,100.0,False
303.0,219.6485985242187,3.0008349639466676,99.89426775558263,219.7491906269012,0.0,HEAT,NONE,1.0,0.37967461,100.0,False
303.25,219.87752966099842,3.002611264668926,100.1367828427397,219.73437257146273,0.0,HEAT,NONE,1.0,0.38012437,100.0,False
303.5,219.797070300051,3.000903605488575,99.59411089073701,219.719600750169,0.0,HEAT,NONE,1.0,0.37973649,100.0,False
303.75,219.83010764962881,2.998101625036883,100.01424174896736,219.7048750187639,0.0,HEAT,NONE,1.0,0.37905772,100.0,False
304.0,219.64763931209336,2.9949039455440256,99.91920499495085,219.69019523344124,0.0,HEAT,NONE,1.0,0.37824589,100.0,False
304.25,219.77434147411705,3.0037477058230637,99.90656166107422,219.6755612508437,0.0,HEAT,NONE,1.0,0.38036682,100.0,False
304.5,219.52537720535565,3.0035350028181496,99.86761460583924,219.66097292806117,0.0,HEAT,NONE,1.0,0.38035953,100.0,False
304.75,219.9574755167887,2.9990347567025646,99.86748864476547,219.64643012262943,0.0,HEAT,NONE,1.0,0.37929284,100.0,False
305.0,219.779583333591,3.0040396525551127,99.78478786069391,219.63193269252878,0.0,HEAT,NONE,1.0,0.38051883,100.0,False
305.25,219.85132480947044,2.9977765157739538,100.22294943443961,219.61748049618265,0.0,HEAT,NONE,1.0,0.37902384,100.0,False
305.5,219.5460037275844,2.994069951380235,100.07529506675577,219.60307339245617,0.0,HEAT,NONE,1.0,0.378083,100.0,False
305.75,219.7276979554116,3.005576731268225,100.25853965950435,219.58871124065487,0.0,HEAT,NONE,1.0,0.38085168,100.0,False
306.0,219.67868020944206,2.9981078481294037,99.92190225539841,219.57439390052326,0.0,HEAT,NONE,1.0,0.3790752,100.0,False
306.25,219.51589029041213,2.9964812784858292,99.9588171954092,219.56012123224343,0.0,HEAT,NONE,1.0,0.37865064,100.0,False
306.5,219.16421398285235,2.999798370607816,99.99565973509183,219.54589309643376,0.0,HEAT,NONE,1.0,0.37942561,100.0,False
306.75,219.91659051247643,3.0015504121923566,99.92796696466516,219.5317093541475,0.0,HEAT,NONE,1.0,0.37985412,100.0,False
307.0,219.60228002551258,2.9954647616227548,99.90959621391075,219.51756986687138,0.0,HEAT,NONE,1.0,0.37836922,100.0,False
307.25,219.2233352895496,3.0038242869410157,100.0890009955313,219.5034744965244,0.0,HEAT,NONE,1.0,0.38037634,100.0,False
307.5,219.31308546388624,2.999013925694296,100.14246522970565,219.48942310545635,0.0,HEAT,NONE,1.0,0.37923395,100.0,False
307.75,219.54968184367863,3.0004224730617115,99.87132367233883,219.4754155564465,0.0,HEAT,NONE,1.0,0.37956913,100.0,False
308.0,219.36586494714993,2.999524599154031,100.13803832690458,219.46145171270226,0.0,HEAT,NONE,1.0,0.37935228,100.0,False
308.25,219.32320140476764,2.995913172572527,100.17160448806108,219.44753143785786,0.0,HEAT,NONE,1.0,0.37845385,100.0,False
308.5,219.29410774610682,3.002846830923291,100.0364582292954,219.433654595973,0.0,HEAT,NONE,1.0,0.3801146,100.0,False
308.75,219.55197815008364,3.0046110443613716,100.1032995312309,219.41982105153153,0.0,HEAT,NONE,1.0,0.38058385,100.0,False
309.0,219.52243545353528,2.9962417963692776,99.89572214781394,219.40603066944016,0.0,HEAT,NONE,1.0,0.37857431,100.0,False
309.25,219.48887529352325,3.003910302800329,100.2088153108821,219.39228331502704,0.0,HEAT,NONE,1.0,0.38042278,100.0,False
309.5,219.7260786705872,2.9999153611871505,100.03041756369359,219.3785788540406,0.0,HEAT,NONE,1.0,0.37948493,100.0,False
309.75,219.51584743082236,2.999046506982796,99.9906297455768,219.36491715264808,0.0,HEAT,NONE,1.0,0.37927106,100.0,False
310.0,219.1941933421399,3.00204195155784,99.83920033429045,219.3512980774343,0.0,HEAT,NONE,1.0,0.38000005,100.0,False
310.25,219.4145605091717,2.994640399272067,100.16445049196011,219.33772149540042,0.0,HEAT,NONE,1.0,0.37819802,100.0,False
310.5,219.16986610047232,3.001872032644098,99.76159967968236,219.32418727396245,0.0,HEAT,NONE,1.0,0.37991819,100.0,False
310.75,219.24472287463462,3.0027194543724547,99.87919815705796,219.3106952809502,0.0,HEAT,NONE,1.0,0.38014954,100.0,False
311.0,219.30732403624313,2.9975224863409045,99.65358545549606,219.29724538460582,0.0,HEAT,NONE,1.0,0.37889988,100.0,False
311.25,219.33004631541274,3.0004593956146626,99.83383416361235,219.28383745358255,0.0,HEAT,NONE,1.0,0.3795952,100.0,False
311.5,219.35652430144688,2.9967361842089235,99.84949046930397,219.27047135694346,0.0,HEAT,NONE,1.0,0.37868109,100.0,False
311.75,219.2581749966725,2.9973487110229247,100.34386504073706,219.25714696416014,0.0,HEAT,NONE,1.0,0.37879134,100.0,False
312.0,219.01062590037114,3.0018268711393166,100.14833609606929,219.2438641451115,0.0,HEAT,NONE,1.0,0.37986242,100.0,False
312.25,218.93373210131372,2.9942615487642312,100.08435863397662,219.23062277008236,0.0,HEAT,NONE,1.0,0.37801434,100.0,False
312.5,219.145195944609,3.0010858271453693,100.17091706035163,219.21742270976233,0.0,HEAT,NONE,1.0,0.37962641,100.0,False
312.75,219.14844160444412,2.9966530516348286,99.59058384530557,219.2042638352445,0.0,HEAT,NONE,1.0,0.37854146,100.0,False
313.0,219.22183597315842,2.9973380649554335,100.04700779363128,219.19114601802406,0.0,HEAT,NONE,1.0,0.37866606,100.0,False
313.25,219.21281248609412,2.996193070821897,100.25858138271084,219.17806912999728,0.0,HEAT,NONE,1.0,0.37834616,100.0,False
313.5,219.3275217877798,3.003209727593938,99.8223290626047,219.16503304346006,0.0,HEAT,NONE,1.0,0.38002727,100.0,False
313.75,219.09092308857188,2.9987611337232143,99.93778592721665,219.15203763110674,0.0,HEAT,NONE,1.0,0.3789637,100.0,False
314.0,218.9704666055611,3.0018139304713776,100.03438502902013,219.1390827660289,0.0,HEAT,NONE,1.0,0.37969962,100.0,False
314.25,219.1809741493926,2.9988473229889046,100.19365273903205,219.12616832171412,0.0,HEAT,NONE,1.0,0.37898699,100.0,False
314.5,219.14145539186816,2.9922538717878964,99.90398292779977,219.11329417204462,0.0,HEAT,NONE,1.0,0.37734275,100.0,False
314.75,219.09190990089422,3.0040126190479945,99.9548921593798,219.1004601912962,0.0,HEAT,NONE,1.0,0.38014808,100.0,False
315.0,219.05015341869583,2.998800989232981,100.09983299969451,219.08766625413696,0.0,HEAT,NONE,1.0,0.37890633,100.0,False
315.25,219.0077741550772,2.9990862146578934,99.88867661151218,219.07491223562596,0.0,HEAT,NONE,1.0,0.37895958,100.0,False
315.5,219.14568523239285,2.9993812871203818,99.74861538346569,219.06219801121213,0.0,HEAT,NONE,1.0,0.37901872,100.0,False
315.75,219.1429219703099,2.998935611461175,100.0535504093178,219.04952345673306,0.0,HEAT,NONE,1.0,0.3788988,100.0,False
316.0,219.09295622155744,3.0047470480828196,100.15667956288256,219.03688844841366,0.0,HEAT,NONE,1.0,0.38031866,100.0,False
316.25,218.93803842273616,3.000251530331632,99.80643908885696,219.0242928628651,0.0,HEAT,NONE,1.0,0.37926604,100.0,False
316.5,219.2633364756542,3.002063850425457,100.20916280833946,219.01173657708352,0.0,HEAT,NONE,1.0,0.37971734,100.0,False
316.75,218.95137004097384,2.9944288004460224,100.2297568986096,218.9992194684488,0.0,HEAT,NONE,1.0,0.37785806,100.0,False
317.0,219.00070905603914,3.001446270036521,100.00831947474953,218.98674141472353,0.0,HEAT,NONE,1.0,0.3795225,100.0,False
317.25,219.07100341257333,3.002532768390004,99.7614195173251,218.97430229405154,0.0,HEAT,NONE,1.0,0.37980769,100.0,False
317.5,219.12493600322685,2.999143256841101,99.92994279306943,218.961901984957,0.0,HEAT,NONE,1.0,0.37900175,100.0,False
317.75,219.20865467780607,3.0035699538075447,99.94927216705855,218.949540366343,0.0,HEAT,NONE,1.0,0.38008522,100.0,False
318.0,218.65875849637948,3.001003232910682,100.0807983732783,218.93721731749054,0.0,HEAT,NONE,1.0,0.37949638,100.0,False
318.25,218.9128523917303,2.996703231922129,99.88139680519711,218.92493271805722,0.0,HEAT,NONE,1.0,0.37844881,100.0,False
318.5,218.72440328217633,3.0013665445131297,100.12291254298138,218.9126864480762,0.0,HEAT,NONE,1.0,0.37956128,100.0,False
318.75,219.0542882346677,2.9984143418879325,100.03525379248067,218.90047838795482,0.0,HEAT,NONE,1.0,0.37884913,100.0,False
319.0,218.97141888754336,2.999213231340893,99.97772389225744,218.8883084184737,0.0,HEAT,NONE,1.0,0.37902716,100.0,False
319.25,219.19475637804604,3.0014308057254007,100.13244383860135,218.8761764207854,0.0,HEAT,NONE,1.0,0.37956487,100.0,False
319.5,218.7988571335513,3.0008252067621015,99.74285066365034,218.86408227641328,0.0,HEAT,NONE,1.0,0.37943266,100.0,False
319.75,218.84826539461267,3.004211719846103,100.31483478676734,218.85202586725035,0.0,HEAT,NONE,1.0,0.38027988,100.0,False
320.0,219.01950322972016,3.002349168040699,100.00794465018284,218.84000707555813,0.0,HEAT,NONE,1.0,0.37987338,100.0,False
320.25,218.7380304148613,2.999616165521895,100.09192540430186,218.82802578396553,0.0,HEAT,NONE,1.0,0.37923042,100.0,False
320.5,218.69831043562033,3.0029307312723517,99.85238259628883,218.81608187546763,0.0,HEAT,NONE,1.0,0.3800475,100.0,False
320.75,218.53728864735763,2.9968531706178676,99.7501929050884,218.80417523342464,0.0,HEAT,NONE,1.0,0.37858548,100.0,False
321.0,218.5864553774876,3.0035477228734893,99.96997721741324,218.79230574156065,0.0,HEAT,NONE,1.0,0.38020275,100.0,False
321.25,218.8132603241583,3.0033305823540757,100.18886525228632,218.78047328396255,0.0,HEAT,NONE,1.0,0.38019495,100.0,False
321.5,218.69298839573926,3.0035649087942,100.05768966381258,218.76867774507892,0.0,HEAT,NONE,1.0,0.3802973,100.0,False
321.75,218.75741799635458,3.0006086022070115,99.7861560071101,218.75691900971884,0.0,HEAT,NONE,1.0,0.37961575,100.0,False
322.0,218.62728178983738,2.9989053740128035,100.09145614468999,218.7451969630508,0.0,HEAT,NONE,1.0,0.37920717,100.0,False
322.25,218.67770683315118,2.998935295860397,100.14541518909597,218.73351149060164,0.0,HEAT,NONE,1.0,0.37920479,100.0,False
322.5,218.9336177217927,3.0017023366827846,100.19026331056835,218.7218624782553,0.0,HEAT,NONE,1.0,0.3798775,100.0,False
322.75,218.64959583639444,2.998335026558841,100.04775304610062,218.7102498122518,0.0,HEAT,NONE,1.0,0.37906893,100.0,False
323.0,218.65351253888417,2.997865539759065,100.24782165005153,218.6986733791861,0.0,HEAT,NONE,1.0,0.37893423,100.0,False
323.25,218.656955927299,2.996659804128827,100.07310963280233,218.687133066007,0.0,HEAT,NONE,1.0,0.37861036,100.0,False
323.5,218.95099798902248,3.000071059102727,100.18470594294449,218.67562876001605,0.0,HEAT,NONE,1.0,0.37941048,100.0,False
323.75,218.59848319690764,2.9983425919378943,99.89652684203435,218.66416034886643,0.0,HEAT,NONE,1.0,0.37898272,100.0,False
324.0,218.63121615200055,3.0054577935377447,99.82667572340725,218.65272772056184,0.0,HEAT,NONE,1.0,0.3807178,100.0,False
324.25,218.88691658798183,2.9964659372800027,99.96492828497385,218.64133076345544,0.0,HEAT,NONE,1.0,0.3785636,100.0,False
324.5,218.75533808231657,3.0016720388436218,100.04230452405425,218.6299693662487,0.0,HEAT,NONE,1.0,0.37980601,100.0,False
324.75,218.37123851158552,3.0007254708887396,99.84664529466538,218.6186434179904,0.0,HEAT,NONE,1.0,0.37959232,100.0,False
325.0,218.99268917707244,2.998935225848098,100.02830797997515,218.6073528080755,0.0,HEAT,NONE,1.0,0.37915945,100.0,False
325.25,218.4240922176697,2.9982243046424886,99.80634367582802,218.59609742624403,0.0,HEAT,NONE,1.0,0.37897086,100.0,False
325.5,218.73210707272392,2.999019347154799,100.08439912138935,218.58487716258006,0.0,HEAT,NONE,1.0,0.37914469,100.0,False
325.75,218.47100382273405,2.9983802371732557,100.19322709704457,218.57369190751064,0.0,HEAT,NONE,1.0,0.37897352,100.0,False
326.0,218.41678756014494,2.9946111388533865,100.0609360239938,218.56254155180463,0.0,HEAT,NONE,1.0,0.37802092,100.0,False
326.25,218.38022600517135,2.999142024691587,100.1367375072904,218.5514259865718,0.0,HEAT,NONE,1.0,0.37907039,100.0,False
326.5,218.41755563953953,3.0031649439400243,99.89781618388228,218.54034510326156,0.0,HEAT,NONE,1.0,0.38004925,100.0,False
326.75,218.75290061534244,3.0042416029114563,99.92929068840488,218.52929879366212,0.0,HEAT,NONE,1.0,0.38035153,100.0,False
327.0,218.48630272613187,2.9974194165567587,100.0300002974014,218.51828694989928,0.0,HEAT,NONE,1.0,0.37871832,100.0,False
327.25,218.67968503832333,2.9957908400569693,100.13761726672146,218.50730946443537,0.0,HEAT,NONE,1.0,0.37828462,100.0,False
327.5,218.29777573039712,2.997902284495635,99.73184443586592,218.49636623006833,0.0,HEAT,NONE,1.0,0.37875251,100.0,False
327.75,218.80119897349405,3.0008324262375163,100.03671289975684,218.48545713993056,0.0,HEAT,NONE,1.0,0.37944738,100.0,False
328.0,218.37316475373618,3.0037895045622123,99.68452348732454,218.47458208748785,0.0,HEAT,NONE,1.0,0.38018555,100.0,False
328.25,218.46774078113498,3.0068966037291824,99.94269189808355,218.46374096653847,0.0,HEAT,NONE,1.0,0.38099878,100.0,False
328.5,218.45550580282188,3.001724121196437,99.87828239883683,218.45293367121198,0.0,HEAT,NONE,1.0,0.37980821,100.0,False
328.75,218.445586870374,3.002451053889305,100.02915872985653,218.44216009596832,0.0,HEAT,NONE,1.0,0.38001302,100.0,False
329.0,218.48706819451294,2.9983189099406027,100.04734015884318,218.4314201355967,0.0,HEAT,NONE,1.0,0.37902694,100.0,False
329.25,218.42907853407456,3.0038732168585263,100.10865917638628,218.42071368521462,0.0,HEAT,NONE,1.0,0.38038169,100.0,False
329.5,218.37348836728626,2.991846059909098,100.10735832329283,218.4100406402668,0.0,HEAT,NONE,1.0,0.37746228,100.0,False
329.75,218.51269074858263,2.9971115284265655,99.7002447367184,218.3994008965242,0.0,HEAT,NONE,1.0,0.37866407,100.0,False
330.0,218.21752329168103,3.0028776919318942,99.84028277617865,218.388794350083,0.0,HEAT,NONE,1.0,0.38005104,100.0,False
330.25,218.30929212520107,3.0005189155091556,100.18365519726036,218.37822089736358,0.0,HEAT,NONE,1.0,0.37950256,100.0,False
330.5,218.36495685692108,2.9995120252040945,99.91767258811248,218.36768043510943,0.0,HEAT,NONE,1.0,0.3792601,100.0,False
330.75,218.6017707786573,3.003050258948521,99.98573148930032,218.3571728603863,0.0,HEAT,NONE,1.0,0.38012787,100.0,False
331.0,218.13721120748554,2.9972272428830418,100.08692224587315,218.34669807058106,0.0,HEAT,NONE,1.0,0.37872781,100.0,False
331.25,218.2280343127477,3.0025041654713682,100.05421878017886,218.33625596340076,0.0,HEAT,NONE,1.0,0.37999759,100.0,False
331.5,218.36974414569372,3.0015784518782347,100.07478817716817,218.32584643687161,0.0,HEAT,NONE,1.0,0.37980012,100.0,False
331.75,218.18719275833095,2.9985086579188756,100.35097241296803,218.31546938933803,0.0,HEAT,NONE,1.0,0.37906293,100.0,False
332.0,218.12394623369468,2.998185028499909,100.15985468384994,218.30512471946156,0.0,HEAT,NONE,1.0,0.37896565,100.0,False
332.25,218.27092324633696,2.997321094232624,99.80152393230077,218.29481232621993,0.0,HEAT,NONE,1.0,0.37872988,100.0,False
332.5,218.3649362975306,3.003037368415931,100.20998403471508,218.2845321089061,0.0,HEAT,NONE,1.0,0.38010751,100.0,False
332.75,218.28235224365173,3.0028586446078065,99.84505884501128,218.27428396712725,0.0,HEAT,NONE,1.0,0.38010016,100.0,False
333.0,218.2892710062742,2.997453262365113,100.02607582519046,218.2640678008038,0.0,HEAT,NONE,1.0,0.37880103,100.0,False
333.25,218.36649056218633,3.00290512006244,99.85151406763465,218.25388351016838,0.0,HEAT,NONE,1.0,0.38011706,100.0,False
333.5,218.43385407562812,2.998030299783719,99.84614008184013,218.243730995765,0.0,HEAT,NONE,1.0,0.3789495,100.0,False
333.75,218.208019525043,2.995228118774091,100.00068672950857,218.2336101584479,0.0,HEAT,NONE,1.0,0.37823394,100.0,False
334.0,218.26697652027337,2.9994088737145663,100.08042470358414,218.2235208993807,0.0,HEAT,NONE,1.0,0.37920667,100.0,False
334.25,218.16626096173331,3.000069032440698,99.78390037476203,218.2134631200354,0.0,HEAT,NONE,1.0,0.37936007,100.0,False
334.5,218.20983754729895,2.9974966873573434,99.93253320958256,218.20343672219144,0.0,HEAT,NONE,1.0,0.37872363,100.0,False
334.75,218.1793897487056,3.0008298157995728,99.75300015562182,218.19344160793466,0.0,HEAT,NONE,1.0,0.37951376,100.0,False
335.0,217.94896374847232,2.9992818017849365,100.07115789079239,218.18347767965645,0.0,HEAT,NONE,1.0,0.37913939,100.0,False
335.25,218.2275810526892,3.0029262880022594,100.19516146972263,218.17354484005276,0.0,HEAT,NONE,1.0,0.38002883,100.0,False
335.5,218.23810799129984,2.9999466464729565,99.8452813297288,218.16364299212313,0.0,HEAT,NONE,1.0,0.37932828,100.0,False
335.75,218.0118618722331,2.9986109622146846,100.0401229909959,218.15377203916972,0.0,HEAT,NONE,1.0,0.37899774,100.0,False
336.0,218.17704221477504,3.0001421548524565,99.9770916013068,218.14393188479647,0.0,HEAT,NONE,1.0,0.37935846,100.0,False
336.25,218.22869687105361,3.0007440911280816,100.0446770202787,218.13412243290801,0.0,HEAT,NONE,1.0,0.37950834,100.0,False
336.5,218.17060915556848,2.9984200764990114,99.84537437186256,218.12434358770884,0.0,HEAT,NONE,1.0,0.37894326,100.0,False
336.75,218.18826442266348,3.0014419639432344,99.96699609086029,218.11459525370233,0.0,HEAT,NONE,1.0,0.37966981,100.0,False
337.0,218.0425161957626,3.006908877292294,99.8861186434226,218.10487733568988,0.0,HEAT,NONE,1.0,0.38103758,100.0,False
337.25,218.06255812369264,3.0002987212204526,99.82686541354695,218.09518973876982,0.0,HEAT,NONE,1.0,0.37949207,100.0,False
337.5,218.10311776333762,3.0048729870537314,100.14008022976802,218.08553236833666,0.0,HEAT,NONE,1.0,0.38062901,100.0,False
337.75,218.17073518042304,3.0008539255234883,100.01679463248199,218.07590513008006,0.0,HEAT,NONE,1.0,0.37970057,100.0,False
338.0,218.2100668739184,2.9985388139881537,99.93657901799537,218.06630792998394,0.0,HEAT,NONE,1.0,0.37914416,100.0,False
338.25,218.07204707546254,3.0018437603083044,100.04956383861276,218.05674067432557,0.0,HEAT,NONE,1.0,0.37994619,100.0,False
338.5,218.14838411173386,2.9928989772855505,100.17895860933623,218.04720326967464,0.0,HEAT,NONE,1.0,0.3777626,100.0,False
338.75,218.3887858815368,3.0035621244584547,99.95235700967721,218.03769562289236,0.0,HEAT,NONE,1.0,0.38030984,100.0,False
339.0,217.90095114877738,3.0000898249228847,99.85195362062669,218.0282176411305,0.0,HEAT,NONE,1.0,0.3794961,100.0,False
339.25,218.12761996310297,2.9976701775094035,100.14409955183343,218.01876923183065,0.0,HEAT,NONE,1.0,0.37890037,100.0,False
339.5,218.21367071995914,2.993339273372684,100.04391670162708,218.00935030272305,0.0,HEAT,NONE,1.0,0.37780199,100.0,False
339.75,217.89521858061573,2.9957553525572553,99.90739856267109,217.99996076182592,0.0,HEAT,NONE,1.0,0.37831429,100.0,False
340.0,217.95776043548958,3.003433750121487,99.77178891005225,217.99060051744445,0.0,HEAT,NONE,1.0,0.3801539,100.0,False
340.25,218.13889136624354,3.0060987192562676,100.08961615988753,217.9812694781699,0.0,HEAT,NONE,1.0,0.3808505,100.0,False
340.5,218.05385874033718,2.999497206079369,99.82374396462319,217.97196755287882,0.0,HEAT,NONE,1.0,0.37929435,100.0,False
340.75,218.0429187498221,3.000731666707202,100.10973893645557,217.96269465073198,0.0,HEAT,NONE,1.0,0.37959415,100.0,False
341.0,218.33877673350167,3.0017021471311724,100.06385675193431,217.95345068117362,0.0,HEAT,NONE,1.0,0.37984359,100.0,False
341.25,218.178525252136,2.9953417778224645,99.82859460881001,217.94423555393055,0.0,HEAT,NONE,1.0,0.37829497,100.0,False
341.5,217.87876820500938,2.9977987620185345,100.10409000421173,217.93504917901123,0.0,HEAT,NONE,1.0,0.37884466,100.0,False
341.75,217.87827528416838,3.005164708840504,100.22806711300179,217.92589146670485,0.0,HEAT,NONE,1.0,0.3806353,100.0,False
342.0,218.0322729846244,2.9983573689327816,100.09254258412517,217.91676232758059,0.0,HEAT,NONE,1.0,0.37901692,100.0,False
342.25,218.0293205740485,2.996452074671962,100.05231695979202,217.9076616724866,0.0,HEAT,NONE,1.0,0.37852665,100.0,False
342.5,218.00450648046737,3.0005951870114402,100.23566651986826,217.89858941254926,0.0,HEAT,NONE,1.0,0.37950526,100.0,False
342.75,218.07166990934144,2.9974189962303304,100.01867235081511,217.88954545917218,0.0,HEAT,NONE,1.0,0.37872657,100.0,False
343.0,217.75520082275375,3.0018485429313593,99.86992776935631,217.88052972403545,0.0,HEAT,NONE,1.0,0.37978718,100.0,False
343.25,218.01003880982063,3.001120987387875,100.14562518788165,217.8715421190947,0.0,HEAT,NONE,1.0,0.37962855,100.0,False
343.5,217.84081986404868,2.995495645052649,100.26487527726844,217.86258255658026,0.0,HEAT,NONE,1.0,0.37825251,100.0,False
343.75,217.82776567271685,3.0043696058723937,100.06452735055896,217.85365094899635,0.0,HEAT,NONE,1.0,0.38038753,100.0,False
344.0,217.94583405642348,3.0053670199137423,100.05103529527376,217.84474720912016,0.0,HEAT,NONE,1.0,0.38068661,100.0,False
344.25,218.04590594610468,2.994981515140998,100.13066502243997,217.83587125000105,0.0,HEAT,NONE,1.0,0.37818945,100.0,False
344.5,217.79073992323154,2.9994508840297636,100.00130745444096,217.82702298495965,0.0,HEAT,NONE,1.0,0.37923288,100.0,False
344.75,217.87018139509857,3.004870848572931,99.72194303285833,217.81820232758707,0.0,HEAT,NONE,1.0,0.38056455,100.0,False
345.0,217.81601521848776,2.9973464886901433,100.17487210070396,217.80940919174398,0.0,HEAT,NONE,1.0,0.37876687,100.0,False
345.25,217.73717972836235,3.0010877029633996,99.94037443385001,217.80064349155987,0.0,HEAT,NONE,1.0,0.37965973,100.0,False
345.5,217.89211393912896,3.0026717973767587,99.94039000272407,217.7919051414321,0.0,HEAT,NONE,1.0,0.38006503,100.0,False
345.75,217.79055538376127,2.995144882841862,100.04580996804424,217.78319405602517,0.0,HEAT,NONE,1.0,0.37824033,100.0,False
346.0,217.90295034046818,2.9981427384179127,100.1680544070874,217.7745101502698,0.0,HEAT,NONE,1.0,0.37892159,100.0,False
346.25,217.45485678698174,2.9944080949631884,99.79176364138578,217.7658533393622,0.0,HEAT,NONE,1.0,0.37797486,100.0,False
346.5,217.6845043214615,3.0004811630873762,99.98817031760449,217.75722353876307,0.0,HEAT,NONE,1.0,0.3794029,100.0,False
346.75,217.7385568720177,3.002555326596409,99.92918202347894,217.74862066419698,0.0,HEAT,NONE,1.0,0.37991734,100.0,False
347.0,217.55050829886352,2.9964418316974695,100.31689975315577,217.74004463165141,0.0,HEAT,NONE,1.0,0.37843673,100.0,False
347.25,217.37867791753487,2.9999412463152066,100.2186860392407,217.73149535737596,0.0,HEAT,NONE,1.0,0.37925506,100.0,False
347.5,217.79547760136953,2.9979881776989394,100.00032789669368,217.7229727578816,0.0,HEAT,NONE,1.0,0.37876935,100.0,False
347.75,217.84406456912794,3.0042707493295904,99.8650988172282,217.71447674993968,0.0,HEAT,NONE,1.0,0.38029381,100.0,False
348.0,217.82007597608936,3.001052241939808,100.16566072208167,217.70600725058137,0.0,HEAT,NONE,1.0,0.3795499,100.0,False
348.25,217.9061264859761,2.9991815497537493,99.78256109438743,217.6975641770966,0.0,HEAT,NONE,1.0,0.3791012,100.0,False
348.5,217.74852292482592,3.0056131409855587,100.10283731632454,217.68914744703346,0.0,HEAT,NONE,1.0,0.38067981,100.0,False
348.75,217.71528140276263,3.0070241850155366,99.84399611771823,217.68075697819722,0.0,HEAT,NONE,1.0,0.38109902,100.0,False
349.0,217.80784121684215,2.9975309232725222,100.00744514995114,217.67239268864964,0.0,HEAT,NONE,1.0,0.37884542,100.0,False
349.25,217.67750103780946,3.003994438926284,99.85959792918578,217.66405449670816,0.0,HEAT,NONE,1.0,0.38041619,100.0,False
349.5,217.57547916457676,2.9943415708941936,100.07307987455746,217.65574232094505,0.0,HEAT,NONE,1.0,0.37808569,100.0,False
349.75,217.57872130870652,3.0008561300397942,99.83901013220209,217.64745608018663,0.0,HEAT,NONE,1.0,0.37962785,100.0,False
350.0,217.58528815049127,3.0026343616446622,99.97385211788543,217.63919569351253,0.0,HEAT,NONE,1.0,0.38007868,100.0,False
350.25,217.72480694923246,3.0008822882509785,99.94702409725691,217.63096108025488,0.0,HEAT,NONE,1.0,0.37968024,100.0,False
350.5,217.3887902700167,3.002178563484655,100.02560610584727,217.62275215999742,0.0,HEAT,NONE,1.0,0.38001387,100.0,False
350.75,217.7620608660456,2.9930012326696334,99.75180860288849,217.61456885257488,0.0,HEAT,NONE,1.0,0.37777651,100.0,False
351.0,217.28500195564536,2.996986653655368,100.15629248530053,217.60641107807206,0.0,HEAT,NONE,1.0,0.37867563,100.0,False
351.25,217.68317755472208,2.9997604733653813,100.01968604428995,217.59827875682313,0.0,HEAT,NONE,1.0,0.37932145,100.0,False
351.5,217.70429004130554,2.99897250029568,100.0594103425447,217.59017180941083,0.0,HEAT,NONE,1.0,0.37912167,100.0,False
351.75,217.6030833425606,2.9934001104828454,99.94227567678548,217.5820901566657,0.0,HEAT,NONE,1.0,0.37773019,100.0,False
352.0,217.77784716223863,2.9993191084183812,99.97853659504773,217.5740337196653,0.0,HEAT,NONE,1.0,0.37910693,100.0,False
352.25,217.47497249672438,2.999107272699147,100.16860182846767,217.56600241973337,0.0,HEAT,NONE,1.0,0.37904114,100.0,False
352.5,217.51778328130607,2.99756906219975,99.53329549947694,217.55799617843923,0.0,HEAT,NONE,1.0,0.37864579,100.0,False
352.75,217.464109399915,2.9949371897522363,99.72643757596985,217.55001491759683,0.0,HEAT,NONE,1.0,0.37796127,100.0,False
353.0,217.66133527075812,3.0033858569549037,99.71241810041076,217.54205855926412,0.0,HEAT,NONE,1.0,0.37998018,100.0,False
353.25,217.66184894644348,3.0023596317699996,99.88246468943507,217.53412702574224,0.0,HEAT,NONE,1.0,0.37976363,100.0,False
353.5,217.63637737721402,2.995910663751615,99.81933553707165,217.52622023957474,0.0,HEAT,NONE,1.0,0.37819745,100.0,False
353.75,217.30238482775812,2.997801352343862,100.13180332082622,217.51833812354684,0.0,HEAT,NONE,1.0,0.37861149,100.0,False
354.0,217.31043623102457,2.997870109081741,99.85724526320467,217.5104806006847,0.0,HEAT,NONE,1.0,0.37859784,100.0,False
354.25,217.53196715351913,3.000487840055383,100.12935091983763,217.50264759425463,0.0,HEAT,NONE,1.0,0.37921421,100.0,False
354.5,217.3881349550235,2.9976048651459135,99.9243785233348,217.49483902776234,0.0,HEAT,NONE,1.0,0.37850448,100.0,False
354.75,217.49228313516372,2.9988773471083134,100.04109868875288,217.48705482495228,0.0,HEAT,NONE,1.0,0.3787857,100.0,False
355.0,217.7509972596386,3.000016228924767,100.00544354928213,217.47929490980675,0.0,HEAT,NONE,1.0,0.37904951,100.0,False
355.25,217.67305476772125,2.9998147760178693,99.87129122128283,217.4715592065453,0.0,HEAT,NONE,1.0,0.37899682,100.0,False
355.5,217.29801187244107,3.0029686527866986,100.07512151569297,217.46384763962385,0.0,HEAT,NONE,1.0,0.37977094,100.0,False
355.75,217.43168272869764,3.00165569318866,100.18856471094202,217.45616013373407,0.0,HEAT,NONE,1.0,0.37948189,100.0,False
356.0,217.57594392891806,2.997187904251791,99.99557550821032,217.44849661380263,0.0,HEAT,NONE,1.0,0.37839885,100.0,False
356.25,217.45348252228965,3.0037857642433337,99.96303107130763,217.4408570049904,0.0,HEAT,NONE,1.0,0.37999368,100.0,False
356.5,217.3328311419066,2.99993744700462,99.7294227844072,217.43324123269176,0.0,HEAT,NONE,1.0,0.37908978,100.0,False
356.75,217.41782611940275,2.9995287525452796,100.06575008064463,217.42564922253385,0.0,HEAT,NONE,1.0,0.3789893,100.0,False
357.0,217.25979318812614,3.000050744286107,99.84861413303695,217.4180809003759,0.0,HEAT,NONE,1.0,0.37911314,100.0,False
357.25,217.2459080308841,3.003453381558909,99.92526831651568,217.41053619230848,0.0,HEAT,NONE,1.0,0.37995453,100.0,False
357.5,217.46453830341562,2.997709697712367,100.00922686477955,217.40301502465272,0.0,HEAT,NONE,1.0,0.3785799,100.0,False
357.75,217.13671759389442,2.999822644755742,99.91892538210932,217.39551732395967,0.0,HEAT,NONE,1.0,0.37907492,100.0,False
358.0,217.4696351256794,3.0018106201653936,99.96774675681974,217.3880430170095,0.0,HEAT,NONE,1.0,0.3795642,100.0,False
358.25,217.50011362293287,3.001693625663893,100.07438759810951,217.3805920308109,0.0,HEAT,NONE,1.0,0.37955841,100.0,False
358.5,217.48176902959486,3.000781289384238,99.94955494284518,217.37316429260028,0.0,HEAT,NONE,1.0,0.37935535,100.0,False
358.75,217.40829871785877,2.999666952553604,100.05150743063268,217.36575972984107,0.0,HEAT,NONE,1.0,0.37909173,100.0,False
359.0,217.5177903961696,3.003506308271301,99.93613154042355,217.35837827022303,0.0,HEAT,NONE,1.0,0.38003749,100.0,False
359.25,217.15175243078875,3.000488042182673,99.97436649786849,217.35101984166153,0.0,HEAT,NONE,1.0,0.37933745,100.0,False
359.5,217.5025004652362,2.999468954011871,99.9617897448511,217.34368437229682,0.0,HEAT,NONE,1.0,0.37909457,100.0,False
359.75,217.4395715247759,2.9992298091231957,99.96916820679732,217.33637179049344,0.0,HEAT,NONE,1.0,0.37903121,100.0,False
360.0,217.57874399781548,3.005184920118543,100.0872510367748,217.3290820248394,0.0,HEAT,NONE,1.0,0.38049403,100.0,False
360.25,217.35497855380103,2.99739065509812,100.07654336642989,217.32181500414555,0.0,HEAT,NONE,1.0,0.37863518,100.0,False
360.5,217.3161908173305,3.001169514643998,99.91530117420822,217.3145706574448,0.0,HEAT,NONE,1.0,0.37953896,100.0,False
360.75,217.2984721986045,2.999858643096126,100.04014998189942,217.3073489139915,0.0,HEAT,NONE,1.0,0.37923123,100.0,False
361.0,217.50683840782972,3.00150310398238,99.74468063746612,217.30014970326076,0.0,HEAT,NONE,1.0,0.37963715,100.0,False
361.25,217.140611119804,2.9955512833553986,99.87410819822597,217.29297295494777,0.0,HEAT,NONE,1.0,0.37818719,100.0,False
361.5,217.3623668258031,3.0018604862011435,99.90317235054863,217.285818598967,0.0,HEAT,NONE,1.0,0.37969117,100.0,False
361.75,217.31142231286054,2.998236111035397,99.78017506796839,217.27868656545166,0.0,HEAT,NONE,1.0,0.37881871,100.0,False
362.0,217.05389436836043,2.9980740073453878,100.20544238627613,217.2715767847529,0.0,HEAT,NONE,1.0,0.37875675,100.0,False
362.25,217.05654081015274,3.0045242674600803,100.19148181450662,217.26448918743927,0.0,HEAT,NONE,1.0,0.38032501,100.0,False
362.5,217.22285290175793,3.000275482726263,99.90084709632143,217.25742370429583,0.0,HEAT,NONE,1.0,0.37933109,100.0,False
362.75,217.23926690479993,3.002366963613958,99.99386863149434,217.2503802663237,0.0,HEAT,NONE,1.0,0.37985231,100.0,False
363.0,217.38508841032174,3.0037484743622547,100.04382487706273,217.24335880473924,0.0,HEAT,NONE,1.0,0.3802242,100.0,False
363.25,217.2777154512238,2.9996977673642653,100.04417587708357,217.23635925097344,0.0,HEAT,NONE,1.0,0.37927298,100.0,False
363.5,217.05488535835093,3.0011180065276104,100.02300763977463,217.2293815366712,0.0,HEAT,NONE,1.0,0.37962323,100.0,False
363.75,217.0856145196225,3.0062504642479557,99.84674644836923,217.2224255936908,0.0,HEAT,NONE,1.0,0.38090744,100.0,False
364.0,217.0776439217506,3.0001182063744585,99.70218066591958,217.21549135410297,0.0,HEAT,NONE,1.0,0.37947413,100.0,False
364.25,217.08226385072297,2.994705668734876,99.84744253735627,217.2085787501905,0.0,HEAT,NONE,1.0,0.37814389,100.0,False
364.5,217.17392276469351,3.0006595426441973,100.15730410951505,217.20168771444744,0.0,HEAT,NONE,1.0,0.37955191,100.0,False
364.75,217.30753316773004,3.00318760481677,100.0800907518287,217.19481817957848,0.0,HEAT,NONE,1.0,0.38018537,100.0,False
365.0,217.10982486957215,3.002708311107925,99.91884377385797,217.18797007849824,0.0,HEAT,NONE,1.0,0.38010788,100.0,False
365.25,217.08110091092357,3.0037166947411347,100.1098936225893,217.18114334433068,0.0,HEAT,NONE,1.0,0.38039347,100.0,False
365.5,217.19905163743186,3.001074188898906,100.12344240381664,217.1743379104084,0.0,HEAT,NONE,1.0,0.37979058,100.0,False
365.75,216.95526334456378,2.9984433146774845,99.81515457542068,217.1675537102721,0.0,HEAT,NONE,1.0,0.37915852,100.0,False
366.0,217.17086284668014,2.9968350176093725,100.19528278820212,217.16079067766972,0.0,HEAT,NONE,1.0,0.37874566,100.0,False
366.25,217.22347898836028,2.9966661453803454,99.98894963079694,217.15404874655596,0.0,HEAT,NONE,1.0,0.37866643,100.0,False
366.5,216.95752297826405,2.999486929297411,100.07366900878081,217.1473278510916,0.0,HEAT,NONE,1.0,0.3793216,100.0,False
366.75,217.17173891373008,2.9936143260810693,99.94138936219164,217.14062792564286,0.0,HEAT,NONE,1.0,0.37786322,100.0,False
367.0,217.20180697511256,3.000835012821769,100.16530768405428,217.13394890478074,0.0,HEAT,NONE,1.0,0.37956507,100.0,False
367.25,216.92619925644448,3.001409256983414,99.89396514066078,217.12729072328034,0.0,HEAT,NONE,1.0,0.37971329,100.0,False
367.5,217.1414064650813,3.000931296815108,100.09444752252053,217.1206533161203,0.0,HEAT,NONE,1.0,0.37961011,100.0,False
367.75,217.01902106184681,3.000186813279232,99.81630842882493,217.11403661848217,0.0,HEAT,NONE,1.0,0.37943646,100.0,False
368.0,216.88739331134985,3.0012773084429707,99.98325972352063,217.1074405657497,0.0,HEAT,NONE,1.0,0.3797072,100.0,False
368.25,216.84955488417904,2.9969529844139227,99.99421616716423,217.10086509350825,0.0,HEAT,NONE,1.0,0.37865467,100.0,False
368.5,217.3188326194054,3.002884179724691,100.11100345176483,217.09431013754417,0.0,HEAT,NONE,1.0,0.38008138,100.0,False
368.75,216.81140613275264,2.999216137713272,100.062831078722,217.08777563384416,0.0,HEAT,NONE,1.0,0.37921037,100.0,False
369.0,217.13159497744127,3.0008175450179735,99.95630497090993,217.0812615185947,0.0,HEAT,NONE,1.0,0.37959649,100.0,False
369.25,217.32960740146916,3.0039268662708842,99.97719507224237,217.07476772818126,0.0,HEAT,NONE,1.0,0.38037459,100.0,False
369.5,216.91263674855773,3.005330327829236,99.90838433866551,217.0682941991879,0.0,HEAT,NONE,1.0,0.3807709,100.0,False
369.75,217.23253383703567,3.004453407444483,99.84977305951327,217.06184086839653,0.0,HEAT,NONE,1.0,0.38062355,100.0,False
370.0,217.090209124443,2.997313828847714,100.0684397794992,217.0554076727863,0.0,HEAT,NONE,1.0,0.37892058,100.0,False
370.25,217.08826940945497,3.004411459326497,100.07972784541712,217.04899454953292,0.0,HEAT,NONE,1.0,0.38064523,100.0,False
370.5,217.03251859726262,3.0015826528479748,99.95044113900771,217.04260143600825,0.0,HEAT,NONE,1.0,0.38000544,100.0,False
370.75,216.97266669011995,3.00478361410437,99.86809274757378,217.03622826977946,0.0,HEAT,NONE,1.0,0.38082066,100.0,False
371.0,216.947765955098,2.9977984572635927,99.83270214067761,217.02987498860853,0.0,HEAT,NONE,1.0,0.37915986,100.0,False
371.25,216.69842821040146,3.0010085925672807,99.87350962165219,217.02354153045167,0.0,HEAT,NONE,1.0,0.3799311,100.0,False
371.5,216.9272596625977,2.9966326842035977,99.84397884864958,217.01722783345866,0.0,HEAT,NONE,1.0,0.37886658,100.0,False
371.75,216.84102923827675,2.9985016512433043,100.35082374504711,217.01093383597225,0.0,HEAT,NONE,1.0,0.37928919,100.0,False
372.0,217.10629576863823,3.000373621842004,99.76537221515487,217.00465947652756,0.0,HEAT,NONE,1.0,0.3797338,100.0,False
372.25,216.9859602646172,2.9945418311806318,100.10699391754194,216.9984046938515,0.0,HEAT,NONE,1.0,0.37829817,100.0,False
372.5,216.94913433214563,2.998648938631366,99.97788978323192,216.99216942686218,0.0,HEAT,NONE,1.0,0.37924413,100.0,False
372.75,216.8895893433073,2.9940723237708027,100.07810349775878,216.98595361466823,0.0,HEAT,NONE,1.0,0.37809422,100.0,False
373.0,216.7634718487069,2.9955772275526997,99.94651268502928,216.97975719656833,0.0,HEAT,NONE,1.0,0.37838871,100.0,False
373.25,216.85882304427784,3.0002631538219915,100.14272145757228,216.97358011205054,0.0,HEAT,NONE,1.0,0.37948554,100.0,False
373.5,216.995904421474,3.0000410652081544,99.99464929356488,216.96742230079172,0.0,HEAT,NONE,1.0,0.37942799,100.0,False
373.75,217.08114005019945,2.9939048075848693,100.04622144495794,216.96128370265694,0.0,HEAT,NONE,1.0,0.37790822,100.0,False
374.0,216.80639062413655,2.9962469861102337,99.99187475374436,216.9551642576989,0.0,HEAT,NONE,1.0,0.37840616,100.0,False
374.25,216.88211922203877,3.0020054714848916,100.15626257159273,216.94906390615736,0.0,HEAT,NONE,1.0,0.37977518,100.0,False
374.5,216.5852839801862,2.9998724874127283,100.28490220774236,216.9429825884585,0.0,HEAT,NONE,1.0,0.37926705,100.0,False
374.75,217.05820752387038,3.0044418904569805,100.00641922370701,216.93692024521445,0.0,HEAT,NONE,1.0,0.38038997,100.0,False
375.0,216.7067342153702,2.996363214535267,100.09790939403986,216.93087681722255,0.0,HEAT,NONE,1.0,0.37844695,100.0,False
375.25,217.05983722200546,2.9978506393709905,99.9509121285858,216.9248522454649,0.0,HEAT,NONE,1.0,0.37876801,100.0,False
375.5,216.94923514209026,2.9949779849796028,99.9386588575744,216.91884647110777,0.0,HEAT,NONE,1.0,0.37802904,100.0,False
375.75,217.14675066724604,3.0072073084084416,99.97493005601177,216.91285943550096,0.0,HEAT,NONE,1.0,0.38098348,100.0,False
376.0,217.1727931025423,2.998482821625801,99.86963348692863,216.90689108017727,0.0,HEAT,NONE,1.0,0.37891478,100.0,False
376.25,216.55638251407,3.003062150387559,99.93507324082668,216.90094134685194,0.0,HEAT,NONE,1.0,0.38002639,100.0,False
376.5,217.2371690894773,3.000939348657564,100.01949775458245,216.89501017742205,0.0,HEAT,NONE,1.0,0.37953963,100.0,False
376.75,216.6094037374691,3.0043752373781167,99.93683983557514,216.889097513966,0.0,HEAT,NONE,1.0,0.38040086,100.0,False
377.0,216.85032460979184,2.992900058796442,100.13025726644707,216.88320329874287,0.0,HEAT,NONE,1.0,0.37762267,100.0,False
377.25,217.01696676445863,2.9982983139995922,100.00531009700792,216.87732747419193,0.0,HEAT,NONE,1.0,0.37886943,100.0,False
377.5,216.9217454440591,3.0031518442879386,100.00711383541493,216.871469982932,0.0,HEAT,NONE,1.0,0.38004584,100.0,False
377.75,217.11549922141538,2.999279668432378,99.90053977302652,216.86563076776102,0.0,HEAT,NONE,1.0,0.37912749,100.0,False
378.0,216.7813053486367,2.992459648076312,99.8705115096686,216.8598097716553,0.0,HEAT,NONE,1.0,0.37743405,100.0,False
378.25,216.9966198220381,3.001499044255594,99.86881821740232,216.85400693776919,0.0,HEAT,NONE,1.0,0.37957147,100.0,False
378.5,216.89235100216064,2.994529901014267,99.94899930333075,216.8482222094343,0.0,HEAT,NONE,1.0,0.37786522,100.0,False
378.75,216.91294449318318,3.0031401085357707,99.87559051289865,216.84245553015913,0.0,HEAT,NONE,1.0,0.37992066,100.0,False
379.0,216.96543956079074,3.0064005161708685,99.92781720575726,216.83670684362838,0.0,HEAT,NONE,1.0,0.38076122,100.0,False
379.25,216.93398255611012,2.9955951816424498,99.6975800786398,216.8309760937025,0.0,HEAT,NONE,1.0,0.37817072,100.0,False
379.5,216.90908274551978,3.0007717446412414,100.02196807124885,216.82526322441709,0.0,HEAT,NONE,1.0,0.37939535,100.0,False
379.75,216.72412520029724,2.9997050411469606,100.11371608198611,216.81956817998235,0.0,HEAT,NONE,1.0,0.37914054,100.0,False
380.0,217.06374602262608,2.999968891849871,99.74451529347373,216.8138909047826,0.0,HEAT,NONE,1.0,0.37920162,100.0,False
380.25,216.99160419532117,3.002437011243171,100.09453765874096,216.8082313433756,0.0,HEAT,NONE,1.0,0.37981035,100.0,False
380.5,216.822154037048,3.0074050474901037,100.00361342988211,216.8025894404922,0.0,HEAT,NONE,1.0,0.38106776,100.0,False
380.75,216.866408688003,2.9942640593538044,99.90540624614553,216.79696514103563,0.0,HEAT,NONE,1.0,0.37791609,100.0,False
381.0,216.6805950608357,3.000218396419162,100.04455577423214,216.79135839008103,0.0,HEAT,NONE,1.0,0.37931869,100.0,False
381.25,216.66561240213625,3.005489124464249,99.83243922045394,216.78576913287495,0.0,HEAT,NONE,1.0,0.38062401,100.0,False
381.5,216.70490724608158,3.0005570709014755,99.80458133566268,216.78019731483477,0.0,HEAT,NONE,1.0,0.37947558,100.0,False
381.75,216.8525980160265,3.001698658805168,99.94842601853857,216.77464288154812,0.0,HEAT,NONE,1.0,0.3797678,100.0,False
382.0,217.04793844236204,2.999905980052747,100.0345078952625,216.76910577877248,0.0,HEAT,NONE,1.0,0.37934911,100.0,False
382.25,216.6117876515407,2.994643644791936,99.89760259541322,216.7635859524345,0.0,HEAT,NONE,1.0,0.37805124,100.0,False
382.5,216.70214410056016,2.9987475363992457,100.10770193589057,216.75808334862964,0.0,HEAT,NONE,1.0,0.37899982,100.0,False
382.75,216.38673598103156,2.996813600820191,99.71820911357176,216.75259791362143,0.0,HEAT,NONE,1.0,0.37850568,100.0,False
383.0,216.9408339212973,2.998785038291171,99.91505684053443,216.74712959384115,0.0,HEAT,NONE,1.0,0.37895124,100.0,False
383.25,216.56864714590617,3.003281822807543,99.93054910693895,216.7416783358872,0.0,HEAT,NONE,1.0,0.38004425,100.0,False
383.5,216.7619278877989,2.994202225207013,100.16820222138197,216.73624408652458,0.0,HEAT,NONE,1.0,0.37784031,100.0,False
383.75,216.78250125658093,3.0024502809995277,100.17805918702082,216.7308267926844,0.0,HEAT,NONE,1.0,0.37980406,100.0,False
384.0,216.68888577604,3.0000899411919546,100.10029529660082,216.7254264014634,0.0,HEAT,NONE,1.0,0.37924887,100.0,False
384.25,216.7766298067177,2.9998518959842206,99.99916325808103,216.72004286012333,0.0,HEAT,NONE,1.0,0.37918987,100.0,False
384.5,216.63150529193376,3.0027502342822183,100.13284381484306,216.71467611609046,0.0,HEAT,NONE,1.0,0.37990279,100.0,False
384.75,216.70272310298037,3.0060225967452405,99.7615820873765,216.70932611695517,0.0,HEAT,NONE,1.0,0.38074498,100.0,False
385.0,216.6616075943298,3.0050242651920187,99.9293617747205,216.7039928104713,0.0,HEAT,NONE,1.0,0.38057472,100.0,False
385.25,216.45094393628693,3.0036636438391646,100.0747312385379,216.69867614455578,0.0,HEAT,NONE,1.0,0.38030547,100.0,False
385.5,216.50664833050223,3.001498369742668,99.83904700679551,216.69337606728797,0.0,HEAT,NONE,1.0,0.37982175,100.0,False
385.75,216.47941198143408,2.9985889338623366,99.92052990795166,216.6880925269093,0.0,HEAT,NONE,1.0,0.37912795,100.0,False
386.0,216.51061384405583,2.99806371856723,99.84181805614554,216.6828254718226,0.0,HEAT,NONE,1.0,0.37898589,100.0,False
386.25,216.6794325658306,2.9992518637178334,100.10487980659025,216.6775748505918,0.0,HEAT,NONE,1.0,0.37925858,100.0,False
386.5,216.59683368968572,2.995374878018806,99.79448797073961,216.67234061194122,0.0,HEAT,NONE,1.0,0.37829352,100.0,False
386.75,216.62303469586908,3.004378573656927,100.12049288960527,216.66712270475523,0.0,HEAT,NONE,1.0,0.38046046,100.0,False
387.0,216.55839484592883,3.002223980515659,99.81849289185772,216.66192107807765,0.0,HEAT,NONE,1.0,0.37998211,100.0,False
387.25,216.80203258462475,2.99805070127239,100.10852136041501,216.65673568111131,0.0,HEAT,NONE,1.0,0.37898051,100.0,False
387.5,216.73812416785614,2.9985264426819573,100.04222880652927,216.6515664632175,0.0,HEAT,NONE,1.0,0.37907524,100.0,False
387.75,216.4788798804369,2.999256280068829,100.15587627956906,216.64641337391558,0.0,HEAT,NONE,1.0,0.3792376,100.0,False
388.0,217.25051730948013,3.001650672718988,100.00622282778583,216.64127636288234,0.0,HEAT,NONE,1.0,0.37981959,100.0,False
388.25,216.4768439500938,3.002581151940627,99.74386102508109,216.63615537995162,0.0,HEAT,NONE,1.0,0.38006958,100.0,False
388.5,216.50333237714509,3.0002545838406123,99.8117115114781,216.6310503751138,0.0,HEAT,NONE,1.0,0.37952796,100.0,False
388.75,216.85070842566287,3.002441113810011,99.90756815752353,216.62596129851525,0.0,HEAT,NONE,1.0,0.38007265,100.0,False
389.0,216.53040560384198,2.9949783064880067,99.78234760642516,216.62088810045793,0.0,HEAT,NONE,1.0,0.3782614,100.0,False
389.25,216.675490145218,3.0012357448268503,100.04594272839041,216.61583073139886,0.0,HEAT,NONE,1.0,0.37974611,100.0,False
389.5,216.64385331851184,2.997565789927915,100.0472920709182,216.6107891419496,0.0,HEAT,NONE,1.0,0.37885459,100.0,False
389.75,216.37734564251565,2.999474192818482,100.21489048560693,216.60576328287587,0.0,HEAT,NONE,1.0,0.3792953,100.0,False
390.0,216.79293013597098,2.9980940755987353,99.94279734504528,216.60075310509694,0.0,HEAT,NONE,1.0,0.37894673,100.0,False
390.25,216.7962329683939,3.005024246536803,99.76785584665784,216.5957585596853,0.0,HEAT,NONE,1.0,0.38063331,100.0,False
390.5,216.51968536786327,2.999928108314302,100.17654648119482,216.590779597866,0.0,HEAT,NONE,1.0,0.37943609,100.0,False
390.75,216.45278401114464,3.001161163778302,99.94791498392024,216.58581617101638,0.0,HEAT,NONE,1.0,0.3797407,100.0,False
391.0,216.93168137182525,3.000423796165633,99.97288134953227,216.5808682306654,0.0,HEAT,NONE,1.0,0.37957402,100.0,False
391.25,216.51866007499618,3.0022711503981627,100.0954603300112,216.5759357284933,0.0,HEAT,NONE,1.0,0.38003672,100.0,False
391.5,216.4011536459729,2.9995549463584097,99.79158614479513,216.57101861633106,0.0,HEAT,NONE,1.0,0.37939561,100.0,False
391.75,216.4454947028069,2.9950364535224328,99.79355632536218,216.56611684615999,0.0,HEAT,NONE,1.0,0.37827579,100.0,False
392.0,216.4510301644601,2.9963925247858336,100.07274559245593,216.5612303701112,0.0,HEAT,NONE,1.0,0.3785498,100.0,False
392.25,216.66960800903502,2.99892043012594,99.82469429822135,216.55635914046513,0.0,HEAT,NONE,1.0,0.37912724,100.0,False
392.5,216.66589137373325,2.993628966265282,99.70237176880559,216.55150310965118,0.0,HEAT,NONE,1.0,0.377804,100.0,False
392.75,216.64949324374788,3.0022287284088076,100.14005339793815,216.5466622302471,0.0,HEAT,NONE,1.0,0.3798452,100.0,False
393.0,216.50261254931127,2.9962651887455864,99.91655813786332,216.54183645497866,0.0,HEAT,NONE,1.0,0.37839494,100.0,False
393.25,216.61570239317527,2.998065530253993,99.88751271665815,216.5370257367191,0.0,HEAT,NONE,1.0,0.37878961,100.0,False
393.5,216.31543197137864,2.9970297846256826,100.12028861411494,216.53223002848873,0.0,HEAT,NONE,1.0,0.37850506,100.0,False
393.75,216.58919302402813,2.997284769470188,99.83056318498181,216.5274492834544,0.0,HEAT,NONE,1.0,0.37852626,100.0,False
394.0,216.431289217795,3.0026634044035214,99.81727072139637,216.5226834549291,0.0,HEAT,NONE,1.0,0.3798155,100.0,False
394.25,216.48582111285435,2.9943330542520483,99.80390984778923,216.51793249637154,0.0,HEAT,NONE,1.0,0.37778631,100.0,False
394.5,216.56987097934262,3.0039767712703833,99.81910485608148,216.51319636138558,0.0,HEAT,NONE,1.0,0.38009407,100.0,False
394.75,216.3852533779356,3.003351496294823,99.93453183624534,216.50847500371987,0.0,HEAT,NONE,1.0,0.37998451,100.0,False
395.0,216.41552991853777,3.0022411057234666,100.02285655916259,216.50376837726733,0.0,HEAT,NONE,1.0,0.37975043,100.0,False
395.25,216.65990903641114,3.002893132146,99.90662807257797,216.49907643606483,0.0,HEAT,NONE,1.0,0.37993962,100.0,False
395.5,216.46987932529015,3.000088920299306,99.78915330284195,216.49439913429254,0.0,HEAT,NONE,1.0,0.37928448,100.0,False
395.75,216.3365450716693,3.003198338559309,99.75441091663596,216.48973642627368,0.0,HEAT,NONE,1.0,0.38005572,100.0,False
396.0,216.62838398426058,3.000872721907083,99.97259726612252,216.48508826647395,0.0,HEAT,NONE,1.0,0.37952353,100.0,False
396.25,216.5550459717611,3.0013821025384337,100.17561265610338,216.48045460950112,0.0,HEAT,NONE,1.0,0.37966322,100.0,False
396.5,216.40913192329566,2.9991506698502066,99.95658607845223,216.4758354101046,0.0,HEAT,NONE,1.0,0.37913238,100.0,False
396.75,216.74826379624167,3.0027610550977917,99.85454312847517,216.471230623175,0.0,HEAT,NONE,1.0,0.38001625,100.0,False
397.0,216.41013771076882,2.9975638793774015,99.99580169257463,216.46664020374362,0.0,HEAT,NONE,1.0,0.37876929,100.0,False
397.25,216.48805509201813,3.006797628055485,99.7190850574211,216.46206410698215,0.0,HEAT,NONE,1.0,0.38102225,100.0,False
397.5,216.60616442594124,3.0006467964924424,99.88825674028372,216.4575022882021,0.0,HEAT,NONE,1.0,0.37958972,100.0,False
397.75,216.42439515333524,2.9977898831272816,100.00157475213527,216.4529547028544,0.0,HEAT,NONE,1.0,0.37889635,100.0,False
398.0,216.5940012319989,2.9948972694577614,100.19174701466133,216.44842130652904,0.0,HEAT,NONE,1.0,0.37815757,100.0,False
398.25,216.38185542293678,3.004412341584408,100.05624372320325,216.4439020549545,0.0,HEAT,NONE,1.0,0.38044532,100.0,False
398.5,216.61925599794358,3.0012272266269955,100.15768691681195,216.43939690399742,0.0,HEAT,NONE,1.0,0.37971324,100.0,False
398.75,216.43782351593637,2.996921434595952,100.09566169631863,216.43490580966218,0.0,HEAT,NONE,1.0,0.37866646,100.0,False
399.0,216.53192999144704,3.005993128242378,99.69323842821883,216.4304287280904,0.0,HEAT,NONE,1.0,0.38087011,100.0,False
399.25,216.39096108051905,3.002374628987057,99.8062747749317,216.42596561556053,0.0,HEAT,NONE,1.0,0.38005183,100.0,False
399.5,216.38209006483137,3.00535301810729,100.2079110203342,216.42151642848745,0.0,HEAT,NONE,1.0,0.38082008,100.0,False
399.75,216.27974050317806,3.0028295336825703,100.17306289586631,216.41708112342207,0.0,HEAT,NONE,1.0,0.38026769,100.0,False
400.0,216.52459849900063,2.999451084969955,100.0309827952672,216.41265965705077,0.0,HEAT,NONE,1.0,0.37947398,100.0,False
400.25,216.272706483817,2.996796038297544,100.10544778116014,216.40825198619515,0.0,HEAT,NONE,1.0,0.37881683,100.0,False
400.5,216.42035771733848,3.004170339431643,99.94526129163442,216.40385806781154,0.0,HEAT,NONE,1.0,0.38060202,100.0,False
400.75,216.0341664680207,2.9972553463073686,100.03722282525159,216.39947785899054,0.0,HEAT,NONE,1.0,0.37894837,100.0,False
401.0,216.44814819430547,2.9986857613249005,99.87204537295014,216.39511131695662,0.0,HEAT,NONE,1.0,0.37927068,100.0,False
401.25,216.61101411163196,2.9965893848950924,100.10255762508761,216.39075839906775,0.0,HEAT,NONE,1.0,0.37873761,100.0,False
401.5,216.33905333796594,2.995264222098806,100.20819631424244,216.38641906281492,0.0,HEAT,NONE,1.0,0.37836787,100.0,False
401.75,216.00107677358864,2.996690690845226,100.06098613493161,216.38209326582177,0.0,HEAT,NONE,1.0,0.37865945,100.0,False
402.0,216.32029295712374,3.0017718821045896,99.98119284902394,216.37778096584415,0.0,HEAT,NONE,1.0,0.37986951,100.0,False
402.25,216.30169942697307,3.0058566966541496,99.9633329996941,216.37348212076972,0.0,HEAT,NONE,1.0,0.38089665,100.0,False
402.5,216.34188635786396,2.995628411142532,99.88424677355587,216.36919668861754,0.0,HEAT,NONE,1.0,0.37844138,100.0,False
402.75,216.45895694464085,3.000934442516051,99.99694073890012,216.36492462753765,0.0,HEAT,NONE,1.0,0.37969769,100.0,False
403.0,216.25228568624502,3.0012238859390523,99.74117435943143,216.36066589581068,0.0,HEAT,NONE,1.0,0.37977964,100.0,False
403.25,216.30206090915956,2.998305499071735,99.8700781064533,216.3564204518474,0.0,HEAT,NONE,1.0,0.37907336,100.0,False
403.5,216.37224294521667,2.997201338182427,99.87672840181473,216.3521882541884,0.0,HEAT,NONE,1.0,0.37877933,100.0,False
403.75,216.61578610498773,3.0016647972819115,100.17756783973107,216.34796926150355,0.0,HEAT,NONE,1.0,0.37984587,100.0,False
404.0,216.34914152069052,3.002200265102469,100.11504404738004,216.34376343259174,0.0,HEAT,NONE,1.0,0.37999701,100.0,False
404.25,216.51956280546838,3.006233847442996,99.96413989222958,216.33957072638037,0.0,HEAT,NONE,1.0,0.38102035,100.0,False
404.5,216.37249919375705,2.998460044223427,99.47099029762865,216.33539110192504,0.0,HEAT,NONE,1.0,0.37917914,100.0,False
404.75,216.12017635602874,2.9988030283472877,100.09369037436397,216.33122451840904,0.0,HEAT,NONE,1.0,0.37924779,100.0,False
405.0,216.23941316899942,3.0022558726405273,100.19149536508932,216.32707093514307,0.0,HEAT,NONE,1.0,0.38008753,100.0,False
405.25,216.25991241737538,3.0029368170673205,100.26189674494398,216.32293031156473,0.0,HEAT,NONE,1.0,0.38028513,100.0,False
405.5,216.387651547198,2.9954781029558673,100.21961458659631,216.31880260723824,0.0,HEAT,NONE,1.0,0.37848162,100.0,False
405.75,216.28953598077197,2.9976666760712405,100.0170195828845,216.31468778185393,0.0,HEAT,NONE,1.0,0.37896822,100.0,False
406.0,216.22955549719424,3.0022106861018,100.11635860364852,216.31058579522795,0.0,HEAT,NONE,1.0,0.38006134,100.0,False
406.25,216.4891839794924,3.0005531236656804,99.88080013934774,216.3064966073018,0.0,HEAT,NONE,1.0,0.37967867,100.0,False
406.5,216.27847526136824,3.00138912298637,99.93895876105681,216.30242017814194,0.0,HEAT,NONE,1.0,0.37989239,100.0,False
406.75,216.73635241504348,2.997917818135719,99.91204159603421,216.2983564679395,0.0,HEAT,NONE,1.0,0.37905302,100.0,False
407.0,216.46664084825616,3.0010576876695394,99.99581114220886,216.29430543700974,0.0,HEAT,NONE,1.0,0.37980341,100.0,False
407.25,216.2557304158071,3.0000029094193557,100.1253299279507,216.2902670457918,0.0,HEAT,NONE,1.0,0.379556,100.0,False
407.5,216.4006483527028,2.9978151690016173,100.06478698276725,216.28624125484825,0.0,HEAT,NONE,1.0,0.37901598,100.0,False
407.75,216.40882079861646,3.0011933178127825,99.53704953685073,216.28222802486468,0.0,HEAT,NONE,1.0,0.37982311,100.0,False
408.0,216.14468779188743,2.996468735203724,99.96545119994214,216.27822731664935,0.0,HEAT,NONE,1.0,0.37867051,100.0,False
408.25,216.30110205840677,3.001850920446435,100.09265279077185,216.2742390911328,0.0,HEAT,NONE,1.0,0.3799553,100.0,False
408.5,216.2512204112895,2.998999743448428,100.26386799257338,216.27026330936752,0.0,HEAT,NONE,1.0,0.37927267,100.0,False
408.75,216.1743853529271,2.9999248722553893,100.23482487048621,216.26629993252746,0.0,HEAT,NONE,1.0,0.37948804,100.0,False
409.0,216.3142375520268,2.9928853901831554,100.0562391454219,216.26234892190774,0.0,HEAT,NONE,1.0,0.37774732,100.0,False
409.25,216.2003069538039,2.999265522295095,100.15765203895768,216.25841023892426,0.0,HEAT,NONE,1.0,0.37923303,100.0,False
409.5,216.32491397939566,2.998871891193235,100.13380142785832,216.25448384511324,0.0,HEAT,NONE,1.0,0.37912245,100.0,False
409.75,216.31586143658294,3.000072680710829,100.04515119501009,216.250569702131,0.0,HEAT,NONE,1.0,0.37940132,100.0,False
410.0,216.2846349854202,2.9987333915977032,99.93113499457336,216.24666777175347,0.0,HEAT,NONE,1.0,0.37906787,100.0,False
410.25,216.24655222304335,2.9969962167438977,99.81116745688497,216.24277801587579,0.0,HEAT,NONE,1.0,0.37862018,100.0,False
410.5,216.43403704260655,2.9993916608580995,99.996399668176,216.23890039651204,0.0,HEAT,NONE,1.0,0.37917139,100.0,False
410.75,216.21477827268257,3.0002344437430737,100.00340664256998,216.23503487579484,0.0,HEAT,NONE,1.0,0.37936806,100.0,False
411.0,216.2409501529818,2.9977340174332108,100.13980347571021,216.2311814159749,0.0,HEAT,NONE,1.0,0.37875031,100.0,False
411.25,216.12352576667945,3.0034465280623213,99.7121778352665,216.22733997942078,0.0,HEAT,NONE,1.0,0.38013041,100.0,False
411.5,216.06428177189537,3.0030374395877018,99.9777774982607,216.2235105286184,0.0,HEAT,NONE,1.0,0.38006953,100.0,False
411.75,216.1190398787305,3.000940976107074,99.84317115628615,216.21969302617072,0.0,HEAT,NONE,1.0,0.37958929,100.0,False
412.0,216.22741823492677,2.9930985269142147,99.93214585642384,216.21588743479745,0.0,HEAT,NONE,1.0,0.37766501,100.0,False
412.25,216.11461695372458,3.0019414881583595,100.13136569409934,216.21209371733457,0.0,HEAT,NONE,1.0,0.37976314,100.0,False
412.5,216.08012968806457,3.0049930071328124,99.91119500640959,216.20831183673403,0.0,HEAT,NONE,1.0,0.38053902,100.0,False
412.75,215.8961531945784,2.99261833447827,100.23084412995404,216.20454175606338,0.0,HEAT,NONE,1.0,0.37754431,100.0,False
413.0,216.1876529510016,2.998433977227427,99.88781526723297,216.2007834385054,0.0,HEAT,NONE,1.0,0.37888944,100.0,False
413.25,216.033204375444,3.004567034468951,99.98741754265001,216.1970368473577,0.0,HEAT,NONE,1.0,0.38038229,100.0,False
413.5,216.46183316856443,2.999539152544214,99.64745612497411,216.1933019460325,0.0,HEAT,NONE,1.0,0.37919535,100.0,False
413.75,216.3162437892803,2.999075686210865,99.96443834806448,216.1895786980561,0.0,HEAT,NONE,1.0,0.37907532,100.0,False
414.0,216.42095807232215,2.999472241409171,100.17429898582124,216.1858670670686,0.0,HEAT,NONE,1.0,0.37916138,100.0,False
414.25,216.18141826485194,2.998055396281925,100.07609721629724,216.18216701682363,0.0,HEAT,NONE,1.0,0.37880419,100.0,False
414.5,216.0883761452215,3.004162607507389,100.14398297702934,216.17847851118782,0.0,HEAT,NONE,1.0,0.38028768,100.0,False
414.75,216.1842116000366,3.0019667296356816,100.08469033268621,216.1748015141406,0.0,HEAT,NONE,1.0,0.37979625,100.0,False
415.0,216.12979340735512,3.0026646884918895,99.96590626202736,216.17113598977375,0.0,HEAT,NONE,1.0,0.37999426,100.0,False
415.25,216.25991275312904,2.9969121601646784,100.01530424964997,216.1674819022911,0.0,HEAT,NONE,1.0,0.37860844,100.0,False
415.5,216.2262530790282,2.997658560700648,99.93785096497689,216.16383921600817,0.0,HEAT,NONE,1.0,0.3787566,100.0,False
415.75,216.0805512216941,3.0024132309935907,99.89247502247161,216.16020789535185,0.0,HEAT,NONE,1.0,0.3799019,100.0,False
416.0,216.22284804711128,3.00460992451363,100.05417029879041,216.15658790485998,0.0,HEAT,NONE,1.0,0.38047429,100.0,False
416.25,215.91194531585023,3.0000370331274104,100.15698997011232,216.15297920918104,0.0,HEAT,NONE,1.0,0.37940347,100.0,False
416.5,216.10737235634355,3.0029910895838365,100.09373247136357,216.14938177307386,0.0,HEAT,NONE,1.0,0.38013628,100.0,False
416.75,216.21002783961035,2.9986360147647404,99.92430882209497,216.1457955614072,0.0,HEAT,NONE,1.0,0.37910047,100.0,False
417.0,216.1050172470574,2.9997265707591816,100.07978643160878,216.1422205391594,0.0,HEAT,NONE,1.0,0.37935594,100.0,False
417.25,216.20311756590945,2.9986609412724654,100.01130415041202,216.13865667141818,0.0,HEAT,NONE,1.0,0.37909109,100.0,False
417.5,216.19482215836925,2.9948033031092764,99.88644514999245,216.13510392338003,0.0,HEAT,NONE,1.0,0.37812268,100.0,False
417.75,216.01344742796923,2.9994993822653466,99.96050167577636,216.13156226035017,0.0,HEAT,NONE,1.0,0.37921757,100.0,False
418.0,216.09123619359866,2.99753587230185,100.10290118578007,216.12803164774198,0.0,HEAT,NONE,1.0,0.37872427,100.0,False
418.25,216.16822585998082,2.99543220643844,100.00412687663217,216.12451205107683,0.0,HEAT,NONE,1.0,0.3781716,100.0,False
418.5,215.95422493197475,3.005848350726973,99.93390032288134,216.12100343598362,0.0,HEAT,NONE,1.0,0.38068406,100.0,False
418.75,216.06071518120842,3.000509866828909,99.97234334392144,216.1175057681985,0.0,HEAT,NONE,1.0,0.37943488,100.0,False
419.0,216.10764227466183,3.0048618565592258,100.03634511165923,216.11401901356453,0.0,HEAT,NONE,1.0,0.38051555,100.0,False
419.25,216.2382558842659,3.003202006021222,99.85632105302993,216.11054313803135,0.0,HEAT,NONE,1.0,0.38016648,100.0,False
419.5,216.363001077963,3.001623452665189,100.14616119339149,216.10707810765481,0.0,HEAT,NONE,1.0,0.3798189,100.0,False
419.75,215.97672933958032,3.0018796667700975,100.06466677765837,216.10362388859673,0.0,HEAT,NONE,1.0,0.37990603,100.0,False
420.0,216.02228436750562,3.0061225702525856,100.08773167410558,216.10018044712444,0.0,HEAT,NONE,1.0,0.38098108,100.0,False
420.25,216.06357154650516,2.9993494338858624,100.13930774124847,216.09674774961059,0.0,HEAT,NONE,1.0,0.37938863,100.0,False
420.5,216.2656560079757,3.0005671711581856,100.18541850357451,216.0933257625327,0.0,HEAT,NONE,1.0,0.37968707,100.0,False
420.75,216.3132892182079,2.9950696132149073,99.93003857560734,216.08991445247287,0.0,HEAT,NONE,1.0,0.37834078,100.0,False
421.0,215.94848945358316,2.9994718776452522,100.21942593048334,216.08651378611754,0.0,HEAT,NONE,1.0,0.37936969,100.0,False
421.25,216.18405118796372,2.996082470161751,99.95893438287546,216.08312373025703,0.0,HEAT,NONE,1.0,0.37852633,100.0,False
421.5,216.23701540108206,2.9979454124608265,99.98849418186435,216.0797442517853,0.0,HEAT,NONE,1.0,0.37893737,100.0,False
421.75,216.12504266677652,2.9942404145800174,100.11993857932802,216.07637531769964,0.0,HEAT,NONE,1.0,0.37799466,100.0,False
422.0,216.127364143546,3.001883559613632,99.85620107998896,216.07301689510024,0.0,HEAT,NONE,1.0,0.37980781,100.0,False
422.25,215.95746996624746,2.998226806157638,100.04058474258079,216.06966895118998,0.0,HEAT,NONE,1.0,0.37892364,100.0,False
422.5,216.07988357149551,3.0005454755340573,100.27175753971413,216.06633145327407,0.0,HEAT,NONE,1.0,0.37947104,100.0,False
422.75,216.2618266301978,2.997958244197357,99.90497464697094,216.06300436875972,0.0,HEAT,NONE,1.0,0.37883583,100.0,False
423.0,216.3200467773215,2.999333500688067,100.20982581816352,216.05968766515588,0.0,HEAT,NONE,1.0,0.37914776,100.0,False
423.25,216.29917460043094,2.9987128612205223,99.96257701823664,216.0563813100728,0.0,HEAT,NONE,1.0,0.37898323,100.0,False
423.5,216.06850994721032,2.997856495602604,99.85632049031271,216.05308527122185,0.0,HEAT,NONE,1.0,0.37875282,100.0,False
423.75,215.9926206017212,3.003185527638688,99.93581604783165,216.0497995164151,0.0,HEAT,NONE,1.0,0.38003968,100.0,False
424.0,216.01857565090788,2.998969649644347,99.7982743876557,216.04652401356512,0.0,HEAT,NONE,1.0,0.37903533,100.0,False
424.25,216.26891510211286,2.9934277054981973,99.9048890154133,216.04325873068453,0.0,HEAT,NONE,1.0,0.3776525,100.0,False
424.5,216.12681246708598,2.9968158991847242,100.09371178851102,216.04000363588577,0.0,HEAT,NONE,1.0,0.37840525,100.0,False
424.75,216.22760780882786,2.9986916556010264,100.03427664252153,216.03675869738078,0.0,HEAT,NONE,1.0,0.37882433,100.0,False
425.0,215.86992580075082,3.0029037568909507,100.01620124639918,216.03352388348068,0.0,HEAT,NONE,1.0,0.37984334,100.0,False
425.25,216.06556567765514,3.0052450624211047,100.0735990831749,216.03029916259547,0.0,HEAT,NONE,1.0,0.38045364,100.0,False
425.5,216.23189736746355,3.002620354601347,99.8229668432937,216.0270845032337,0.0,HEAT,NONE,1.0,0.37986912,100.0,False
425.75,216.06600094819956,3.001976679154514,99.78606534691329,216.0238798740022,0.0,HEAT,NONE,1.0,0.37974405,100.0,False
426.0,216.22361821750408,3.0005555944901223,100.05811517000404,216.02068524360573,0.0,HEAT,NONE,1.0,0.37941982,100.0,False
426.25,215.88592608225596,3.0005296496387786,100.0478766108187,216.0175005808467,0.0,HEAT,NONE,1.0,0.37942283,100.0,False
426.5,215.96828473683522,3.000515285004306,99.6849528768066,216.01432585462487,0.0,HEAT,NONE,1.0,0.37942801,100.0,False
426.75,216.21834212464265,2.9968921744950223,99.67552886825538,216.01116103393704,0.0,HEAT,NONE,1.0,0.37854164,100.0,False
427.0,215.8668034673119,2.9979911108383606,100.08438904200602,216.0080060878767,0.0,HEAT,NONE,1.0,0.3787758,100.0,False
427.25,215.8706131735336,3.0015170943007683,99.85886911883766,216.00486098563383,0.0,HEAT,NONE,1.0,0.37962141,100.0,False
427.5,216.33556400899153,3.002175794698623,100.29618811904129,216.0017256964945,0.0,HEAT,NONE,1.0,0.37980233,100.0,False
427.75,215.84915756004258,3.0023519967699515,99.85926930185109,215.99860018984066,0.0,HEAT,NONE,1.0,0.37987318,100.0,False
428.0,216.0849325282815,3.0022010598980455,99.76344893921637,215.9954844351497,0.0,HEAT,NONE,1.0,0.37986652,100.0,False
428.25,215.82448101047854,2.996485741620532,99.77695961580395,215.99237840199436,0.0,HEAT,NONE,1.0,0.37848459,100.0,False
428.5,215.88209521215344,2.9973950242539655,99.78560051778055,215.98928206004223,0.0,HEAT,NONE,1.0,0.37866744,100.0,False
428.75,216.00319453577416,3.0021264176406834,99.80503587262048,215.98619537905557,0.0,HEAT,NONE,1.0,0.37980357,100.0,False
429.0,215.90176038187474,3.0003343780921505,99.96732926706561,215.983118328891,0.0,HEAT,NONE,1.0,0.3793868,100.0,False
429.25,215.87700564812576,3.00271167637765,100.12901512331,215.9800508794992,0.0,HEAT,NONE,1.0,0.37997865,100.0,False
429.5,216.08088028609174,2.999428936119562,100.29982011500844,215.97699300092455,0.0,HEAT,NONE,1.0,0.3792023,100.0,False
429.75,216.23685003024477,2.998894237683493,99.98373621913107,215.97394466330493,0.0,HEAT,NONE,1.0,0.37906457,100.0,False
430.0,216.1508960889669,2.997791668211445,100.06145811621514,215.97090583687142,0.0,HEAT,NONE,1.0,0.37877945,100.0,False
430.25,215.97644764652,2.9982613196632593,99.96685376785706,215.96787649194792,0.0,HEAT,NONE,1.0,0.37886775,100.0,False
430.5,215.7306712008708,2.9988838956498336,99.70220172657972,215.96485659895097,0.0,HEAT,NONE,1.0,0.37899888,100.0,False
430.75,216.30533456499015,3.005120462468712,100.18570522088005,215.96184612838942,0.0,HEAT,NONE,1.0,0.38052361,100.0,False
431.0,216.00551568949652,3.003171640762825,100.19211368544647,215.9588450508641,0.0,HEAT,NONE,1.0,0.38010522,100.0,False
431.25,216.10948413118206,3.0026660927640694,99.86431769764904,215.95585333706762,0.0,HEAT,NONE,1.0,0.38002128,100.0,False
431.5,216.0182608659948,2.9980841486711074,99.823915760564,215.95287095778397,0.0,HEAT,NONE,1.0,0.37892549,100.0,False
431.75,215.7796409684238,3.0011275569857947,100.15881566641544,215.94989788388835,0.0,HEAT,NONE,1.0,0.37965639,100.0,False
432.0,215.74258125607076,3.004983594327897,100.22111842573376,215.9469340863468,0.0,HEAT,NONE,1.0,0.38062466,100.0,False
432.25,215.88758605255782,2.997940482272146,99.98964937876592,215.94397953621598,0.0,HEAT,NONE,1.0,0.37894944,100.0,False
432.5,216.08879251629443,2.9983474886137658,99.83452418328942,215.9410342046428,0.0,HEAT,NONE,1.0,0.37902787,100.0,False
432.75,215.99005113618415,2.993432226143973,100.02143505656372,215.93809806286424,0.0,HEAT,NONE,1.0,0.37779514,100.0,False
433.0,216.10929126397596,3.0010829609465595,100.11722747205613,215.93517108220706,0.0,HEAT,NONE,1.0,0.37960307,100.0,False
433.25,216.00645418294405,3.0022535723658064,100.02185514824896,215.9322532340874,0.0,HEAT,NONE,1.0,0.37990351,100.0,False
433.5,215.80497525843782,2.9992044429063505,99.98901072690941,215.92934449001064,0.0,HEAT,NONE,1.0,0.37917713,100.0,False
433.75,216.1152740202289,3.0048196365194797,100.06309178660936,215.92644482157104,0.0,HEAT,NONE,1.0,0.38055419,100.0,False
434.0,215.81064119241344,2.9973500337517565,99.97187439812917,215.92355420045152,0.0,HEAT,NONE,1.0,0.3787694,100.0,False
434.25,216.12899222294763,3.000761145151954,99.99170003603054,215.92067259842332,0.0,HEAT,NONE,1.0,0.37958049,100.0,False
434.5,215.80304811269232,3.0023390788906688,100.04340572614768,215.9177999873458,0.0,HEAT,NONE,1.0,0.37998015,100.0,False
434.75,215.90731967037902,2.999805920668549,100.25297739850173,215.91493633916608,0.0,HEAT,NONE,1.0,0.37938457,100.0,False
435.0,215.88802497648007,3.00457501864481,100.18634274951316,215.9120816259188,0.0,HEAT,NONE,1.0,0.38056168,100.0,False
435.25,215.91708700824202,3.0017792105042775,99.98143315181827,215.9092358197259,0.0,HEAT,NONE,1.0,0.37992991,100.0,False
435.5,215.78214242453353,2.998173966479482,99.86391460955693,215.90639889279626,0.0,HEAT,NONE,1.0,0.37906504,100.0,False
435.75,215.98028812596678,2.9991701960587864,100.08517452030759,215.90357081742553,0.0,HEAT,NONE,1.0,0.37929142,100.0,False
436.0,216.02475433530742,2.9898298529452227,100.04672478292689,215.90075156599576,0.0,HEAT,NONE,1.0,0.3769758,100.0,False
436.25,215.62768952157052,3.0005294348206437,99.86839161304103,215.89794111097515,0.0,HEAT,NONE,1.0,0.37949137,100.0,False
436.5,215.91077508815806,3.004076138741227,99.74383019599989,215.89513942491783,0.0,HEAT,NONE,1.0,0.38037011,100.0,False
436.75,215.92094501958246,2.9994021831453312,99.71616729869127,215.89234648046357,0.0,HEAT,NONE,1.0,0.37926402,100.0,False
437.0,215.98675942714803,2.9997872025793537,99.92368924324727,215.88956225033752,0.0,HEAT,NONE,1.0,0.37935116,100.0,False
437.25,215.77851964466765,3.009337546353471,99.94091974648808,215.88678670734987,0.0,HEAT,NONE,1.0,0.38170695,100.0,False
437.5,215.6139713723565,2.996130587096702,99.94500796163229,215.88401982439572,0.0,HEAT,NONE,1.0,0.37856187,100.0,False
437.75,215.82360197691156,2.9990068734889106,99.8429525973745,215.8812615744547,0.0,HEAT,NONE,1.0,0.3792275,100.0,False
438.0,215.9597430251782,2.9978720182859395,99.79589121987226,215.87851193059072,0.0,HEAT,NONE,1.0,0.37893598,100.0,False
438.25,215.7534329342021,2.9983429917096314,100.12729357421956,215.8757708659518,0.0,HEAT,NONE,1.0,0.37902611,100.0,False
438.5,215.94571699980958,2.9986172586722635,100.00295454311353,215.87303835376972,0.0,HEAT,NONE,1.0,0.37907236,100.0,False
438.75,215.90258675330767,3.00585925718978,99.90735641900939,215.87031436735973,0.0,HEAT,NONE,1.0,0.38084248,100.0,False
439.0,215.9376592269689,3.0014336105361745,99.85704184241321,215.8675988801204,0.0,HEAT,NONE,1.0,0.37982168,100.0,False
439.25,215.89327525471617,2.9996245990274235,99.92952954968386,215.86489186553328,0.0,HEAT,NONE,1.0,0.37939442,100.0,False
439.5,215.9473306719244,3.0022493310624396,100.16953422203142,215.86219329716266,0.0,HEAT,NONE,1.0,0.38003971,100.0,False
439.75,215.8307310102502,2.9995448016220334,100.35259907926778,215.8595031486553,0.0,HEAT,NONE,1.0,0.37940148,100.0,False
440.0,215.69127566270922,2.999676270893945,100.13349609530795,215.85682139374023,0.0,HEAT,NONE,1.0,0.37943025,100.0,False
440.25,215.87666614203664,3.0010025519029746,100.02590265848677,215.8541480062284,0.0,HEAT,NONE,1.0,0.37975543,100.0,False
440.5,215.96453141791574,3.0027958596792512,99.96678860198493,215.85148296001248,0.0,HEAT,NONE,1.0,0.38021198,100.0,False
440.75,215.87845222986303,2.9985472527644372,99.93945579391776,215.8488262290666,0.0,HEAT,NONE,1.0,0.37919902,100.0,False
441.0,215.84323280078345,2.9954351507207564,100.11167776158959,215.8461777874461,0.0,HEAT,NONE,1.0,0.37841444,100.0,False
441.25,216.09890506517922,3.0043181413167876,100.19137811682701,215.84353760928727,0.0,HEAT,NONE,1.0,0.38055224,100.0,False
441.5,215.6962869113809,3.003401002955561,99.89268840913185,215.84090566880712,0.0,HEAT,NONE,1.0,0.38037893,100.0,False
441.75,215.83032301048175,3.0040944710296458,99.83921359767007,215.8382819403031,0.0,HEAT,NONE,1.0,0.38059405,100.0,False
442.0,215.96186159987275,2.9990567680850906,99.97718607643306,215.8356663981528,0.0,HEAT,NONE,1.0,0.37940401,100.0,False
442.25,215.70165287408378,2.999554913844805,99.93043118252989,215.8330590168138,0.0,HEAT,NONE,1.0,0.37951911,100.0,False
442.5,215.9872481563201,3.0019921866430708,99.79310393263076,215.83045977082338,0.0,HEAT,NONE,1.0,0.38011817,100.0,False
442.75,215.75207919120209,2.9971912174388,99.8227432258109,215.82786863479828,0.0,HEAT,NONE,1.0,0.37895939,100.0,False
443.0,215.65760001972896,2.998641541366189,99.96879167113859,215.82528558343438,0.0,HEAT,NONE,1.0,0.37928492,100.0,False
443.25,215.57493322265807,2.9968670951117335,100.0778357308997,215.82271059150656,0.0,HEAT,NONE,1.0,0.37883006,100.0,False
443.5,215.63920618175757,2.995963796572734,100.23815113902735,215.8201436338684,0.0,HEAT,NONE,1.0,0.37856743,100.0,False
443.75,216.01516712509405,2.9941996226941416,99.79735414864103,215.81758468545195,0.0,HEAT,NONE,1.0,0.37807928,100.0,False
444.0,215.87162162305677,2.9959631806841793,99.96208223402515,215.81503372126744,0.0,HEAT,NONE,1.0,0.37843845,100.0,False
444.25,215.74479817971329,3.0015477277312823,99.62069030174757,215.8124907164031,0.0,HEAT,NONE,1.0,0.37976172,100.0,False
444.5,215.47957991039502,2.9960565911902273,100.15208169525746,215.80995564602483,0.0,HEAT,NONE,1.0,0.37841873,100.0,False
444.75,215.7842787109057,2.9949364194922174,100.07394841029598,215.80742848537614,0.0,HEAT,NONE,1.0,0.37808793,100.0,False
445.0,215.91106121214713,2.9997435572392144,99.95041723851504,215.80490920977766,0.0,HEAT,NONE,1.0,0.37920642,100.0,False
445.25,215.86804335413254,3.0041319334127334,100.02286537642097,215.80239779462707,0.0,HEAT,NONE,1.0,0.38028037,100.0,False
445.5,215.87985871852433,3.000019263255478,99.94280718092942,215.7998942153988,0.0,HEAT,NONE,1.0,0.37931108,100.0,False
445.75,215.66000918158088,3.000936648188168,99.95497059609806,215.79739844764387,0.0,HEAT,NONE,1.0,0.37953569,100.0,False
446.0,215.75836513973755,3.0028850210501123,100.07320017730582,215.79491046698948,0.0,HEAT,NONE,1.0,0.38002677,100.0,False
446.25,215.92294507302327,2.995135851156922,100.08375721432584,215.79243024913893,0.0,HEAT,NONE,1.0,0.37814805,100.0,False
446.5,215.7014776477256,2.997848261208792,99.87217745370388,215.78995776987134,0.0,HEAT,NONE,1.0,0.37875716,100.0,False
446.75,215.96920240848794,3.002940767760084,99.89246502403189,215.78749300504137,0.0,HEAT,NONE,1.0,0.37998611,100.0,False
447.0,215.61439993971928,3.0002600630933367,99.93106421975544,215.78503593057903,0.0,HEAT,NONE,1.0,0.3793584,100.0,False
447.25,216.0315208257633,2.9958200512662265,99.72552187345177,215.78258652248945,0.0,HEAT,NONE,1.0,0.37826437,100.0,False
447.5,215.74178145759504,3.0005894538315725,100.01989267027957,215.7801447568526,0.0,HEAT,NONE,1.0,0.37938926,100.0,False
447.75,215.89072402680753,3.0067342326847624,99.9486485950947,215.7777106098231,0.0,HEAT,NONE,1.0,0.38091218,100.0,False
448.0,215.69362867791423,2.9946841356651324,100.03651084366156,215.77528405762993,0.0,HEAT,NONE,1.0,0.37801911,100.0,False
448.25,215.90087634947173,2.999628889905077,100.1770922551668,215.7728650765763,0.0,HEAT,NONE,1.0,0.37917552,100.0,False
448.5,215.77499712749676,3.0049912320997976,100.04997003858004,215.77045364303933,0.0,HEAT,NONE,1.0,0.38049429,100.0,False
448.75,215.60947563456506,2.9981277468392333,99.76993807359496,215.76804973346984,0.0,HEAT,NONE,1.0,0.37886107,100.0,False
449.0,215.50509390607445,3.0010004721823917,100.13043969617435,215.76565332439213,0.0,HEAT,NONE,1.0,0.3795485,100.0,False
449.25,216.0564036673655,2.999956365194536,99.96447112523452,215.76326439240376,0.0,HEAT,NONE,1.0,0.37930364,100.0,False
449.5,215.59452737094205,3.00309230354037,100.05837650516692,215.76088291417528,0.0,HEAT,NONE,1.0,0.38007848,100.0,False
449.75,215.66923926176042,3.0019437156181845,100.08420233351308,215.75850886645006,0.0,HEAT,NONE,1.0,0.37983451,100.0,False
450.0,215.4756494547255,3.001949095779247,100.02041641840587,215.756142226044,0.0,HEAT,NONE,1.0,0.37986222,100.0,False
450.25,215.69506151558608,2.998311569126836,100.26226034542626,215.7537829698454,0.0,HEAT,NONE,1.0,0.37899096,100.0,False
450.5,215.98182548246268,3.005183323790918,99.82770006492008,215.75143107481458,0.0,HEAT,NONE,1.0,0.38066978,100.0,False
450.75,215.65091230190188,3.001993343819423,99.8187298703575,215.74908651798384,0.0,HEAT,NONE,1.0,0.3799487,100.0,False
451.0,215.63871885157556,2.9937000862717382,100.27796377611928,215.74674927645708,0.0,HEAT,NONE,1.0,0.37792917,100.0,False
451.25,215.90382211540262,3.001011163297644,100.0328832180776,215.74441932740964,0.0,HEAT,NONE,1.0,0.37965955,100.0,False
451.5,215.67952694442204,2.99835631836047,100.09235292998292,215.74209664808814,0.0,HEAT,NONE,1.0,0.37901663,100.0,False
451.75,215.63301448343273,3.003366873547579,99.92611313565882,215.7397812158101,0.0,HEAT,NONE,1.0,0.38023422,100.0,False
452.0,215.6064503341629,3.003297481854802,99.97840319994943,215.73747300796387,0.0,HEAT,NONE,1.0,0.38025904,100.0,False
452.25,215.81840325598205,2.997883767484171,99.66248460114859,215.73517200200834,0.0,HEAT,NONE,1.0,0.37896493,100.0,False
452.5,215.8149585885049,2.9952626150899393,100.16233448251998,215.73287817547273,0.0,HEAT,NONE,1.0,0.37829355,100.0,False
452.75,215.49796881454293,2.994098558218902,100.04614584481737,215.7305915059564,0.0,HEAT,NONE,1.0,0.37794748,100.0,False
453.0,215.79210254299326,3.000499626682251,99.81796314229965,215.72831197112853,0.0,HEAT,NONE,1.0,0.37945279,100.0,False
453.25,215.85931934860176,2.995740865072631,99.93036057127931,215.72603954872807,0.0,HEAT,NONE,1.0,0.37827969,100.0,False
453.5,215.60555505729667,2.9993536963929714,100.12791705123867,215.72377421656333,0.0,HEAT,NONE,1.0,0.37911553,100.0,False
453.75,215.6264044329341,3.0022325266980463,100.10412193993977,215.72151595251194,0.0,HEAT,NONE,1.0,0.37981413,100.0,False
454.0,215.46260878773066,2.9968547912452532,99.94249716038557,215.7192647345205,0.0,HEAT,NONE,1.0,0.3785101,100.0,False
454.25,215.6282023143441,3.001540485516869,99.71025085610383,215.71702054060444,0.0,HEAT,NONE,1.0,0.37962569,100.0,False
454.5,215.8228720235188,3.0027255967127005,99.9747640611586,215.7147833488478,0.0,HEAT,NONE,1.0,0.37993495,100.0,False
454.75,215.50509433972525,3.000285697053737,99.91937640361058,215.71255313740298,0.0,HEAT,NONE,1.0,0.37936488,100.0,False
455.0,215.79532582774905,2.999992913378342,100.10923403802329,215.71032988449056,0.0,HEAT,NONE,1.0,0.37929604,100.0,False
455.25,215.64311524204285,3.0045814055226217,99.65428588808793,215.70811356839906,0.0,HEAT,NONE,1.0,0.38042926,100.0,False
455.5,215.55347785800097,3.001349485100326,99.77336261046398,215.70590416748476,0.0,HEAT,NONE,1.0,0.37968874,100.0,False
455.75,215.8140913958487,2.996118797999082,100.0139796779517,215.70370166017145,0.0,HEAT,NONE,1.0,0.37841617,100.0,False
456.0,215.56429260437264,2.9987703528781795,100.02619357210291,215.70150602495025,0.0,HEAT,NONE,1.0,0.37902451,100.0,False
456.25,215.68360708757544,2.999053714078464,100.32296741283578,215.6993172403794,0.0,HEAT,NONE,1.0,0.37907925,100.0,False
456.5,215.69840455069988,2.9973676975443464,100.13914015496549,215.69713528508404,0.0,HEAT,NONE,1.0,0.37865037,100.0,False
456.75,215.81805938898046,3.00416617224022,100.26808875326454,215.694960137756,0.0,HEAT,NONE,1.0,0.38029545,100.0,False
457.0,215.55189133812863,3.0033316414677524,100.17093991209327,215.69279177715356,0.0,HEAT,NONE,1.0,0.38013999,100.0,False
457.25,215.69068482668095,3.0006144751405412,99.54958265315366,215.69063018210133,0.0,HEAT,NONE,1.0,0.37951106,100.0,False
457.5,215.60238290797415,3.005194362912473,99.73197326689339,215.68847533148997,0.0,HEAT,NONE,1.0,0.380652,100.0,False
457.75,215.60597319661002,3.0002651004053553,100.08633450584385,215.68632720427598,0.0,FAULT,TIMEOUT,0.0,1.0,0.0,False
