time_s,temperature_c,pressure_torr,flow_sccm,truth_temperature_c,truth_thickness_nm,state,fault,heater,throttle,flow_command,precursor
0.0,25.04481183062627,4.999177586433913,0.0,25.0,0.0,PUMP_DOWN,NONE,0.0,1.0,0.0,False
0.25,24.93179938222424,4.411859635206296,0.009021540389615772,25.0,0.0,PUMP_DOWN,NONE,0.0,1.0,0.0,False
0.5,25.20103228683318,3.8969512801399433,0.0,25.0,0.0,PUMP_DOWN,NONE,0.0,1.0,0.0,False
0.75,25.07347630752778,3.4437712694035234,0.01581213734968478,25.0,0.0,PUMP_DOWN,NONE,0.0,1.0,0.0,False
1.0,24.86042979329377,3.0404349299015263,0.10429547916874317,25.0,0.0,PUMP_DOWN,NONE,0.0,1.0,0.0,False
1.25,24.798367817907238,2.6842290667414526,0.0,25.0,0.0,PUMP_DOWN,NONE,0.0,1.0,0.0,False
1.5,24.806569339032254,2.3668602275368795,0.0,25.0,0.0,PUMP_DOWN,NONE,0.0,1.0,0.0,False
1.75,24.809883027783446,2.0967866510754383,0.023512662993633773,25.0,0.0,PUMP_DOWN,NONE,0.0,1.0,0.0,False
2.0,24.971960358305505,1.8444893379013227,0.0,25.0,0.0,PUMP_DOWN,NONE,0.0,1.0,0.0,False
2.25,24.99272485818984,1.6371092144025932,0.0,25.0,0.0,PUMP_DOWN,NONE,0.0,1.0,0.0,False
2.5,24.92833700859491,1.4438583311295783,0.0,25.0,0.0,PUMP_DOWN,NONE,0.0,1.0,0.0,False
2.75,25.159134793507913,1.2767185830816432,0.0,25.0,0.0,PUMP_DOWN,NONE,0.0,1.0,0.0,False
3.0,25.132658480107477,1.1294373962409519,0.0,25.0,0.0,PUMP_DOWN,NONE,0.0,1.0,0.0,False
3.25,25.016569621487424,1.0008114878396526,0.0,25.0,0.0,PUMP_DOWN,NONE,0.0,1.0,0.0,False
3.5,25.01142103455655,0.8894707086484424,0.0,25.0,0.0,PUMP_DOWN,NONE,0.0,1.0,0.0,False
3.75,25.12890740320324,0.7840657969648345,0.0,25.0,0.0,PUMP_DOWN,NONE,0.0,1.0,0.0,False
4.0,25.300062481951365,0.6962564896545862,0.0,25.0,0.0,PUMP_DOWN,NONE,0.0,1.0,0.0,False
4.25,25.01117743431572,0.6165062507192751,0.0,25.0,0.0,PUMP_DOWN,NONE,0.0,1.0,0.0,False
4.5,25.10243654007928,0.5446885863576368,0.10008713412514918,25.0,0.0,PUMP_DOWN,NONE,0.0,1.0,0.0,False
4.75,25.215778388748422,0.4811851695160879,0.030470791558441353,25.0,0.0,PUMP_DOWN,NONE,0.0,1.0,0.0,False
5.0,24.930503863519238,0.4291650983806941,0.0,25.0,0.0,PUMP_DOWN,NONE,0.0,1.0,0.0,False
5.25,24.9131047605246,0.3801614021121594,0.13481458081506115,25.0,0.0,PUMP_DOWN,NONE,0.0,1.0,0.0,False
5.5,25.17178330111812,0.3343901654319515,0.0,25.0,0.0,PUMP_DOWN,NONE,0.0,1.0,0.0,False
5.75,25.097035513386015,0.29497511537628823,0.0,25.0,0.0,PUMP_DOWN,NONE,0.0,1.0,0.0,False
6.0,24.985406961149486,0.27171064540382334,0.10341058508561334,25.0,0.0,PUMP_DOWN,NONE,0.0,1.0,0.0,False
6.25,24.95091798696667,0.23770020176226944,0.0,25.0,0.0,PUMP_DOWN,NONE,0.0,1.0,0.0,False
6.5,25.228529410068425,0.21181148017425735,0.0,25.0,0.0,PUMP_DOWN,NONE,0.0,1.0,0.0,False
6.75,25.05288836009279,0.19004391785683783,0.0,25.0,0.0,PUMP_DOWN,NONE,0.0,1.0,0.0,False
7.0,24.83288992852734,0.1703484050390308,0.0,25.0,0.0,PUMP_DOWN,NONE,0.0,1.0,0.0,False
7.25,25.174919166428534,0.1546717702431541,0.0,25.0,0.0,PUMP_DOWN,NONE,0.0,1.0,0.0,False
7.5,25.1002571534901,0.13609876570778617,0.15781895376404204,25.0,0.0,HEAT,NONE,1.0,0.0,100.0,False
7.75,27.96330622220148,0.18228526691435937,26.644803118537297,27.964116156302225,0.0,HEAT,NONE,1.0,0.0,100.0,False
8.0,30.970985915106752,0.24939787466332056,46.168557806359985,30.918983907774987,0.0,HEAT,NONE,1.0,0.0,100.0,False
8.25,33.81896057891536,0.34759259018650907,60.864045251676934,33.864632110572074,0.0,HEAT,NONE,1.0,0.0,100.0,False
8.5,37.137803024785555,0.45923596009433776,71.2559287760144,36.801089530812646,0.0,HEAT,NONE,1.0,0.0,100.0,False
8.75,39.75919543677174,0.5856573982408566,79.01240037500435,39.728384844862035,0.0,HEAT,NONE,1.0,0.0,100.0,False
9.0,42.615657090073775,0.716379816313406,84.74248946106223,42.646546639611756,0.0,HEAT,NONE,1.0,0.0,100.0,False
9.25,45.40055203794779,0.8493204216133459,88.78560397526483,45.55560341275884,0.0,HEAT,NONE,1.0,0.0,100.0,False
9.5,48.29741087977655,0.9890221127059675,91.66280666603363,48.45558357308391,0.0,HEAT,NONE,1.0,0.0,100.0,False
9.75,51.49232544691637,1.129597194220021,94.00792918333455,51.34651544072881,0.0,HEAT,NONE,1.0,0.0,100.0,False
10.0,54.13977299454462,1.27057866526436,95.3066446937232,54.228427247473064,0.0,HEAT,NONE,1.0,0.00640583,100.0,False
10.25,56.931636016431035,1.4134011300237843,96.46622021103907,57.1013471370095,0.0,HEAT,NONE,1.0,0.01436586,100.0,False
10.5,60.09229444344139,1.5469518132507651,97.76173618979873,59.96530316521921,0.0,HEAT,NONE,1.0,0.02211065,100.0,False
10.75,62.69349874551379,1.6923422943858075,98.29904763855258,62.82032330044569,0.0,HEAT,NONE,1.0,0.03475108,100.0,False
11.0,65.43591018272383,1.8280382265252737,98.95744184908499,65.66643542376755,0.0,HEAT,NONE,1.0,0.04712404,100.0,False
11.25,68.49379659337099,1.9537492322370222,99.05505179470758,68.50366732927102,0.0,HEAT,NONE,1.0,0.05904629,100.0,False
11.5,71.18577387590476,2.083796580390938,99.24477151033192,71.33204672432157,0.0,HEAT,NONE,1.0,0.07393352,100.0,False
11.75,74.14392266793048,2.198603005027398,99.41313030188746,74.15160122983423,0.0,HEAT,NONE,1.0,0.08700276,100.0,False
12.0,76.7706996077957,2.319871234710234,99.61623055041751,76.96235838054338,0.0,HEAT,NONE,1.0,0.10342363,100.0,False
12.25,79.90923386808095,2.4246963822907874,99.63197767513536,79.76434562527163,0.0,HEAT,NONE,1.0,0.11761332,100.0,False
12.5,82.50858753819755,2.525295367092451,99.80814845125495,82.55759032719789,0.0,HEAT,NONE,1.0,0.13238002,100.0,False
12.75,85.28582973817319,2.6217758991736884,99.65197875567671,85.34211976412473,0.0,HEAT,NONE,1.0,0.14768746,100.0,False
13.0,87.9969342396013,2.7163761126699266,99.79598525369747,88.11796112874447,0.0,HEAT,NONE,1.0,0.16402651,100.0,False
13.25,90.72702746076162,2.7937423534981556,100.13549315975465,90.88514152890514,0.0,HEAT,NONE,1.0,0.17757149,100.0,False
13.5,93.42558434250255,2.866793539378741,99.84988367989497,93.64368798787473,0.0,HEAT,NONE,1.0,0.19128772,100.0,False
13.75,96.12947452345628,2.9375896843313316,99.95601889528415,96.39362744460539,0.0,HEAT,NONE,1.0,0.20561393,100.0,False
14.0,99.14570303064038,2.9941607911821433,100.03861315144384,99.13498675399649,0.0,HEAT,NONE,1.0,0.21755106,100.0,False
14.25,101.7868980847338,3.050932414340254,99.81210178603509,101.8677926871569,0.0,HEAT,NONE,1.0,0.23047033,100.0,False
14.5,104.40965651763506,3.1039385578429552,99.90808816180764,104.59207193166628,0.0,HEAT,NONE,1.0,0.24337833,100.0,False
14.75,107.35160314528906,3.1421171531400476,99.92223494138184,107.30785109183569,0.0,HEAT,NONE,1.0,0.25348119,100.0,False
15.0,109.93896254341705,3.181220222463291,99.94623803579526,110.01515668896764,0.0,HEAT,NONE,1.0,0.26447081,100.0,False
15.25,112.69129861438914,3.2111264300544162,100.1702708133852,112.71401516161484,0.0,HEAT,NONE,1.0,0.27384158,100.0,False
15.5,115.50652951203347,3.23927731567009,99.91092429802076,115.4044528658385,0.0,HEAT,NONE,1.0,0.28330255,100.0,False
15.75,117.87920076746471,3.263486359909837,100.1416455403164,118.08649607546567,0.0,HEAT,NONE,1.0,0.29227639,100.0,False
16.0,120.73906472247754,3.2805311017079353,100.11478637495688,120.76017098234604,0.0,HEAT,NONE,1.0,0.29990474,100.0,False
16.25,123.55018136450691,3.296337708102873,99.92987946560626,123.42550369660717,0.0,HEAT,NONE,1.0,0.30754888,100.0,False
16.5,126.30976619430983,3.3010276321485423,100.12795773178364,126.08252024691012,0.0,HEAT,NONE,1.0,0.31273992,100.0,False
16.75,128.80533639255793,3.31615480658988,100.2808996118391,128.73124658070333,0.0,HEAT,NONE,1.0,0.32065049,100.0,False
17.0,131.59437538548266,3.315522924130613,99.74600303248748,131.37170856447585,0.0,HEAT,NONE,1.0,0.32492743,100.0,False
17.25,134.12646534286833,3.3194941788224446,99.99762981860796,134.00393198401025,0.0,HEAT,NONE,1.0,0.3303952,100.0,False
17.5,136.75390166618516,3.3189822292127826,99.68313026653638,136.62794254463438,0.0,HEAT,NONE,1.0,0.33485489,100.0,False
17.75,139.28266072452266,3.3236925675174067,99.96285689152228,139.24376587147208,0.0,HEAT,NONE,1.0,0.34063946,100.0,False
18.0,141.85720772425938,3.318483210609864,99.77277636553914,141.85142750969385,0.0,HEAT,NONE,1.0,0.34406566,100.0,False
18.25,144.42595469713413,3.31449858796608,99.75333186380325,144.45095292476617,0.0,HEAT,NONE,1.0,0.3477575,100.0,False
18.5,147.118219663409,3.312382007637954,100.06087251009392,147.04236750270002,0.0,HEAT,NONE,1.0,0.35188056,100.0,False
18.75,149.47730230908516,3.3044503390299997,99.8500654310229,149.62569655029904,0.0,HEAT,NONE,1.0,0.35455494,100.0,False
19.0,152.06796901534767,3.3001807122559006,99.88249665747239,152.20096529540638,0.0,HEAT,NONE,1.0,0.35804458,100.0,False
19.25,154.8216088304745,3.292832329944056,100.30373233614222,154.76819888715147,0.0,HEAT,NONE,1.0,0.36072419,100.0,False
19.5,157.11850403931516,3.2860959678071873,99.98654621548468,157.32742239619517,0.0,HEAT,NONE,1.0,0.3634642,100.0,False
19.75,159.87655635545522,3.2701154018410503,99.93094854779943,159.87866081497486,0.0,HEAT,NONE,1.0,0.36383356,100.0,False
20.0,162.53341864746523,3.265567600671378,100.01214178179038,162.42193905794863,0.0,HEAT,NONE,1.0,0.36682071,100.0,False
20.25,164.91367445974817,3.25997407841778,99.99676713563647,164.95728196183825,0.0,HEAT,NONE,1.0,0.36948025,100.0,False
20.5,167.15465193499955,3.244633629381049,99.70467174468975,167.48471428587186,0.0,HEAT,NONE,1.0,0.3696505,100.0,False
20.75,169.51654494970134,3.2357583097792446,100.20002756545443,170.00426071202583,0.0,HEAT,NONE,1.0,0.37121215,100.0,False
21.0,172.5230138311854,3.2243831488392876,99.85889032860561,172.51594584526583,0.0,HEAT,NONE,1.0,0.3720278,100.0,False
21.25,175.1893861983244,3.219116205709566,100.00719645410538,175.0197942137869,0.0,HEAT,NONE,1.0,0.37419103,100.0,False
21.5,177.5078110009274,3.2091982714079292,100.12080833604242,177.51583026925312,0.0,HEAT,NONE,1.0,0.37511941,100.0,False
21.75,180.08696348163994,3.2003305306590293,99.84356790927527,180.00407838703654,0.0,HEAT,NONE,1.0,0.37616414,100.0,False
22.0,182.56122918119135,3.1883436343632097,100.16407550734408,182.4845628664549,0.0,HEAT,NONE,1.0,0.37630712,100.0,False
22.25,184.76665030775052,3.1811271349029986,99.99889527373492,184.95730793100915,0.0,HEAT,NONE,1.0,0.3774575,100.0,False
22.5,187.2236408960233,3.177899708553078,100.21906029567563,187.42233772861994,0.0,HEAT,NONE,1.0,0.37948091,100.0,False
22.75,189.81013876762213,3.165982876389433,100.05680088411651,189.8796763318635,0.0,HEAT,NONE,1.0,0.37929651,100.0,False
23.0,191.9373138187048,3.15589155258512,99.99079800295081,192.3293477382066,0.0,HEAT,NONE,1.0,0.37939486,100.0,False
23.25,194.78385847326234,3.143792866616392,99.95959766134064,194.77137587024117,0.0,HEAT,NONE,1.0,0.37884988,100.0,False
23.5,197.17904576141015,3.143086554810684,100.0501638529433,197.2057845759175,0.0,HEAT,NONE,1.0,0.38094549,100.0,False
23.75,199.6317643742471,3.1362634488225014,99.91671265973824,199.6325976287775,0.0,HEAT,NONE,1.0,0.38149845,100.0,False
24.0,201.99342418245527,3.118597911154082,100.23536576661694,202.05183872818657,0.0,HEAT,NONE,1.0,0.37926926,100.0,False
24.25,204.6081813547946,3.120349303605808,100.1003346862511,204.46353149956542,0.0,HEAT,NONE,1.0,0.38159522,100.0,False
24.5,206.88422178276997,3.1113214616867806,99.96219895240687,206.8676994946204,0.0,HEAT,NONE,1.0,0.38125793,100.0,False
24.75,209.23382612771525,3.1043946852470117,100.22677438353044,209.26436619157369,0.0,HEAT,NONE,1.0,0.38130861,100.0,False
25.0,211.73690818066382,3.097933335839677,99.91309116082468,211.6535549953926,0.0,HEAT,NONE,1.0,0.3813683,100.0,False
25.25,213.9400394649061,3.097094097708091,100.07600307250857,214.03528923801787,0.0,HEAT,NONE,1.0,0.38271748,100.0,False
25.5,216.4197247623386,3.0852633708918487,99.83364197132595,216.409592178592,0.0,HEAT,NONE,1.0,0.38132359,100.0,False
25.75,218.76645777006556,3.083734655536321,99.9411194005962,218.77648700368604,0.0,HEAT,NONE,1.0,0.38231107,100.0,False
26.0,221.10191044007604,3.075194009751104,100.01643914614365,221.13599682752613,0.0,HEAT,NONE,1.0,0.38152989,100.0,False
26.25,223.24919306040712,3.070439293824378,99.87184066565133,223.48814469221895,0.0,HEAT,NONE,1.0,0.38156176,100.0,False
26.5,225.96564132286176,3.0643582452942115,100.08655700724773,225.83295356797737,0.0,HEAT,NONE,1.0,0.38119051,100.0,False
26.75,228.39911197125312,3.0616159352628562,99.90976355863508,228.17044635334412,0.0,HEAT,NONE,1.0,0.38155253,100.0,False
27.0,230.5293607142847,3.0585288655319207,99.85095754530444,230.50064587541578,0.0,HEAT,NONE,1.0,0.38178,100.0,False
27.25,232.89271280242252,3.060692841776498,99.96128319881188,232.82357489006552,0.0,HEAT,NONE,1.0,0.38325243,100.0,False
27.5,235.1088246527558,3.0473237095630235,100.04786326636419,235.1392560821655,0.0,HEAT,NONE,1.0,0.38090348,100.0,False
27.75,237.2606656321022,3.0439720730699884,100.19195008976051,237.44771206580833,0.0,HEAT,NONE,1.0,0.38085172,100.0,False
28.0,239.61314742561856,3.0475547727331938,100.22865369982405,239.74896538452776,0.0,HEAT,NONE,1.0,0.3824574,100.0,False
28.25,242.08193748014057,3.042597923771979,100.29283764100916,242.04303851151906,0.0,HEAT,NONE,1.0,0.38198663,100.0,False
28.5,244.30044458954842,3.0361232208028364,99.79701533988465,244.32995384985827,0.0,HEAT,NONE,1.0,0.3810704,100.0,False
28.75,246.61598979477318,3.0397750052490675,100.14393930691902,246.60973373272122,0.0,HEAT,NONE,1.0,0.38256513,100.0,False
29.0,248.74108673738874,3.0298334568601146,99.92437431538588,248.88240042360144,0.0,HEAT,NONE,1.0,0.38073798,100.0,False
29.25,251.19181632890192,3.029620141836674,100.03216809166064,251.14797611652762,0.0,HEAT,NONE,1.0,0.38118225,100.0,False
29.5,253.45099384298715,3.0271388660014673,99.99397390864556,253.40648293628033,0.0,HEAT,NONE,1.0,0.38105376,100.0,False
29.75,255.68893179519065,3.025741287608655,100.0755281296657,255.65794293860824,0.0,HEAT,NONE,1.0,0.38115351,100.0,False
30.0,258.1830094764426,3.025800337516043,100.00837158190026,257.90237811044335,0.0,HEAT,NONE,1.0,0.38158793,100.0,False
30.25,259.8868925766114,3.0231756671926875,99.70799823819027,260.1398103701157,0.0,HEAT,NONE,1.0,0.38135365,100.0,False
30.5,262.1589064546442,3.0227479051219235,100.10593525898783,262.3702615675676,0.0,HEAT,NONE,1.0,0.38162334,100.0,False
30.75,264.5712626348143,3.013230816166322,99.94429772244247,264.5937534845666,0.0,HEAT,NONE,1.0,0.37963711,100.0,False
31.0,266.7084970871862,3.019214953637992,100.33865957984663,266.8103078349186,0.0,HEAT,NONE,1.0,0.38135506,100.0,False
31.25,269.0524858378731,3.0133850257492085,99.82441727044171,269.0199462646799,0.0,HEAT,NONE,1.0,0.38022206,100.0,False
31.5,271.2142762102531,3.014076494024723,99.82727212606152,271.2226903523683,0.0,HEAT,NONE,1.0,0.38062254,100.0,False
31.75,273.4360148945279,3.009961280095471,100.16681609075255,273.41856160917405,0.0,HEAT,NONE,1.0,0.37983883,100.0,False
32.0,275.7669790700381,3.0158022466002663,99.9288924294037,275.6075814791699,0.0,HEAT,NONE,1.0,0.3814581,100.0,False
32.25,277.86694942401795,3.010784953022806,99.94167819078596,277.78977133952026,0.0,HEAT,NONE,1.0,0.38046361,100.0,False
32.5,279.91428065211915,3.0063220768455055,99.78342044561305,279.96515250069046,0.0,HEAT,NONE,1.0,0.37954121,100.0,False
32.75,282.25289342528583,3.0090486655926294,100.03246372766718,282.13374620665445,0.0,HEAT,NONE,1.0,0.38033487,100.0,False
33.0,284.4458301933704,3.0035879886206516,99.88238048892617,284.2955736351023,0.0,HEAT,NONE,1.0,0.3791354,100.0,False
33.25,286.47695612416703,3.0095764196945916,99.94343883243879,286.45065589764727,0.0,HEAT,NONE,1.0,0.38069229,100.0,False
33.5,288.7533909249363,3.0081399087880376,99.81799267917505,288.59901404003165,0.0,HEAT,NONE,1.0,0.3804861,100.0,False
33.75,290.60105447593384,3.0091498200552262,100.06957471846783,290.74066904233246,0.0,HEAT,NONE,1.0,0.380865,100.0,False
34.0,292.5907826333154,3.0099142679927375,100.08970405466367,292.8756418191664,0.0,HEAT,NONE,1.0,0.3811944,100.0,False
34.25,295.2054546680484,3.0037920775985727,99.95564406679985,295.0039532198939,0.0,HEAT,NONE,1.0,0.3798319,100.0,False
34.5,296.95665546611025,3.012133009993378,99.97368186618871,297.1256240288229,0.0,HEAT,NONE,1.0,0.38196443,100.0,False
34.75,299.4788049442241,3.0014641179207255,100.02457617884981,299.2406749654118,0.0,HEAT,NONE,1.0,0.37950351,100.0,False
35.0,301.09842381148627,3.0020272046073146,100.14756323625988,301.3491266844718,0.0,HEAT,NONE,1.0,0.37968399,100.0,False
35.25,303.2632382040322,3.0061136358150744,100.05058567237718,303.45099977636835,0.0,HEAT,NONE,1.0,0.38073811,100.0,False
35.5,305.389722128475,3.0007734879039867,99.93114014849414,305.5463147672226,0.0,HEAT,NONE,1.0,0.37951216,100.0,False
35.75,307.62766421842025,3.000495650887396,99.87590681487927,307.6350921191116,0.0,HEAT,NONE,1.0,0.37946941,100.0,False
36.0,309.67166407489117,2.998872684864824,99.80657101410351,309.7173522302684,0.0,HEAT,NONE,1.0,0.37908789,100.0,False
36.25,311.7858889629047,3.0045873596861346,99.77059424423238,311.7931154352808,0.0,HEAT,NONE,1.0,0.38049578,100.0,False
36.5,313.8629282280101,2.999501812240655,99.85342818442979,313.8624020052905,0.0,HEAT,NONE,1.0,0.37930562,100.0,False
36.75,316.0532477960977,2.999835560093821,100.22474525245971,315.9252321481905,0.0,HEAT,NONE,1.0,0.37939048,100.0,False
37.0,317.86465010420085,3.0024626616755907,99.9659075490164,317.9816260088228,0.0,HEAT,NONE,1.0,0.38004395,100.0,False
37.25,319.9185003978061,3.0027642131943475,99.97675261403876,320.03160366917507,0.0,HEAT,NONE,1.0,0.38015459,100.0,False
37.5,322.1656667356838,3.000535961037644,99.83712756170478,322.0751851485768,0.0,HEAT,NONE,1.0,0.37964449,100.0,False
37.75,324.0970800174161,3.0006986361002723,100.14376944308216,324.11239040389444,0.0,HEAT,NONE,1.0,0.37969714,100.0,False
38.0,326.0072989786266,3.0002790842417864,99.74171819046548,326.14323932972684,0.0,HEAT,NONE,1.0,0.37960697,100.0,False
38.25,328.26547571765065,2.997044832947339,99.72904607183744,328.16775175859914,0.0,HEAT,NONE,1.0,0.37881584,100.0,False
38.5,330.1770649360154,3.003769955757138,99.77133295776821,330.1859474611566,0.0,HEAT,NONE,1.0,0.38044313,100.0,False
38.75,332.03464080854957,2.9978314713491447,99.83057550304869,332.19784614635785,0.0,HEAT,NONE,1.0,0.37902505,100.0,False
39.0,334.2603816449169,2.997744422050274,99.89177278953096,334.2034674616667,0.0,HEAT,NONE,1.0,0.37897911,100.0,False
39.25,336.2903268030474,2.9980151515956415,100.06491701466709,336.202830993245,0.0,HEAT,NONE,1.0,0.37901889,100.0,False
39.5,338.0502484903607,2.996741077936254,99.72468260662134,338.19595626614296,0.0,HEAT,NONE,1.0,0.37867913,100.0,False
39.75,340.4620431625272,2.999621666167781,100.03659000519225,340.1828627444904,0.0,HEAT,NONE,1.0,0.37934867,100.0,False
40.0,342.15891240533966,3.001031634158273,100.00745297190615,342.1635698316868,0.0,HEAT,NONE,1.0,0.37968981,100.0,False
40.25,344.42432942647093,2.997291265787744,99.76638068408526,344.1380968705905,0.0,HEAT,NONE,1.0,0.3787767,100.0,False
40.5,345.9546691934352,2.9965744936700687,100.11204430787228,346.10646314370786,0.0,HEAT,NONE,1.0,0.3785643,100.0,False
40.75,348.191744604812,2.9979277204525876,99.79143463353054,348.06868787338135,0.0,HEAT,NONE,1.0,0.37885334,100.0,False
41.0,349.9715707240063,3.005108812177339,99.57706458733024,350.02479022197747,0.0,HEAT,NONE,1.0,0.38059751,100.0,False
41.25,352.05378330742616,2.997239450743981,100.15605507198117,351.97478929207375,0.0,HEAT,NONE,1.0,0.37871425,100.0,False
41.5,353.75701553551386,2.9997989667552294,99.77405813490405,353.91870412664537,0.0,HEAT,NONE,1.0,0.37931124,100.0,False
41.75,355.7099650316763,3.0047908137015216,100.12308680288349,355.856553709251,0.0,HEAT,NONE,1.0,0.38053998,100.0,False
42.0,357.72810674139583,2.997589198206964,99.71592892952322,357.78835696421845,0.0,HEAT,NONE,1.0,0.37881995,100.0,False
42.25,359.6550842500441,3.000273915098714,99.98739184632481,359.71413275682926,0.0,HEAT,NONE,1.0,0.37945386,100.0,False
42.5,361.61983110430646,2.996946431384692,99.99005891719514,361.63389989350287,0.0,HEAT,NONE,1.0,0.37863502,100.0,False
42.75,363.5418761150503,3.0044067380394845,100.28001001815284,363.54767712198054,0.0,HEAT,NONE,1.0,0.38043931,100.0,False
43.0,365.4349347774706,2.99784151334207,99.99025268053569,365.45548313150823,0.0,HEAT,NONE,1.0,0.37887175,100.0,False
43.25,367.2661933617309,2.9980657291770108,99.99120247721166,367.3573365530191,0.0,HEAT,NONE,1.0,0.37890077,100.0,False
43.5,369.0967602946428,3.00224624099078,99.98441266762238,369.25325595931565,0.0,HEAT,NONE,1.0,0.37990853,100.0,False
43.75,371.1807611112799,2.999668390021778,99.89091183291212,371.1432598652509,0.0,HEAT,NONE,1.0,0.37929888,100.0,False
44.0,372.8851727939469,2.9995104838480833,99.91768594938581,373.0273667279092,0.0,HEAT,NONE,1.0,0.37925579,100.0,False
44.25,374.9406801467682,3.0002283277805417,99.79565398781158,374.9055949467868,0.0,HEAT,NONE,1.0,0.3794269,100.0,False
44.5,376.7880310588851,2.996173861988168,99.9075283561721,376.77796286397086,0.0,HEAT,NONE,1.0,0.37842816,100.0,False
44.75,378.60033572293656,2.9942750174654518,100.01372611717898,378.64448876431925,0.0,HEAT,NONE,1.0,0.37791078,100.0,False
45.0,380.527838378096,3.0004834549556056,99.93635240912924,380.50519087563885,0.0,HEAT,NONE,1.0,0.37937009,100.0,False
45.25,382.3040468198472,2.997970433136986,99.95954494454067,382.36008736886345,0.0,HEAT,NONE,1.0,0.37875117,100.0,False
45.5,384.1263045877041,3.001328603536467,99.81937958656826,384.20919635823134,0.0,HEAT,NONE,1.0,0.37955207,100.0,False
45.75,386.087874387814,3.001359564846856,99.97876557517317,386.0525359014623,0.0,HEAT,NONE,1.0,0.37957293,100.0,False
46.0,387.82424327647067,3.002462737835761,99.7503097439809,387.8901239999336,0.0,HEAT,NONE,1.0,0.37986032,100.0,False
46.25,389.7910465995779,3.0013205686996924,100.04250644388017,389.72197859885614,0.0,HEAT,NONE,1.0,0.37960818,100.0,False
46.5,391.6056144763145,2.9985121699361494,99.96108099125478,391.5481175874496,0.0,HEAT,NONE,1.0,0.3789313,100.0,False
46.75,393.4641175487994,3.0018802602334382,100.03100691481639,393.36855879911695,0.0,HEAT,NONE,1.0,0.37974533,100.0,False
47.0,394.95617197485103,3.0020377358543415,100.17542064879895,395.183320011619,0.0,HEAT,NONE,1.0,0.37980803,100.0,False
47.25,397.14386967120396,3.0009489610266185,99.76634820945935,396.99241894724753,0.0,HEAT,NONE,1.0,0.37956562,100.0,False
47.5,398.93725499513295,2.999719484669776,99.62012205278994,398.79587327299873,0.0,HEAT,NONE,1.0,0.37927545,100.0,False
47.75,400.6502817112117,2.9957006274622944,99.80553391297073,400.5937006007456,0.0,HEAT,NONE,1.0,0.37828128,100.0,False
48.0,402.2906746535539,3.0043439761676933,99.94437319687323,402.38591848741,0.0,HEAT,NONE,1.0,0.38036324,100.0,False
48.25,404.21319317329426,3.0054015030761376,100.23910446439835,404.1725444351338,0.0,HEAT,NONE,1.0,0.38067829,100.0,False
48.5,405.9380928790763,2.9989778985789295,99.81086940488656,405.9535958914504,0.0,HEAT,NONE,1.0,0.3791609,100.0,False
48.75,407.6249215383272,3.001056857401305,100.05935961427143,407.72909024945443,0.0,HEAT,NONE,1.0,0.37966515,100.0,False
49.0,409.5155805826483,3.0026700495724263,99.88414479804501,409.4990448479722,0.0,HEAT,NONE,1.0,0.38007928,100.0,False
49.25,411.25506549370306,3.0016501173974808,100.08762188593417,411.2634769717306,0.0,HEAT,NONE,1.0,0.37986341,100.0,False
49.5,413.18304571788605,3.000502677371089,99.95358961666047,413.0224038515262,0.0,HEAT,NONE,1.0,0.37960411,100.0,False
49.75,414.83017150343255,2.996253704258953,99.75408110026852,414.77584266439317,0.0,HEAT,NONE,1.0,0.37856431,100.0,False
50.0,416.6109113009059,2.9993977701375703,100.04626144396254,416.5238105337713,0.0,HEAT,NONE,0.98380539,0.37929662,100.0,False
50.25,417.9636691699512,2.998507854356602,99.91002143294025,418.2183218245274,0.0,HEAT,NONE,0.96928984,0.37906976,100.0,False
50.5,419.73488843938566,2.9929522649571725,99.94976897767943,419.86452025659617,0.0,HEAT,NONE,0.94285469,0.37767878,100.0,False
50.75,421.56182113629217,3.0014357190206375,99.90985800855012,421.4272254930672,0.0,HEAT,NONE,0.91472684,0.37968493,100.0,False
51.0,422.89944928775424,3.0024345960212706,99.58593732060186,422.9016806835018,0.0,HEAT,NONE,0.89923953,0.37994592,100.0,False
51.25,424.30694872565124,3.001584311860143,100.10231929378511,424.32562920767225,0.0,HEAT,NONE,0.88102007,0.379764,100.0,False
51.5,425.9462397736478,3.003222420294861,100.04688442521193,425.6911302425963,0.0,HEAT,NONE,0.85605081,0.3801878,100.0,False
51.75,427.02365536127223,3.0019055316141157,99.91910095078863,426.9783589603549,0.0,HEAT,NONE,0.84552939,0.3799035,100.0,False
52.0,428.22435644787424,3.0021005606613693,100.29361678223425,428.23038465611575,0.0,HEAT,NONE,0.83070704,0.37997736,100.0,False
52.25,429.4106786156517,2.999057498570468,100.02977202906814,429.4345687115115,0.0,HEAT,NONE,0.81553422,0.37925422,100.0,False
52.5,430.79150211862157,2.9991848252723394,100.22040385547066,430.5900215645204,0.0,HEAT,NONE,0.79461561,0.37927677,100.0,False
52.75,431.5348654908682,2.9987793335749267,99.97027522649715,431.6798640734825,0.0,HEAT,NONE,0.79010339,0.37916801,100.0,False
53.0,432.87090725497353,3.0025682075712683,99.77358334628225,432.7529313963591,0.0,HEAT,NONE,0.76887925,0.38008956,100.0,False
53.25,433.6224721578353,3.0002235168009372,99.90119595311711,433.759739801707,0.0,HEAT,NONE,0.76282144,0.3795432,100.0,False
53.5,434.517086622888,3.0023038815549237,100.07409551262303,434.7454507892351,0.0,HEAT,NONE,0.75202643,0.38006122,100.0,False
53.75,435.77006519894013,2.99756491267822,100.15434076782509,435.696088574411,0.0,HEAT,NONE,0.7312211,0.37892097,100.0,False
54.0,436.54609683920864,3.0024765680658403,99.86325022735859,436.5820908386727,0.0,HEAT,NONE,0.7228807,0.38010566,100.0,False
54.25,437.31248643599594,2.999589198945484,99.89465017813043,437.44060675314853,0.0,HEAT,NONE,0.71405026,0.37942405,100.0,False
54.5,438.37158720293473,2.999783383504433,99.86155431732053,438.2702695431294,0.0,HEAT,NONE,0.69691207,0.3794684,100.0,False
54.75,439.05747393803586,2.9979608478831996,100.13737492437654,439.04654409789407,0.0,HEAT,NONE,0.68942029,0.37901671,100.0,False
55.0,439.7033071275187,2.9978598003556995,100.18168553580644,439.79819007499543,0.0,HEAT,NONE,0.6823076,0.37896684,100.0,False
55.25,440.8621969937873,3.005345246600994,100.00948345174908,440.5264079854009,0.0,HEAT,NONE,0.66113306,0.3807883,100.0,False
55.5,441.22241817683084,3.0034988960061053,99.98133477906329,441.1895899707706,0.0,HEAT,NONE,0.66108029,0.38039837,100.0,False
55.75,441.70409396027867,2.998953913928104,100.0677275170798,441.8505463308493,0.0,HEAT,NONE,0.65683821,0.37932135,100.0,False
56.0,442.3724939657324,2.9937464092778274,99.78449057281686,442.49686640840514,0.0,HEAT,NONE,0.64705385,0.37802468,100.0,False
56.25,443.2119823013644,2.996922932915105,99.97879793614432,443.11216790873857,0.0,HEAT,NONE,0.63250903,0.37873241,100.0,False
56.5,443.71432085985634,3.001304035920812,99.94976458019296,443.6824370572057,0.0,HEAT,NONE,0.62678795,0.37977419,100.0,False
56.75,444.3087763056154,2.9966621342146604,99.94574289614829,444.23396895054333,0.0,HEAT,NONE,0.61814019,0.37864132,100.0,False
57.0,444.6044846936381,3.002999760871103,99.99593751578993,444.7581470318063,0.0,HEAT,NONE,0.61701784,0.3801632,100.0,False
57.25,445.166466714452,2.99829414932367,99.96674072789149,445.2773628375965,0.0,HEAT,NONE,0.60823573,0.37903577,100.0,False
57.5,445.8740054011496,2.994703031746063,99.84441912375617,445.7689274324508,0.0,HEAT,NONE,0.59545429,0.37812646,100.0,False
57.75,446.1643565251273,3.00752372249877,100.14335183387979,446.2210726128609,0.0,HEAT,NONE,0.59363581,0.38122502,100.0,False
58.0,446.6496991072068,3.0014361343236935,100.30861542544454,446.66641685907643,0.0,HEAT,NONE,0.58612237,0.37981236,100.0,False
58.25,447.05303927888195,2.9980814339009165,100.18179153148327,447.0881008678983,0.0,HEAT,NONE,0.58054979,0.37900239,100.0,False
58.5,447.56607772136306,3.0013534603475134,99.9237666401079,447.4919513966431,0.0,HEAT,NONE,0.57180279,0.37978759,100.0,False
58.75,448.15724520819174,3.004355034727072,100.0848921683309,447.86861473834034,0.0,STABILIZE,NONE,0.56090605,0.38054616,100.0,False
59.0,448.31444711699396,2.9927824713030233,100.09565646902456,448.2118036412719,0.0,STABILIZE,NONE,0.56138582,0.37774318,100.0,False
59.25,448.5262275587892,3.000764143087847,100.1023689117769,448.555343846873,0.0,STABILIZE,NONE,0.55980971,0.37962641,100.0,False
59.5,448.84194662669665,2.994325486569262,100.05518118476112,448.8931403919129,0.0,STABILIZE,NONE,0.55507984,0.37804424,100.0,False
59.75,449.1046555384797,2.998875675552204,99.90932352338585,449.21586308634573,0.0,STABILIZE,NONE,0.55153139,0.37909611,100.0,False
60.0,449.4758246902496,2.9930292301870054,100.18254206908472,449.5270608285379,0.0,STABILIZE,NONE,0.5448885,0.37763444,100.0,False
60.25,449.8555992134998,3.003869791288745,100.29697627447148,449.8175972981508,0.0,STABILIZE,NONE,0.53795926,0.38022115,100.0,False
60.5,450.09007715460416,2.994806922935979,99.86591697244305,450.08668818621976,0.0,STABILIZE,NONE,0.53478526,0.37802546,100.0,False
60.75,450.16449570100167,2.9991416863004052,100.01194719670988,450.34553137313617,0.0,STABILIZE,NONE,0.53554499,0.37902792,100.0,False
61.0,450.3054907755746,3.0017484240921886,99.7734465020071,450.60581886562807,0.0,STABILIZE,NONE,0.5341191,0.37965602,100.0,False
61.25,450.90567251515205,3.000251330365384,99.9529553141211,450.861067725732,0.0,STABILIZE,NONE,0.5203997,0.37930405,100.0,False
61.5,451.0638978245973,2.9989449044776895,99.90812928348936,451.0748542829885,0.0,STABILIZE,NONE,0.51868653,0.37898208,100.0,False
61.75,451.0304823065408,3.0005687801164025,100.27683005659348,451.28289576517113,0.0,STABILIZE,NONE,0.52169317,0.379368,100.0,False
62.0,451.7962744221251,3.004581998529213,100.10587024012771,451.49920016269243,0.0,STABILIZE,NONE,0.503245,0.38036434,100.0,False
62.25,451.5586751266827,3.0045710980786158,99.99158086683384,451.66014714529473,0.0,STABILIZE,NONE,0.51179345,0.380418,100.0,False
62.5,451.8355992259243,2.998996993162094,100.01379428485274,451.8459305523887,0.0,STABILIZE,NONE,0.50599224,0.37909993,100.0,False
62.75,451.94865659701156,2.9997093496208014,99.83731013369089,452.0139388322498,0.0,STABILIZE,NONE,0.50451882,0.37926624,100.0,False
63.0,452.12100596199724,3.0068318232860847,99.9895608958057,452.1770555177083,0.0,STABILIZE,NONE,0.50127909,0.38102394,100.0,False
63.25,452.2942612384131,3.00102481818674,100.10621827325551,452.3300603231289,0.0,STABILIZE,NONE,0.49792381,0.37967714,100.0,False
63.5,452.305576966316,2.9987255023250765,100.1377413761402,452.4726422951918,0.0,STABILIZE,NONE,0.49873224,0.37912664,100.0,False
63.75,452.6576513188534,2.999821221146548,100.2331026502913,452.6171756744926,0.0,STABILIZE,NONE,0.49031591,0.37938509,100.0,False
64.0,452.6346451983022,2.999719518602129,99.92199120021172,452.7363111122482,0.0,STABILIZE,NONE,0.49196575,0.37936051,100.0,False
64.25,453.08351138463206,2.9936390455298967,99.89947874567743,452.8599651502706,0.0,STABILIZE,NONE,0.48090461,0.37785699,100.0,False
64.5,452.87107332388996,3.002012383829467,100.09094132141641,452.95044686879413,0.0,STABILIZE,NONE,0.48755283,0.37984645,100.0,False
64.75,453.2696315086411,2.9951310394288946,100.11257125135455,453.0603523696053,0.0,STABILIZE,NONE,0.47755571,0.37817032,100.0,False
65.0,453.09629034726413,2.998259477395085,100.08093528000586,453.14028232690737,0.0,STABILIZE,NONE,0.48289651,0.37888105,100.0,False
65.25,453.0977727071268,2.994169041670362,99.94446722666159,453.2357936445372,0.0,STABILIZE,NONE,0.48312359,0.37784612,100.0,False
65.5,453.1070144189284,2.998936711457157,100.05573321456265,453.33168004667465,0.0,STABILIZE,NONE,0.48297244,0.3789473,100.0,False
65.75,453.4736192071985,3.005732613129746,99.97005178795847,453.4268192453564,0.0,STABILIZE,NONE,0.47332919,0.38060729,100.0,False
66.0,453.26307814639915,2.9982297049212687,99.86209236630604,453.49307788498135,0.0,STABILIZE,NONE,0.47920377,0.37882158,100.0,False
66.25,453.39386895327,3.0019549021527787,99.9032151493052,453.5765427270387,0.0,STABILIZE,NONE,0.47563007,0.37971835,100.0,False
66.5,453.35254836417283,3.0025812061367483,99.98328601469397,453.64915428667587,0.0,STABILIZE,NONE,0.47664768,0.37989595,100.0,False
66.75,453.7780811953634,3.000597849951468,100.09474821012225,453.72455560361055,0.0,STABILIZE,NONE,0.46525311,0.37943828,100.0,False
67.0,453.77164964223834,3.003944250232673,100.06374741849658,453.765946830186,0.0,STABILIZE,NONE,0.46568677,0.38027321,100.0,False
67.25,453.8673044731942,3.0011420843107994,99.78150433861468,453.80849432968597,0.0,STABILIZE,NONE,0.46323264,0.37963184,100.0,False
67.5,453.818939386632,2.9990437038768722,100.03113200817405,453.84363474940255,0.0,STABILIZE,NONE,0.46452445,0.37913074,100.0,False
67.75,453.67869047696047,3.0048062282949246,100.01565829962347,453.8824946016049,0.0,STABILIZE,NONE,0.4679963,0.38054463,100.0,False
68.0,453.7498265418966,2.994380259684332,99.95780690594188,453.9315241729942,0.0,STABILIZE,NONE,0.46562125,0.37803168,100.0,False
68.25,453.95990953010994,2.9978198620422805,100.01381707418858,453.9733608420489,0.0,STABILIZE,NONE,0.45966052,0.37881423,100.0,False
68.5,453.9012223143986,3.0018102777929405,99.89131872724165,453.9973986794845,0.0,STABILIZE,NONE,0.46097703,0.37977254,100.0,False
68.75,454.01948877072334,3.0029410411973556,100.38575033243653,454.0252638044891,0.0,STABILIZE,NONE,0.45746097,0.38007386,100.0,False
69.0,453.89147349774953,2.998366889790169,99.87402464533,454.0426199766441,0.0,STABILIZE,NONE,0.46049055,0.37898133,100.0,False
69.25,454.18655127071,2.996451728366964,99.92734644316103,454.06890202244466,0.0,STABILIZE,NONE,0.45215995,0.37848931,100.0,False
69.5,454.0659690065115,2.997253810357159,99.85640124365361,454.07040919899714,0.0,STABILIZE,NONE,0.45509701,0.37864317,100.0,False
69.75,454.0092740267542,2.9941153400308176,99.78317826743898,454.0806174599725,0.0,STABILIZE,NONE,0.45606839,0.37783191,100.0,False
70.0,454.0317180399084,3.001348926270124,99.97213600210695,454.09367315307736,0.0,STABILIZE,NONE,0.45482712,0.37954217,100.0,False
70.25,453.8369135381362,2.9994003620658884,100.11976564607592,454.1030088423621,0.0,STABILIZE,NONE,0.45927944,0.37907304,100.0,False
70.5,454.2088924235985,3.0006064689294707,99.86689451873525,454.1255125967998,0.0,STABILIZE,NONE,0.44857839,0.37936022,100.0,False
70.75,454.2109094372206,2.999057760999677,99.82461273962889,454.11622698157777,0.0,STABILIZE,NONE,0.44812866,0.37898271,100.0,False
71.0,453.98530935137734,3.0052207798079538,100.03302700573023,454.1056372866516,0.0,STABILIZE,NONE,0.45355634,0.38049115,100.0,False
71.25,454.2850559648047,2.9990078688868596,100.14072240087776,454.1111689068476,0.0,STABILIZE,NONE,0.44483226,0.37902031,100.0,False
71.5,454.00059847469265,3.000060350136542,100.37295253899335,454.0908240812354,0.0,STABILIZE,NONE,0.45184872,0.37926856,100.0,False
71.75,454.2064126312576,2.999027942254149,99.98727714414598,454.09134033641266,0.0,STABILIZE,NONE,0.44553766,0.37901465,100.0,False
72.0,454.12208177903415,3.0042470171696145,99.92663003624946,454.0731482659013,0.0,STABILIZE,NONE,0.44714028,0.38029172,100.0,False
72.25,453.798565446018,2.9994274622352046,100.00230781857455,454.0597633087087,0.0,STABILIZE,NONE,0.45484462,0.3791544,100.0,False
72.5,454.085687368197,3.0042675299453676,100.04750306174587,454.0692566728867,0.0,STABILIZE,NONE,0.44608678,0.38034472,100.0,False
72.75,454.17469870731486,2.996662658147839,100.13018522326367,454.05276116156944,0.0,STABILIZE,NONE,0.44301649,0.37852123,100.0,False
73.0,454.3416493968193,3.0025641766252837,100.0380333579911,454.02721642207086,0.0,STABILIZE,NONE,0.43801305,0.37993972,100.0,False
73.25,454.01001883620296,3.0053952260731083,99.86092277749135,453.9869206079418,0.0,STABILIZE,NONE,0.44626503,0.38067207,100.0,False
73.5,453.9545449952261,3.000967855534725,100.11160016617197,453.9712103489192,0.0,STABILIZE,NONE,0.44673111,0.37964844,100.0,False
73.75,453.89133143722756,3.0004297837460614,99.95831177779732,453.95693062308385,0.0,STABILIZE,NONE,0.44735938,0.37953183,100.0,False
74.0,453.9626283869167,2.99907544417279,99.82876094832166,453.94455771699654,0.0,STABILIZE,NONE,0.44442237,0.37920629,100.0,False
74.25,453.92035073934335,3.002178292286781,99.85494725626873,453.9235177770969,0.0,STABILIZE,NONE,0.44461897,0.37996426,100.0,False
74.5,453.86696246730236,3.0013578083188506,99.83952023398791,453.9031262296186,0.0,STABILIZE,NONE,0.44507122,0.37979127,100.0,False
74.75,453.9115345784196,2.9960673896377426,100.17019457512505,453.8841388277934,0.0,STABILIZE,NONE,0.44291462,0.37850423,100.0,False
75.0,454.20574146336276,3.0056371395262738,99.96712289833401,453.8588182560808,0.0,STABILIZE,NONE,0.43432311,0.3808213,100.0,False
75.25,453.9191403233609,2.999460950479691,100.01531588441038,453.8081104540498,0.0,STABILIZE,NONE,0.44138084,0.37936724,100.0,False
75.5,454.01064435722174,2.9951809970395713,100.15829418961991,453.77848079808103,0.0,STABILIZE,NONE,0.43805298,0.3783063,100.0,False
75.75,453.7317330273964,3.0037589218203635,100.0280850053349,453.7390794266698,0.0,STABILIZE,NONE,0.44458743,0.38036649,100.0,False
76.0,453.61826906199354,3.0000469780689247,100.11039506425443,453.7191698611725,0.0,STABILIZE,NONE,0.44639087,0.3794964,100.0,False
76.25,453.71003257271144,3.000670734772931,99.92174872364468,453.7046680215948,0.0,STABILIZE,NONE,0.44274309,0.37965245,100.0,False
76.5,453.3593164007703,3.001845816115683,100.10487396042762,453.6793989858971,0.0,STABILIZE,NONE,0.45092075,0.37995222,100.0,False
76.75,453.70067508449927,2.9991926194426797,100.1554443654032,453.67844832680714,0.0,STABILIZE,NONE,0.44052885,0.37932138,100.0,False
77.0,453.5781318263836,2.996929537291893,99.97171751957559,453.6466978352051,0.0,STABILIZE,NONE,0.44292436,0.37875409,100.0,False
77.25,453.8005115571953,2.9951368364065183,100.17877449889208,453.62214697891255,0.0,STABILIZE,NONE,0.43612633,0.37827362,100.0,False
77.5,453.48163464560866,2.996393368213372,100.18900927542133,453.5775225737395,0.0,STABILIZE,NONE,0.44387178,0.37852197,100.0,False
77.75,453.54146230143016,2.9960881905047447,99.94619004114152,453.55599581564957,0.0,STABILIZE,NONE,0.44121856,0.37839837,100.0,False
78.0,453.66632963604184,3.003884646670761,99.93593519771183,453.52667177140876,0.0,STABILIZE,NONE,0.4370229,0.38027095,100.0,False
78.25,453.5459509120437,3.0021244704870065,99.90330602594253,453.4850027981791,0.0,STABILIZE,NONE,0.4394707,0.37987986,100.0,False
78.5,453.5039748120431,2.9997088007874484,99.91959633842902,453.45071940076815,0.0,STABILIZE,NONE,0.43969038,0.37930793,100.0,False
78.75,453.3433719384793,3.0000291497351923,100.00447802304377,453.41719412878615,0.0,STABILIZE,NONE,0.4429935,0.37938257,100.0,False
79.0,453.30874079811144,2.9985475188519963,100.16700058575104,453.39356429111007,0.0,STABILIZE,NONE,0.44281209,0.37901641,100.0,False
79.25,453.4015445313814,3.002601078692883,100.1802733347906,453.3694704611048,0.0,STABILIZE,NONE,0.43932741,0.37999864,100.0,False
79.5,453.4234491494535,3.006542679883386,99.8762043952354,453.3351228105076,0.0,STABILIZE,NONE,0.43790853,0.38100393,100.0,False
79.75,453.4179380426104,2.9982334799683423,100.27836748950568,453.29667660364805,0.0,STABILIZE,NONE,0.43727153,0.37903413,100.0,False
80.0,453.51152822987206,2.9934730281857,99.8546700636232,453.2564622116632,0.0,STABILIZE,NONE,0.4340497,0.37783955,100.0,False
80.25,453.30647035176156,3.0022465337848967,100.11048463242388,453.2068234151424,0.0,STABILIZE,NONE,0.43880072,0.37992637,100.0,False
80.5,453.16079227365105,3.001054394149955,100.09795321536794,453.1714220728771,0.0,STABILIZE,NONE,0.44169274,0.37965837,100.0,False
80.75,453.13302277990385,3.00268287070988,99.66107541263364,453.14470347033443,0.0,STABILIZE,NONE,0.44134428,0.38007379,100.0,False
81.0,453.2121043851183,2.996275822667797,100.14380167119539,453.11703535718283,0.0,STABILIZE,NONE,0.43824624,0.37852539,100.0,False
81.25,453.04596795777667,2.997020319940491,100.05608532351162,453.08027062151035,0.0,STABILIZE,NONE,0.44176351,0.37866378,100.0,False
81.5,452.9173461684646,2.9971945026647884,99.76490584660702,453.05404619314146,0.0,STABILIZE,NONE,0.44410393,0.37866891,100.0,False
81.75,453.0308347017103,3.0016548457576766,100.15345389791968,453.03484086493006,0.0,STABILIZE,NONE,0.44000503,0.37973331,100.0,False
82.0,452.98228666470953,3.0031698653124628,100.0026941462702,453.00354584397786,0.0,STABILIZE,NONE,0.44041879,0.38012553,100.0,False
82.25,452.95958162787133,3.0014843839724383,100.15875891641885,452.97357490001826,0.0,STABILIZE,NONE,0.4401379,0.37974755,100.0,False
82.5,452.8916497103125,2.998910489297806,99.975875289295,452.94286487848126,0.0,STABILIZE,NONE,0.44106603,0.37913081,100.0,False
82.75,452.9274171301432,2.9970321443345336,100.15420090900993,452.91500176109446,0.0,STABILIZE,NONE,0.4392341,0.37865419,100.0,False
83.0,452.82173408196377,3.0013676111390106,99.87617911416639,452.8817955267305,0.0,STABILIZE,NONE,0.44122153,0.37968805,100.0,False
83.25,452.90840446617176,3.0010418067719353,99.93689778898039,452.8545838732504,0.0,STABILIZE,NONE,0.43806056,0.37962355,100.0,False
83.5,453.12122105615936,3.0008944766762977,100.26653933844659,452.8180876412098,0.0,STABILIZE,NONE,0.43178104,0.37959981,100.0,False
83.75,452.90696289377445,2.9977213108762144,99.9426719776513,452.7630920551897,0.0,STABILIZE,NONE,0.43701324,0.37882759,100.0,False
84.0,452.78919222077883,3.0000816345043453,100.00741917126382,452.72377691067527,0.0,STABILIZE,NONE,0.43936895,0.37938267,100.0,False
84.25,452.64863628913315,2.9944663033088217,99.96618510348688,452.69156703228936,0.0,STABILIZE,NONE,0.44218644,0.37799596,100.0,False
84.5,452.33509080070314,3.0014669722226723,99.89109133188583,452.66780902029154,0.0,STABILIZE,NONE,0.44940091,0.37965504,100.0,False
84.75,452.5581971543564,2.9995720416532428,100.04090085194437,452.6655096632822,0.0,STABILIZE,NONE,0.4422103,0.37920246,100.0,False
85.0,452.42710275061273,2.9950209774228207,99.84009011927502,452.64190367727315,0.0,STABILIZE,NONE,0.44478772,0.37807127,100.0,False
85.25,452.31975198846055,2.997781182752148,100.23863245457844,452.62601111709034,0.0,STABILIZE,NONE,0.44662866,0.37868869,100.0,False
85.5,452.45713701616074,3.002821821742734,99.79425477876022,452.6156249036353,0.0,STABILIZE,NONE,0.44200447,0.37990222,100.0,False
85.75,452.63643248303316,2.9996768302799435,99.99102808216985,452.5915644601473,0.0,STABILIZE,NONE,0.43658674,0.37915698,100.0,False
86.0,452.6368369463165,3.005935664840661,100.02920595247498,452.5515203071614,0.0,STABILIZE,NONE,0.43615268,0.38069705,100.0,False
86.25,452.5289683352796,2.9972587335786574,100.08750094829983,452.5103144925702,0.0,STABILIZE,NONE,0.43853521,0.37862701,100.0,False
86.5,452.4393884912429,3.002907675718637,99.99344403242723,452.47629934082465,0.0,STABILIZE,NONE,0.4402708,0.37998933,100.0,False
86.75,452.70866316644276,2.994225901240304,99.95551009597672,452.4475348108713,0.0,STABILIZE,NONE,0.4325001,0.37788145,100.0,False
87.0,452.5280490181728,2.9996060988403848,99.88117403964917,452.3958267723526,0.0,STABILIZE,NONE,0.43693904,0.37913889,100.0,False
87.25,452.3175555121464,2.9965542243175256,100.01784306575345,452.3574376030073,0.0,STABILIZE,NONE,0.44185824,0.37837839,100.0,False
87.5,452.69981856878627,3.0044186063607032,99.8336486340227,452.3337492927603,0.0,STABILIZE,NONE,0.43097056,0.38027607,100.0,False
87.75,452.1468613823956,2.999406084726221,100.15066241916007,452.2778625447449,0.0,STABILIZE,NONE,0.44520261,0.37909065,100.0,False
88.0,452.14111256818353,2.9986035955245876,100.13271241502723,452.2643356195589,0.0,STABILIZE,NONE,0.44426672,0.37888487,100.0,False
88.25,452.3777746989352,2.999673190442359,99.83233548784406,452.2480768133639,0.0,STABILIZE,NONE,0.43710306,0.37913089,100.0,False
88.5,451.97817309279856,2.998729065469465,99.66542066465925,452.21063481628795,0.0,STABILIZE,NONE,0.44704782,0.37889258,100.0,False
88.75,452.3152600488939,2.9990457822848087,100.07219404963675,452.2027870666074,0.0,STABILIZE,NONE,0.43714174,0.37895389,100.0,False
89.0,452.44584976423204,3.004538368473735,99.82732977430794,452.16560103109185,0.0,STABILIZE,NONE,0.43325356,0.380297,100.0,False
89.25,452.2473933513687,3.0041208000273736,99.88804652228558,452.1170060033972,0.0,STABILIZE,NONE,0.43816996,0.38024961,100.0,False
89.5,451.9401408403407,2.9999813909403175,99.75978649757256,452.0831353788015,0.0,STABILIZE,NONE,0.44561776,0.37927988,100.0,False
89.75,452.2920568214,2.9931009913527644,99.83397888763868,452.07144657900477,0.0,STABILIZE,NONE,0.43539575,0.37758299,100.0,False
90.0,451.9890602501004,3.0002122174974306,100.02491862597138,452.02949502470176,0.0,STABILIZE,NONE,0.4429479,0.37925465,100.0,False
90.25,452.0507770995086,3.000237300216148,100.17053294781547,452.01005981420735,0.0,STABILIZE,NONE,0.44050593,0.37926191,100.0,False
90.5,451.6625405357703,3.00086066167553,99.89281233824268,451.98344696121586,0.0,STABILIZE,NONE,0.45002458,0.37941786,100.0,False
90.75,452.00500854310235,3.001454939859535,99.86322566852577,451.98513152783084,0.0,STABILIZE,NONE,0.43990384,0.37957461,100.0,False
91.0,451.86066943996394,3.0030528354678756,100.05235844029764,451.95681178944426,0.0,STABILIZE,NONE,0.44318004,0.37998741,100.0,False
91.25,451.836254183965,3.0065446171005905,100.34637664727425,451.9382914494554,0.0,STABILIZE,NONE,0.44313304,0.38088891,100.0,False
91.5,451.70032020988833,3.0007904458939185,100.37634916534485,451.91968958173237,0.0,STABILIZE,NONE,0.44603655,0.37955176,100.0,False
91.75,452.0273368893898,3.000485742028465,99.96879147499607,451.9097520950121,0.0,STABILIZE,NONE,0.43667859,0.37949127,100.0,False
92.0,451.7909283911579,2.9991461005167275,99.91739058813876,451.8721075340394,0.0,STABILIZE,NONE,0.44263022,0.3791705,100.0,False
92.25,451.9639580051228,2.9986600426605188,99.93382727319847,451.8522217513391,0.0,STABILIZE,NONE,0.43749094,0.3790432,100.0,False
92.5,451.6368404888081,2.999815655491583,99.86588174898414,451.81716459183247,0.0,STABILIZE,NONE,0.44574732,0.37931425,100.0,False
92.75,451.7795771589912,3.003103007758241,100.05488873294665,451.8066896843005,0.0,STABILIZE,NONE,0.4412198,0.38012509,100.0,False
93.0,451.85853615879864,3.000785925925195,100.00887635952871,451.78282736458084,0.0,STABILIZE,NONE,0.43865518,0.37959282,100.0,False
93.25,451.73233843203883,2.9987266887068116,100.11386755132494,451.75143766663956,0.0,STABILIZE,NONE,0.44160422,0.37909638,100.0,False
93.5,451.5662512341102,3.003774999487803,100.00511170940271,451.72888720550344,0.0,STABILIZE,NONE,0.4454188,0.38032936,100.0,False
93.75,451.6054089041842,2.997968633809798,99.89845143982177,451.7177139627708,0.0,STABILIZE,NONE,0.44366152,0.37894396,100.0,False
94.0,451.72539777473673,2.997447629127758,100.17131967981754,451.7013667998825,0.0,STABILIZE,NONE,0.43992491,0.37879239,100.0,False
94.25,451.55674904717824,2.9929909768846548,99.8903502260911,451.6739948960704,0.0,STABILIZE,NONE,0.44397296,0.37766055,100.0,False
94.5,451.3574291103565,3.0002657295922326,100.15887369675568,451.65870728635144,0.0,STABILIZE,NONE,0.44859358,0.37936889,100.0,False
94.75,451.754327400278,2.996345371735225,99.88566170776478,451.65716343023814,0.0,STABILIZE,NONE,0.43737229,0.37840017,100.0,False
95.0,451.88915821449615,3.001613359101099,100.0006178038951,451.62236318416114,0.0,STABILIZE,NONE,0.43368302,0.37965258,100.0,False
95.25,451.735145478474,3.007879310717504,100.19448599163695,451.576736094295,0.0,STABILIZE,NONE,0.43771139,0.38121666,100.0,False
95.5,451.56410421134416,3.000930139980959,100.09256196866473,451.5431919231286,0.0,STABILIZE,NONE,0.44189607,0.37959715,100.0,False
95.75,451.43025151699806,2.9966131633002666,100.0078673625234,451.5221562914746,0.0,STABILIZE,NONE,0.44485685,0.37854445,100.0,False
96.0,451.36788070497715,2.9998857927617415,100.0144184559988,451.5099623893966,0.0,STABILIZE,NONE,0.4458041,0.37931215,100.0,False
96.25,451.8517698910956,2.997525350110931,99.98173166020435,451.50061429281317,0.0,STABILIZE,NONE,0.43243218,0.37872748,100.0,False
96.5,451.42701400588356,3.0015947278985213,100.15700864973753,451.45165943932125,0.0,STABILIZE,NONE,0.4436283,0.37970147,100.0,False
96.75,451.3624714058938,2.9976851726562566,99.75389340761024,451.4360439311378,0.0,STABILIZE,NONE,0.4447046,0.37875453,100.0,False
97.0,451.2847367489478,3.0019500718028653,100.00684705627347,451.42366742346826,0.0,STABILIZE,NONE,0.44610202,0.37977856,100.0,False
97.25,451.2631565479791,2.999059953984052,100.00472094216853,451.41547164721504,0.0,STABILIZE,NONE,0.44599271,0.37908798,100.0,False
97.5,451.48252927499016,2.9984760581140617,99.9624339913513,451.4069774352488,0.0,STABILIZE,NONE,0.4396238,0.37893178,100.0,False
97.75,451.1068663272324,2.9969284749211864,100.24265734872681,451.3796315372334,0.0,STABILIZE,NONE,0.44922568,0.37852967,100.0,False
98.0,451.0526109484981,2.9996241225389793,100.03287973440162,451.38083204940233,0.0,STABILIZE,NONE,0.44986953,0.37915571,100.0,False
98.25,451.32778487521466,2.9982443188734975,99.99083822014188,451.3839372620137,0.0,STABILIZE,NONE,0.44191764,0.37880771,100.0,False
98.5,451.3627176501346,3.0005689968171736,99.71834318182717,451.3634624603599,0.0,STABILIZE,NONE,0.44075167,0.37935775,100.0,False
98.75,451.3174849278827,2.998204105067387,99.91783961877796,451.339595472076,0.0,STABILIZE,NONE,0.44173199,0.37877824,100.0,False
99.0,451.3527549485653,3.002842840072257,100.13451660013627,451.31870873406405,0.0,STABILIZE,NONE,0.44052625,0.37989969,100.0,False
99.25,451.21985125326745,3.0034591647538553,100.17605912989359,451.29431321181426,0.0,STABILIZE,NONE,0.44377968,0.3800854,100.0,False
99.5,451.450133039685,3.004572776681146,99.97814762411215,451.2796373510031,0.0,STABILIZE,NONE,0.4373232,0.3804037,100.0,False
99.75,451.21974973673025,3.002502852160475,99.79502135273079,451.24586952399125,0.0,STABILIZE,NONE,0.44329435,0.37995133,100.0,False
100.0,451.26132059600536,2.998231857001907,99.94468164237078,451.22990623891513,0.0,STABILIZE,NONE,0.44177275,0.37893117,100.0,False
100.25,450.94825539491205,2.997301070240248,99.99692591058142,451.20948256209687,0.0,STABILIZE,NONE,0.44963853,0.37868273,100.0,False
100.5,451.3457056713414,3.0031676289702456,99.9879510287506,451.2124376952274,0.0,STABILIZE,NONE,0.43846734,0.38010006,100.0,False
100.75,451.15387764963276,2.9974425066976678,100.0603534745464,451.1822709032171,0.0,STABILIZE,NONE,0.44340535,0.37872635,100.0,False
101.0,451.12969837043124,3.0019643802458873,100.26275302061887,451.1668350705074,0.0,STABILIZE,NONE,0.44364617,0.3798127,100.0,False
101.25,451.1473049743465,2.9954908418203208,99.87087243354566,451.15216121793577,0.0,STABILIZE,NONE,0.4427907,0.3782389,100.0,False
101.5,450.9162753209297,2.996764992724946,100.1957906085228,451.13499743713015,0.0,STABILIZE,NONE,0.44850782,0.37849793,100.0,False
101.75,451.1688323531975,2.996062731880924,100.0980448249045,451.13483341717875,0.0,STABILIZE,NONE,0.4412528,0.37828254,100.0,False
102.0,451.3022214181052,2.999869027142265,99.89860137412946,451.1131651869934,0.0,DEPOSITION,NONE,0.43756451,0.37917048,100.0,True
102.25,451.0300253874847,3.001812530644886,100.09599552253844,451.08063204435746,0.024494236202433017,DEPOSITION,NONE,0.44468124,0.37964508,100.0,True
102.5,451.24662774918346,3.0044462082127072,100.17781057723403,451.0692952234774,0.07060179159671455,DEPOSITION,NONE,0.43856124,0.38031507,100.0,True
102.75,451.2441415987551,3.002425731835198,99.77036400935019,451.0398533839881,0.13577428890488352,DEPOSITION,NONE,0.43853241,0.37987046,100.0,True
103.0,450.990773316742,3.0011846952240897,99.94253106024883,451.010417951169,0.21776632542159896,DEPOSITION,NONE,0.44504216,0.37959529,100.0,True
103.25,451.13705914388316,2.9990664758979637,99.86113794550543,451.0003700156479,0.31460475116045017,DEPOSITION,NONE,0.44070217,0.37908861,100.0,True
103.5,451.1941340463528,3.0022245288049727,100.03288806763004,450.977489196437,0.42453887083533104,DEPOSITION,NONE,0.43896614,0.37985912,100.0,True
103.75,451.0885403373278,3.003230533813145,100.05115537164589,450.9495339736088,0.5460214293398798,DEPOSITION,NONE,0.44157459,0.38013679,100.0,True
104.0,450.5607485104477,2.9977489063134732,99.93151313056325,450.92939772328185,0.6776942531951338,DEPOSITION,NONE,0.45508063,0.37882544,100.0,True
104.25,450.8017276376226,3.0005588882095187,100.17883031992768,450.9493577718896,0.8183853774114367,DEPOSITION,NONE,0.44772687,0.37949429,100.0,True
104.5,450.87472230609853,2.996511099180207,100.30420522163656,450.9474581438796,0.9670218082084056,DEPOSITION,NONE,0.44529727,0.37850291,100.0,True
104.75,450.8706471854133,2.996504933358291,100.03565158744276,450.93836282632793,1.1226692243527472,DEPOSITION,NONE,0.44506043,0.37845888,100.0,True
105.0,450.9924462532471,2.9983766787643082,100.11856803618822,450.92859386600867,1.2845029182134298,DEPOSITION,NONE,0.44155373,0.37887669,100.0,True
105.25,450.8353632041717,2.99785558681297,100.02678863027872,450.9084611199147,1.4517860326494625,DEPOSITION,NONE,0.44555254,0.37872544,100.0,True
105.5,451.0158594743459,2.998899398767612,100.04959383340211,450.90024412777717,1.6238853273854432,DEPOSITION,NONE,0.44047051,0.37895358,100.0,True
105.75,450.86296530051925,3.0093649041055177,99.89371604782552,450.87698904643,1.8002219277040081,DEPOSITION,NONE,0.44441319,0.3815218,100.0,True
106.0,451.0731188253481,2.999957624886813,99.98098569944914,450.8654930852672,1.9802912677934061,DEPOSITION,NONE,0.43860196,0.37931334,100.0,True
106.25,450.94505759890825,3.002802233339331,100.19005234614299,450.8368078321778,2.163650327527192,DEPOSITION,NONE,0.4419727,0.38001743,100.0,True
106.5,450.8675011057484,2.9980878645560223,99.91935308437237,450.8182033454781,2.3499134764077296,DEPOSITION,NONE,0.44379491,0.37889008,100.0,True
106.75,450.8815061277853,3.001791307389152,100.20970764110446,450.8050581491528,2.5387473191461796,DEPOSITION,NONE,0.44311377,0.37978333,100.0,True
107.0,450.8526995576814,3.003080284603021,100.22751565521757,450.7899349893686,2.7298421736058276,DEPOSITION,NONE,0.44360203,0.38012553,100.0,True
107.25,450.8010263567262,2.9951871159426275,99.8231084370249,450.7763062750465,2.922929842314149,DEPOSITION,NONE,0.44466713,0.37821662,100.0,True
107.5,450.55020673386906,3.0048171287977574,99.87288871077564,450.7658771640976,3.117787350453276,DEPOSITION,NONE,0.45090114,0.38053755,100.0,True
107.75,450.9587351578214,3.0013977198472075,100.25729036902584,450.77395892300956,3.314208622572615,DEPOSITION,NONE,0.43954455,0.37975381,100.0,True
108.0,450.8988172868692,2.9992158263288977,99.969995432441,450.748353213946,3.511986636228138,DEPOSITION,NONE,0.44114181,0.37923483,100.0,True
108.25,450.74033701998934,3.000111579838978,99.92038844933147,450.7275618619974,3.7109659742866734,DEPOSITION,NONE,0.44519368,0.37944883,100.0,True
108.5,450.71395135030093,3.004401460004356,99.74467925337613,450.71884559493924,3.911012271702284,DEPOSITION,NONE,0.44554692,0.38051129,100.0,True
108.75,450.74997678902014,2.9964841675793523,100.02805556242072,450.7112035680911,4.111994140754135,DEPOSITION,NONE,0.44426603,0.37861264,100.0,True
109.0,450.82576704483887,2.9993206081579613,100.11594803797725,450.69978867855764,4.3138079155036495,DEPOSITION,NONE,0.4420326,0.3792723,100.0,True
109.25,450.44331334872066,3.002866221011219,99.90953061360277,450.6817892589283,4.516345647608249,DEPOSITION,NONE,0.45193082,0.38014025,100.0,True
109.5,450.78654668397843,2.9998502073465945,99.61216567313141,450.6931854735096,4.719540578054088,DEPOSITION,NONE,0.44227196,0.3794318,100.0,True
109.75,450.56250652931,2.9999725860525612,100.23309641223535,450.67591614753053,4.923295906191905,DEPOSITION,NONE,0.4480717,0.37946198,100.0,True
110.0,450.71898204988196,3.0000817829015296,99.78809738655558,450.6758918069964,5.127558602438208,DEPOSITION,NONE,0.44357086,0.37948984,100.0,True
110.25,450.8771985343253,3.004718327813167,100.00428625646859,450.6625265298468,5.332257416746986,DEPOSITION,NONE,0.43930117,0.38063697,100.0,True
110.5,450.6035835396516,2.994043738611577,100.13249815884346,450.6365470968846,5.537322246237479,DEPOSITION,NONE,0.44656311,0.37806078,100.0,True
110.75,451.03751585546377,3.001541827249296,100.18955552772296,450.6321739566099,5.742740369476739,DEPOSITION,NONE,0.43485052,0.37984069,100.0,True
111.0,450.6744100778726,2.996301742606847,100.20050089465296,450.5930969838164,5.9484301568700095,DEPOSITION,NONE,0.44467241,0.37856533,100.0,True
111.25,450.3980689238699,2.9989263992341755,100.04182776175037,450.5832551587904,6.1543881205231195,DEPOSITION,NONE,0.4516095,0.3791672,100.0,True
111.5,450.726442831125,3.000890074873742,100.058025175125,450.5940063820085,6.360596438821791,DEPOSITION,NONE,0.44234981,0.37963727,100.0,True
111.75,450.4630540531,2.99569547453623,100.00922210023947,450.5772772633643,6.56700036368462,DEPOSITION,NONE,0.44916937,0.3783636,100.0,True
112.0,450.4742850930042,2.9959936039406188,99.8101080292747,450.5808143095906,6.773600041869311,DEPOSITION,NONE,0.44841233,0.37838226,100.0,True
112.25,450.50857709417926,2.9946879150882832,99.79787969457333,450.58209636530523,6.980371177456102,DEPOSITION,NONE,0.44714086,0.37800637,100.0,True
112.5,450.33433509671966,3.0012302866601748,100.06119763442774,450.57960563608003,7.187293031353997,DEPOSITION,NONE,0.45143661,0.37955113,100.0,True
112.75,450.8909269246904,2.996086924418217,99.89806045616353,450.589855780213,7.394350266626067,DEPOSITION,NONE,0.43637411,0.37829041,100.0,True
113.0,450.69231865143706,3.0002542223571225,99.95095030919381,450.55542694303864,7.601496347029219,DEPOSITION,NONE,0.44195966,0.37926623,100.0,True
113.25,450.7940372025437,2.9998695141115457,99.82657076959988,450.53766174704276,7.808726501961033,DEPOSITION,NONE,0.43928658,0.3791694,100.0,True
113.5,450.3144876670354,3.0019055748512686,100.04578624051088,450.51202866101545,8.016022709900108,DEPOSITION,NONE,0.45195902,0.37966664,100.0,True
113.75,450.3182827819515,2.9977882676039695,100.08020689567233,450.5240381374944,8.223404493069928,DEPOSITION,NONE,0.45124307,0.37867023,100.0,True
114.0,450.62047799985504,2.9990035971696574,100.09333243027778,450.5338879839763,8.430866760181232,DEPOSITION,NONE,0.44282508,0.378941,100.0,True
114.25,450.6045333856638,2.9956719927807582,99.95319043743268,450.5187551975702,8.638377931734121,DEPOSITION,NONE,0.44325279,0.37810302,100.0,True
114.5,450.56720624809736,2.9996670040748805,99.67916021965483,450.5049374094292,8.845936818435359,DEPOSITION,NONE,0.44419157,0.37903283,100.0,True
114.75,450.451493179222,3.0036759927356957,100.23706083787195,450.4939453874419,9.053533869638283,DEPOSITION,NONE,0.44711547,0.38001484,100.0,True
115.0,450.16303704194854,3.0089613972222993,99.8309295503456,450.49165444113663,9.261165392933137,DEPOSITION,NONE,0.45440211,0.38136318,100.0,True
115.25,450.6545147208333,3.0040883226913695,100.14745259502006,450.5109690902131,9.468837775959628,DEPOSITION,NONE,0.44088675,0.38027153,100.0,True
115.5,450.51260515022267,2.9965710291192464,100.0939838181979,450.49016237828863,9.6765187050138,DEPOSITION,NONE,0.44477544,0.37846989,100.0,True
115.75,450.3736621381889,2.9927792409104783,100.42433479505743,450.4809471147052,9.884225253479878,DEPOSITION,NONE,0.44832741,0.37749487,100.0,True
116.0,450.58850435882874,3.006405989999273,99.86325657887582,450.48228905553464,10.091968677731984,DEPOSITION,NONE,0.44241285,0.38077195,100.0,True
116.25,450.68622079000295,3.005193181938515,100.23318242867516,450.4660953664912,10.299711106220357,DEPOSITION,NONE,0.43990994,0.38055135,100.0,True
116.5,450.43935233778694,2.9963897654599316,99.97340307897043,450.44253328776875,10.50744524588784,DEPOSITION,NONE,0.446537,0.37844415,100.0,True
116.75,450.1082727341627,2.995194834901956,100.01379081717252,450.4386881012277,10.715198633968456,DEPOSITION,NONE,0.45496547,0.37810736,100.0,True
117.0,450.3111281063735,3.0002085808388483,99.98365003728978,450.4598378762387,10.92299273782834,DEPOSITION,NONE,0.44897294,0.37928663,100.0,True
117.25,450.7527681636533,3.004578713320319,99.99326911237556,450.46315910637554,11.130802974878502,DEPOSITION,NONE,0.43713946,0.38036743,100.0,True
117.5,450.61272909474036,2.9979683306980807,99.94946544638576,450.43139416461497,11.338590850669165,DEPOSITION,NONE,0.44120433,0.37879133,100.0,True
117.75,450.5483107267145,2.9967533933646537,99.95815289075495,450.4117770801969,11.546375077996807,DEPOSITION,NONE,0.44298259,0.37846712,100.0,True
118.0,450.1993652936636,3.001101716399303,100.2448773633384,450.39749217267683,11.754160806102721,DEPOSITION,NONE,0.45208268,0.37950063,100.0,True
118.25,450.2974110262425,3.001336474021063,99.86540171475451,450.4102255596077,11.961964280608722,DEPOSITION,NONE,0.44896959,0.37957093,100.0,True
118.5,450.2412593149633,2.9968419289577923,100.21821281221142,450.4136916564494,12.169776119572342,DEPOSITION,NONE,0.45013463,0.37847717,100.0,True
118.75,450.7749655731245,3.0022624502378727,99.89255605462938,450.42060025253187,12.377604940537536,DEPOSITION,NONE,0.43581609,0.3797763,100.0,True
119.0,450.4907792223527,2.9996239187270937,100.12020975213059,450.38504547720123,12.58540511592081,DEPOSITION,NONE,0.44373099,0.37915185,100.0,True
119.25,450.4167113658123,3.001499115286518,100.09109140890628,450.3730623200824,12.793200368909087,DEPOSITION,NONE,0.44561807,0.37961022,100.0,True
119.5,450.2797860306486,2.9993242798971647,99.74181316149189,450.3667100761952,13.000992337004373,DEPOSITION,NONE,0.44903938,0.37909169,100.0,True
119.75,450.3042383961143,2.9963283828058063,99.978297820144,450.3705188123323,13.20879250489663,DEPOSITION,NONE,0.44805748,0.37834373,100.0,True
120.0,450.22776055668515,3.0012053710248536,100.06798589596235,450.3714051990931,13.416602163634822,DEPOSITION,NONE,0.4498112,0.37950221,100.0,True
120.25,450.1644686643447,2.9983628778617337,99.85850321472468,450.37748705000445,13.624418435032673,DEPOSITION,NONE,0.45115024,0.37881376,100.0,True
120.5,450.49949300865705,3.006059341276336,100.12773049230545,450.3875189948953,13.832248508677031,DEPOSITION,NONE,0.44201952,0.3806933,100.0,True
120.75,450.31804228506587,3.0048341160563266,99.77288383953379,450.37045512422077,14.040057350782396,DEPOSITION,NONE,0.44695352,0.38046568,100.0,True
121.0,450.5929731518436,2.9980719968406526,99.58295601772677,450.36806944402434,14.247859281467449,DEPOSITION,NONE,0.43962031,0.37885818,100.0,True
121.25,450.741575432066,3.0049370719610864,99.84521744093198,450.34395472120326,14.455644791456065,DEPOSITION,NONE,0.4359951,0.3805333,100.0,True
121.5,450.3345209928739,2.999150689851564,100.01533312049422,450.3091696957349,14.663394459068586,DEPOSITION,NONE,0.44705876,0.37916845,100.0,True
121.75,450.0847942115218,2.9978207035401696,100.07019419241213,450.307287177153,14.871145135166717,DEPOSITION,NONE,0.45332116,0.37883328,100.0,True
122.0,450.35737743876984,3.0036427801726657,100.01196253861406,450.3239730132765,15.078914752872217,DEPOSITION,NONE,0.44559212,0.38024668,100.0,True
122.25,450.67008026809907,2.997593591508223,100.03889985879302,450.3176970152144,15.286674729756808,DEPOSITION,NONE,0.43730763,0.37879969,100.0,True
122.5,449.99943672398786,2.9961790372214914,100.1992788941397,450.2868844083779,15.494412199565595,DEPOSITION,NONE,0.45522864,0.37842259,100.0,True
122.75,450.16786748079863,3.001844485374746,99.99073437139728,450.3092878959204,15.70217553311215,DEPOSITION,NONE,0.45013019,0.37977472,100.0,True
123.0,450.1598267401723,2.999051123053646,99.92286495480298,450.31650908382545,15.909943223831899,DEPOSITION,NONE,0.4500282,0.37910706,100.0,True
123.25,450.25030055026576,3.00243256989356,100.09785168316247,450.3234054305345,16.11771892309223,DEPOSITION,NONE,0.4473897,0.37993053,100.0,True
123.5,450.23584558482617,2.99724572745652,100.04235060017773,450.3224594393202,16.325490845209654,DEPOSITION,NONE,0.44767423,0.3786796,100.0,True
123.75,450.3073574679215,3.0032780762683284,100.39829403559199,450.3223597796841,16.533267120111613,DEPOSITION,NONE,0.44569503,0.38013565,100.0,True
124.0,450.44283251746543,2.9998143042151795,99.97419340436812,450.3163938523017,16.741033890294098,DEPOSITION,NONE,0.44215176,0.3793207,100.0,True
124.25,450.1714397574195,2.997211844030915,99.84948767342482,450.2999438754891,16.948786934085597,DEPOSITION,NONE,0.44944459,0.37867672,100.0,True
124.5,450.24586174413275,2.998879426476182,100.11155960598425,450.3051620198436,17.15654885916058,DEPOSITION,NONE,0.44724293,0.3790541,100.0,True
124.75,450.24398805472293,2.999658782087928,99.81725889616662,450.303837906973,17.364311508206395,DEPOSITION,NONE,0.44718793,0.3792319,100.0,True
125.0,450.5490412434874,3.00179792275822,100.26833097538358,450.30235489910785,17.572073589539023,DEPOSITION,NONE,0.43909979,0.37975481,100.0,True
125.25,450.39643520076555,3.0045946901772767,99.96272687118324,450.2769023319602,17.779811073666014,DEPOSITION,NONE,0.44343879,0.38046727,100.0,True
125.5,450.3719646011298,3.0078597070684716,99.81646983075912,450.26439047993625,17.98753122681057,DEPOSITION,NONE,0.44411687,0.38133163,100.0,True
125.75,450.4303679175634,3.0041841750620346,100.0631691366564,450.25392757430376,18.19523113227236,DEPOSITION,NONE,0.44256617,0.38052491,100.0,True
126.0,450.35368272465007,3.0025814869582077,99.89945572510517,450.2389008592925,18.4029120644875,DEPOSITION,NONE,0.44462577,0.38018723,100.0,True
126.25,450.29263768232653,2.9958623836233707,99.89631294380177,450.23002592310496,18.610581653499253,DEPOSITION,NONE,0.44614094,0.37856661,100.0,True
126.5,450.1309354058383,2.9984268408115624,100.0224663457725,450.22566981768,18.81825344692229,DEPOSITION,NONE,0.45021057,0.37915442,100.0,True
126.75,450.30284513492256,2.9946370914747247,100.30401631327607,450.23339015986977,19.025934248259173,DEPOSITION,NONE,0.44533486,0.3782016,100.0,True
127.0,450.4041635863769,3.001658181045438,99.94502044125898,450.2266342428635,19.233616831990297,DEPOSITION,NONE,0.4426184,0.37986996,100.0,True
127.25,450.1981515021602,3.000965530369036,100.06321599795928,450.2118475021704,19.44128407734225,DEPOSITION,NONE,0.44809612,0.37971875,100.0,True
127.5,449.95518413055635,3.0014727894327877,100.44823713826048,450.2133434962679,19.648951201509266,DEPOSITION,NONE,0.45422147,0.37985601,100.0,True
127.75,449.9489975790561,3.002125362154694,100.05677529626138,450.2329910715789,19.85663332438701,DEPOSITION,NONE,0.45384313,0.38003596,100.0,True
128.0,450.2342936173893,3.003105051899493,99.81796055303795,450.25145590034606,20.06432847484485,DEPOSITION,NONE,0.44592918,0.38030578,100.0,True
128.25,450.2714694984513,3.003126482645826,99.9696852182751,450.2464052495346,20.272014708650403,DEPOSITION,NONE,0.44500529,0.3803519,100.0,True
128.5,450.17424238514155,2.9987094602835613,99.93148669779926,450.23863184009554,20.479689612180827,DEPOSITION,NONE,0.44763538,0.37930322,100.0,True
128.75,450.47705388645,2.9956608231233615,100.13453969054957,450.23867857690595,20.687366346229705,DEPOSITION,NONE,0.43962093,0.37853795,100.0,True
129.0,450.021966837228,3.0008716047489585,99.98383007956367,450.2149694071629,20.895028523133323,DEPOSITION,NONE,0.45189656,0.37977286,100.0,True
129.25,449.8294463104419,2.9987099333742377,99.83548243880885,450.22772060614017,21.102700472128483,DEPOSITION,NONE,0.45656628,0.37924971,100.0,True
129.5,450.18575638542586,3.003572358675234,99.82771283694389,450.25427361231493,21.310397355468805,DEPOSITION,NONE,0.44666109,0.3804347,100.0,True
129.75,450.08789107229455,3.002966627010899,100.01787953807022,450.25138363615355,21.518086480654162,DEPOSITION,NONE,0.44927491,0.38032992,100.0,True
130.0,450.49395998080155,2.9992691458904464,99.86394029925903,450.25625034316283,21.72577550116987,DEPOSITION,NONE,0.43853127,0.37945532,100.0,True
130.25,450.2190313627714,3.002117879524903,100.14512578372765,450.2292564685497,21.933441912041065,DEPOSITION,NONE,0.44621569,0.38015238,100.0,True
130.5,450.22526106141106,2.998293254677822,99.98264493398271,450.2251243315997,22.141101568727866,DEPOSITION,NONE,0.44603282,0.379236,100.0,True
130.75,450.13126296381375,3.004234972228963,100.00110897552472,450.2204630395007,22.34875950168826,DEPOSITION,NONE,0.44847982,0.38068454,100.0,True
131.0,450.04863311561866,2.996447290951734,100.11202297911463,450.2230694834375,22.55641350855046,DEPOSITION,NONE,0.45049152,0.37881535,100.0,True
131.25,450.3305646222039,2.997782974796731,99.89691145650477,450.23163070742214,22.76407998179761,DEPOSITION,NONE,0.4428614,0.37910347,100.0,True
131.5,450.22123597551564,2.993219615722899,99.79923351774377,450.21754865737466,22.971737214837194,DEPOSITION,NONE,0.44592378,0.37794909,100.0,True
131.75,450.3357977342008,2.9974575127981757,100.05782259008389,450.21258779507986,23.179399723077946,DEPOSITION,NONE,0.44291434,0.37890988,100.0,True
132.0,450.3866109615172,3.001142184831311,100.0031784479977,450.1987220815566,23.387053641930148,DEPOSITION,NONE,0.44172824,0.37978408,100.0,True
132.25,450.50958117226145,3.0010964289110507,99.94533094840868,450.18138389258183,23.594690672881445,DEPOSITION,NONE,0.4386803,0.37978292,100.0,True
132.5,450.2679698616477,3.0001991518633875,99.86800210415778,450.1550653526792,23.802303073952544,DEPOSITION,NONE,0.4453063,0.37957237,100.0,True
132.75,450.1597214441023,2.998412126688447,99.69676714844447,450.14846916349063,24.00990937395691,DEPOSITION,NONE,0.44802042,0.37913177,100.0,True
133.0,450.1233508035705,2.9981767221168956,99.9324040997463,450.14993852216105,24.217519193073663,DEPOSITION,NONE,0.44871344,0.37905244,100.0,True
133.25,449.8997929683026,2.9981047409138397,99.99387968639131,450.1534574880314,24.42513466469957,DEPOSITION,NONE,0.45430545,0.3790099,100.0,True
133.5,450.18926017259145,2.9958519369309977,100.09753399886363,450.17354084148513,24.632770363132156,DEPOSITION,NONE,0.44619134,0.37842723,100.0,True
133.75,449.982059664106,2.9990068120174556,100.2012488080685,450.1695103678755,24.84040848129223,DEPOSITION,NONE,0.45160518,0.3791515,100.0,True
134.0,450.0747761251466,2.998203697094353,100.16550296160062,450.181539720448,25.048058520725807,DEPOSITION,NONE,0.44886652,0.37893645,100.0,True
134.25,450.1262068093943,2.9990126673246538,100.03410380275145,450.18541383361696,25.255714536835182,DEPOSITION,NONE,0.44740196,0.37910981,100.0,True
134.5,450.34669759909553,2.9932182471488478,99.87232432711987,450.18493473312134,25.46337158526967,DEPOSITION,NONE,0.44160045,0.37766209,100.0,True
134.75,450.0120237618338,2.997234568398771,99.86833247869828,450.1672607779559,25.671022990808556,DEPOSITION,NONE,0.45065283,0.37856522,100.0,True
135.0,450.04724202716676,3.0017382365787686,99.86318084567924,450.17647427350255,25.878686469904565,DEPOSITION,NONE,0.44947484,0.37963647,100.0,True
135.25,450.2010049643198,3.001905544165116,99.8877920228977,450.18216732262556,26.08635251212853,DEPOSITION,NONE,0.44529086,0.37969362,100.0,True
135.5,450.1955222323356,3.0055526107977713,100.0495080946318,450.1754408060236,26.294010066177346,DEPOSITION,NONE,0.44552358,0.38061428,100.0,True
135.75,450.07147817250876,2.9998678790905546,99.85930869508117,450.16942508608776,26.50165453806989,DEPOSITION,NONE,0.44882906,0.37927764,100.0,True
136.0,450.2147963952102,3.0027348440984913,99.87430835578715,450.173225962606,26.709302676834206,DEPOSITION,NONE,0.44493708,0.37998486,100.0,True
136.25,450.1333871238347,3.0032808304991665,99.92372714362108,450.16547869912677,26.91694027040744,DEPOSITION,NONE,0.44715813,0.38015471,100.0,True
136.5,450.1931544336973,2.996466373861228,99.87448213341354,450.1643390582458,27.124572298132684,DEPOSITION,NONE,0.44554019,0.37851448,100.0,True
136.75,450.0798877326552,3.0064342715351358,99.93864247879951,450.1584072110898,27.332204348496926,DEPOSITION,NONE,0.44854445,0.380935,100.0,True
137.0,450.0819050447155,2.9976875873045516,99.97515964689124,450.16139884762595,27.539829871474215,DEPOSITION,NONE,0.44835467,0.37885648,100.0,True
137.25,450.2622081376791,3.000143179573677,100.30867220120504,450.1638186199262,27.747460926693208,DEPOSITION,NONE,0.4435208,0.37943736,100.0,True
137.5,450.1839718570864,3.0039090549849417,100.04150666740371,450.1519026900765,27.955081442679468,DEPOSITION,NONE,0.4457318,0.38037116,100.0,True
137.75,450.23741482497365,2.994914976320645,99.98094108277911,450.1465776002065,28.162691753211337,DEPOSITION,NONE,0.44434054,0.37820039,100.0,True
138.0,450.1268031079301,2.998941654451923,99.67706820592136,450.1371452690244,28.370301180020075,DEPOSITION,NONE,0.44731319,0.37913407,100.0,True
138.25,450.26864731704177,2.998598073798788,99.93428930166304,450.1365536477609,28.577911630690696,DEPOSITION,NONE,0.44349222,0.37903579,100.0,True
138.5,450.0863623543622,2.999192653657115,100.0610647631183,450.12463807351827,28.78551370926416,DEPOSITION,NONE,0.44837787,0.3791646,100.0,True
138.75,449.9365864736885,2.9971517390548166,100.04359499438489,450.1272413114233,28.993119236973417,DEPOSITION,NONE,0.45212389,0.37864924,100.0,True
139.0,450.16277748700963,2.999052448708348,99.91391313915383,450.14094006531155,29.200740834920868,DEPOSITION,NONE,0.44584205,0.37908141,100.0,True
139.25,450.010812268502,3.0000873226313955,100.1771098709787,450.13597597397745,29.408359482416877,DEPOSITION,NONE,0.44985822,0.37932276,100.0,True
139.5,449.9842241528919,3.0048270630621516,100.12659721980705,450.14293176559875,29.615984111986034,DEPOSITION,NONE,0.45036333,0.38049229,100.0,True
139.75,450.08341849841486,3.0022084621127205,99.78011448747067,450.1513630590114,29.823609219403444,DEPOSITION,NONE,0.44757358,0.37990438,100.0,True
140.0,449.8917626609364,2.9958103011465504,99.93853803020286,450.1514989027106,30.031231337909084,DEPOSITION,NONE,0.45258176,0.37835275,100.0,True
140.25,450.1176676544701,2.998485190105655,100.0149134035847,450.1664791498126,30.238872609155763,DEPOSITION,NONE,0.44638084,0.37896242,100.0,True
140.5,449.84275932339824,3.0016445339504014,99.78710491316613,450.163032409556,30.44651308349351,DEPOSITION,NONE,0.4536783,0.37972323,100.0,True
140.75,450.0820993518527,2.998785552606927,99.82656840448861,450.1812269426365,30.65416711915749,DEPOSITION,NONE,0.44709388,0.37903657,100.0,True
141.0,449.97419777055154,2.997109158068381,99.9982114536788,450.1798477208472,30.861821738106954,DEPOSITION,NONE,0.45001128,0.37860686,100.0,True
141.25,450.27561764173186,3.0020623773847364,99.85082634425942,450.1871203148729,31.06948689919223,DEPOSITION,NONE,0.44203205,0.37979309,100.0,True
141.5,450.0519822807264,2.9974389768389,100.06747184681446,450.1707188529582,31.277134817128776,DEPOSITION,NONE,0.44824871,0.37867522,100.0,True
141.75,449.8671824408765,3.004131280954185,99.92727926870654,450.1727954679543,31.484788276332115,DEPOSITION,NONE,0.45305227,0.38029529,100.0,True
142.0,450.07157518389147,3.0010945993037317,100.15489285826594,450.1891039134615,31.69245009233699,DEPOSITION,NONE,0.44740582,0.37959574,100.0,True
142.25,450.24001222948664,3.0031472123616885,100.02015382249805,450.1886247409539,31.900109980004817,DEPOSITION,NONE,0.44305114,0.38011701,100.0,True
142.5,450.3596850770358,3.003466668034047,99.98507818160017,450.17523928617965,32.107753719098525,DEPOSITION,NONE,0.44019536,0.38023672,100.0,True
142.75,450.36931161521306,2.9999408746687473,100.01303398304529,450.15343073202405,32.31537349322424,DEPOSITION,NONE,0.4403248,0.37941181,100.0,True
143.0,449.9938528478521,2.9985877350450343,100.11663741187652,450.1320738984192,32.52297474969331,DEPOSITION,NONE,0.45046624,0.37908041,100.0,True
143.25,449.9439470704382,3.0015212651726406,100.0522923926904,450.14084410689867,32.7305857106211,DEPOSITION,NONE,0.4514769,0.37978986,100.0,True
143.5,450.19421687732745,2.992826782471326,99.9845135620548,450.1525826648899,32.938204737241136,DEPOSITION,NONE,0.4446127,0.37766316,100.0,True
143.75,450.2411773121785,2.9977521600268497,100.01354600486465,450.14393831102484,33.145826508605246,DEPOSITION,NONE,0.44348927,0.37879124,100.0,True
144.0,449.77527996122706,3.00224003482667,99.90063507854862,450.1319909515873,33.35344104631767,DEPOSITION,NONE,0.45583928,0.37986958,100.0,True
144.25,450.2873912756785,2.994510432915908,100.10384010824883,450.1566877335435,33.56107391075501,DEPOSITION,NONE,0.44187488,0.37798593,100.0,True
144.5,450.1043744617194,3.0029170973737065,99.86114353193317,450.13991535486724,33.76870001075666,DEPOSITION,NONE,0.44695819,0.3799923,100.0,True
144.75,450.04549427565024,3.0069793182546927,99.8755071774344,450.13826282936174,33.97632047619221,DEPOSITION,NONE,0.44846375,0.38102895,100.0,True
145.0,450.0351740335469,2.9988443592346807,99.84661619112693,450.1410781146581,34.18393340166777,DEPOSITION,NONE,0.44861784,0.37910621,100.0,True
145.25,450.3229098745312,3.0049473155581614,99.89438409001248,450.14434135657865,34.39155087496755,DEPOSITION,NONE,0.44096986,0.38060137,100.0,True
145.5,449.86602008885234,3.0028790772827554,100.16625857676874,450.12492491570436,34.599144316678625,DEPOSITION,NONE,0.45325436,0.38015417,100.0,True
145.75,450.26523062024853,3.002595138613778,99.86987121012642,450.1419817414217,34.80674853831632,DEPOSITION,NONE,0.44239365,0.38012369,100.0,True
146.0,450.1015184804766,2.99475839272628,99.78727557556212,450.1267929417774,35.01433578034923,DEPOSITION,NONE,0.44692609,0.37822474,100.0,True
146.25,450.27225140776704,2.99732900558519,100.341935739103,450.1250862116766,35.22192904446997,DEPOSITION,NONE,0.4424076,0.37879825,100.0,True
146.5,450.12111849406864,2.997642259631234,100.11968278055593,450.10999147757127,35.42951291651299,DEPOSITION,NONE,0.44656602,0.37884301,100.0,True
146.75,450.3774592344286,3.0012142710189984,99.81742822438093,450.1072698807887,35.637097740482936,DEPOSITION,NONE,0.4397864,0.37969518,100.0,True
147.0,450.14011161482796,3.0037787494573935,99.92601385764604,450.0844611945452,35.8446608540925,DEPOSITION,NONE,0.44630814,0.38034258,100.0,True
147.25,449.96500857548114,3.0023853773671854,100.02099516107528,450.08105486909284,36.05221552805237,DEPOSITION,NONE,0.45079105,0.3800453,100.0,True
147.5,449.92556572234827,2.997997230538877,99.88665062635509,450.09094703775065,36.25977538433424,DEPOSITION,NONE,0.45148987,0.37899286,100.0,True
147.75,450.14732002501563,2.9996298176299456,100.17256705645902,450.10287972528505,36.4673485007942,DEPOSITION,NONE,0.44535843,0.3793732,100.0,True
148.0,450.2030506373072,2.994638149513082,100.06104857971827,450.09660088101,36.6749166201616,DEPOSITION,NONE,0.44395453,0.37813633,100.0,True
148.25,450.2207201527759,3.0011383334352475,100.1545089488919,450.0861803048249,36.88248328878813,DEPOSITION,NONE,0.44360873,0.37967475,100.0,True
148.5,449.9923307018443,2.9968203649909317,100.13951050378635,450.0747672507448,37.09003830130723,DEPOSITION,NONE,0.44970284,0.37862035,100.0,True
148.75,449.92163375597534,2.993455681411446,100.15379499169853,450.08145345669817,37.297603673362794,DEPOSITION,NONE,0.45131478,0.37774817,100.0,True
149.0,449.9842690394181,2.999556908637611,99.79030309776543,450.0928967782684,37.50518838977532,DEPOSITION,NONE,0.44938281,0.37917017,100.0,True
149.25,449.89974867373496,2.997040220924463,99.94590252224022,450.09857781178573,37.71277866938203,DEPOSITION,NONE,0.45145532,0.37853775,100.0,True
149.5,450.16588414158235,2.99386209861836,100.1128259761927,450.11038428015894,37.92038350349374,DEPOSITION,NONE,0.44425135,0.37771117,100.0,True
149.75,449.92350078262245,2.998067108603095,100.10167830821123,450.10080050704073,38.12798879662424,DEPOSITION,NONE,0.4507934,0.37866759,100.0,True
150.0,458.0994429426896,2.9968192419196313,100.27668890308514,450.1106380325668,38.33560548857966,DEPOSITION,NONE,0.23639104,0.37832813,100.0,True
150.25,457.3558381238439,3.0024386109592216,100.02998355229117,449.484931364585,38.542680705557025,DEPOSITION,NONE,0.26716872,0.37966978,100.0,True
150.5,457.16410467073337,3.000132863499441,100.15121345265737,448.9524055964539,38.74928814379163,DEPOSITION,NONE,0.27986329,0.37912428,100.0,True
150.75,456.34788612551773,3.0048630740628326,99.88555230556271,448.4591695538655,38.95546572336631,DEPOSITION,NONE,0.3068225,0.38029012,100.0,True
151.0,455.9930513331678,3.006789775934062,100.04754570821774,448.04738269795996,39.16127794300177,DEPOSITION,NONE,0.31914932,0.3808241,100.0,True
151.25,455.68988263961717,3.0072744574188577,100.05420350110501,447.6734187937118,39.366755228750996,DEPOSITION,NONE,0.32876575,0.38102893,100.0,True
151.5,455.20670532193895,3.0021588141925903,99.82274786244876,447.32912591809827,39.571922904509286,DEPOSITION,NONE,0.34209961,0.37986022,100.0,True
151.75,455.19467786901674,3.003403104532295,99.9140561232188,447.02543038820517,39.77682366508724,DEPOSITION,NONE,0.34205034,0.38020062,100.0,True
152.0,454.62835110610257,3.0000394702544892,100.00212327276682,446.72253638349514,39.98145653267452,DEPOSITION,NONE,0.3563715,0.37941836,100.0,True
152.25,454.31638388431764,3.0012161180469463,99.69371864556041,446.4630370268476,40.18586403957531,DEPOSITION,NONE,0.36313111,0.37971583,100.0,True
152.5,454.1594546903944,2.9982019238034257,99.95901016727161,446.224383609133,40.39006266541262,DEPOSITION,NONE,0.36548962,0.37899172,100.0,True
152.75,454.0395493026639,2.995879889473161,100.08827726248536,445.99346571685754,40.59406342174807,DEPOSITION,NONE,0.36683637,0.37840013,100.0,True
153.0,453.7402371377756,2.9979543907794515,99.79497607982564,445.7672602400738,40.797873701815924,DEPOSITION,NONE,0.37290828,0.37886331,100.0,True
153.25,453.3822920078065,3.001153726235389,99.85542263356866,445.5597583985664,41.00150683867907,DEPOSITION,NONE,0.38028976,0.37962821,100.0,True
153.5,453.3844133569788,3.0031607169450947,100.15489639230192,445.37478355230104,41.20497790933498,DEPOSITION,NONE,0.37798612,0.38013772,100.0,True
153.75,453.41761713774497,2.998821884137738,99.83722763922717,445.18355759363055,41.408278728688465,DEPOSITION,NONE,0.37518539,0.37910576,100.0,True
154.0,453.137705420848,3.000735983998285,100.1685925975116,444.98462659428986,41.611408775939005,DEPOSITION,NONE,0.38088557,0.37956515,100.0,True
154.25,452.80487069028027,3.0033311821144273,100.12695811300813,444.8032122796222,41.81438057828502,DEPOSITION,NONE,0.38777043,0.380216,100.0,True
154.5,452.7502346600703,3.00097657420254,100.05965485187936,444.64277152455765,42.017208704023844,DEPOSITION,NONE,0.3871421,0.37967738,100.0,True
154.75,452.5159242922137,3.0000609253607666,100.14852918933394,444.4809689211615,42.2198953153078,DEPOSITION,NONE,0.39144453,0.37946571,100.0,True
155.0,452.2556271128592,3.004582875868798,99.9840636181961,444.33242406394584,42.42245319768216,DEPOSITION,NONE,0.39635705,0.3805857,100.0,True
155.25,452.3467112940108,2.9987219826910714,99.96300010068545,444.19890396474744,42.62488904181566,DEPOSITION,NONE,0.39197979,0.37919764,100.0,True
155.5,452.35766198035725,2.99816769864182,99.80841748559864,444.05282575749766,42.82720021211107,DEPOSITION,NONE,0.39013748,0.37904839,100.0,True
155.75,451.7946301874264,2.998291819844371,100.32327877790765,443.9017425112795,43.02938315814427,DEPOSITION,NONE,0.40356606,0.37905827,100.0,True
156.0,451.82194792402765,3.0021843858351094,99.84976000646797,443.7909345341967,43.23147255588418,DEPOSITION,NONE,0.4009095,0.37999906,100.0,True
156.25,451.72548918259884,3.001208333902395,100.27024404331964,443.6725979391347,43.43345646750562,DEPOSITION,NONE,0.40185052,0.37978548,100.0,True
156.5,451.452979294055,3.000899484381258,100.04538758626798,443.55741986130363,43.63533901619626,DEPOSITION,NONE,0.40751339,0.3797254,100.0,True
156.75,451.3061293510365,2.9989514203669785,99.96047876356953,443.45938655761626,43.837135474063956,DEPOSITION,NONE,0.40972882,0.37925698,100.0,True
157.0,451.0194211077871,3.0008880045947635,100.08103651296152,443.3682259216791,44.038854510467466,DEPOSITION,NONE,0.41567123,0.37972375,100.0,True
157.25,451.22912349246116,2.994997482757241,100.22198213006988,443.29496371156057,44.24050889702019,DEPOSITION,NONE,0.40846792,0.3782806,100.0,True
157.5,451.2404785340546,3.002473199402454,100.21154826950529,443.20057864094554,44.442088601381265,DEPOSITION,NONE,0.40705591,0.38006515,100.0,True
157.75,451.024166683989,3.001648777403979,99.96382764794947,443.1023027016374,44.643579840473585,DEPOSITION,NONE,0.41179843,0.37989119,100.0,True
158.0,451.0090084792047,2.99881412343596,99.99980216013174,443.0183907754297,44.84499620508629,DEPOSITION,NONE,0.41110326,0.37921164,100.0,True
158.25,451.09977413000763,2.9995366931003593,99.97694008779128,442.93268010006324,45.04634010699443,DEPOSITION,NONE,0.40778913,0.37937601,100.0,True
158.5,450.7959328014792,3.000223274675763,99.8657697905038,442.83741338620666,45.24760229184513,DEPOSITION,NONE,0.41508763,0.37953962,100.0,True
158.75,450.6886787533299,2.999019886785693,99.91512275316873,442.76407751791237,45.44880075919177,DEPOSITION,NONE,0.41689861,0.37924508,100.0,True
159.0,450.6785669986301,2.997421887747297,100.30059366685433,442.69633842157066,45.64994202774262,DEPOSITION,NONE,0.41618229,0.37883796,100.0,True
159.25,450.82604653490404,3.0008142480770212,99.99195722227915,442.62668742380686,45.851026675934015,DEPOSITION,NONE,0.41149161,0.37964278,100.0,True
159.5,450.8719646497201,3.000362155864048,99.98697317381966,442.54335002530024,46.05203817810441,DEPOSITION,NONE,0.40980652,0.37953974,100.0,True
159.75,450.50074680369556,3.0002783513037974,100.21154765597254,442.4552778471728,46.25297309869502,DEPOSITION,NONE,0.41917804,0.37952262,100.0,True
160.0,450.3924140349782,3.005633182191278,99.86769681099973,442.39525873885077,46.45385578686453,DEPOSITION,NONE,0.42117828,0.38084823,100.0,True
160.25,450.4454633737236,2.9958605847375623,100.27256514349358,442.34135584118576,46.65468409442618,DEPOSITION,NONE,0.41894622,0.3785052,100.0,True
160.5,450.23142022621033,2.9990336612433444,100.13863553594537,442.2810050420443,46.85546604641239,DEPOSITION,NONE,0.42393898,0.37923923,100.0,True
160.75,450.42394276796,2.9959504085951076,99.94807615125376,442.2356416653558,47.05621015327161,DEPOSITION,NONE,0.41808527,0.37846527,100.0,True
161.0,449.9638302606438,3.0000316404234155,99.98479411972879,442.1730687515638,47.256905847927456,DEPOSITION,NONE,0.42975282,0.37942201,100.0,True
161.25,450.0929349429591,2.997561279928718,99.9421140304228,442.14527504637306,47.457577475475276,DEPOSITION,NONE,0.42539922,0.37880974,100.0,True
161.5,449.9927041840332,3.001402401815474,100.2273925070807,442.1046634848428,47.65821742097484,DEPOSITION,NONE,0.42743063,0.37972588,100.0,True
161.75,449.78059135526576,2.999350263276859,99.93727423388587,442.0701999715511,47.85882566946338,DEPOSITION,NONE,0.43236824,0.37923405,100.0,True
162.0,450.1243349264845,2.9968968396555393,99.97803462539606,442.0504796382093,48.059417806601616,DEPOSITION,NONE,0.42256967,0.37861852,100.0,True
162.25,449.8458379077013,3.002100149361182,100.01489119449373,442.00177673507307,48.259972237988805,DEPOSITION,NONE,0.42972234,0.37986309,100.0,True
162.5,449.9502059508227,3.0009470153284576,99.96302750430534,441.9744271356572,48.460500174239364,DEPOSITION,NONE,0.42647786,0.3796021,100.0,True
162.75,449.7044727073022,3.001546773948706,100.0432405255686,441.93754585474875,48.66099501128484,DEPOSITION,NONE,0.43266032,0.3797611,100.0,True
163.0,449.8959932372862,3.002588100391041,100.18277433246877,441.9191051775179,48.86147183200969,DEPOSITION,NONE,0.42709586,0.38003728,100.0,True
163.25,449.7203859365494,2.997077682612989,100.23209276436516,441.88422833166766,49.061915020946614,DEPOSITION,NONE,0.43153941,0.3787093,100.0,True
163.5,450.07545928417585,2.9974504237740023,99.82289349216448,441.86263150418716,49.262343670864105,DEPOSITION,NONE,0.42186892,0.37876592,100.0,True
163.75,449.7168024727403,2.9983841686482187,99.76239012521698,441.8124376058007,49.46273258650466,DEPOSITION,NONE,0.43147996,0.37896432,100.0,True
164.0,449.79556364536967,2.996173146387629,99.81844155249375,441.79088855745727,49.663105174650525,DEPOSITION,NONE,0.42908264,0.37839649,100.0,True
164.25,449.8997167731755,2.9982829856145417,99.98927932268282,441.7623008098356,49.863458431858376,DEPOSITION,NONE,0.42620842,0.37886758,100.0,True
164.5,449.81964719089456,3.002916204849105,99.94944698068107,441.7252827375432,50.06378216817419,DEPOSITION,NONE,0.42834392,0.37998698,100.0,True
164.75,449.7013276580125,2.9977607083005013,100.26210695446883,441.6947100362143,50.26407554155793,DEPOSITION,NONE,0.43136592,0.37874695,100.0,True
165.0,449.77068275714055,2.997116700830795,100.00060869532844,441.67319028447605,50.46435352042651,DEPOSITION,NONE,0.42932802,0.37855828,100.0,True
165.25,449.7527298577834,3.002107655892928,100.27437551770605,441.64569710467947,50.6646118463464,DEPOSITION,NONE,0.42973079,0.37975255,100.0,True
165.5,449.82533143100727,2.998880572990363,99.98662292493064,441.61948356402974,50.86484471803457,DEPOSITION,NONE,0.42775861,0.37897891,100.0,True
165.75,449.39527483328436,3.0013447700621634,100.02265315893193,441.5875060422308,51.06505165136289,DEPOSITION,NONE,0.43908158,0.37957193,100.0,True
166.0,449.994713321917,3.000782703297815,99.68601214290233,441.58919089252413,51.26525826220976,DEPOSITION,NONE,0.42282562,0.37944833,100.0,True
166.25,449.4418729592006,3.0007676768953946,99.81159770611106,441.5426859322063,51.465423788380825,DEPOSITION,NONE,0.43773288,0.37945375,100.0,True
166.5,449.41043177065535,2.999275651628944,100.05127174516983,441.54051292326307,51.665586472736955,DEPOSITION,NONE,0.43812115,0.37909469,100.0,True
166.75,449.5146962700715,2.9977704525056006,100.11815218517425,441.5394975717534,51.86574937554547,DEPOSITION,NONE,0.43501935,0.37871378,100.0,True
167.0,449.4483456753423,2.9991303687157065,99.7930522612073,441.52929129277095,52.065906649877164,DEPOSITION,NONE,0.43663121,0.37902141,100.0,True
167.25,449.4059922376603,3.002660476892479,99.75735172621992,441.52389459889457,52.26606055318539,DEPOSITION,NONE,0.4375662,0.37988114,100.0,True
167.5,449.5106101081328,3.0026423363324835,99.94343370893075,441.5212861623279,52.46620860623944,DEPOSITION,NONE,0.43464823,0.37990881,100.0,True
167.75,449.5460052401424,2.996924773290457,100.1965416853277,441.51003666238165,52.66634339269273,DEPOSITION,NONE,0.43374952,0.37853016,100.0,True
168.0,449.6613159318353,3.0012419878783647,99.7367381710126,441.4961583814199,52.86647055572576,DEPOSITION,NONE,0.43082041,0.37955911,100.0,True
168.25,449.3167468294625,3.003366656031623,100.25696816354179,441.47364118011706,53.06657665802635,DEPOSITION,NONE,0.44010135,0.38009927,100.0,True
168.5,449.52319633543283,3.0039032658220224,99.90883574448675,441.4787040194351,53.26668253574406,DEPOSITION,NONE,0.43442612,0.3802744,100.0,True
168.75,449.4385209476501,2.9998450824427327,100.06346451306024,441.4669290211417,53.466772932855434,DEPOSITION,NONE,0.43674795,0.37932311,100.0,True
169.0,449.2327514975312,3.0026802097398,100.198381996655,441.4620729360979,53.666859420402545,DEPOSITION,NONE,0.44212233,0.38002477,100.0,True
169.25,449.3008520168953,2.9955722185340066,100.05258401719263,441.4731622892213,53.86695179842629,DEPOSITION,NONE,0.44005903,0.37830548,100.0,True
169.5,449.37995439542493,2.9928947541706523,100.1212875274038,441.4781011813418,54.06705458750739,DEPOSITION,NONE,0.43788934,0.37759185,100.0,True
169.75,449.4999326128669,2.9991668393739803,100.3170166439066,441.4765934503318,54.26716590601571,DEPOSITION,NONE,0.43480683,0.37905209,100.0,True
170.0,449.4867891436859,2.998404693228838,100.01517277181503,441.46595350593395,54.46726918924177,DEPOSITION,NONE,0.43539273,0.37885043,100.0,True
170.25,449.3010730450049,2.998512265137253,100.05795442031877,441.45708343511956,54.66736703291849,DEPOSITION,NONE,0.4404533,0.378854,100.0,True
170.5,449.3801114263759,2.999568759831157,100.2503417291261,441.4632411573077,54.867472256510084,DEPOSITION,NONE,0.43829889,0.37909336,100.0,True
170.75,449.5919410626394,3.003367541382753,100.07932250532971,441.46299374516144,55.06757788983431,DEPOSITION,NONE,0.43282066,0.38002319,100.0,True
171.0,449.519139229179,3.0050518181787202,99.99706810210371,441.4465089949204,55.267664695882644,DEPOSITION,NONE,0.4351068,0.3804789,100.0,True
171.25,449.71517918236026,2.9974122443644524,99.9617443468418,441.4368520636253,55.467736249901726,DEPOSITION,NONE,0.43018794,0.37865494,100.0,True
171.5,449.2058557365335,2.999453996960605,100.07776636494314,441.4126451907399,55.667790586358976,DEPOSITION,NONE,0.4439998,0.37912871,100.0,True
171.75,449.6471408370161,2.9985436102408123,100.00079567103985,441.4294538036323,55.86786021610273,DEPOSITION,NONE,0.43211055,0.37889742,100.0,True
172.0,449.35708729361073,2.998441260063668,99.82159308196789,441.410968853586,56.067915969838005,DEPOSITION,NONE,0.44009746,0.37885366,100.0,True
172.25,449.42531488260914,2.995592594920929,100.01658147262366,441.4162157078139,56.26797844150183,DEPOSITION,NONE,0.43822793,0.37812989,100.0,True
172.5,449.41904747746054,2.999183607790026,99.8483644645135,441.41590468713736,56.46804677806888,DEPOSITION,NONE,0.43844782,0.37896004,100.0,True
172.75,449.2086003241436,3.0068407554933017,99.79870419037167,441.416246416385,56.66811657399906,DEPOSITION,NONE,0.44402027,0.38083789,100.0,True
173.0,449.6667598224033,3.00246252341867,99.94539685475725,441.4331044684708,56.868191491240765,DEPOSITION,NONE,0.43179209,0.37983981,100.0,True
173.25,449.2401026489144,3.003589648825177,100.2594476795113,441.41366417547266,57.068246320234415,DEPOSITION,NONE,0.44346407,0.38015017,100.0,True
173.5,449.28877798173824,2.9992722560159204,100.15774356471904,441.4288816430597,57.26830937099603,DEPOSITION,NONE,0.44199965,0.37913081,100.0,True
173.75,449.4900784233097,3.006232480503848,99.91447833257928,441.43971091930564,57.46838282497994,DEPOSITION,NONE,0.43667282,0.38084403,100.0,True
174.0,449.5160607452761,2.995965080022589,100.31438375957484,441.4347170640207,57.66844339256123,DEPOSITION,NONE,0.43626012,0.37838888,100.0,True
174.25,449.3189643775939,2.9934308043050124,99.98113539681104,441.42851549943714,57.86850423082052,DEPOSITION,NONE,0.44169528,0.37771696,100.0,True
174.5,449.4175291368944,3.0063464531297943,99.94917705319243,441.4384437300614,58.068582712347784,DEPOSITION,NONE,0.43907327,0.3808261,100.0,True
174.75,449.4386724795679,3.00185211534334,100.23794060246641,441.44056904118924,58.26865422529852,DEPOSITION,NONE,0.43865287,0.37979442,100.0,True
175.0,449.4319571644925,3.0030364673061047,100.07771268820913,441.4414416066544,58.46872392670826,DEPOSITION,NONE,0.43898854,0.38011195,100.0,True
175.25,449.3988711142645,2.9998983155903423,100.0043010818285,441.4433064144788,58.66879102719221,DEPOSITION,NONE,0.43999624,0.37937741,100.0,True
175.5,449.31074864836785,3.0033142151506755,99.79215696209977,441.4481523437255,58.86886243003735,DEPOSITION,NONE,0.44239411,0.38022316,100.0,True
175.75,449.6357660566708,3.002259505291211,99.98604261128801,441.46009071828814,59.068939504789086,DEPOSITION,NONE,0.4338506,0.38000716,100.0,True
176.0,449.33185123551885,2.9985270684869874,100.07091619869927,441.44666788763993,59.26900184249682,DEPOSITION,NONE,0.44227331,0.37911724,100.0,True
176.25,449.56971159456,3.0001859773423503,100.14882045042111,441.45825282865536,59.46907614841716,DEPOSITION,NONE,0.43599856,0.37951246,100.0,True
176.5,449.3675873495825,3.00000889158259,99.76474812836956,441.4512025353866,59.669144042878855,DEPOSITION,NONE,0.44161972,0.37947359,100.0,True
176.75,449.57538000989365,2.9997587344931507,99.93766387342377,441.460836011068,59.869220141438355,DEPOSITION,NONE,0.43617018,0.37941404,100.0,True
177.0,449.62851772237684,3.0013881374697737,99.57754086373838,441.454286359569,60.069290834000256,DEPOSITION,NONE,0.43508987,0.37981504,100.0,True
177.25,449.45053746669873,2.994827423839934,100.15999898117023,441.44455497945864,60.269351119580776,DEPOSITION,NONE,0.44009388,0.37821319,100.0,True
177.5,449.8230476527672,2.9980601207502664,100.01118687287527,441.44968642933145,60.46942288666682,DEPOSITION,NONE,0.4303725,0.37894821,100.0,True
177.75,449.38833153284736,3.0008224472818497,100.0966823523413,441.42598656893364,60.66947679856917,DEPOSITION,NONE,0.44233629,0.37960481,100.0,True
178.0,449.6309018087087,2.996733435920177,100.23574522177353,441.43782271822766,60.86953967346261,DEPOSITION,NONE,0.43583881,0.37860332,100.0,True
178.25,449.29063557343886,3.0007929293748035,100.17378649593648,441.4303626518454,61.06960055271476,DEPOSITION,NONE,0.44500412,0.37956388,100.0,True
178.5,449.55707271599067,2.9970753666234233,99.8947114574763,441.450092905231,61.269677262034286,DEPOSITION,NONE,0.43776215,0.37865308,100.0,True
178.75,449.37894592212336,2.9999766451212992,100.17204298724779,441.4482955575331,61.46975640796377,DEPOSITION,NONE,0.44262139,0.37933144,100.0,True
179.0,449.26713545394585,3.0015289663963234,100.09149586482592,441.4609071695711,61.669846403512196,DEPOSITION,NONE,0.44547304,0.37971183,100.0,True
179.25,449.5656753619984,3.001398776513987,100.22774771819797,441.4819320536747,61.869952371718355,DEPOSITION,NONE,0.43745736,0.37969684,100.0,True
179.5,449.5523031824824,3.0024535067651446,100.0845319757391,441.4791319309774,62.070053971287756,DEPOSITION,NONE,0.43809983,0.37997408,100.0,True
179.75,449.7472118256215,2.993978991835013,100.19231628656787,441.47824490071224,62.270151400390155,DEPOSITION,NONE,0.43322556,0.37791156,100.0,True
180.0,449.4237581194948,2.999335496076274,99.85457848851603,441.4629127356328,62.470243938126565,DEPOSITION,NONE,0.44217671,0.37915971,100.0,True
180.25,449.19385633691456,2.9990858816613204,99.89690600357233,441.4741606571156,62.67034707076922,DEPOSITION,NONE,0.44813875,0.37908781,100.0,True
180.5,449.57717175971567,2.9958900387257237,100.2147419769316,441.5030456627966,62.87047635856931,DEPOSITION,NONE,0.43774794,0.37828495,100.0,True
180.75,449.54183105241214,2.999904188800227,99.8935864976221,441.50104097593,63.07060960482537,DEPOSITION,NONE,0.43896442,0.37922263,100.0,True
181.0,449.3845672736355,2.997265871154347,99.91834589126391,441.50264833195337,63.27074437407577,DEPOSITION,NONE,0.44328461,0.37856628,100.0,True
181.25,449.51796378004093,3.000352382904374,99.78782681892926,441.5170562178067,63.47089537123297,DEPOSITION,NONE,0.43974766,0.37929117,100.0,True
181.5,449.48106098249895,2.9981777809423535,100.0239823277593,441.5209352186555,63.67104926009273,DEPOSITION,NONE,0.44089234,0.378755,100.0,True
181.75,449.80789286230976,3.002886834433078,99.95303200917667,441.52819508102914,63.87121198257489,DEPOSITION,NONE,0.43243921,0.37989243,100.0,True
182.0,449.266643756519,2.9965317727061116,99.74699150117863,441.5103762325402,64.07135541152063,DEPOSITION,NONE,0.44718615,0.37835606,100.0,True
182.25,449.6452198936574,2.998773473168505,100.00939003886862,441.53632462414726,64.27152609177597,DEPOSITION,NONE,0.43697037,0.37886483,100.0,True
182.5,449.4386091676712,3.0014487776000065,100.2102515696334,441.53191129505257,64.47169474244966,DEPOSITION,NONE,0.44270525,0.37950783,100.0,True
182.75,449.4417686967291,3.0000371950336553,99.87904841330045,441.5445105865467,64.67187233672047,DEPOSITION,NONE,0.44260473,0.37917472,100.0,True
183.0,449.6879588492828,2.9979857301344883,99.83005251332364,441.5567726137549,64.87206055017288,DEPOSITION,NONE,0.43616725,0.3786672,100.0,True
183.25,449.3417654986293,2.997010684173863,100.07063415080069,441.549914943465,65.07224573877427,DEPOSITION,NONE,0.44561468,0.37839991,100.0,True
183.5,449.95645070286673,2.998503997709335,100.14273187349593,441.57108194984346,65.27245341250642,DEPOSITION,NONE,0.42933944,0.37872918,100.0,True
183.75,449.58160726699305,2.9983141746373163,99.95849506749593,441.5439412107422,65.47263985341299,DEPOSITION,NONE,0.43991087,0.37866049,100.0,True
184.0,449.51328259917307,2.9996945551447216,100.28959103105687,441.5482201005237,65.67283242389937,DEPOSITION,NONE,0.44177833,0.37897731,100.0,True
184.25,449.2721029225545,3.0029420634035064,100.04972867209504,441.5580210080031,65.87303398332816,DEPOSITION,NONE,0.44808023,0.37977224,100.0,True
184.5,449.4995284693259,3.002010888841984,100.13164074530437,441.5864708990582,66.07325613073229,DEPOSITION,NONE,0.44178989,0.37957661,100.0,True
184.75,449.619096994868,3.0026558909601073,100.10393678999081,441.59618672455207,66.27348401402737,DEPOSITION,NONE,0.43873926,0.37976048,100.0,True
185.0,449.29202141525,3.0056270717686084,100.34174559551614,441.5968298138125,66.47370891755195,DEPOSITION,NONE,0.44756172,0.38052812,100.0,True
185.25,449.77074095083765,3.003774094664494,99.78876295340248,441.6236216927802,66.67394927068901,DEPOSITION,NONE,0.43477904,0.38014288,100.0,True
185.5,449.5946763742238,2.9979915720286754,99.91192086094897,441.61244062950084,66.87417488890875,DEPOSITION,NONE,0.4398983,0.37876622,100.0,True
185.75,449.76152407012523,2.9981890727646032,99.9804848060957,441.6164685337803,67.07440686706146,DEPOSITION,NONE,0.43569465,0.37879454,100.0,True
186.0,449.3217366554182,3.0002800085509493,100.01350251398283,441.60802376362545,67.27463414123953,DEPOSITION,NONE,0.44760108,0.3792912,100.0,True
186.25,449.5291788524921,2.9985752339421268,100.28296343289752,441.63489738371294,67.47488424693182,DEPOSITION,NONE,0.44186715,0.37887513,100.0,True
186.5,449.4632294773821,2.997703499339851,99.87864842870475,441.6446911202678,67.67514480683487,DEPOSITION,NONE,0.44367343,0.37864315,100.0,True
186.75,449.8396311762902,3.007352102732795,100.04982637776189,441.65980832289796,67.8754216070722,DEPOSITION,NONE,0.43380091,0.38099792,100.0,True
187.0,449.538017359581,2.9991551629722437,100.15972184762255,441.6456150619721,68.07567600750909,DEPOSITION,NONE,0.442243,0.37906512,100.0,True
187.25,449.51982923928074,3.004869291688705,100.2124867276324,441.65648942111767,68.27594098739175,DEPOSITION,NONE,0.44273552,0.38046874,100.0,True
187.5,449.6793209396935,3.002045622039719,100.11246189217471,441.66878973742246,68.4762098454854,DEPOSITION,NONE,0.43856265,0.37983473,100.0,True
187.75,449.9018143212752,2.996783719593209,100.17718069757738,441.66868280385125,68.67647578835361,DEPOSITION,NONE,0.43298048,0.37856467,100.0,True
188.0,449.59574580339586,2.9979011038014383,100.01540086477922,441.65203000364164,68.87673181634666,DEPOSITION,NONE,0.44152149,0.37880412,100.0,True
188.25,449.6285940649489,2.997413891894956,99.76040043577973,441.66074570793694,69.07699822927891,DEPOSITION,NONE,0.44065394,0.37865911,100.0,True
188.5,449.5255484645125,3.0049451771435645,100.29438542551706,441.6668626991978,69.2772734495406,DEPOSITION,NONE,0.44341035,0.38048705,100.0,True
188.75,449.778648391016,3.0037324472589937,99.92247505516143,441.6811309241124,69.47755407465077,DEPOSITION,NONE,0.436695,0.3802488,100.0,True
189.0,449.6638768017281,3.0007111947286185,99.8378065622641,441.6754495529904,69.67782459756592,DEPOSITION,NONE,0.44000802,0.37955125,100.0,True
189.25,449.5311144595201,3.000093261890141,99.95195441096382,441.67960608454916,69.87809768351136,DEPOSITION,NONE,0.4435794,0.37941065,100.0,True
189.5,449.53480211544866,3.000950576613606,99.96050810492854,441.69433563237953,70.07838329091562,DEPOSITION,NONE,0.44338475,0.37962656,100.0,True
189.75,449.8616453496388,2.999692727909541,99.95495403113205,441.7084422570099,70.27867968160892,DEPOSITION,NONE,0.43476695,0.37933011,100.0,True
190.0,449.7161116847369,2.9992135032576406,99.89979309284628,441.6969607070348,70.4789665255126,DEPOSITION,NONE,0.4390125,0.37921021,100.0,True
190.25,449.63780587138456,3.0020380599747876,100.09697750751984,441.69809928424684,70.6792553586027,DEPOSITION,NONE,0.44121197,0.37989952,100.0,True
190.5,449.89868796492567,2.9945364933403207,99.94103639816149,441.70575379352107,70.8795478818786,DEPOSITION,NONE,0.43439687,0.37807318,100.0,True
190.75,449.63099737001625,3.0005790173931497,99.932176411315,441.6931836717736,71.07983704800867,DEPOSITION,NONE,0.44180611,0.37949871,100.0,True
191.0,449.6256371671836,3.002358614239233,100.0267131273004,441.7026146183329,71.28013344501548,DEPOSITION,NONE,0.44189241,0.37994444,100.0,True
191.25,449.53731733903817,3.003812298427905,100.14951280754627,441.7122719424101,71.48043481592663,DEPOSITION,NONE,0.44417035,0.38033236,100.0,True
191.5,449.64255726618717,3.0019819263069087,99.88972551400703,441.72865121321246,71.68074495660525,DEPOSITION,NONE,0.44127555,0.37992896,100.0,True
191.75,449.9052536168075,2.998666148262938,99.87957364068659,441.73639885523795,71.88105896536409,DEPOSITION,NONE,0.43444872,0.37913717,100.0,True
192.0,449.6679211472012,2.9971284214048795,100.02882094939888,441.7238868065737,72.08136395956451,DEPOSITION,NONE,0.44109359,0.37874326,100.0,True
192.25,449.75737574861535,2.999766346657119,99.91650768315074,441.7311099635547,72.28167907316094,DEPOSITION,NONE,0.43876278,0.37936024,100.0,True
192.5,449.18223952029336,2.9999510828045737,99.71556484330945,441.7314017918244,72.48199466611318,DEPOSITION,NONE,0.4539802,0.37940288,100.0,True
192.75,449.81342716276885,3.0030635615248538,100.0410828457877,441.7767989100335,72.68234938402941,DEPOSITION,NONE,0.4367667,0.38017097,100.0,True
193.0,449.71261608098393,2.9988722538627077,99.98004060596296,441.77103157022657,72.88269479809493,DEPOSITION,NONE,0.43978319,0.37917397,100.0,True
193.25,449.69183720807257,2.99774961501062,99.86141560530973,441.7742234519693,73.08304445271062,DEPOSITION,NONE,0.44049413,0.37888395,100.0,True
193.5,449.9577370203905,2.9996361794145416,100.14344070935405,441.7795126833909,73.28340170563695,DEPOSITION,NONE,0.43364318,0.37932196,100.0,True
193.75,449.726970743801,2.999924590122885,99.97444260302746,441.7644784001828,73.48374641496036,DEPOSITION,NONE,0.44016633,0.37938809,100.0,True
194.0,449.83825180833554,3.002189711503529,100.0359556931945,441.7688264000815,73.68409490255243,DEPOSITION,NONE,0.43731106,0.37994589,100.0,True
194.25,449.66362505695594,2.9971842233190484,100.24887558068511,441.7646974817512,73.88443672815046,DEPOSITION,NONE,0.44210123,0.3787364,100.0,True
194.5,449.7327744151073,2.998880988405026,100.21975111118459,441.77478006643946,74.08479109298196,DEPOSITION,NONE,0.44022348,0.37912065,100.0,True
194.75,449.9424444963094,3.001444943828499,99.94009051968781,441.7792653231182,74.28515081426806,DEPOSITION,NONE,0.43478755,0.37973896,100.0,True
195.0,450.12060349611073,3.000899148992326,100.08204782179571,441.7676238573101,74.48549843886921,DEPOSITION,NONE,0.43046994,0.37962105,100.0,True
195.25,449.7175548969913,2.9954001432652415,99.79978569024642,441.74322081674114,74.68582373097851,DEPOSITION,NONE,0.44156166,0.37827382,100.0,True
195.5,449.81281779185616,3.0011979430709306,99.96400025140424,441.7517710630957,74.88616273070228,DEPOSITION,NONE,0.43892216,0.37964815,100.0,True
195.75,449.5767182781234,2.995595427103598,99.9508224003513,441.75247084704165,75.08650063009074,DEPOSITION,NONE,0.44513776,0.37827724,100.0,True
196.0,449.55317301815984,3.0029809390501434,100.17289971727,441.7715922079572,75.2868610930293,DEPOSITION,NONE,0.44545541,0.380045,100.0,True
196.25,450.2159505838498,3.0026701049945768,99.91107255927037,441.7915954593858,75.48723464931281,DEPOSITION,NONE,0.42783522,0.38000277,100.0,True
196.5,449.62855826048224,2.98945813459336,99.9107666292247,441.759308008368,75.687576656979,DEPOSITION,NONE,0.44396635,0.3767721,100.0,True
196.75,449.74838975960665,3.003591781794932,100.09174002297804,441.7749358411976,75.88794675008862,DEPOSITION,NONE,0.4405889,0.3801309,100.0,True
197.0,449.8687562202228,3.0010302102112356,100.09913650456487,441.7805037591658,76.08831665368976,DEPOSITION,NONE,0.43742766,0.3795387,100.0,True
197.25,449.9938240222109,2.99711024456144,99.93140494229061,441.7766840219913,76.28868185319081,DEPOSITION,NONE,0.43432334,0.37858145,100.0,True
197.5,449.55539490307524,3.0054024101294923,100.1945303684842,441.7636746377974,76.48903986523193,DEPOSITION,NONE,0.44612848,0.38059206,100.0,True
197.75,449.8985402751964,2.9965042458669338,100.02594172052433,441.7856976506743,76.68940941618634,DEPOSITION,NONE,0.43677918,0.37846006,100.0,True
198.0,449.74474363391465,3.000635402017028,99.97178228055819,441.77993953787814,76.88977889317033,DEPOSITION,NONE,0.4410197,0.37943715,100.0,True
198.25,449.8647617086575,2.9991578771453664,100.12818557591358,441.7867687849411,77.09015341651217,DEPOSITION,NONE,0.43783282,0.37907927,100.0,True
198.5,449.82033967015997,2.999535513673618,99.98322199496134,441.784130441422,77.29052687217859,DEPOSITION,NONE,0.43914099,0.37916149,100.0,True
198.75,449.7192897860504,3.0028973413618685,99.95928032725462,441.78537789768944,77.49090208726307,DEPOSITION,NONE,0.44184716,0.37998498,100.0,True
199.0,449.8388764235269,2.999040630706182,99.77723471868785,441.7946428639595,77.69128132210339,DEPOSITION,NONE,0.43862666,0.37906816,100.0,True
199.25,449.930248647127,2.9971260422882824,100.10187414526199,441.7943329863206,77.89166166838531,DEPOSITION,NONE,0.43634146,0.37858375,100.0,True
199.5,449.8502733936811,2.9955733348846256,99.85829776518702,441.7872504772975,78.09203992985653,DEPOSITION,NONE,0.43865821,0.37816403,100.0,True
199.75,449.709942086635,2.9984487603756613,99.822689389617,441.7870571826736,78.29242419173153,DEPOSITION,NONE,0.44240281,0.37881731,100.0,True
200.0,449.90897827249626,3.000323102367157,100.05785358699802,441.79796392051145,78.492820042021,DEPOSITION,NONE,0.43705194,0.37925747,100.0,True
200.25,449.7283997596739,3.001933580935017,99.88732736504853,441.79297602777643,78.69321118930306,DEPOSITION,NONE,0.44196443,0.37965617,100.0,True
200.5,449.79858737264857,3.0026063922968906,100.00676092223425,441.8025648888533,78.89360799091959,DEPOSITION,NONE,0.44002144,0.37984405,100.0,True
200.75,449.73779804812017,2.997389178169528,100.02514494429902,441.8063645834606,79.09400453635743,DEPOSITION,NONE,0.44163996,0.37858723,100.0,True
201.0,449.86669172961825,3.000095762987736,99.88460195036181,441.81494990383743,79.29441218684207,DEPOSITION,NONE,0.43820658,0.37922338,100.0,True
201.25,449.8947189548785,3.0083123789734296,99.95463070311166,441.81333149983624,79.49481838044045,DEPOSITION,NONE,0.43761812,0.38125301,100.0,True
201.5,449.8604847983743,3.0013140021988836,99.61503027045357,441.8099738816601,79.69521023610653,DEPOSITION,NONE,0.4386763,0.37962854,100.0,True
201.75,449.82834265990465,2.9979584742262513,100.20770319757752,441.80976330809744,79.89560017703039,DEPOSITION,NONE,0.4396037,0.3788196,100.0,True
202.0,449.77420443970965,2.997918796514041,99.96722509958832,441.81230231287344,80.09599520269866,DEPOSITION,NONE,0.44105095,0.37878762,100.0,True
202.25,449.8441073714649,2.9987467625612765,99.99210058309858,441.81912321275126,80.29639903442441,DEPOSITION,NONE,0.43917361,0.37896764,100.0,True
202.5,449.6172342020312,2.9998561811958,100.11635093141295,441.8203581767626,80.49680569207375,DEPOSITION,NONE,0.44518787,0.37922615,100.0,True
202.75,450.1347920941197,3.002664592019514,100.04079007898378,441.83941625276947,80.69722900636108,DEPOSITION,NONE,0.43137262,0.37991786,100.0,True
203.0,449.9950297382108,3.0033824057302385,100.24957640524102,441.8174648595206,80.89762971476132,DEPOSITION,NONE,0.43557009,0.38012823,100.0,True
203.25,449.9704221240226,2.9996923520769463,100.03876714189512,441.80802374594526,81.09801761958623,DEPOSITION,NONE,0.43644232,0.37926045,100.0,True
203.5,449.8280716690833,3.0009793129736724,100.030048163356,441.80119748083365,81.29840008719229,DEPOSITION,NONE,0.44031964,0.37957691,100.0,True
203.75,449.68852102168825,2.9936812286010532,99.89924820821953,441.805885341359,81.4987852492617,DEPOSITION,NONE,0.44389597,0.37778845,100.0,True
204.0,449.51725405946445,3.000720283843967,100.00068045822297,441.8211592327196,81.69919233845688,DEPOSITION,NONE,0.44813075,0.37944938,100.0,True
204.25,449.59760167195356,3.002519829344781,100.13002871270727,441.848937847488,81.8996223672567,DEPOSITION,NONE,0.44559638,0.37990156,100.0,True
204.5,449.8834953908828,3.0052485221383267,100.28074983156786,441.8691176225188,82.10006629823177,DEPOSITION,NONE,0.43789438,0.38060652,100.0,True
204.75,449.6855057121023,3.002920004465559,100.06612718180705,441.86640481154825,82.30050061294669,DEPOSITION,NONE,0.44332876,0.38009792,100.0,True
205.0,449.94255656491913,3.0023712178962962,99.89212483060622,441.87980859843714,82.50094244539457,DEPOSITION,NONE,0.43651915,0.38000205,100.0,True
205.25,449.78413022386917,2.996890698123352,99.88676464399563,441.87298608885294,82.70137509923869,DEPOSITION,NONE,0.44098249,0.37868212,100.0,True
205.5,449.864637964411,2.9952716805973876,99.84314089345153,441.87941472453787,82.90181758234607,DEPOSITION,NONE,0.43890372,0.3782472,100.0,True
205.75,449.9662908297104,2.9998034251375265,100.0574432186347,441.87966158635123,83.10226677951565,DEPOSITION,NONE,0.43638619,0.3793086,100.0,True
206.0,449.58905635409644,2.9976770783722895,99.91668660208903,441.87244542657857,83.30270995836489,DEPOSITION,NONE,0.4465341,0.37878019,100.0,True
206.25,449.90021158830393,2.9984589745762293,100.13998219397595,441.8953313660904,83.5031760376267,DEPOSITION,NONE,0.43806652,0.37894333,100.0,True
206.5,449.88430559055485,3.000393384434049,100.00203072594886,441.8930470079899,83.70364222619808,DEPOSITION,NONE,0.43868307,0.3793999,100.0,True
206.75,449.99879512059726,2.9988921110854236,100.16835906734097,441.89259730318213,83.90410743612419,DEPOSITION,NONE,0.43582504,0.37903199,100.0,True
207.0,449.9526862590136,3.0008591620554173,100.00626047313217,441.8836774686102,84.10456645648945,DEPOSITION,NONE,0.43731126,0.37950238,100.0,True
207.25,449.95723638890894,3.003370571929847,100.14182913255773,441.87919079372654,84.30502039339272,DEPOSITION,NONE,0.43735009,0.38013194,100.0,True
207.5,449.9312122381191,3.0026742060844755,100.01775372786152,441.87483321444745,84.5054658892136,DEPOSITION,NONE,0.43816661,0.38000128,100.0,True
207.75,450.06078302136945,2.999742431819282,99.68872910879136,441.87290949147246,84.70590602080338,DEPOSITION,NONE,0.43484488,0.37931161,100.0,True
208.0,450.06182816223134,3.0001672500861485,99.82433823324017,441.8611457771885,84.90633636431292,DEPOSITION,NONE,0.43506007,0.37941529,100.0,True
208.25,449.8203230592022,2.9971776963200276,100.3150314074949,441.85005661528714,85.10675690127455,DEPOSITION,NONE,0.44158059,0.37868056,100.0,True
208.5,449.9329823737438,2.995356120930675,100.08192468195531,441.8583296316063,85.30718846640997,DEPOSITION,NONE,0.43844282,0.3781962,100.0,True
208.75,449.797465127128,3.006196233196219,99.8420955099869,441.85727612035123,85.50762552960977,DEPOSITION,NONE,0.44200939,0.3808148,100.0,True
209.0,449.52974319844145,3.000127404559657,99.94779589756753,441.86679762393965,85.70806218610005,DEPOSITION,NONE,0.44884948,0.3793913,100.0,True
209.25,449.83407638031747,2.9934951419359597,100.0640214026796,441.89656424055227,85.90852433463685,DEPOSITION,NONE,0.44036987,0.37775575,100.0,True
209.5,450.1521052048577,2.994730781979906,100.17568355311342,441.90110343268134,86.10899940313261,DEPOSITION,NONE,0.43207752,0.3779799,100.0,True
209.75,449.7957414448541,3.0079406434358607,100.06540118815731,441.88104897336723,86.30946444846,DEPOSITION,NONE,0.44189814,0.38117392,100.0,True
210.0,449.86198988912327,3.003549591933153,100.07890426761244,441.89016654482515,86.50992633359039,DEPOSITION,NONE,0.44004452,0.3801849,100.0,True
210.25,449.8048929269583,3.002070716859562,99.92339561944821,441.8937613233557,86.71038641873503,DEPOSITION,NONE,0.44154707,0.37986453,100.0,True
210.5,449.6335254233968,3.005864412919348,99.94756253488872,441.9017986184683,86.91085058915907,DEPOSITION,NONE,0.44596779,0.38082937,100.0,True
210.75,449.8315622637118,3.0003002399838343,99.76605522132193,441.92291436381197,87.11132485896196,DEPOSITION,NONE,0.4404918,0.37953144,100.0,True
211.0,449.72469595778773,2.9977608507202835,99.92204172901705,441.9277327550176,87.3118028789924,DEPOSITION,NONE,0.44335367,0.3789129,100.0,True
211.25,449.95180241823067,3.002812177950342,99.92889595402973,441.94101902735775,87.51229544646758,DEPOSITION,NONE,0.4373102,0.38013628,100.0,True
211.5,450.01027006874904,3.0010133514679604,99.8373886927603,441.93635029783655,87.71278004589988,DEPOSITION,NONE,0.43603267,0.37972947,100.0,True
211.75,449.96217774644606,2.996293865861026,100.15958481168215,441.92790938800914,87.91325591300028,DEPOSITION,NONE,0.43757992,0.37857969,100.0,True
212.0,449.99234452528617,2.9994751943929656,99.79904505193731,441.9240810435753,88.11373355576602,DEPOSITION,NONE,0.43695161,0.37932162,100.0,True
212.25,449.9358007617648,2.9971633874418835,100.10589439606782,441.918402260222,88.31420694849692,DEPOSITION,NONE,0.43860645,0.3787445,100.0,True
212.5,449.8997473579924,2.99725803440828,100.13882768462666,441.91764633334725,88.5146835425714,DEPOSITION,NONE,0.43961092,0.37873242,100.0,True
212.75,450.0281003909693,2.9981378077332876,100.17430417490176,441.9198701308123,88.71516577466697,DEPOSITION,NONE,0.43624805,0.37891402,100.0,True
213.0,449.8673598511811,2.9991402620199046,100.01857015724022,441.91211905245876,88.91564382711167,DEPOSITION,NONE,0.44064313,0.37913577,100.0,True
213.25,449.80452462326974,2.9988104962777014,99.97592810819724,441.9174196860537,89.1161275828,DEPOSITION,NONE,0.4422102,0.37904071,100.0,True
213.5,450.15689120997735,3.004730465373003,99.96116946991141,441.9273487585287,89.31662150878608,DEPOSITION,NONE,0.43283218,0.38048537,100.0,True
213.75,450.1510149715668,2.9997074483067916,100.05708710167171,441.90944931048745,89.51709340901282,DEPOSITION,NONE,0.43337043,0.37930164,100.0,True
214.0,450.0257378214999,3.000737460290231,100.36227733062726,441.8932011464338,89.7175516954009,DEPOSITION,NONE,0.43694563,0.37955252,100.0,True
214.25,449.92410293385626,2.996207034658317,100.19582064617711,441.88760098672066,89.91800412375176,DEPOSITION,NONE,0.4396614,0.37844288,100.0,True
214.5,449.8282586338976,2.999201369168903,99.55124906747417,441.89006815792436,90.11846393276628,DEPOSITION,NONE,0.44207153,0.37913495,100.0,True
214.75,450.049819421472,3.0026351284767183,100.11985292100529,441.899671536524,90.31893312024326,DEPOSITION,NONE,0.43605473,0.37997153,100.0,True
215.0,450.0381713417979,3.005033879891744,99.99309972264335,441.891410457319,90.51939152533936,DEPOSITION,NONE,0.43650742,0.38059566,100.0,True
215.25,450.0251594541594,2.9973122741256777,99.94692982245036,441.884516979434,90.71983701645264,DEPOSITION,NONE,0.43694804,0.37875173,100.0,True
215.5,450.03746508205313,3.0009411982371232,99.79998772111327,441.8789510589037,90.9202814498152,DEPOSITION,NONE,0.43668565,0.37961661,100.0,True
215.75,449.9268241572198,2.9991409349990383,99.87720005632788,441.8726247502877,91.1207191209476,DEPOSITION,NONE,0.43964869,0.37918449,100.0,True
216.0,449.940244032811,2.998547217057361,99.76442654672319,441.8751009752639,91.32116011505671,DEPOSITION,NONE,0.43919208,0.3790279,100.0,True
216.25,449.70954273723646,3.0051881979546486,99.77276066258085,441.8762160290372,91.52160407478092,DEPOSITION,NONE,0.44517416,0.38065026,100.0,True
216.5,449.9284795117448,3.001279630191894,100.09587835694504,441.89505918368275,91.72205708252487,DEPOSITION,NONE,0.43906759,0.37974994,100.0,True
216.75,449.7119222137895,2.998378544900639,100.02112700876927,441.89574296258525,91.9225089036879,DEPOSITION,NONE,0.4447632,0.37905167,100.0,True
217.0,450.03333844670675,2.9975420353399334,99.82547882430616,441.91330705763494,92.12297810958403,DEPOSITION,NONE,0.43605921,0.37882685,100.0,True
217.25,450.0554028205513,3.0029946682708775,100.05551088340734,441.90501671317725,92.32344354487729,DEPOSITION,NONE,0.43571631,0.38014386,100.0,True
217.5,449.8044177666733,3.000648883645293,100.01639660548986,441.8957358401779,92.5238967876184,DEPOSITION,NONE,0.44250983,0.37960183,100.0,True
217.75,450.032265008456,2.9956257879729886,100.01743911582084,441.9066207070273,92.72435849183859,DEPOSITION,NONE,0.43636082,0.37837052,100.0,True
218.0,449.87538565457504,2.9964050475363653,100.03234723741124,441.89924523187494,92.92481986609498,DEPOSITION,NONE,0.44065432,0.37850908,100.0,True
218.25,449.9098568772058,2.9987986408026477,100.05940431248288,441.90461920182395,93.12529081450788,DEPOSITION,NONE,0.43967687,0.37905402,100.0,True
218.5,449.69425957738326,2.9999659356768964,100.06471212486683,441.9070791289927,93.32576550762364,DEPOSITION,NONE,0.44531931,0.37932454,100.0,True
218.75,449.9688589071717,3.0033573430923752,99.81983311387269,441.9262562284528,93.526256762841,DEPOSITION,NONE,0.43782163,0.38015904,100.0,True
219.0,449.69696743490016,3.000566080749935,100.06827287911538,441.9231494985951,93.72674067379414,DEPOSITION,NONE,0.44509932,0.37950982,100.0,True
219.25,450.25959794960045,3.0016521927753193,99.8689077553946,441.9416243806239,93.92723974371663,DEPOSITION,NONE,0.43010227,0.37978509,100.0,True
219.5,450.0364930807953,2.997128914947748,99.77712460815155,441.91558862056,94.12771407392155,DEPOSITION,NONE,0.43654254,0.37868892,100.0,True
219.75,450.3000889355657,3.00088205000487,100.10724259477107,441.90872380360884,94.32818647216966,DEPOSITION,NONE,0.42978953,0.37958068,100.0,True
220.0,449.9663962375859,3.005267571469435,100.04261597747124,441.8818636996813,94.52863447881587,DEPOSITION,NONE,0.43902242,0.38067452,100.0,True
220.25,450.0651094658824,2.996312700257154,99.79117585141778,441.88245476098047,94.729075697607,DEPOSITION,NONE,0.43634908,0.37852894,100.0,True
220.5,450.089103439348,3.004125776099379,100.07660887229702,441.87511988781085,94.92951571340005,DEPOSITION,NONE,0.43579032,0.38041476,100.0,True
220.75,449.9000616463571,2.9998569877255936,99.89677578573483,441.8661516707989,95.12994226790991,DEPOSITION,NONE,0.4408301,0.37941251,100.0,True
221.0,450.1029456140407,3.0013468733723494,100.07588581667532,441.87214992904273,95.33037419250063,DEPOSITION,NONE,0.43531584,0.37978089,100.0,True
221.25,449.91820335495214,3.0024014128197924,100.07575079497957,441.8617845648314,95.53079529655574,DEPOSITION,NONE,0.44028518,0.38005984,100.0,True
221.5,449.9779852082426,2.995550533131149,100.07650494976956,441.8661812428039,95.73121684473455,DEPOSITION,NONE,0.43855939,0.37840011,100.0,True
221.75,450.193528987241,2.99786924597539,99.9806756697389,441.86544876058224,95.93164390170533,DEPOSITION,NONE,0.4328715,0.37891932,100.0,True
222.0,449.9816505534869,3.0024706737064504,100.09366406379885,441.84785899715035,96.13205869406056,PURGE,NONE,0.0,1.0,100.0,False
222.25,448.30460266970573,2.799868295609361,99.82244882277097,440.5472427091783,96.30482879784678,PURGE,NONE,0.0,1.0,100.0,False
222.5,447.12697921530514,2.6224174200122983,99.95562638146598,439.2506845030508,96.4537874892488,PURGE,NONE,0.0,1.0,100.0,False
222.75,446.0796151540135,2.4734951854732024,100.11657700755758,437.9581717170563,96.5822506528613,PURGE,NONE,0.0,1.0,100.0,False
223.0,444.7781196269416,2.323056475842238,99.90355535898522,436.6696917289894,96.69308146971188,PURGE,NONE,0.0,1.0,100.0,False
223.25,443.2256826730448,2.202090273501127,99.83623719161048,435.38523195602744,96.78874808036723,PURGE,NONE,0.0,1.0,100.0,False
223.5,442.0058263520478,2.095348208972273,99.84991391980421,434.1047798546077,96.87137487897314,PURGE,NONE,0.0,1.0,100.0,False
223.75,440.61545835516074,1.996832989173613,100.06808816685904,432.8283229203051,96.94278800738638,PURGE,NONE,0.0,1.0,100.0,False
224.0,439.56481066741384,1.9201076973132876,100.15666588277007,431.55584868770956,97.0045555587438,PURGE,NONE,0.0,1.0,100.0,False
224.25,438.23624889201227,1.8450095451187323,99.7839219180162,430.2873447303049,97.05802295959889,PURGE,NONE,0.0,1.0,100.0,False
224.5,437.3652521909028,1.781253973940458,99.9677449907238,429.02279866034706,97.10434397221188,PURGE,NONE,0.0,1.0,100.0,False
224.75,435.5877182136278,1.7211529250500783,99.71948897072748,427.7621981287433,97.1445077378267,PURGE,NONE,0.0,1.0,100.0,False
225.0,434.38863545951557,1.6713787092051124,100.0113173500141,426.5055308249315,97.17936226335492,PURGE,NONE,0.0,1.0,100.0,False
225.25,433.1791397671335,1.6270829103505624,99.84420489836577,425.25278447676004,97.20963473487932,PURGE,NONE,0.0,1.0,100.0,False
225.5,432.04665194274224,1.5831113843010591,99.87289443147753,424.0039468503679,97.23594902022693,PURGE,NONE,0.0,1.0,100.0,False
225.75,430.8285151140578,1.546656888401642,100.28530096731173,422.7590057500652,97.25884069907633,PURGE,NONE,0.0,1.0,100.0,False
226.0,429.43024149139393,1.5247444987739085,99.83590438160151,421.51794901821415,97.27876993294889,PURGE,NONE,0.0,1.0,100.0,False
226.25,428.3716572478596,1.4879420267845467,99.79883240381787,420.2807645351102,97.29613245972224,PURGE,NONE,0.0,1.0,100.0,False
226.5,427.0713960203249,1.4695392582239368,99.80886055699136,419.04744021886387,97.31126896891277,PURGE,NONE,0.0,1.0,100.0,False
226.75,425.9955860853635,1.4439037022308434,100.01968340350973,417.8179640252825,97.3244730858102,PURGE,NONE,0.0,1.0,100.0,False
227.0,424.6492907767156,1.4293627122478234,99.7303281700729,416.5923239477529,97.33599816539643,PURGE,NONE,0.0,1.0,100.0,False
227.25,423.6132924097915,1.4127456176814885,99.93616097786995,415.370508017124,97.34606307144612,PURGE,NONE,0.0,1.0,100.0,False
227.5,421.99888121617136,1.3914005615133234,99.7957865175864,414.15250430158983,97.35485709269638,PURGE,NONE,0.0,1.0,100.0,False
227.75,421.02004167843376,1.3825949909398576,99.83027260753472,412.93830090657315,97.36254412671686,PURGE,NONE,0.0,1.0,100.0,False
228.0,419.64884572978116,1.3769576093818843,99.95039876494069,411.7278859746093,97.36926624318686,PURGE,NONE,0.0,1.0,100.0,False
228.25,418.4335804484085,1.3662981564311676,100.06928375384857,410.5212476852304,97.37514672165555,PURGE,NONE,0.0,1.0,100.0,False
228.5,417.3250163792126,1.3515813147354983,99.76713838275316,409.31837425484974,97.38029264440631,PURGE,NONE,0.0,1.0,100.0,False
228.75,415.94367255842366,1.3441605223268183,99.96705614493968,408.119253936647,97.38479711259559,PURGE,NONE,0.0,1.0,100.0,False
229.0,414.97731136305737,1.3403712957134617,100.03343823392451,406.92387502045324,97.38874114319353,PURGE,NONE,0.0,1.0,100.0,False
229.25,413.76528710840824,1.3296166370907199,99.67678675852336,405.73222583263674,97.39219529520943,PURGE,NONE,0.0,1.0,100.0,False
229.5,412.4661633622155,1.3244140148205357,99.90210595711878,404.5442947359889,97.39522106603826,PURGE,NONE,0.0,1.0,100.0,False
229.75,411.3188870333378,1.3188130321687945,99.83342343674101,403.3600701296107,97.39787209232094,PURGE,NONE,0.0,1.0,100.0,False
230.0,410.1644928891321,1.3187146520945052,99.90160025831273,402.1795404487993,97.40019518429825,PURGE,NONE,0.0,1.0,100.0,False
230.25,409.07743692524986,1.3140232167199437,99.8470130368679,401.0026941649351,97.40223121809765,PURGE,NONE,0.0,1.0,100.0,False
230.5,407.83562938555815,1.3170761501199066,99.89876106995193,399.82951978536937,97.40401590658838,PURGE,NONE,0.0,1.0,100.0,False
230.75,406.8349268155634,1.3126917645258114,100.2247242401665,398.66000585331165,97.4055804662548,PURGE,NONE,0.0,1.0,100.0,False
231.0,405.370746745558,1.3120713755371165,100.01745241874092,397.49414094771817,97.40695219486906,PURGE,NONE,0.0,1.0,100.0,False
231.25,404.29384534717383,1.303098683754078,100.09023603096452,396.3319136831802,97.40815497250708,PURGE,NONE,0.0,1.0,100.0,False
231.5,403.18098183970994,1.3012861924710468,100.1925383373919,395.1733127098129,97.40920969657442,PURGE,NONE,0.0,1.0,100.0,False
231.75,401.90991231247864,1.296946421136379,100.11896576489777,394.01832671314435,97.41013465993089,PURGE,NONE,0.0,1.0,100.0,False
232.0,400.9724840211245,1.301821332310555,99.83917003604631,392.86694441400533,97.41094587987361,COOLDOWN,NONE,0.0,1.0,0.0,False
232.25,399.8813632872797,1.2586734429365878,73.42594920999501,391.7191545684189,97.41157121041144,COOLDOWN,NONE,0.0,1.0,0.0,False
232.5,398.387702818408,1.19219185838339,53.48450773897761,390.57494596749075,97.41203741209175,COOLDOWN,NONE,0.0,1.0,0.0,False
232.75,397.19584254898064,1.1100340766315766,39.329622290345064,389.43430743729965,97.41237396571158,COOLDOWN,NONE,0.0,1.0,0.0,False
233.0,396.22688373710685,1.0243303726173343,28.780718744802112,388.2972278387884,97.41260958507654,COOLDOWN,NONE,0.0,1.0,0.0,False
233.25,395.3120275687049,0.9423980589880725,20.842684708903565,387.16369606765494,97.41276990535476,COOLDOWN,NONE,0.0,1.0,0.0,False
233.5,394.02499974130546,0.8573238452120076,15.237091565165521,386.0337010542441,97.41287622050268,COOLDOWN,NONE,0.0,1.0,0.0,False
233.75,392.79483208779095,0.775395207187724,11.45404135615609,384.90723176343937,97.41294514901284,COOLDOWN,NONE,0.0,1.0,0.0,False
234.0,391.6114659829728,0.6888690099558273,7.990952395301227,383.7842771945551,97.41298898211,COOLDOWN,NONE,0.0,1.0,0.0,False
234.25,390.5129585139604,0.6256795618938558,6.097844170659084,382.6648263812292,97.4130164065839,COOLDOWN,NONE,0.0,1.0,0.0,False
234.5,389.52689321321947,0.5593149901395099,4.416698815239878,381.5488683913159,97.41303333459351,COOLDOWN,NONE,0.0,1.0,0.0,False
234.75,388.29211156380063,0.5024428144730126,3.118259463397646,380.43639232677907,97.41304366791991,COOLDOWN,NONE,0.0,1.0,0.0,False
235.0,387.7294388016313,0.4518301093493128,2.2265224218755146,379.3273873235858,97.41304991837748,COOLDOWN,NONE,0.0,1.0,0.0,False
235.25,386.07230242019125,0.4001733238483414,1.4738637747352767,378.22184255160033,97.41305367106395,COOLDOWN,NONE,0.0,1.0,0.0,False
235.5,385.0101730452715,0.35632124974495816,1.3914030776392166,377.1197472144782,97.41305591043401,COOLDOWN,NONE,0.0,1.0,0.0,False
235.75,383.95710050213273,0.31775637773001636,0.7198982846420322,376.0210905495608,97.41305724013306,COOLDOWN,NONE,0.0,1.0,0.0,False
236.0,382.7493660453936,0.28566609698824336,0.6415253344373254,374.9258618277705,97.41305802651516,COOLDOWN,NONE,0.0,1.0,0.0,False
236.25,382.00418809765785,0.2534716922435842,0.6518363761356523,373.8340503535056,97.41305849008164,COOLDOWN,NONE,0.0,1.0,0.0,False
236.5,380.78421441136345,0.22822668785422617,0.05941067434802555,372.7456454645359,97.41305876265612,COOLDOWN,NONE,0.0,1.0,0.0,False
236.75,379.4671278041501,0.20638879457904355,0.47353477506094177,371.6606365318989,97.41305892261663,COOLDOWN,NONE,0.0,1.0,0.0,False
237.0,378.6099802805715,0.1850995889410443,0.13188709233468313,370.5790129597955,97.41305901635687,COOLDOWN,NONE,0.0,1.0,0.0,False
237.25,377.4450615463708,0.1619024696867226,0.28743985716926157,369.50076418548696,97.41305907123952,COOLDOWN,NONE,0.0,1.0,0.0,False
237.5,376.47729928695253,0.14643500306214724,0.0540710741563922,368.4258796791915,97.41305910335639,COOLDOWN,NONE,0.0,1.0,0.0,False
237.75,375.43782478194584,0.13328035341155353,0.0,367.35434894398156,97.41305912214959,COOLDOWN,NONE,0.0,1.0,0.0,False
238.0,374.54355939729857,0.119967543592331,0.056880302655867125,366.28616151568133,97.41305913314997,COOLDOWN,NONE,0.0,1.0,0.0,False
238.25,373.44289981385884,0.1106728590198768,0.02726948814568144,365.22130696276446,97.41305913959337,COOLDOWN,NONE,0.0,1.0,0.0,False
238.5,372.2401726634315,0.09414158084916564,0.0,364.15977488625225,97.41305914337151,COOLDOWN,NONE,0.0,1.0,0.0,False
238.75,370.76250520256946,0.09195581948684756,0.0,363.10155491961206,97.41305914558991,COOLDOWN,NONE,0.0,1.0,0.0,False
239.0,370.14882801374813,0.07780143794914211,0.0,362.0466367286561,97.41305914689471,COOLDOWN,NONE,0.0,1.0,0.0,False
239.25,368.96575538013246,0.07402529550052422,0.10340925008387361,360.99501001144057,97.4130591476637,COOLDOWN,NONE,0.0,1.0,0.0,False
239.5,368.2124092509141,0.06806030177900992,0.14066112798405817,359.9466644981649,97.41305914811794,COOLDOWN,NONE,0.0,1.0,0.0,False
239.75,366.81181659959475,0.06361404243853593,0.02919574760712102,358.9015899510717,97.41305914838695,COOLDOWN,NONE,0.0,1.0,0.0,False
240.0,365.79029853375613,0.05631850785019351,0.0,357.85977616434644,97.41305914854671,COOLDOWN,NONE,0.0,1.0,0.0,False
240.25,364.84988085189724,0.053514193542523215,0.0,356.8212129640181,97.41305914864186,COOLDOWN,NONE,0.0,1.0,0.0,False
240.5,363.67477419117876,0.05075952515324541,0.0,355.7858902078597,97.41305914869874,COOLDOWN,NONE,0.0,1.0,0.0,False
240.75,362.66106678766516,0.049826761239766926,0.0,354.75379778528924,97.41305914873283,COOLDOWN,NONE,0.0,1.0,0.0,False
241.0,361.6209678140091,0.044276578397887296,0.0,353.7249256172709,97.41305914875333,COOLDOWN,NONE,0.0,1.0,0.0,False
241.25,361.0889849744204,0.031839480567485846,0.21643555188861743,352.6992636562168,97.41305914876573,COOLDOWN,NONE,0.0,1.0,0.0,False
241.5,359.91040309076124,0.04005117297594024,0.0,351.6768018858886,97.41305914877323,COOLDOWN,NONE,0.0,1.0,0.0,False
241.75,358.7111070516949,0.032578072336525606,0.12190807196694749,350.65753032130004,97.41305914877779,COOLDOWN,NONE,0.0,1.0,0.0,False
242.0,357.473459271801,0.0326545036344178,0.1498100572676057,349.64143900861916,97.41305914878058,COOLDOWN,NONE,0.0,1.0,0.0,False
242.25,356.4613725891212,0.030800239194484248,0.024912371600698213,348.6285180250711,97.41305914878228,COOLDOWN,NONE,0.0,1.0,0.0,False
242.5,355.41748922786104,0.03398898971446709,0.051315586963378186,347.61875747884136,97.41305914878333,COOLDOWN,NONE,0.0,1.0,0.0,False
242.75,354.3848090128205,0.029121884561751927,0.0,346.61214750897904,97.41305914878399,COOLDOWN,NONE,0.0,1.0,0.0,False
243.0,353.5100445903192,0.028404778590304554,0.0,345.6086782853007,97.41305914878438,COOLDOWN,NONE,0.0,1.0,0.0,False
243.25,352.75301675128435,0.02510015066437837,0.14733459239371366,344.6083400082942,97.41305914878463,COOLDOWN,NONE,0.0,1.0,0.0,False
243.5,351.6045589906342,0.028933835202758773,0.0,343.6111229090231,97.41305914878478,COOLDOWN,NONE,0.0,1.0,0.0,False
243.75,350.5412246569688,0.022161108628547477,0.08673863534427276,342.6170172490313,97.41305914878488,COOLDOWN,NONE,0.0,1.0,0.0,False
244.0,349.7666826082773,0.03131592404079519,0.19360971795210474,341.6260133202477,97.41305914878494,COOLDOWN,NONE,0.0,1.0,0.0,False
244.25,348.67556854679714,0.023742857643462564,0.05832790622079651,340.6381014448918,97.41305914878498,COOLDOWN,NONE,0.0,1.0,0.0,False
244.5,347.64911131880615,0.028252056646343095,0.1416079698576544,339.65327197537874,97.41305914878501,COOLDOWN,NONE,0.0,1.0,0.0,False
244.75,346.5460011242856,0.021345000229114758,0.20510426484288297,338.6715152942255,97.41305914878502,COOLDOWN,NONE,0.0,1.0,0.0,False
245.0,345.7390338341719,0.022312189506612252,0.1779591885686159,337.69282181395664,97.41305914878504,COOLDOWN,NONE,0.0,1.0,0.0,False
245.25,344.659042859433,0.02181476335644138,0.0,336.71718197701085,97.41305914878504,COOLDOWN,NONE,0.0,1.0,0.0,False
245.5,343.4503353796602,0.024935004060053195,0.0,335.7445862556476,97.41305914878504,COOLDOWN,NONE,0.0,1.0,0.0,False
245.75,342.6897212439409,0.019835402907856587,0.10905202242402255,334.7750251518541,97.41305914878504,COOLDOWN,NONE,0.0,1.0,0.0,False
246.0,341.7982017798169,0.021870390862686523,0.0,333.80848919725247,97.41305914878504,COOLDOWN,NONE,0.0,1.0,0.0,False
246.25,340.83185339577216,0.01718080240445399,0.04608138643585593,332.84496895300737,97.41305914878504,COOLDOWN,NONE,0.0,1.0,0.0,False
246.5,339.9394634587583,0.021368454570395587,0.3064728969194553,331.8844550097337,97.41305914878504,COOLDOWN,NONE,0.0,1.0,0.0,False
246.75,339.0060973245387,0.023041190582616427,0.02134768627879955,330.92693798740487,97.41305914878504,COOLDOWN,NONE,0.0,1.0,0.0,False
247.0,337.9434948237804,0.024004158155477143,0.16521815066451628,329.97240853526114,97.41305914878504,COOLDOWN,NONE,0.0,1.0,0.0,False
247.25,336.8256832774881,0.02413986714806408,0.07707400648809273,329.0208573317182,97.41305914878504,COOLDOWN,NONE,0.0,1.0,0.0,False
247.5,336.21638009518267,0.022260205420719565,0.0,328.0722750842763,97.41305914878504,COOLDOWN,NONE,0.0,1.0,0.0,False
247.75,334.95071506180454,0.026234192299669744,0.03786386202335434,327.1266525294294,97.41305914878504,COOLDOWN,NONE,0.0,1.0,0.0,False
248.0,333.97139210845086,0.02171546523038997,0.0,326.1839804325747,97.41305914878504,COOLDOWN,NONE,0.0,1.0,0.0,False
248.25,332.96773749455224,0.013721652226322753,0.0,325.24424958792247,97.41305914878504,COOLDOWN,NONE,0.0,1.0,0.0,False
248.5,332.34821969980055,0.020378412949900546,0.0,324.30745081840627,97.41305914878504,COOLDOWN,NONE,0.0,1.0,0.0,False
248.75,331.4162766986625,0.022264610407547666,0.0,323.3735749755931,97.41305914878504,COOLDOWN,NONE,0.0,1.0,0.0,False
249.0,330.3974402622726,0.017923280587939357,0.0,322.44261293959437,97.41305914878504,COOLDOWN,NONE,0.0,1.0,0.0,False
249.25,329.43247542726766,0.01999058166588332,0.0,321.5145556189765,97.41305914878504,COOLDOWN,NONE,0.0,1.0,0.0,False
249.5,328.3711938536569,0.01886754258959733,0.3023749653974099,320.5893939506723,97.41305914878504,COOLDOWN,NONE,0.0,1.0,0.0,False
249.75,327.5089356732855,0.015218464792417414,0.0412862585373135,319.6671188998925,97.41305914878504,COOLDOWN,NONE,0.0,1.0,0.0,False
250.0,326.8372156841598,0.021639005304873005,0.0,318.74772146003755,97.41305914878504,COOLDOWN,NONE,0.0,1.0,0.0,False
250.25,325.9809068913958,0.017861868109495832,0.0,317.8311926526095,97.41305914878504,COOLDOWN,NONE,0.0,1.0,0.0,False
250.5,324.8262518986474,0.019866163394202094,0.10711372326574531,316.9175235271244,97.41305914878504,COOLDOWN,NONE,0.0,1.0,0.0,False
250.75,324.1002799348782,0.020102175388090594,0.1399358399774133,316.0067051610249,97.41305914878504,COOLDOWN,NONE,0.0,1.0,0.0,False
251.0,323.110952095603,0.022837687793186907,0.0,315.09872865959323,97.41305914878504,COOLDOWN,NONE,0.0,1.0,0.0,False
251.25,321.95745905695657,0.022459302973510238,0.0,314.1935851558641,97.41305914878504,COOLDOWN,NONE,0.0,1.0,0.0,False
251.5,321.2460379304671,0.019822306330224443,0.0,313.2912658105384,97.41305914878504,COOLDOWN,NONE,0.0,1.0,0.0,False
251.75,320.32373839081913,0.024280791649540598,0.0,312.39176181189646,97.41305914878504,COOLDOWN,NONE,0.0,1.0,0.0,False
252.0,319.6276454209209,0.026976336564047472,0.0035376854737043154,311.49506437571245,97.41305914878504,COOLDOWN,NONE,0.0,1.0,0.0,False
252.25,318.5983185258464,0.022259260347301853,0.2743281821012665,310.6011647451683,97.41305914878504,COOLDOWN,NONE,0.0,1.0,0.0,False
252.5,317.53184684840056,0.020333798328602777,0.0,309.7100541907684,97.41305914878504,COOLDOWN,NONE,0.0,1.0,0.0,False
252.75,316.90563120178007,0.0205399793854215,0.09894796790649171,308.8217240102541,97.41305914878504,COOLDOWN,NONE,0.0,1.0,0.0,False
253.0,315.8729206262308,0.020202091302796786,0.0,307.936165528519,97.41305914878504,COOLDOWN,NONE,0.0,1.0,0.0,False
253.25,314.95372652197256,0.01962399267564454,0.0,307.05337009752395,97.41305914878504,COOLDOWN,NONE,0.0,1.0,0.0,False
253.5,313.9974565348774,0.024753075252109076,0.0,306.1733290962128,97.41305914878504,COOLDOWN,NONE,0.0,1.0,0.0,False
253.75,313.08847881599115,0.02334246299598145,0.0,305.29603393042817,97.41305914878504,COOLDOWN,NONE,0.0,1.0,0.0,False
254.0,312.4977182330392,0.019982359713063936,0.03759243417134278,304.4214760328275,97.41305914878504,COOLDOWN,NONE,0.0,1.0,0.0,False
254.25,311.57530002572656,0.01830398145738345,0.006141943159224792,303.54964686279936,97.41305914878504,COOLDOWN,NONE,0.0,1.0,0.0,False
254.5,310.9855017144379,0.013313202700549292,0.009893566063425003,302.6805379063801,97.41305914878504,COOLDOWN,NONE,0.0,1.0,0.0,False
254.75,309.8793878970625,0.016866148226498078,0.0,301.8141406761706,97.41305914878504,COOLDOWN,NONE,0.0,1.0,0.0,False
255.0,309.2742840981044,0.018905753376960738,0.3118492742730725,300.9504467112536,97.41305914878504,COOLDOWN,NONE,0.0,1.0,0.0,False
255.25,308.1698120736553,0.020246306609797413,0.07139557683116218,300.08944757711083,97.41305914878504,COOLDOWN,NONE,0.0,1.0,0.0,False
255.5,307.32638568235916,0.02355474774060244,0.06537237684202732,299.23113486554075,97.41305914878504,COOLDOWN,NONE,0.0,1.0,0.0,False
255.75,306.39719178869404,0.020542790179127534,0.20278699832463715,298.3755001945765,97.41305914878504,COOLDOWN,NONE,0.0,1.0,0.0,False
256.0,305.6450804447267,0.017006226428904342,0.0,297.5225352084039,97.41305914878504,COOLDOWN,NONE,0.0,1.0,0.0,False
256.25,304.7218439008916,0.018142082871970226,0.0,296.67223157728,97.41305914878504,COOLDOWN,NONE,0.0,1.0,0.0,False
256.5,303.68119306019383,0.019224643731089463,0.06354414602827094,295.8245809974517,97.41305914878504,COOLDOWN,NONE,0.0,1.0,0.0,False
256.75,303.12884943353265,0.020036140378507625,0.31122750444529973,294.9795751910745,97.41305914878504,COOLDOWN,NONE,0.0,1.0,0.0,False
257.0,302.1257438980236,0.029587724391245067,0.15024781336773813,294.1372059061319,97.41305914878504,COOLDOWN,NONE,0.0,1.0,0.0,False
257.25,301.37197328112796,0.018509478013636907,0.0,293.2974649163546,97.41305914878504,COOLDOWN,NONE,0.0,1.0,0.0,False
257.5,300.43707427924306,0.020540460782389445,0.2883679807446892,292.4603440211404,97.41305914878504,COOLDOWN,NONE,0.0,1.0,0.0,False
257.75,299.41887261282005,0.025722782778111374,0.0,291.6258350454738,97.41305914878504,COOLDOWN,NONE,0.0,1.0,0.0,False
258.0,298.9025383716224,0.01238498239233657,0.020854557227180406,290.7939298398466,97.41305914878504,COOLDOWN,NONE,0.0,1.0,0.0,False
258.25,297.91306047208815,0.022051278562811083,0.013683793164077864,289.9646202801778,97.41305914878504,COOLDOWN,NONE,0.0,1.0,0.0,False
258.5,296.9665623245229,0.022844484367803973,0.10419431089564937,289.1378982677347,97.41305914878504,COOLDOWN,NONE,0.0,1.0,0.0,False
258.75,296.40327095847294,0.023029853760339603,0.16514511618794844,288.3137557290535,97.41305914878504,COOLDOWN,NONE,0.0,1.0,0.0,False
259.0,295.48891286552487,0.01592977009433628,0.0,287.49218461586077,97.41305914878504,COOLDOWN,NONE,0.0,1.0,0.0,False
259.25,294.8756395900923,0.0221337625763953,0.015304402131609994,286.6731769049945,97.41305914878504,COOLDOWN,NONE,0.0,1.0,0.0,False
259.5,293.7915273600461,0.020096807164814292,0.0037191315091866803,285.856724598326,97.41305914878504,COOLDOWN,NONE,0.0,1.0,0.0,False
259.75,292.99230591674313,0.017904810118973432,0.32464752787331824,285.0428197226818,97.41305914878504,COOLDOWN,NONE,0.0,1.0,0.0,False
260.0,292.26573832051844,0.018184249594834653,0.0,284.2314543297656,97.41305914878504,COOLDOWN,NONE,0.0,1.0,0.0,False
260.25,291.31376644562675,0.022160647403586864,0.11375755777779666,283.42262049608075,97.41305914878504,COOLDOWN,NONE,0.0,1.0,0.0,False
260.5,290.5835572910822,0.020156427552935684,0.0,282.61631032285294,97.41305914878504,COOLDOWN,NONE,0.0,1.0,0.0,False
260.75,289.6463404910076,0.0239062019678197,0.05589529654468488,281.812515935953,97.41305914878504,COOLDOWN,NONE,0.0,1.0,0.0,False
261.0,289.38268277377443,0.017732498051994845,0.0,281.01122948581997,97.41305914878504,COOLDOWN,NONE,0.0,1.0,0.0,False
261.25,288.34488868015256,0.019265606180796327,0.0,280.2124431473845,97.41305914878504,COOLDOWN,NONE,0.0,1.0,0.0,False
261.5,287.2738186767075,0.02030303593994998,0.05150509933609096,279.4161491199923,97.41305914878504,COOLDOWN,NONE,0.0,1.0,0.0,False
261.75,286.60814882834023,0.023011148784373974,0.14891483130794816,278.62233962732836,97.41305914878504,COOLDOWN,NONE,0.0,1.0,0.0,False
262.0,285.87942378892234,0.020081287653340798,0.0,277.8310069173404,97.41305914878504,COOLDOWN,NONE,0.0,1.0,0.0,False
262.25,285.1247970318775,0.022759417774192214,0.009090722222253536,277.0421432621637,97.41305914878504,COOLDOWN,NONE,0.0,1.0,0.0,False
262.5,284.3232406930588,0.019027537030378457,0.0,276.2557409580453,97.41305914878504,COOLDOWN,NONE,0.0,1.0,0.0,False
262.75,283.32164917296205,0.022297718594134895,0.06705045228610837,275.471792325269,97.41305914878504,COOLDOWN,NONE,0.0,1.0,0.0,False
263.0,282.928821758886,0.020168666445647524,0.12971606068166802,274.6902897080803,97.41305914878504,COOLDOWN,NONE,0.0,1.0,0.0,False
263.25,282.1096780141949,0.02298367804072009,0.0,273.91122547461134,97.41305914878504,COOLDOWN,NONE,0.0,1.0,0.0,False
263.5,281.1069071426429,0.020389607277813037,0.0,273.13459201680683,97.41305914878504,COOLDOWN,NONE,0.0,1.0,0.0,False
263.75,280.4315250276151,0.023072220592339265,0.0,272.36038175034946,97.41305914878504,COOLDOWN,NONE,0.0,1.0,0.0,False
264.0,279.8844702470763,0.019128053272130352,0.0,271.58858711458595,97.41305914878504,COOLDOWN,NONE,0.0,1.0,0.0,False
264.25,278.7834587456735,0.0178753705082095,0.06267872392360685,270.8192005724532,97.41305914878504,COOLDOWN,NONE,0.0,1.0,0.0,False
264.5,278.055218492494,0.024984290893035537,0.0910964894357219,270.0522146104047,97.41305914878504,COOLDOWN,NONE,0.0,1.0,0.0,False
264.75,277.36827516179153,0.019335541183767513,0.0,269.28762173833695,97.41305914878504,COOLDOWN,NONE,0.0,1.0,0.0,False
265.0,276.5119889797165,0.017449260717472936,0.1427764901872786,268.52541448951666,97.41305914878504,COOLDOWN,NONE,0.0,1.0,0.0,False
265.25,275.76101898742587,0.024997349056796982,0.11029654662872192,267.7655854205076,97.41305914878504,COOLDOWN,NONE,0.0,1.0,0.0,False
265.5,275.13345750444523,0.02069207778108785,0.03130085016189757,267.008127111098,97.41305914878504,COOLDOWN,NONE,0.0,1.0,0.0,False
265.75,274.3510230943074,0.022768100294363568,0.0,266.2530321642281,97.41305914878504,COOLDOWN,NONE,0.0,1.0,0.0,False
266.0,273.574135307514,0.02786334448644404,0.0,265.50029320591767,97.41305914878504,COOLDOWN,NONE,0.0,1.0,0.0,False
266.25,272.71157137285377,0.01792266328527857,0.0,264.7499028851944,97.41305914878504,COOLDOWN,NONE,0.0,1.0,0.0,False
266.5,272.18018683809305,0.020182960752623207,0.044944140096237234,264.0018538740219,97.41305914878504,COOLDOWN,NONE,0.0,1.0,0.0,False
266.75,271.53286400771066,0.027527624649584498,0.0,263.256138867228,97.41305914878504,COOLDOWN,NONE,0.0,1.0,0.0,False
267.0,270.6709343590751,0.021871586537185225,0.05993885479724627,262.51275058243374,97.41305914878504,COOLDOWN,NONE,0.0,1.0,0.0,False
267.25,269.8436785689941,0.019935430777639283,0.23869247057206855,261.77168175998196,97.41305914878504,COOLDOWN,NONE,0.0,1.0,0.0,False
267.5,269.1254224195245,0.021041128460681836,0.18741363092928917,261.0329251628666,97.41305914878504,COOLDOWN,NONE,0.0,1.0,0.0,False
267.75,268.4313354313561,0.021388414302109634,0.04943326210301285,260.2964735766618,97.41305914878504,COOLDOWN,NONE,0.0,1.0,0.0,False
268.0,267.8260878922879,0.021536938219487257,0.0,259.56231980945176,97.41305914878504,COOLDOWN,NONE,0.0,1.0,0.0,False
268.25,266.70230440878123,0.01897641487589597,0.0,258.8304566917602,97.41305914878504,COOLDOWN,NONE,0.0,1.0,0.0,False
268.5,266.1174457478381,0.020779534134194796,0.0,258.10087707648063,97.41305914878504,COOLDOWN,NONE,0.0,1.0,0.0,False
268.75,265.37674128681005,0.021955749400883334,0.025393166820396447,257.3735738388063,97.41305914878504,COOLDOWN,NONE,0.0,1.0,0.0,False
269.0,264.50574772298916,0.02381429440586291,0.0,256.6485398761607,97.41305914878504,COOLDOWN,NONE,0.0,1.0,0.0,False
269.25,263.74190587065686,0.01676549601077437,0.0,255.92576810812835,97.41305914878504,COOLDOWN,NONE,0.0,1.0,0.0,False
269.5,263.353059209374,0.023503947243792428,0.031809744522615195,255.2052514763854,97.41305914878504,COOLDOWN,NONE,0.0,1.0,0.0,False
269.75,262.30827246241785,0.018035962334266076,0.0,254.48698294463088,97.41305914878504,COOLDOWN,NONE,0.0,1.0,0.0,False
270.0,261.7444758225808,0.014682891145916088,0.016912511830847552,253.770955498518,97.41305914878504,COOLDOWN,NONE,0.0,1.0,0.0,False
270.25,261.15414380547855,0.019557009827967167,0.06920889395791069,253.0571621455855,97.41305914878504,COOLDOWN,NONE,0.0,1.0,0.0,False
270.5,260.2049788400114,0.01563903049712022,0.0,252.3455959151895,97.41305914878504,COOLDOWN,NONE,0.0,1.0,0.0,False
270.75,259.80995865632383,0.023092721634220537,0.0,251.63624985843543,97.41305914878504,COOLDOWN,NONE,0.0,1.0,0.0,False
271.0,259.1098111097449,0.019027750927150602,0.2269006330260917,250.92911704811002,97.41305914878504,COOLDOWN,NONE,0.0,1.0,0.0,False
271.25,258.29669438243747,0.01864623489109799,0.11939133787337147,250.2241905786138,97.41305914878504,COOLDOWN,NONE,0.0,1.0,0.0,False
271.5,257.4053511628067,0.017194255518035835,0.0,249.5214635658936,97.41305914878504,COOLDOWN,NONE,0.0,1.0,0.0,False
271.75,256.85971685374665,0.019840527534877788,0.0,248.8209291473754,97.41305914878504,COOLDOWN,NONE,0.0,1.0,0.0,False
272.0,256.0611026622518,0.02431365816044766,0.0,248.1225804818972,97.41305914878504,COOLDOWN,NONE,0.0,1.0,0.0,False
272.25,255.3178988835241,0.023738340576918537,0.21319256504542547,247.4264107496422,97.41305914878504,COOLDOWN,NONE,0.0,1.0,0.0,False
272.5,254.78324196954938,0.014779919810735797,0.0,246.73241315207238,97.41305914878504,COOLDOWN,NONE,0.0,1.0,0.0,False
272.75,254.13251638424478,0.020053173361446144,0.23311133671833323,246.04058091186192,97.41305914878504,COOLDOWN,NONE,0.0,1.0,0.0,False
273.0,253.14587009343742,0.02203514542683111,0.0,245.35090727283108,97.41305914878504,COOLDOWN,NONE,0.0,1.0,0.0,False
273.25,252.86184171262096,0.01977465131875621,0.15459686995908822,244.6633854998803,97.41305914878504,COOLDOWN,NONE,0.0,1.0,0.0,False
273.5,251.8808795160117,0.015771505513045382,0.0,243.97800887892424,97.41305914878504,COOLDOWN,NONE,0.0,1.0,0.0,False
273.75,251.20376586051057,0.016925560798697618,0.18006920024282694,243.29477071682643,97.41305914878504,COOLDOWN,NONE,0.0,1.0,0.0,False
274.0,250.81450090976404,0.020819140954609155,0.0,242.61366434133376,97.41305914878504,COOLDOWN,NONE,0.0,1.0,0.0,False
274.25,249.91692748803686,0.017942075105583915,0.2181111692736373,241.93468310101136,97.41305914878504,COOLDOWN,NONE,0.0,1.0,0.0,False
274.5,249.30521189238388,0.021468310801735915,0.0,241.25782036517765,97.41305914878504,COOLDOWN,NONE,0.0,1.0,0.0,False
274.75,248.28137128302686,0.017686597993208854,0.0,240.5830695238396,97.41305914878504,COOLDOWN,NONE,0.0,1.0,0.0,False
275.0,247.96596220814843,0.020289621747356636,0.0,239.9104239876282,97.41305914878504,COOLDOWN,NONE,0.0,1.0,0.0,False
275.25,247.18158585310746,0.0246994310684734,0.0,239.239877187734,97.41305914878504,COOLDOWN,NONE,0.0,1.0,0.0,False
275.5,246.43372944529872,0.019314973858843558,0.0,238.5714225758431,97.41305914878504,COOLDOWN,NONE,0.0,1.0,0.0,False
275.75,245.8407415206107,0.0215943467442058,0.25983362173485786,237.90505362407308,97.41305914878504,COOLDOWN,NONE,0.0,1.0,0.0,False
276.0,244.97383973881648,0.019945267505236206,0.006215778444808858,237.24076382490938,97.41305914878504,COOLDOWN,NONE,0.0,1.0,0.0,False
276.25,244.56595687500575,0.019438667626924033,0.0,236.57854669114164,97.41305914878504,COOLDOWN,NONE,0.0,1.0,0.0,False
276.5,244.0690246782634,0.018604587550515143,0.0,235.91839575580042,97.41305914878504,COOLDOWN,NONE,0.0,1.0,0.0,False
276.75,243.26028752220432,0.020322487125683058,0.0,235.260304572094,97.41305914878504,COOLDOWN,NONE,0.0,1.0,0.0,False
277.0,242.75415360076028,0.01997396394737249,0.026109132790405404,234.60426671334537,97.41305914878504,COOLDOWN,NONE,0.0,1.0,0.0,False
277.25,241.94255779991332,0.016990927034372865,0.0,233.95027577292967,97.41305914878504,COOLDOWN,NONE,0.0,1.0,0.0,False
277.5,241.1408242963526,0.020577946003382388,0.0,233.2983253642114,97.41305914878504,COOLDOWN,NONE,0.0,1.0,0.0,False
277.75,240.4892009369384,0.02071431792673359,0.07875475815410579,232.64840912048217,97.41305914878504,COOLDOWN,NONE,0.0,1.0,0.0,False
278.0,239.73639931764842,0.025069018680687512,0.0048421701287523385,232.0005206948985,97.41305914878504,COOLDOWN,NONE,0.0,1.0,0.0,False
278.25,239.33887865817212,0.023200325756034493,0.010471858069746012,231.35465376041984,97.41305914878504,COOLDOWN,NONE,0.0,1.0,0.0,False
278.5,238.62022316577264,0.02658372324715147,0.0,230.71080200974677,97.41305914878504,COOLDOWN,NONE,0.0,1.0,0.0,False
278.75,238.05431602415084,0.02254158440694317,0.0,230.06895915525942,97.41305914878504,COOLDOWN,NONE,0.0,1.0,0.0,False
279.0,237.41381473281274,0.021159694853517166,0.36024709984624065,229.42911892895606,97.41305914878504,COOLDOWN,NONE,0.0,1.0,0.0,False
279.25,236.65735550530758,0.0198570152248837,0.09880606959546084,228.7912750823919,97.41305914878504,COOLDOWN,NONE,0.0,1.0,0.0,False
279.5,236.16757818977956,0.01639145823696669,0.06121934530734259,228.15542138661806,97.41305914878504,COOLDOWN,NONE,0.0,1.0,0.0,False
279.75,235.53768412393848,0.021336893705212263,0.1697199182654595,227.52155163212072,97.41305914878504,COOLDOWN,NONE,0.0,1.0,0.0,False
280.0,235.0416390846602,0.02122328720406305,0.04658792723614081,226.88965962876054,97.41305914878504,COOLDOWN,NONE,0.0,1.0,0.0,False
280.25,234.0949684484033,0.019597055594122195,0.03304823960353072,226.25973920571215,97.41305914878504,COOLDOWN,NONE,0.0,1.0,0.0,False
280.5,233.57163192385244,0.020292826229147583,0.0,225.6317842114039,97.41305914878504,COOLDOWN,NONE,0.0,1.0,0.0,False
280.75,233.23593747342605,0.026456237673046203,0.0,225.00578851345782,97.41305914878504,COOLDOWN,NONE,0.0,1.0,0.0,False
281.0,232.44179977541452,0.019297522198760464,0.18942915764108625,224.3817459986297,97.41305914878504,COOLDOWN,NONE,0.0,1.0,0.0,False
281.25,231.8249001064372,0.020232000564142223,0.0,223.7596505727494,97.41305914878504,COOLDOWN,NONE,0.0,1.0,0.0,False
281.5,231.15841526279357,0.0169988884000578,0.10132987372419901,223.1394961606613,97.41305914878504,COOLDOWN,NONE,0.0,1.0,0.0,False
281.75,230.41417747017252,0.021604645669056906,0.019445270747750255,222.52127670616508,97.41305914878504,COOLDOWN,NONE,0.0,1.0,0.0,False
282.0,230.06922764089364,0.019949021544711946,0.15346064792493422,221.90498617195647,97.41305914878504,COOLDOWN,NONE,0.0,1.0,0.0,False
282.25,229.1522656298016,0.021828334174553092,0.0,221.2906185395683,97.41305914878504,COOLDOWN,NONE,0.0,1.0,0.0,False
282.5,228.70730049471905,0.020215248613213176,0.14044366826621815,220.6781678093118,97.41305914878504,COOLDOWN,NONE,0.0,1.0,0.0,False
282.75,227.76468612497717,0.0209692452444321,0.0,220.0676280002179,97.41305914878504,COOLDOWN,NONE,0.0,1.0,0.0,False
283.0,227.6400156751622,0.014081770433167847,0.0,219.45899314997894,97.41305914878504,COOLDOWN,NONE,0.0,1.0,0.0,False
283.25,226.60117544018436,0.024917708312134162,0.0,218.85225731489038,97.41305914878504,COOLDOWN,NONE,0.0,1.0,0.0,False
283.5,226.26450174540386,0.01839262205101615,0.0,218.24741456979277,97.41305914878504,COOLDOWN,NONE,0.0,1.0,0.0,False
283.75,225.59386580876122,0.02198820576415976,0.0,217.64445900801385,97.41305914878504,COOLDOWN,NONE,0.0,1.0,0.0,False
284.0,225.18454674032463,0.018914225709961763,0.0010287691121336408,217.04338474131094,97.41305914878504,COOLDOWN,NONE,0.0,1.0,0.0,False
284.25,224.3864660867104,0.021030704934319522,0.28483676999278656,216.44418589981336,97.41305914878504,COOLDOWN,NONE,0.0,1.0,0.0,False
284.5,223.90119272042284,0.020583323800200157,0.0,215.84685663196518,97.41305914878504,COOLDOWN,NONE,0.0,1.0,0.0,False
284.75,223.1380690473833,0.024392207911813787,0.0,215.251391104468,97.41305914878504,COOLDOWN,NONE,0.0,1.0,0.0,False
285.0,222.52081222513618,0.019707646531163924,0.0,214.65778350222408,97.41305914878504,COOLDOWN,NONE,0.0,1.0,0.0,False
285.25,222.35945638615212,0.012901304225252826,0.05420431891915376,214.06602802827942,97.41305914878504,COOLDOWN,NONE,0.0,1.0,0.0,False
285.5,221.58302547173273,0.016638519257892892,0.0,213.4761189037673,97.41305914878504,COOLDOWN,NONE,0.0,1.0,0.0,False
285.75,220.9529418626021,0.024888539304419435,0.0,212.8880503678517,97.41305914878504,COOLDOWN,NONE,0.0,1.0,0.0,False
286.0,220.06493333864273,0.022917408743462882,0.22856148880007549,212.30181667767118,97.41305914878504,COOLDOWN,NONE,0.0,1.0,0.0,False
286.25,219.66715736957937,0.013358639678053372,0.21777967037048923,211.7174121082827,97.41305914878504,COOLDOWN,NONE,0.0,1.0,0.0,False
286.5,219.1050513942526,0.023371694834456423,0.0,211.13483095260574,97.41305914878504,COOLDOWN,NONE,0.0,1.0,0.0,False
286.75,218.49772053943195,0.018644261941314872,0.2210167526897518,210.55406752136656,97.41305914878504,COOLDOWN,NONE,0.0,1.0,0.0,False
287.0,218.19028383474247,0.013586451145943722,0.0,209.9751161430427,97.41305914878504,COOLDOWN,NONE,0.0,1.0,0.0,False
287.25,217.66453298801315,0.018898119640099548,0.0,209.39797116380745,97.41305914878504,COOLDOWN,NONE,0.0,1.0,0.0,False
287.5,216.8232968080727,0.019674899610140975,0.0,208.82262694747482,97.41305914878504,COOLDOWN,NONE,0.0,1.0,0.0,False
287.75,216.17714344297391,0.019069769017349497,0.0,208.24907787544436,97.41305914878504,COOLDOWN,NONE,0.0,1.0,0.0,False
288.0,215.72740434361816,0.01756178039904572,0.0,207.67731834664636,97.41305914878504,COOLDOWN,NONE,0.0,1.0,0.0,False
288.25,215.08573169315315,0.023917222720283016,0.05601167011352407,207.10734277748713,97.41305914878504,COOLDOWN,NONE,0.0,1.0,0.0,False
288.5,214.52269055977277,0.02160856391304101,0.060917743031408116,206.53914560179447,97.41305914878504,COOLDOWN,NONE,0.0,1.0,0.0,False
288.75,214.13589649925188,0.021519539638249676,0.26908660433268944,205.97272127076332,97.41305914878504,COOLDOWN,NONE,0.0,1.0,0.0,False
289.0,213.60975680985155,0.019876995773369852,0.0,205.40806425290157,97.41305914878504,COOLDOWN,NONE,0.0,1.0,0.0,False
289.25,212.97755239698978,0.02154988709790819,0.0,204.84516903397605,97.41305914878504,COOLDOWN,NONE,0.0,1.0,0.0,False
289.5,212.06248738722627,0.014502878473632172,0.05223878260427108,204.28403011695866,97.41305914878504,COOLDOWN,NONE,0.0,1.0,0.0,False
289.75,211.840268361792,0.022410306446852882,0.0,203.7246420219727,97.41305914878504,COOLDOWN,NONE,0.0,1.0,0.0,False
290.0,211.32260086260584,0.018397528053804017,0.0582632282660713,203.16699928623936,97.41305914878504,COOLDOWN,NONE,0.0,1.0,0.0,False
290.25,210.67360017022463,0.017592540693739896,0.0,202.61109646402437,97.41305914878504,COOLDOWN,NONE,0.0,1.0,0.0,False
290.5,209.74597021510127,0.0172497783631583,0.0,202.0569281265848,97.41305914878504,COOLDOWN,NONE,0.0,1.0,0.0,False
290.75,209.57009243183631,0.02018425074853463,0.1371078103608969,201.50448886211612,97.41305914878504,COOLDOWN,NONE,0.0,1.0,0.0,False
291.0,209.0072546103776,0.018095726844461302,0.05193015986225289,200.9537732756992,97.41305914878504,COOLDOWN,NONE,0.0,1.0,0.0,False
291.25,208.3462122221853,0.021827185072176684,0.047305944868411304,200.40477598924778,97.41305914878504,COOLDOWN,NONE,0.0,1.0,0.0,False
291.5,207.70920565719175,0.020006597239229887,0.00830010701263104,199.85749164145588,97.41305914878504,COOLDOWN,NONE,0.0,1.0,0.0,False
291.75,207.26575824490695,0.02268471972820557,0.2569576351055085,199.31191488774542,97.41305914878504,COOLDOWN,NONE,0.0,1.0,0.0,False
292.0,206.71288034325664,0.018947904550986387,0.0,198.7680404002141,97.41305914878504,COOLDOWN,NONE,0.0,1.0,0.0,False
292.25,206.2065249565582,0.018691451899641477,0.0,198.2258628675833,97.41305914878504,COOLDOWN,NONE,0.0,1.0,0.0,False
292.5,205.72865104552793,0.021773039614500767,0.0,197.68537699514624,97.41305914878504,COOLDOWN,NONE,0.0,1.0,0.0,False
292.75,205.09068565532726,0.017100548561812156,0.1143813187717108,197.14657750471628,97.41305914878504,COOLDOWN,NONE,0.0,1.0,0.0,False
293.0,204.38184253585675,0.019060216128798907,0.29266082516809133,196.60945913457536,97.41305914878504,COOLDOWN,NONE,0.0,1.0,0.0,False
293.25,204.0817548295244,0.021403795554932672,0.0,196.07401663942264,97.41305914878504,COOLDOWN,NONE,0.0,1.0,0.0,False
293.5,203.3640809103132,0.01990198613842955,0.060971051431476395,195.54024479032324,97.41305914878504,COOLDOWN,NONE,0.0,1.0,0.0,False
293.75,202.85474212868726,0.021024841748477775,0.1867365043506326,195.0081383746572,97.41305914878504,COOLDOWN,NONE,0.0,1.0,0.0,False
294.0,202.63814560622455,0.015251764160161468,0.0,194.47769219606857,97.41305914878504,COOLDOWN,NONE,0.0,1.0,0.0,False
294.25,201.70684917608227,0.02321346561877448,0.09154940261640336,193.9489010744147,97.41305914878504,COOLDOWN,NONE,0.0,1.0,0.0,False
294.5,201.52723092981614,0.017364949083323016,0.0,193.42175984571554,97.41305914878504,COOLDOWN,NONE,0.0,1.0,0.0,False
294.75,200.90779952189848,0.020302950964744434,0.0,192.89626336210338,97.41305914878504,COOLDOWN,NONE,0.0,1.0,0.0,False
295.0,200.3937328745773,0.021933704152194835,0.034202366788506064,192.37240649177244,97.41305914878504,COOLDOWN,NONE,0.0,1.0,0.0,False
295.25,199.6942771884264,0.013662013515496941,0.0,191.8501841189288,97.41305914878504,COOLDOWN,NONE,0.0,1.0,0.0,False
295.5,199.35424438038888,0.019219748599400392,0.0,191.32959114374046,97.41305914878504,COOLDOWN,NONE,0.0,1.0,0.0,False
295.75,198.70690570282932,0.02214691403497554,0.0,190.8106224822875,97.41305914878504,COOLDOWN,NONE,0.0,1.0,0.0,False
296.0,198.31175615281884,0.017085429140663442,0.0,190.29327306651246,97.41305914878504,COOLDOWN,NONE,0.0,1.0,0.0,False
296.25,197.80210752836803,0.016983746491557927,0.0,189.77753784417084,97.41305914878504,COOLDOWN,NONE,0.0,1.0,0.0,False
296.5,197.21403912852747,0.02360291231761891,0.02864276673913959,189.26341177878177,97.41305914878504,COOLDOWN,NONE,0.0,1.0,0.0,False
296.75,196.96982977581297,0.019605432038620675,0.0,188.7508898495788,97.41305914878504,COOLDOWN,NONE,0.0,1.0,0.0,False
297.0,196.0311314437576,0.01827132636092876,0.21527756057479835,188.2399670514609,97.41305914878504,COOLDOWN,NONE,0.0,1.0,0.0,False
297.25,195.7797709358188,0.02219936330673248,0.10576467482289732,187.73063839494355,97.41305914878504,COOLDOWN,NONE,0.0,1.0,0.0,False
297.5,195.22146709011466,0.01938558204032127,0.01787753597728847,187.22289890611003,97.41305914878504,COOLDOWN,NONE,0.0,1.0,0.0,False
297.75,194.8174389401479,0.02137359864053412,0.07379583176503987,186.71674362656287,97.41305914878504,COOLDOWN,NONE,0.0,1.0,0.0,False
298.0,194.23528923968843,0.017690198243937073,0.0,186.2121676133754,97.41305914878504,COOLDOWN,NONE,0.0,1.0,0.0,False
298.25,193.56794797761466,0.023013973596693525,0.0,185.70916593904352,97.41305914878504,COOLDOWN,NONE,0.0,1.0,0.0,False
298.5,193.17505410412727,0.02716163460572176,0.0,185.20773369143743,97.41305914878504,COOLDOWN,NONE,0.0,1.0,0.0,False
298.75,192.53764828048295,0.019946135270872006,0.19340645462182993,184.70786597375388,97.41305914878504,COOLDOWN,NONE,0.0,1.0,0.0,False
299.0,192.18549034180432,0.021840046402100202,0.014992948341984455,184.20955790446823,97.41305914878504,COOLDOWN,NONE,0.0,1.0,0.0,False
299.25,191.65687365800167,0.029450863584718708,0.010672595645793866,183.7128046172868,97.41305914878504,COOLDOWN,NONE,0.0,1.0,0.0,False
299.5,191.13702760020567,0.018530050010680855,0.05708617476570263,183.21760126109928,97.41305914878504,COOLDOWN,NONE,0.0,1.0,0.0,False
299.75,190.78532561001956,0.022316034839249262,0.021171604952680865,182.72394299993147,97.41305914878504,COOLDOWN,NONE,0.0,1.0,0.0,False
300.0,190.017082287405,0.021595765873894897,0.0,182.23182501289799,97.41305914878504,COOLDOWN,NONE,0.0,1.0,0.0,False
300.25,189.6983274696052,0.015551268655586755,0.0,181.74124249415522,97.41305914878504,COOLDOWN,NONE,0.0,1.0,0.0,False
300.5,189.14316492071,0.019890608470841935,0.0,181.25219065285435,97.41305914878504,COOLDOWN,NONE,0.0,1.0,0.0,False
300.75,188.77226315698724,0.020373007972350286,0.0,180.76466471309462,97.41305914878504,COOLDOWN,NONE,0.0,1.0,0.0,False
301.0,188.1849614589319,0.017427339309378335,0.13614217385967228,180.27865991387662,97.41305914878504,COOLDOWN,NONE,0.0,1.0,0.0,False
301.25,187.41493192422988,0.018970025382419337,0.0,179.7941715090559,97.41305914878504,COOLDOWN,NONE,0.0,1.0,0.0,False
301.5,187.24644402759282,0.022540222509212532,0.0,179.3111947672965,97.41305914878504,COOLDOWN,NONE,0.0,1.0,0.0,False
301.75,186.85048326334845,0.01746567556925105,0.2909223910867546,178.82972497202488,97.41305914878504,COOLDOWN,NONE,0.0,1.0,0.0,False
302.0,186.48673687074657,0.023381574159456565,0.0,178.3497574213837,97.41305914878504,COOLDOWN,NONE,0.0,1.0,0.0,False
302.25,185.70612559757222,0.023239272642771463,0.0,177.87128742818606,97.41305914878504,COOLDOWN,NONE,0.0,1.0,0.0,False
302.5,185.35562201218036,0.021001349936909205,0.0,177.39431031986962,97.41305914878504,COOLDOWN,NONE,0.0,1.0,0.0,False
302.75,185.0347514668928,0.020054971888048077,0.07188602183354333,176.91882143845103,97.41305914878504,COOLDOWN,NONE,0.0,1.0,0.0,False
303.0,184.3442240377979,0.021539689585638552,0.0,176.44481614048038,97.41305914878504,COOLDOWN,NONE,0.0,1.0,0.0,False
303.25,184.11544688653163,0.0233889385613138,0.1367828427397208,175.97228979699594,97.41305914878504,COOLDOWN,NONE,0.0,1.0,0.0,False
303.5,183.57870734336083,0.021901448763804895,0.0,175.50123779347885,97.41305914878504,COOLDOWN,NONE,0.0,1.0,0.0,False
303.75,183.1568881606731,0.019177880418697963,0.01424174896737396,175.03165552980818,97.41305914878504,COOLDOWN,NONE,0.0,1.0,0.0,False
304.0,182.520982498868,0.015826588959196294,0.0,174.56353842021588,97.41305914878504,COOLDOWN,NONE,0.0,1.0,0.0,False
304.25,182.19566211651542,0.02425210877494763,0.0,174.09688189324208,97.41305914878504,COOLDOWN,NONE,0.0,1.0,0.0,False
304.5,181.49608566898493,0.024355286859524664,0.0,173.63168139169045,97.41305914878504,COOLDOWN,NONE,0.0,1.0,0.0,False
304.75,181.4789777667429,0.02015194592836538,0.0,173.16793237258364,97.41305914878504,COOLDOWN,NONE,0.0,1.0,0.0,False
305.0,180.85328094818115,0.02508004659885424,0.0,172.70563030711892,97.41305914878504,COOLDOWN,NONE,0.0,1.0,0.0,False
305.25,180.47861499391183,0.019155784427889882,0.22294943443963158,172.24477068062404,97.41305914878504,COOLDOWN,NONE,0.0,1.0,0.0,False
305.5,179.72827932764127,0.015268420524593214,0.07529506675578539,171.78534899251304,97.41305914878504,COOLDOWN,NONE,0.0,1.0,0.0,False
305.75,179.46634747099904,0.026287888575336413,0.2585396595043649,171.3273607562423,97.41305914878504,COOLDOWN,NONE,0.0,1.0,0.0,False
306.0,178.9750878081857,0.01928687810412707,0.0,170.8708014992669,97.41305914878504,COOLDOWN,NONE,0.0,1.0,0.0,False
306.25,178.37143582116533,0.017507203319592258,0.0,170.41566676299664,97.41305914878504,COOLDOWN,NONE,0.0,1.0,0.0,False
306.5,177.58027298917136,0.020536604197878904,0.0,169.96195210275278,97.41305914878504,COOLDOWN,NONE,0.0,1.0,0.0,False
306.75,177.8945342460534,0.022276222972506407,0.0,169.50965308772447,97.41305914878504,COOLDOWN,NONE,0.0,1.0,0.0,False
307.0,177.14347545956676,0.016322701648146937,0.0,169.05876530092556,97.41305914878504,COOLDOWN,NONE,0.0,1.0,0.0,False
307.25,176.32914513217662,0.024308778568606488,0.08900099553130215,168.60928433915143,97.41305914878504,COOLDOWN,NONE,0.0,1.0,0.0,False
307.5,175.98486817136586,0.019818537258026372,0.1424652297056678,168.16120581293598,97.41305914878504,COOLDOWN,NONE,0.0,1.0,0.0,False
307.75,175.78879163374089,0.02114683111058198,0.0,167.71452534650876,97.41305914878504,COOLDOWN,NONE,0.0,1.0,0.0,False
308.0,175.17365181220003,0.020285457046550232,0.13803832690459367,167.26923857775236,97.41305914878504,COOLDOWN,NONE,0.0,1.0,0.0,False
308.25,174.70101112506936,0.01663579989887889,0.17160448806109074,166.82534115815957,97.41305914878504,COOLDOWN,NONE,0.0,1.0,0.0,False
308.5,174.243281902925,0.02323148510905947,0.03645822929541299,166.38282875279117,97.41305914878504,COOLDOWN,NONE,0.0,1.0,0.0,False
308.75,174.07385413878552,0.025233140580422534,0.10329953123091816,165.9416970402334,97.41305914878504,COOLDOWN,NONE,0.0,1.0,0.0,False
309.0,173.61834649665104,0.017246494625190078,0.0,165.50194171255592,97.41305914878504,COOLDOWN,NONE,0.0,1.0,0.0,False
309.25,173.1601504537658,0.024602782476086032,0.20881531088211833,165.0635584752696,97.41305914878504,COOLDOWN,NONE,0.0,1.0,0.0,False
309.5,172.97404286383122,0.020932672317911197,0.0304175636936057,164.6265430472846,97.41305914878504,COOLDOWN,NONE,0.0,1.0,0.0,False
309.75,172.341821439043,0.020056741118812678,0.0,164.19089116086872,97.41305914878504,COOLDOWN,NONE,0.0,1.0,0.0,False
310.0,171.59949382631112,0.02297366042924432,0.0,163.75659856160553,97.41305914878504,COOLDOWN,NONE,0.0,1.0,0.0,False
310.25,171.4005000221242,0.015742477271131327,0.16445049196011993,163.3236610083529,97.41305914878504,COOLDOWN,NONE,0.0,1.0,0.0,False
310.5,170.73775309971145,0.022530446536710307,0.0,162.8920742732016,97.41305914878504,COOLDOWN,NONE,0.0,1.0,0.0,False
310.75,170.3958617351184,0.02353503620991189,0.0,162.46183414143397,97.41305914878504,COOLDOWN,NONE,0.0,1.0,0.0,False
311.0,170.04301506312015,0.018564707011337833,0.0,162.03293641148284,97.41305914878504,COOLDOWN,NONE,0.0,1.0,0.0,False
311.25,169.65158575672058,0.02129677549867953,0.0,161.60537689489038,97.41305914878504,COOLDOWN,NONE,0.0,1.0,0.0,False
311.5,169.26520436077075,0.01761291468792397,0.0,161.17915141626733,97.41305914878504,COOLDOWN,NONE,0.0,1.0,0.0,False
311.75,168.75528384576444,0.01795575516776375,0.34386504073706925,160.7542558132521,97.41305914878504,COOLDOWN,NONE,0.0,1.0,0.0,False
312.0,168.09744769172977,0.022215320036693097,0.1483360960692943,160.33068593647013,97.41305914878504,COOLDOWN,NONE,0.0,1.0,0.0,False
312.25,167.6115469807249,0.014802547606969522,0.08435863397662768,159.90843764949355,97.41305914878504,COOLDOWN,NONE,0.0,1.0,0.0,False
312.5,167.4152800636472,0.02115068855758651,0.1709170603516357,159.48750682880055,97.41305914878504,COOLDOWN,NONE,0.0,1.0,0.0,False
312.75,167.01206713293485,0.016808102927360957,0.0,159.06788936373522,97.41305914878504,COOLDOWN,NONE,0.0,1.0,0.0,False
313.0,166.6802711116018,0.017214153081743393,0.04700779363129948,158.64958115646743,97.41305914878504,COOLDOWN,NONE,0.0,1.0,0.0,False
313.25,166.26732147804964,0.01584659661096277,0.2585813827108516,158.2325781219528,97.41305914878504,COOLDOWN,NONE,0.0,1.0,0.0,False
313.5,165.97936493221246,0.022544814141662116,0.0,157.81687618789272,97.41305914878504,COOLDOWN,NONE,0.0,1.0,0.0,False
313.75,165.34135675215984,0.01835921143042621,0.0,157.4024712946947,97.41305914878504,COOLDOWN,NONE,0.0,1.0,0.0,False
314.0,164.82074323496485,0.021303941023487316,0.03438502902014286,156.98935939543264,97.41305914878504,COOLDOWN,NONE,0.0,1.0,0.0,False
314.25,164.63234228348588,0.018482150664716968,0.1936527390320655,156.5775364558074,97.41305914878504,COOLDOWN,NONE,0.0,1.0,0.0,False
314.5,164.19515967393085,0.011786539707381805,0.0,156.1669984541073,97.41305914878504,COOLDOWN,NONE,0.0,1.0,0.0,False
314.75,163.7491910907669,0.02289597764306468,0.0,155.7577413811689,97.41305914878504,COOLDOWN,NONE,0.0,1.0,0.0,False
315.0,163.3122484048967,0.018011551214550826,0.09983299969453148,155.34976124033784,97.41305914878504,COOLDOWN,NONE,0.0,1.0,0.0,False
315.25,162.87591596688105,0.018189649276531047,0.0,154.94305404742983,97.41305914878504,COOLDOWN,NONE,0.0,1.0,0.0,False
315.5,162.62110305187238,0.018401076021227383,0.0,154.53761583069166,97.41305914878504,COOLDOWN,NONE,0.0,1.0,0.0,False
315.75,162.22684114433943,0.01789599147626799,0.05355040931780804,154.13344263076257,97.41305914878504,COOLDOWN,NONE,0.0,1.0,0.0,False
316.0,161.78659827377922,0.023610820926154723,0.15667956288257756,153.73053050063544,97.41305914878504,COOLDOWN,NONE,0.0,1.0,0.0,False
316.25,161.24262106548935,0.019500846244717464,0.0,153.3288755056183,97.41305914878504,COOLDOWN,NONE,0.0,1.0,0.0,False
316.5,161.18007362186654,0.021324881644376566,0.20916280833946904,152.92847372329587,97.41305914878504,COOLDOWN,NONE,0.0,1.0,0.0,False
316.75,160.48147181601635,0.013852566719111729,0.22975689860960852,152.52932124349132,97.41305914878504,COOLDOWN,NONE,0.0,1.0,0.0,False
317.0,160.14538180954366,0.020399555310658957,0.008319474749544972,152.13141416822805,97.41305914878504,COOLDOWN,NONE,0.0,1.0,0.0,False
317.25,159.83144973021342,0.021599399853127074,0.0,151.73474861169163,97.41305914878504,COOLDOWN,NONE,0.0,1.0,0.0,False
317.5,159.50235471846167,0.018413138774925723,0.0,151.33932070019182,97.41305914878504,COOLDOWN,NONE,0.0,1.0,0.0,False
317.75,159.20424088358783,0.022761675823642177,0.0,150.94512657212476,97.41305914878504,COOLDOWN,NONE,0.0,1.0,0.0,False
318.0,158.27370355682424,0.02048491181178881,0.08079837327830883,150.5521623779353,97.41305914878504,COOLDOWN,NONE,0.0,1.0,0.0,False
318.25,158.14834395375246,0.016261882821629506,0.0,150.16042428007938,97.41305914878504,COOLDOWN,NONE,0.0,1.0,0.0,False
318.5,157.58162528708664,0.02064618959837934,0.12291254298139727,149.7699084529865,97.41305914878504,COOLDOWN,NONE,0.0,1.0,0.0,False
318.75,157.53442092973532,0.01780331633085262,0.035253792480683256,149.38061108302244,97.41305914878504,COOLDOWN,NONE,0.0,1.0,0.0,False
319.0,157.07563883752164,0.01846655258494284,0.0,148.99252836845199,97.41305914878504,COOLDOWN,NONE,0.0,1.0,0.0,False
319.25,156.9242364766624,0.020615369040440333,0.1324438386013542,148.60565651940178,97.41305914878504,COOLDOWN,NONE,0.0,1.0,0.0,False
319.5,156.15476661496137,0.020125272324218835,0.0,148.21999175782335,97.41305914878504,COOLDOWN,NONE,0.0,1.0,0.0,False
319.75,155.83176984481852,0.02357683389807305,0.3148347867673437,147.8355303174562,97.41305914878504,COOLDOWN,NONE,0.0,1.0,0.0,False
320.0,155.63176459795304,0.02206056784650431,0.0079446501828476,147.452268443791,97.41305914878504,COOLDOWN,NONE,0.0,1.0,0.0,False
320.25,154.98020702492877,0.019519185430524534,0.09192540430188177,147.070202394033,97.41305914878504,COOLDOWN,NONE,0.0,1.0,0.0,False
320.5,154.5715569972181,0.022799375040429115,0.0,146.6893284370654,97.41305914878504,COOLDOWN,NONE,0.0,1.0,0.0,False
320.75,154.04275626734588,0.016963702928445623,0.0,146.3096428534129,97.41305914878504,COOLDOWN,NONE,0.0,1.0,0.0,False
321.0,153.7252915711324,0.023396400228923135,0.0,145.93114193520546,97.41305914878504,COOLDOWN,NONE,0.0,1.0,0.0,False
321.25,153.5866090263378,0.023474340681269093,0.18886525228633197,145.55382198614205,97.41305914878504,COOLDOWN,NONE,0.0,1.0,0.0,False
321.5,153.10198997211492,0.023985693927155743,0.05768966381259031,145.17767932145458,97.41305914878504,COOLDOWN,NONE,0.0,1.0,0.0,False
321.75,152.80320925450755,0.02132629676133358,0.0,144.80271026787182,97.41305914878504,COOLDOWN,NONE,0.0,1.0,0.0,False
322.0,152.3109959903702,0.01967557266289037,0.09145614468999749,144.42891116358362,97.41305914878504,COOLDOWN,NONE,0.0,1.0,0.0,False
322.25,152.00047370075467,0.01961804372584328,0.14541518909597925,144.05627835820513,97.41305914878504,COOLDOWN,NONE,0.0,1.0,0.0,False
322.5,151.89656345627856,0.022301399142079122,0.19026331056836263,143.68480821274116,97.41305914878504,COOLDOWN,NONE,0.0,1.0,0.0,False
322.75,151.25384312369326,0.019080694761521844,0.04775304610064356,143.3144970995506,97.41305914878504,COOLDOWN,NONE,0.0,1.0,0.0,False
323.0,150.90018056200915,0.018478611131890747,0.24782165005155282,142.94534140231107,97.41305914878504,COOLDOWN,NONE,0.0,1.0,0.0,False
323.25,150.54716037727553,0.017101957613891546,0.07310963280233797,142.57733751598352,97.41305914878504,COOLDOWN,NONE,0.0,1.0,0.0,False
323.5,150.48585107578347,0.02024242743199735,0.18470594294449863,142.21048184677704,97.41305914878504,COOLDOWN,NONE,0.0,1.0,0.0,False
323.75,149.7790936601551,0.01852605770013193,0.0,141.8447708121139,97.41305914878504,COOLDOWN,NONE,0.0,1.0,0.0,False
324.0,149.458689272033,0.025509041012049233,0.0,141.4802008405943,97.41305914878504,COOLDOWN,NONE,0.0,1.0,0.0,False
324.25,149.36235419648813,0.01697465724962705,0.0,141.11676837196174,97.41305914878504,COOLDOWN,NONE,0.0,1.0,0.0,False
324.5,148.87983857313597,0.021890797349394413,0.04230452405425728,140.7544698570681,97.41305914878504,COOLDOWN,NONE,0.0,1.0,0.0,False
324.75,148.14589685143423,0.021086702375427722,0.0,140.3933017578391,97.41305914878504,COOLDOWN,NONE,0.0,1.0,0.0,False
325.0,148.4185969162366,0.019359714396491805,0.028307979975170455,140.03326054723965,97.41305914878504,COOLDOWN,NONE,0.0,1.0,0.0,False
325.25,147.50233750066513,0.018563359655066138,0.0,139.67434270923945,97.41305914878504,COOLDOWN,NONE,0.0,1.0,0.0,False
325.5,147.46377464892248,0.019214082704816924,0.08439912138936205,139.31654473877862,97.41305914878504,COOLDOWN,NONE,0.0,1.0,0.0,False
325.75,146.8571750569569,0.018496572586761757,0.19322709704459107,138.95986314173348,97.41305914878504,COOLDOWN,NONE,0.0,1.0,0.0,False
326.0,146.45854044322283,0.014595667941741278,0.06093602399381698,138.60429443488252,97.41305914878504,COOLDOWN,NONE,0.0,1.0,0.0,False
326.25,146.07863516447182,0.0186816008155916,0.13673750729042083,138.24983514587225,97.41305914878504,COOLDOWN,NONE,0.0,1.0,0.0,False
326.5,145.77369234946133,0.02263535022254736,0.0,137.89648181318336,97.41305914878504,COOLDOWN,NONE,0.0,1.0,0.0,False
326.75,145.7678328077772,0.02397530899751368,0.0,137.5442309860969,97.41305914878504,COOLDOWN,NONE,0.0,1.0,0.0,False
327.0,145.16109500089317,0.017504193407035164,0.030000297401419792,137.19307922466058,97.41305914878504,COOLDOWN,NONE,0.0,1.0,0.0,False
327.25,145.01539867354316,0.015659729543942527,0.13761726672147043,136.8430230996552,97.41305914878504,COOLDOWN,NONE,0.0,1.0,0.0,False
327.5,144.2954686928899,0.017420838181213344,0.0,136.4940591925611,97.41305914878504,COOLDOWN,NONE,0.0,1.0,0.0,False
327.75,144.4619259290884,0.02017610511348511,0.036712899756851734,136.14618409552492,97.41305914878504,COOLDOWN,NONE,0.0,1.0,0.0,False
328.0,143.69797707757442,0.02320090000098139,0.0,135.7993944113261,97.41305914878504,COOLDOWN,NONE,0.0,1.0,0.0,False
328.25,143.45768656794036,0.026620174237401824,0.0,135.45368675334385,97.41305914878504,COOLDOWN,NONE,0.0,1.0,0.0,False
328.5,143.11162987713402,0.022016698979978436,0.0,135.10905774552413,97.41305914878504,COOLDOWN,NONE,0.0,1.0,0.0,False
328.75,142.76893079675222,0.02288298557476208,0.029158729856545523,134.76550402234653,97.41305914878504,COOLDOWN,NONE,0.0,1.0,0.0,False
329.0,142.4786702877077,0.0189516967694789,0.04734015884320011,134.42302222879147,97.41305914878504,COOLDOWN,NONE,0.0,1.0,0.0,False
329.25,142.08997386916744,0.024365194683079187,0.10865917638630262,134.0816090203075,97.41305914878504,COOLDOWN,NONE,0.0,1.0,0.0,False
329.5,141.70470878979796,0.012659562592918387,0.10735832329284188,133.7412610627785,97.41305914878504,COOLDOWN,NONE,0.0,1.0,0.0,False
329.75,141.5152648845497,0.01724927606574233,0.0,133.4019750324913,97.41305914878504,COOLDOWN,NONE,0.0,1.0,0.0,False
330.0,140.89247655770103,0.022778566281933504,0.0,133.063747616103,97.41305914878504,COOLDOWN,NONE,0.0,1.0,0.0,False
330.25,140.65764673844632,0.02066118217795155,0.1836551972603833,132.72657551060882,97.41305914878504,COOLDOWN,NONE,0.0,1.0,0.0,False
330.5,140.3877318451214,0.019698838019858667,0.0,132.39045542330976,97.41305914878504,COOLDOWN,NONE,0.0,1.0,0.0,False
330.75,140.2999819900514,0.023197851112315454,0.0,132.0553840717804,97.41305914878504,COOLDOWN,NONE,0.0,1.0,0.0,False
331.0,139.5118713207414,0.01762913145903459,0.0869222458731701,131.7213581838369,97.41305914878504,COOLDOWN,NONE,0.0,1.0,0.0,False
331.25,139.28015284685202,0.022676818858491692,0.05421878017887175,131.38837449750508,97.41305914878504,COOLDOWN,NONE,0.0,1.0,0.0,False
331.5,139.10032746981057,0.021960334328588703,0.07478817716818528,131.05642976098846,97.41305914878504,COOLDOWN,NONE,0.0,1.0,0.0,False
331.75,138.5972441016295,0.019022509909646355,0.35097241296804377,130.7255207326366,97.41305914878504,COOLDOWN,NONE,0.0,1.0,0.0,False
332.0,138.21446569514646,0.018576365121299267,0.1598546838499528,130.39564418091334,97.41305914878504,COOLDOWN,NONE,0.0,1.0,0.0,False
332.25,138.04290780448247,0.01756363382465502,0.0,130.06679688436543,97.41305914878504,COOLDOWN,NONE,0.0,1.0,0.0,False
332.5,137.81937982021532,0.023059677399153104,0.2099840347150905,129.73897563159082,97.41305914878504,COOLDOWN,NONE,0.0,1.0,0.0,False
332.75,137.420245497732,0.023134963471616716,0.0,129.41217722120751,97.41305914878504,COOLDOWN,NONE,0.0,1.0,0.0,False
333.0,137.11160166729258,0.0179678390515223,0.0260758251904686,129.08639846182217,97.41305914878504,COOLDOWN,NONE,0.0,1.0,0.0,False
333.25,136.87424322401696,0.0232091785100911,0.0,128.76163617199902,97.41305914878504,COOLDOWN,NONE,0.0,1.0,0.0,False
333.5,136.62801026009183,0.018576841300075024,0.0,128.4378871802287,97.41305914878504,COOLDOWN,NONE,0.0,1.0,0.0,False
333.75,136.08955769149256,0.015612341812991697,0.0006867295085857131,128.11514832489746,97.41305914878504,COOLDOWN,NONE,0.0,1.0,0.0,False
334.0,135.83687207514873,0.019398889748960688,0.08042470358415418,127.79341645425606,97.41305914878504,COOLDOWN,NONE,0.0,1.0,0.0,False
334.25,135.42548626808704,0.020012153085698207,0.0,127.47268842638914,97.41305914878504,COOLDOWN,NONE,0.0,1.0,0.0,False
334.5,135.159361934292,0.017446890778618208,0.0,127.15296110918452,97.41305914878504,COOLDOWN,NONE,0.0,1.0,0.0,False
334.75,134.82017952107353,0.020572932897657197,0.0,126.83423138030257,97.41305914878504,COOLDOWN,NONE,0.0,1.0,0.0,False
335.0,134.2819821959616,0.01909407484325543,0.07115789079240784,126.51649612714574,97.41305914878504,COOLDOWN,NONE,0.0,1.0,0.0,False
335.25,134.25378845946466,0.022678341305698194,0.195161469722642,126.1997522468282,97.41305914878504,COOLDOWN,NONE,0.0,1.0,0.0,False
335.5,133.95846164532216,0.019940413190272246,0.0,125.88399664614545,97.41305914878504,COOLDOWN,NONE,0.0,1.0,0.0,False
335.75,133.42731607460757,0.01859848858527542,0.040122990995908846,125.5692262415442,97.41305914878504,COOLDOWN,NONE,0.0,1.0,0.0,False
336.0,133.28854828907077,0.020012731267814388,0.0,125.25543795909222,97.41305914878504,COOLDOWN,NONE,0.0,1.0,0.0,False
336.25,133.0372031725939,0.02062499729332127,0.04467702027871515,124.94262873444832,97.41305914878504,COOLDOWN,NONE,0.0,1.0,0.0,False
336.5,132.67706108069208,0.01836112113119312,0.0,124.63079551283242,97.41305914878504,COOLDOWN,NONE,0.0,1.0,0.0,False
336.75,132.3936044179569,0.02125018210727673,0.0,124.31993524899575,97.41305914878504,COOLDOWN,NONE,0.0,1.0,0.0,False
337.0,131.94768376726378,0.02683527215082551,0.0,124.01004490719107,97.41305914878504,COOLDOWN,NONE,0.0,1.0,0.0,False
337.25,131.66848984606588,0.02079652813430725,0.0,123.70112146114306,97.41305914878504,COOLDOWN,NONE,0.0,1.0,0.0,False
337.5,131.41074728901967,0.025393247362573514,0.14008022976803003,123.39316189401872,97.41305914878504,COOLDOWN,NONE,0.0,1.0,0.0,False
337.75,131.18099324874095,0.02177728378683617,0.01679463248200109,123.08616319839795,97.41305914878504,COOLDOWN,NONE,0.0,1.0,0.0,False
338.0,130.92388132017868,0.01953241470038427,0.0,122.7801223762442,97.41305914878504,COOLDOWN,NONE,0.0,1.0,0.0,False
338.25,130.49034284001206,0.02271708981220877,0.04956383861277212,122.4750364388751,97.41305914878504,COOLDOWN,NONE,0.0,1.0,0.0,False
338.5,130.27208324899263,0.013927642352243103,0.17895860933624888,122.1709024069334,97.41305914878504,COOLDOWN,NONE,0.0,1.0,0.0,False
338.75,130.2188075690022,0.024004712151684083,0.0,121.86771731035775,97.41305914878504,COOLDOWN,NONE,0.0,1.0,0.0,False
339.0,129.43821169600065,0.020832392697619967,0.0,121.5654781883538,97.41305914878504,COOLDOWN,NONE,0.0,1.0,0.0,False
339.25,129.37303282063752,0.018423768624868084,0.1440995518334434,121.2641820893652,97.41305914878504,COOLDOWN,NONE,0.0,1.0,0.0,False
339.5,129.16814648828097,0.013903244256859492,0.043916701627093595,120.96382607104488,97.41305914878504,COOLDOWN,NONE,0.0,1.0,0.0,False
339.75,128.559665019016,0.015770660179343636,0.0,120.66440720022618,97.41305914878504,COOLDOWN,NONE,0.0,1.0,0.0,False
340.0,128.33308247093944,0.023101061723620857,0.0,120.36592255289432,97.41305914878504,COOLDOWN,NONE,0.0,1.0,0.0,False
340.25,128.2259911022314,0.02605418873564813,0.08961615988754476,120.06836921415778,97.41305914878504,COOLDOWN,NONE,0.0,1.0,0.0,False
340.5,127.85363546567825,0.019959732148840146,0.0,119.7717442782199,97.41305914878504,COOLDOWN,NONE,0.0,1.0,0.0,False
340.75,127.55626894744054,0.021152082452580417,0.10973893645557864,119.47604484835041,97.41305914878504,COOLDOWN,NONE,0.0,1.0,0.0,False
341.0,127.56659408918529,0.022183342820084176,0.0638567519343258,119.18126803685722,97.41305914878504,COOLDOWN,NONE,0.0,1.0,0.0,False
341.25,127.12170066326364,0.015964351822190012,0.0,118.88741096505818,97.41305914878504,COOLDOWN,NONE,0.0,1.0,0.0,False
341.5,126.53818978925113,0.01803521219488076,0.10409000421173727,118.594470763253,97.41305914878504,COOLDOWN,NONE,0.0,1.0,0.0,False
341.75,126.25482838815871,0.025219801522980752,0.2280671130017997,118.30244457069519,97.41305914878504,COOLDOWN,NONE,0.0,1.0,0.0,False
342.0,126.12684019260797,0.018842024650532613,0.09254258412518339,118.01132953556414,97.41305914878504,COOLDOWN,NONE,0.0,1.0,0.0,False
342.25,125.84278171649919,0.016800285063540924,0.05231695979203807,117.72112281493727,97.41305914878504,COOLDOWN,NONE,0.0,1.0,0.0,False
342.5,125.5377386426804,0.020649391118746124,0.23566651986828097,117.43182157476228,97.41305914878504,COOLDOWN,NONE,0.0,1.0,0.0,False
342.75,125.3255474399987,0.017523252872385753,0.018672350815120288,117.14342298982943,97.41305914878504,COOLDOWN,NONE,0.0,1.0,0.0,False
343.0,124.73059534246232,0.021738667842067804,0.0,116.85592424374401,97.41305914878504,COOLDOWN,NONE,0.0,1.0,0.0,False
343.25,124.70781921962471,0.02116443534487319,0.14562518788166956,116.5693225288988,97.41305914878504,COOLDOWN,NONE,0.0,1.0,0.0,False
343.5,124.26185235391503,0.015631120411482673,0.2648752772684539,116.28361504644663,97.41305914878504,COOLDOWN,NONE,0.0,1.0,0.0,False
343.75,123.97291372999362,0.024130070185450752,0.06452735055898033,115.9987990062731,97.41305914878504,COOLDOWN,NONE,0.0,1.0,0.0,False
344.0,123.81595847427262,0.025489247342943867,0.05103529527377968,115.71487162696931,97.41305914878504,COOLDOWN,NONE,0.0,1.0,0.0,False
344.25,123.64186483190834,0.015547023334830476,0.13066502243997916,115.4318301358047,97.41305914878504,COOLDOWN,NONE,0.0,1.0,0.0,False
344.5,123.11338870697183,0.019597797916637117,0.0013074544409748209,115.14967176869995,97.41305914878504,COOLDOWN,NONE,0.0,1.0,0.0,False
344.75,122.92037283771151,0.024971481433412136,0.0,114.8683937702,97.41305914878504,COOLDOWN,NONE,0.0,1.0,0.0,False
345.0,122.59459942019095,0.01785053876087827,0.17487210070397435,114.58799339344718,97.41305914878504,COOLDOWN,NONE,0.0,1.0,0.0,False
345.25,122.2450041369568,0.02137031014596863,0.0,114.30846790015431,97.41305914878504,COOLDOWN,NONE,0.0,1.0,0.0,False
345.5,122.1300233582749,0.023044409981331244,0.0,114.02981456057805,97.41305914878504,COOLDOWN,NONE,0.0,1.0,0.0,False
345.75,121.75939198122826,0.01573891942901141,0.045809968044259505,113.75203065349214,97.41305914878504,COOLDOWN,NONE,0.0,1.0,0.0,False
346.0,121.60355365635932,0.018333784918137364,0.16805440708741748,113.47511346616093,97.41305914878504,COOLDOWN,NONE,0.0,1.0,0.0,False
346.25,120.88806374193236,0.01444599366239597,0.0,113.1990602943128,97.41305914878504,COOLDOWN,NONE,0.0,1.0,0.0,False
346.5,120.85114922481225,0.020055855642628247,0.0,112.9238684421138,97.41305914878504,COOLDOWN,NONE,0.0,1.0,0.0,False
346.75,120.63947142996203,0.022170728063276204,0.0,112.64953522214131,97.41305914878504,COOLDOWN,NONE,0.0,1.0,0.0,False
347.0,120.1865216225699,0.01626863873297329,0.3168997531557756,112.3760579553578,97.41305914878504,COOLDOWN,NONE,0.0,1.0,0.0,False
347.25,119.75061653124357,0.01947101422736824,0.21868603924070987,112.10343397108466,97.41305914878504,COOLDOWN,NONE,0.0,1.0,0.0,False
347.5,119.90416545046406,0.017511331383335427,0.0003278966936866119,111.83166060697613,97.41305914878504,COOLDOWN,NONE,0.0,1.0,0.0,False
347.75,119.69032302818154,0.02362444635122909,0.0,111.5607352089933,97.41305914878504,COOLDOWN,NONE,0.0,1.0,0.0,False
348.0,119.40472385688614,0.020757501733559742,0.1656607220816759,111.29065513137816,97.41305914878504,COOLDOWN,NONE,0.0,1.0,0.0,False
348.25,119.22998004550732,0.018970083614998922,0.0,111.02141773662781,97.41305914878504,COOLDOWN,NONE,0.0,1.0,0.0,False
348.5,118.81239587326114,0.025329864311936904,0.10283731632454808,110.7530203954687,97.41305914878504,COOLDOWN,NONE,0.0,1.0,0.0,False
348.75,118.51998491139626,0.02720313660324033,0.0,110.48546048683087,97.41305914878504,COOLDOWN,NONE,0.0,1.0,0.0,False
349.0,118.35418392601501,0.018288687017426496,0.0074451499511512375,110.2187353978225,97.41305914878504,COOLDOWN,NONE,0.0,1.0,0.0,False
349.25,117.96628906480555,0.024543909908630018,0.0,109.95284252370425,97.41305914878504,COOLDOWN,NONE,0.0,1.0,0.0,False
349.5,117.60751611149564,0.015221143932596902,0.07307987455747493,109.68777926786392,97.41305914878504,COOLDOWN,NONE,0.0,1.0,0.0,False
349.75,117.35480827031093,0.021265901127988648,0.0,109.42354304179104,97.41305914878504,COOLDOWN,NONE,0.0,1.0,0.0,False
350.0,117.10622372203035,0.023116787164949065,0.0,109.16013126505162,97.41305914878504,COOLDOWN,NONE,0.0,1.0,0.0,False
350.25,116.99138723424049,0.02158497967293701,0.0,108.89754136526292,97.41305914878504,COOLDOWN,NONE,0.0,1.0,0.0,False
350.5,116.40180888808766,0.02295620013120244,0.025606105847287886,108.63577077806838,97.41305914878504,COOLDOWN,NONE,0.0,1.0,0.0,False
350.75,116.52230896058326,0.01396193469401515,0.0,108.37481694711252,97.41305914878504,COOLDOWN,NONE,0.0,1.0,0.0,False
351.0,115.7932682015893,0.017369487016851926,0.1562924853005427,108.11467732401601,97.41305914878504,COOLDOWN,NONE,0.0,1.0,0.0,False
351.25,115.94024816624973,0.01989753812589262,0.019686044289975255,107.85534936835079,97.41305914878504,COOLDOWN,NONE,0.0,1.0,0.0,False
351.5,115.71094877950992,0.019093548871276362,0.05941034254470926,107.59683054761521,97.41305914878504,COOLDOWN,NONE,0.0,1.0,0.0,False
351.75,115.36011152310427,0.013438872075392305,0.0,107.33911833720937,97.41305914878504,COOLDOWN,NONE,0.0,1.0,0.0,False
352.0,115.28602366298374,0.01881241817278833,0.0,107.08221022041042,97.41305914878504,COOLDOWN,NONE,0.0,1.0,0.0,False
352.25,114.73507376533898,0.018546103533574394,0.1686018284676815,106.82610368834797,97.41305914878504,COOLDOWN,NONE,0.0,1.0,0.0,False
352.5,114.5305833428465,0.01693415274674901,0.0,106.57079623997966,97.41305914878504,COOLDOWN,NONE,0.0,1.0,0.0,False
352.75,114.2303798643848,0.014099549576862788,0.0,106.31628538206664,97.41305914878504,COOLDOWN,NONE,0.0,1.0,0.0,False
353.0,114.18184534064328,0.02212602669722206,0.0,106.0625686291493,97.41305914878504,COOLDOWN,NONE,0.0,1.0,0.0,False
353.25,113.93736542422421,0.021378075425764104,0.0,105.80964350352296,97.41305914878504,COOLDOWN,NONE,0.0,1.0,0.0,False
353.5,113.66766467285295,0.015120072006255607,0.0,105.55750753521367,97.41305914878504,COOLDOWN,NONE,0.0,1.0,0.0,False
353.75,113.09020496616539,0.01666548882976516,0.1318033208262376,105.30615826195412,97.41305914878504,COOLDOWN,NONE,0.0,1.0,0.0,False
354.0,112.85554885949944,0.01654610559336371,0.0,105.05559322915957,97.41305914878504,COOLDOWN,NONE,0.0,1.0,0.0,False
354.25,112.83512954916837,0.018980917189664295,0.1293509198376423,104.80580998990386,97.41305914878504,COOLDOWN,NONE,0.0,1.0,0.0,False
354.5,112.45010203215675,0.016131716902530076,0.0,104.55680610489559,97.41305914878504,COOLDOWN,NONE,0.0,1.0,0.0,False
354.75,112.31380745266563,0.01719767585907962,0.04109868875289748,104.30857914245419,97.41305914878504,COOLDOWN,NONE,0.0,1.0,0.0,False
355.0,112.33282902831812,0.01823532324079873,0.005443549282150088,104.06112667848627,97.41305914878504,COOLDOWN,NONE,0.0,1.0,0.0,False
355.25,112.01594185763786,0.018026588126861618,0.0,103.8144462964619,97.41305914878504,COOLDOWN,NONE,0.0,1.0,0.0,False
355.5,111.40269982020823,0.021155852501828044,0.07512151569298327,103.568535587391,97.41305914878504,COOLDOWN,NONE,0.0,1.0,0.0,False
355.75,111.29891474476341,0.020079753381542692,0.18856471094203447,103.32339214979984,97.41305914878504,COOLDOWN,NONE,0.0,1.0,0.0,False
356.0,111.20646090482305,0.015739304738887544,0.0,103.07901358970761,97.41305914878504,COOLDOWN,NONE,0.0,1.0,0.0,False
356.25,110.84802303790224,0.022093859451973435,0.0,102.83539752060298,97.41305914878504,COOLDOWN,NONE,0.0,1.0,0.0,False
356.5,110.49213147263572,0.01855094259706715,0.0,102.59254156342085,97.41305914878504,COOLDOWN,NONE,0.0,1.0,0.0,False
356.75,110.34262024338797,0.01812791978757268,0.06575008064464771,102.35044334651907,97.41305914878504,COOLDOWN,NONE,0.0,1.0,0.0,False
357.0,109.95081279340555,0.018602561844023015,0.0,102.10910050565532,97.41305914878504,COOLDOWN,NONE,0.0,1.0,0.0,False
357.25,109.70388252253962,0.02200194023046922,0.0,101.868510683964,97.41305914878504,COOLDOWN,NONE,0.0,1.0,0.0,False
357.5,109.69019481069614,0.016537928390475375,0.009226864779558563,101.62867153193324,97.41305914878504,COOLDOWN,NONE,0.0,1.0,0.0,False
357.75,109.13078097731663,0.018453990879803078,0.0,101.38958070738188,97.41305914878504,COOLDOWN,NONE,0.0,1.0,0.0,False
358.0,109.23282798410662,0.020421712387044256,0.0,101.15123587543671,97.41305914878504,COOLDOWN,NONE,0.0,1.0,0.0,False
358.25,109.03315630063156,0.02044995092379136,0.07438759810952121,100.91363470850959,97.41305914878504,COOLDOWN,NONE,0.0,1.0,0.0,False
358.5,108.7853796232693,0.019673315598597235,0.0,100.67677488627473,97.41305914878504,COOLDOWN,NONE,0.0,1.0,0.0,False
358.75,108.48319308366372,0.01861935717994245,0.05150743063269518,100.44065409564604,97.41305914878504,COOLDOWN,NONE,0.0,1.0,0.0,False
359.0,108.36468215670112,0.02242735405020947,0.0,100.20527003075455,97.41305914878504,COOLDOWN,NONE,0.0,1.0,0.0,False
359.25,107.77135298205309,0.01969716186557953,0.0,99.97062039292588,97.41305914878504,COOLDOWN,NONE,0.0,1.0,0.0,False
359.5,107.8955189835972,0.018715881207455654,0.0,99.7367028906578,97.41305914878504,COOLDOWN,NONE,0.0,1.0,0.0,False
359.75,107.60671497388027,0.018430962174485643,0.0,99.50351523959783,97.41305914878504,COOLDOWN,NONE,0.0,1.0,0.0,False
360.0,107.52071713549705,0.02432139810036567,0.08725103677481454,99.27105516252098,97.41305914878504,COOLDOWN,NONE,0.0,1.0,0.0,False
360.25,107.07248393896293,0.01695732709943596,0.07654336642989794,99.03932038930746,97.41305914878504,COOLDOWN,NONE,0.0,1.0,0.0,False
360.5,106.80992881680623,0.020519381444859985,0.0,98.80830865692053,97.41305914878504,COOLDOWN,NONE,0.0,1.0,0.0,False
360.75,106.5691409939974,0.019306672183404545,0.040149981899430275,98.5780177093844,97.41305914878504,COOLDOWN,NONE,0.0,1.0,0.0,False
361.0,106.55513400233119,0.0209407794748144,0.0,98.34844529776221,97.41305914878504,COOLDOWN,NONE,0.0,1.0,0.0,False
361.25,105.96722734499026,0.015115522987221996,0.0,98.11958918013406,97.41305914878504,COOLDOWN,NONE,0.0,1.0,0.0,False
361.5,105.96799534841118,0.021057524503539107,0.0,97.89144712157508,97.41305914878504,COOLDOWN,NONE,0.0,1.0,0.0,False
361.75,105.69675264154257,0.017590435429647513,0.0,97.6640168941337,97.41305914878504,COOLDOWN,NONE,0.0,1.0,0.0,False
362.0,105.2196138604173,0.0172842646161488,0.20544238627614836,97.43729627680978,97.41305914878504,COOLDOWN,NONE,0.0,1.0,0.0,False
362.25,105.00333467824647,0.023577151586765845,0.1914818145066322,97.21128305553299,97.41305914878504,COOLDOWN,NONE,0.0,1.0,0.0,False
362.5,104.9514042206033,0.019706149397518077,0.0,96.98597502314118,97.41305914878504,COOLDOWN,NONE,0.0,1.0,0.0,False
362.75,104.750256617835,0.02182173371383958,0.0,96.76136997935879,97.41305914878504,COOLDOWN,NONE,0.0,1.0,0.0,False
363.0,104.67919533635792,0.023401200033539793,0.0438248770627452,96.53746573077542,97.41305914878504,COOLDOWN,NONE,0.0,1.0,0.0,False
363.25,104.35561629107471,0.01966302883235977,0.04417587708359189,96.31426009082436,97.41305914878504,COOLDOWN,NONE,0.0,1.0,0.0,False
363.5,103.91725470144097,0.021059939630148294,0.023007639774643745,96.09175087976125,97.41305914878504,COOLDOWN,NONE,0.0,1.0,0.0,False
363.75,103.73312485057454,0.026287941173413817,0.0,95.86993592464282,97.41305914878504,COOLDOWN,NONE,0.0,1.0,0.0,False
364.0,103.51096562695326,0.02067756794982344,0.0,95.64881305930562,97.41305914878504,COOLDOWN,NONE,0.0,1.0,0.0,False
364.25,103.30206522487738,0.015278243722501972,0.0,95.42838012434493,97.41305914878504,COOLDOWN,NONE,0.0,1.0,0.0,False
364.5,103.18087001733966,0.02079785183607819,0.15730410951506146,95.20863496709359,97.41305914878504,COOLDOWN,NONE,0.0,1.0,0.0,False
364.75,103.10229042975263,0.02338724306821642,0.08009075182871449,94.98957544160108,97.41305914878504,COOLDOWN,NONE,0.0,1.0,0.0,False
365.0,102.69305419968639,0.023178835845388036,0.0,94.77119940861246,97.41305914878504,COOLDOWN,NONE,0.0,1.0,0.0,False
365.25,102.45346230214047,0.02441791402266226,0.10989362258931654,94.55350473554756,97.41305914878504,COOLDOWN,NONE,0.0,1.0,0.0,False
365.5,102.36120302350358,0.022089940118660428,0.12344240381666038,94.33648929648011,97.41305914878504,COOLDOWN,NONE,0.0,1.0,0.0,False
365.75,101.90786060640865,0.019554704902677234,0.0,94.12015097211697,97.41305914878504,COOLDOWN,NONE,0.0,1.0,0.0,False
366.0,101.91455981878791,0.017824811228303976,0.19528278820214065,93.9044876497775,97.41305914878504,COOLDOWN,NONE,0.0,1.0,0.0,False
366.25,101.75892746517714,0.01740204206242014,0.0,93.68949722337283,97.41305914878504,COOLDOWN,NONE,0.0,1.0,0.0,False
366.5,101.2853727205578,0.019955559015929308,0.07366900878083035,93.47517759338537,97.41305914878504,COOLDOWN,NONE,0.0,1.0,0.0,False
366.75,101.29263765493552,0.014049679098720529,0.0,93.2615266668483,97.41305914878504,COOLDOWN,NONE,0.0,1.0,0.0,False
367.0,101.11640042765688,0.020748964959860387,0.1653076840542967,93.04854235732508,97.41305914878504,COOLDOWN,NONE,0.0,1.0,0.0,False
367.25,100.63513111805324,0.021400678053580643,0.0,92.83622258488911,97.41305914878504,COOLDOWN,NONE,0.0,1.0,0.0,False
367.5,100.64531842506446,0.02104592762031749,0.09444752252054527,92.62456527610344,97.41305914878504,COOLDOWN,NONE,0.0,1.0,0.0,False
367.75,100.31855280736514,0.02038355886020529,0.0,92.41356836400048,97.41305914878504,COOLDOWN,NONE,0.0,1.0,0.0,False
368.0,99.983182533662,0.02149355265616506,0.0,92.20322978806183,97.41305914878504,COOLDOWN,NONE,0.0,1.0,0.0,False
368.25,99.74223728486898,0.017278645338257417,0.0,91.99354749419817,97.41305914878504,COOLDOWN,NONE,0.0,1.0,0.0,False
368.5,100.00904191659042,0.022960012440234136,0.11100345176483926,91.78451943472916,97.41305914878504,COOLDOWN,NONE,0.0,1.0,0.0,False
368.75,99.29977406727201,0.019534404827932395,0.06283107872201589,91.57614356836352,97.41305914878504,COOLDOWN,NONE,0.0,1.0,0.0,False
369.0,99.4187513190256,0.021073025739847293,0.0,91.36841786017901,97.41305914878504,COOLDOWN,NONE,0.0,1.0,0.0,False
369.25,99.41617995489051,0.02425252898964763,0.0,91.1613402816026,97.41305914878504,COOLDOWN,NONE,0.0,1.0,0.0,False
369.5,98.79925135976052,0.025983833432563583,0.0,90.9549088103907,97.41305914878504,COOLDOWN,NONE,0.0,1.0,0.0,False
369.75,98.91981439924845,0.025550680545375574,0.0,90.7491214306093,97.41305914878504,COOLDOWN,NONE,0.0,1.0,0.0,False
370.0,98.57877758427111,0.018782158865660023,0.0684397794992106,90.54397613261442,97.41305914878504,COOLDOWN,NONE,0.0,1.0,0.0,False
370.25,98.37874577295437,0.02565967154134217,0.07972784541714112,90.33947091303234,97.41305914878504,COOLDOWN,NONE,0.0,1.0,0.0,False
370.5,98.12552093599456,0.02320129865264094,0.0,90.13560377474018,97.41305914878504,COOLDOWN,NONE,0.0,1.0,0.0,False
370.75,97.86881114718675,0.02653852296675396,0.0,89.93237272684627,97.41305914878504,COOLDOWN,NONE,0.0,1.0,0.0,False
371.0,97.64766675116029,0.019956158487253003,0.0,89.7297757846708,97.41305914878504,COOLDOWN,NONE,0.0,1.0,0.0,False
371.25,97.20269764967621,0.02299053803705104,0.0,89.52781096972642,97.41305914878504,COOLDOWN,NONE,0.0,1.0,0.0,False
371.5,97.23650813883789,0.01870694395660434,0.0,89.32647630969885,97.41305914878504,COOLDOWN,NONE,0.0,1.0,0.0,False
371.75,96.95586524073222,0.02030605625691807,0.3508237450471246,89.12576983842771,97.41305914878504,COOLDOWN,NONE,0.0,1.0,0.0,False
372.0,97.02732588799796,0.02206412913856407,0.0,88.92568959588729,97.41305914878504,COOLDOWN,NONE,0.0,1.0,0.0,False
372.25,96.71378919893307,0.016273652423521044,0.10699391754195706,88.72623362816736,97.41305914878504,COOLDOWN,NONE,0.0,1.0,0.0,False
372.5,96.48436489273762,0.019937921181986618,0.0,88.52739998745416,97.41305914878504,COOLDOWN,NONE,0.0,1.0,0.0,False
372.75,96.23282246065038,0.015259186784068792,0.07810349775878841,88.32918673201132,97.41305914878504,COOLDOWN,NONE,0.0,1.0,0.0,False
373.0,95.91530657829954,0.016281151145545004,0.0,88.13159192616097,97.41305914878504,COOLDOWN,NONE,0.0,1.0,0.0,False
373.25,95.81985657249201,0.02060820034603572,0.14272145757229165,87.93461364026473,97.41305914878504,COOLDOWN,NONE,0.0,1.0,0.0,False
373.5,95.76673207138727,0.020414350306749752,0.0,87.73824995070498,97.41305914878504,COOLDOWN,NONE,0.0,1.0,0.0,False
373.75,95.66235528740854,0.014285527223795207,0.0462214449579488,87.54249893986602,97.41305914878504,COOLDOWN,NONE,0.0,1.0,0.0,False
374.0,95.198585062553,0.01612426530522702,0.0,87.34735869611532,97.41305914878504,COOLDOWN,NONE,0.0,1.0,0.0,False
374.25,95.08588262966626,0.021572810940485642,0.15626257159275148,87.15282731378487,97.41305914878504,COOLDOWN,NONE,0.0,1.0,0.0,False
374.5,94.60120428488028,0.019605987499175696,0.28490220774237995,86.9589028931526,97.41305914878504,COOLDOWN,NONE,0.0,1.0,0.0,False
374.75,94.88687081907972,0.02416216898447017,0.006419223707023349,86.76558354042379,97.41305914878504,COOLDOWN,NONE,0.0,1.0,0.0,False
375.0,94.34872476586027,0.0164481785390262,0.09790939403987271,86.57286736771263,97.41305914878504,COOLDOWN,NONE,0.0,1.0,0.0,False
375.25,94.51573746956426,0.017628544147261494,0.0,86.38075249302369,97.41305914878504,COOLDOWN,NONE,0.0,1.0,0.0,False
375.5,94.21962571121612,0.01457269776915046,0.0,86.18923704023362,97.41305914878504,COOLDOWN,NONE,0.0,1.0,0.0,False
375.75,94.2322103708179,0.026380093532764604,0.0,85.9983191390728,97.41305914878504,COOLDOWN,NONE,0.0,1.0,0.0,False
376.0,94.07389894747214,0.018248331148562925,0.0,85.80799692510712,97.41305914878504,COOLDOWN,NONE,0.0,1.0,0.0,False
376.25,93.27370970693772,0.022694422853132182,0.0,85.61826853971965,97.41305914878504,COOLDOWN,NONE,0.0,1.0,0.0,False
376.5,93.77129104214792,0.020818777827706015,0.019497754582459528,85.42913213009265,97.41305914878504,COOLDOWN,NONE,0.0,1.0,0.0,False
376.75,92.96089207269246,0.024325393071756247,0.0,85.24058584918936,97.41305914878504,COOLDOWN,NONE,0.0,1.0,0.0,False
377.0,93.01974916678496,0.01320652909897915,0.13025726644708388,85.05262785573599,97.41305914878504,COOLDOWN,NONE,0.0,1.0,0.0,False
377.25,93.00489560447049,0.018009281280370465,0.005310097007938613,84.86525631420378,97.41305914878504,COOLDOWN,NONE,0.0,1.0,0.0,False
377.5,92.72874485591812,0.02271718385858662,0.007113835414938593,84.67846939479102,97.41305914878504,COOLDOWN,NONE,0.0,1.0,0.0,False
377.75,92.7421337270596,0.01910219830792677,0.0,84.49226527340525,97.41305914878504,COOLDOWN,NONE,0.0,1.0,0.0,False
378.0,92.2281377086267,0.012217425204820363,0.0,84.30664213164533,97.41305914878504,COOLDOWN,NONE,0.0,1.0,0.0,False
378.25,92.26421104105275,0.02062648584151332,0.0,84.12159815678382,97.41305914878504,COOLDOWN,NONE,0.0,1.0,0.0,False
378.5,91.98126033447546,0.013778046265892806,0.0,83.93713154174915,97.41305914878504,COOLDOWN,NONE,0.0,1.0,0.0,False
378.75,91.82372944813214,0.02192932001885098,0.0,83.75324048510808,97.41305914878504,COOLDOWN,NONE,0.0,1.0,0.0,False
379.0,91.69865590821041,0.025445437579821602,0.0,83.56992319104805,97.41305914878504,COOLDOWN,NONE,0.0,1.0,0.0,False
379.25,91.49018433176727,0.015164856182043005,0.0,83.38717786935966,97.41305914878504,COOLDOWN,NONE,0.0,1.0,0.0,False
379.5,91.28882225652187,0.01996840077443103,0.02196807124886529,83.20500273541917,97.41305914878504,COOLDOWN,NONE,0.0,1.0,0.0,False
379.75,90.92795303048598,0.01895960991456235,0.11371608198612695,83.0233960101711,97.41305914878504,COOLDOWN,NONE,0.0,1.0,0.0,False
380.0,91.0922110379543,0.01919273375203022,0.0,82.8423559201108,97.41305914878504,COOLDOWN,NONE,0.0,1.0,0.0,False
380.25,90.84525354921281,0.021652253050488606,0.09453765874097024,82.66188069726724,97.41305914878504,COOLDOWN,NONE,0.0,1.0,0.0,False
380.5,90.50153317574139,0.026816666704698955,0.0036134298821245254,82.4819685791856,97.41305914878504,COOLDOWN,NONE,0.0,1.0,0.0,False
380.75,90.37206135587756,0.014284200982547556,0.0,82.30261780891021,97.41305914878504,COOLDOWN,NONE,0.0,1.0,0.0,False
381.0,90.01306330572194,0.01975651176387614,0.044555774232145684,82.12382663496726,97.41305914878504,COOLDOWN,NONE,0.0,1.0,0.0,False
381.25,89.82543658060906,0.025041567311040704,0.0,81.94559331134778,97.41305914878504,COOLDOWN,NONE,0.0,1.0,0.0,False
381.5,89.69262602873734,0.02056159948654512,0.0,81.76791609749054,97.41305914878504,COOLDOWN,NONE,0.0,1.0,0.0,False
381.75,89.66874839274345,0.02174586474605088,0.0,81.59079325826508,97.41305914878504,COOLDOWN,NONE,0.0,1.0,0.0,False
382.0,89.69305572754432,0.020091790345911346,0.03450789526250918,81.41422306395478,97.41305914878504,COOLDOWN,NONE,0.0,1.0,0.0,False
382.25,89.08640548934612,0.014820184714614151,0.0,81.23820379023994,97.41305914878504,COOLDOWN,NONE,0.0,1.0,0.0,False
382.5,89.00679447011142,0.01847931157297596,0.10770193589058305,81.06273371818091,97.41305914878504,COOLDOWN,NONE,0.0,1.0,0.0,False
382.75,88.52194920161153,0.016442468486457657,0.0,80.8878111342014,97.41305914878504,COOLDOWN,NONE,0.0,1.0,0.0,False
383.0,88.90713865752781,0.01815034838797807,0.0,80.71343433007166,97.41305914878504,COOLDOWN,NONE,0.0,1.0,0.0,False
383.25,88.36657041291079,0.022547022869390893,0.0,80.53960160289182,97.41305914878504,COOLDOWN,NONE,0.0,1.0,0.0,False
383.5,88.39199505634959,0.01373977526732828,0.16820222138198698,80.36631125507527,97.41305914878504,COOLDOWN,NONE,0.0,1.0,0.0,False
383.75,88.24523605822861,0.02150546323160906,0.1780591870208365,80.1935615943321,97.41305914878504,COOLDOWN,NONE,0.0,1.0,0.0,False
384.0,87.98481030822907,0.01934775258825637,0.10029529660082817,80.02135093365249,97.41305914878504,COOLDOWN,NONE,0.0,1.0,0.0,False
384.25,87.90626453788472,0.019115210119414805,0.0,79.84967759129037,97.41305914878504,COOLDOWN,NONE,0.0,1.0,0.0,False
384.5,87.5953690665902,0.021998940018243044,0.13284381484307628,79.67853989074689,97.41305914878504,COOLDOWN,NONE,0.0,1.0,0.0,False
384.75,87.50133314677927,0.02549698851697546,0.0,79.50793616075407,97.41305914878504,COOLDOWN,NONE,0.0,1.0,0.0,False
385.0,87.29547951911701,0.02499546491871201,0.0,79.3378647352585,97.41305914878504,COOLDOWN,NONE,0.0,1.0,0.0,False
385.25,86.92059174513625,0.02404845176251908,0.07473123853790146,79.16832395340509,97.41305914878504,COOLDOWN,NONE,0.0,1.0,0.0,False
385.5,86.81258442273504,0.022184713038957075,0.0,78.99931215952077,97.41305914878504,COOLDOWN,NONE,0.0,1.0,0.0,False
385.75,86.6221471576232,0.019398598809367156,0.0,78.83082770309841,97.41305914878504,COOLDOWN,NONE,0.0,1.0,0.0,False
386.0,86.49065731101383,0.01875726812816334,0.0,78.66286893878063,97.41305914878504,COOLDOWN,NONE,0.0,1.0,0.0,False
386.25,86.49729194158263,0.019787647167548047,0.10487980659025774,78.49543422634383,97.41305914878504,COOLDOWN,NONE,0.0,1.0,0.0,False
386.5,86.25301500842653,0.01585271300630686,0.0,78.32852193068203,97.41305914878504,COOLDOWN,NONE,0.0,1.0,0.0,False
386.75,86.11804241290488,0.024477338345135373,0.12049288960528425,78.16213042179103,97.41305914878504,COOLDOWN,NONE,0.0,1.0,0.0,False
387.0,85.89273184260361,0.022691300797350537,0.0,77.99625807475243,97.41305914878504,COOLDOWN,NONE,0.0,1.0,0.0,False
387.25,85.97620017323119,0.01870664568049404,0.10852136041502608,77.83090326971777,97.41305914878504,COOLDOWN,NONE,0.0,1.0,0.0,False
387.5,85.75262209653133,0.0190247760543059,0.042228806529279087,77.66606439189269,97.41305914878504,COOLDOWN,NONE,0.0,1.0,0.0,False
387.75,85.33420633804256,0.01963704240620347,0.15587627956906472,77.50173983152126,97.41305914878504,COOLDOWN,NONE,0.0,1.0,0.0,False
388.0,85.9471689304679,0.02197453247132703,0.006222827785853211,77.33792798387012,97.41305914878504,COOLDOWN,NONE,0.0,1.0,0.0,False
388.25,85.01531581935507,0.02304655279758101,0.0,77.17462724921288,97.41305914878504,COOLDOWN,NONE,0.0,1.0,0.0,False
388.5,84.88411803484578,0.02093808476399874,0.0,77.01183603281451,97.41305914878504,COOLDOWN,NONE,0.0,1.0,0.0,False
388.75,85.07429987206339,0.02314942266847214,0.0,76.84955274491577,97.41305914878504,COOLDOWN,NONE,0.0,1.0,0.0,False
389.0,84.59729330410165,0.015893044391339636,0.0,76.68777580071762,97.41305914878504,COOLDOWN,NONE,0.0,1.0,0.0,False
389.25,84.58616303418493,0.021737863195576558,0.04594272839043474,76.52650362036579,97.41305914878504,COOLDOWN,NONE,0.0,1.0,0.0,False
389.5,84.39879880549762,0.0181754552695779,0.04729207091821434,76.36573462893537,97.41305914878504,COOLDOWN,NONE,0.0,1.0,0.0,False
389.75,83.97704961605518,0.019886369767420992,0.21489048560693916,76.2054672564154,97.41305914878504,COOLDOWN,NONE,0.0,1.0,0.0,False
390.0,84.2378769685676,0.018467089862024368,0.0,76.04569993769357,97.41305914878504,COOLDOWN,NONE,0.0,1.0,0.0,False
390.25,84.08690552124948,0.025243064678915413,0.0,75.88643111254086,97.41305914878504,COOLDOWN,NONE,0.0,1.0,0.0,False
390.5,83.65656499559368,0.02056724967478746,0.17654648119483876,75.7276592255964,97.41305914878504,COOLDOWN,NONE,0.0,1.0,0.0,False
390.75,83.43635056648048,0.02179657662919239,0.0,75.5693827263522,97.41305914878504,COOLDOWN,NONE,0.0,1.0,0.0,False
391.0,83.76241321029791,0.02115797372777275,0.0,75.41160006913807,97.41305914878504,COOLDOWN,NONE,0.0,1.0,0.0,False
391.25,83.19703405960941,0.02304295704598835,0.09546033001122044,75.25430971310652,97.41305914878504,COOLDOWN,NONE,0.0,1.0,0.0,False
391.5,82.92764515185948,0.02051779630010287,0.0,75.09751012221764,97.41305914878504,COOLDOWN,NONE,0.0,1.0,0.0,False
391.75,82.82057762187111,0.015965076794862355,0.0,74.94119976522418,97.41305914878504,COOLDOWN,NONE,0.0,1.0,0.0,False
392.0,82.67517691000549,0.01691263810136509,0.072745592455939,74.78537711565659,97.41305914878504,COOLDOWN,NONE,0.0,1.0,0.0,False
392.25,82.74328952037791,0.019145352843164206,0.0,74.63004065180803,97.41305914878504,COOLDOWN,NONE,0.0,1.0,0.0,False
392.5,82.58957712080172,0.013768051972849374,0.0,74.47518885671965,97.41305914878504,COOLDOWN,NONE,0.0,1.0,0.0,False
392.75,82.4236512316664,0.021841938866768253,0.14005339793816726,74.32082021816564,97.41305914878504,COOLDOWN,NONE,0.0,1.0,0.0,False
393.0,82.12770932297113,0.016065684985918004,0.0,74.16693322863853,97.41305914878504,COOLDOWN,NONE,0.0,1.0,0.0,False
393.25,82.09220304179063,0.017556318313732184,0.0,74.01352638533447,97.41305914878504,COOLDOWN,NONE,0.0,1.0,0.0,False
393.5,81.64380013302849,0.016359611032973224,0.12028861411495088,73.86059819013856,97.41305914878504,COOLDOWN,NONE,0.0,1.0,0.0,False
393.75,81.7698908901839,0.016366416230030104,0.0,73.70814714961016,97.41305914878504,COOLDOWN,NONE,0.0,1.0,0.0,False
394.0,81.46477753783428,0.021516930957293928,0.0,73.55617177496836,97.41305914878504,COOLDOWN,NONE,0.0,1.0,0.0,False
394.25,81.37255919856025,0.013403593022825355,0.0,73.40467058207744,97.41305914878504,COOLDOWN,NONE,0.0,1.0,0.0,False
394.5,81.31031670938943,0.02257110137820223,0.0,73.25364209143237,97.41305914878504,COOLDOWN,NONE,0.0,1.0,0.0,False
394.75,80.97986320236005,0.02226999658154287,0.0,73.10308482814432,97.41305914878504,COOLDOWN,NONE,0.0,1.0,0.0,False
395.0,80.86475886319677,0.021430011450022067,0.022856559162606208,72.95299732192635,97.41305914878504,COOLDOWN,NONE,0.0,1.0,0.0,False
395.25,80.96421070742527,0.022259659478834248,0.0,72.80337810707894,97.41305914878504,COOLDOWN,NONE,0.0,1.0,0.0,False
395.5,80.62970591347339,0.01968734818076276,0.0,72.65422572247576,97.41305914878504,COOLDOWN,NONE,0.0,1.0,0.0,False
395.75,80.352347356945,0.02279645192734056,0.0,72.50553871154938,97.41305914878504,COOLDOWN,NONE,0.0,1.0,0.0,False
396.0,80.50061134006364,0.020729630869228546,0.0,72.35731562227701,97.41305914878504,COOLDOWN,NONE,0.0,1.0,0.0,False
396.25,80.28414636942637,0.021305505997514573,0.17561265610339524,72.20955500716639,97.41305914878504,COOLDOWN,NONE,0.0,1.0,0.0,False
396.5,79.99555193643265,0.019184018204386498,0.0,72.06225542324157,97.41305914878504,COOLDOWN,NONE,0.0,1.0,0.0,False
396.75,80.19244860509558,0.022720291036549024,0.0,71.91541543202888,97.41305914878504,COOLDOWN,NONE,0.0,1.0,0.0,False
397.0,79.71253110656806,0.017749770306097756,0.0,71.76903359954287,97.41305914878504,COOLDOWN,NONE,0.0,1.0,0.0,False
397.25,79.64909948130827,0.026779480759624105,0.0,71.6231084962723,97.41305914878504,COOLDOWN,NONE,0.0,1.0,0.0,False
397.5,79.62630083490531,0.021192006856859204,0.0,71.47763869716616,97.41305914878504,COOLDOWN,NONE,0.0,1.0,0.0,False
397.75,79.30406323210063,0.01838786645149965,0.0015747521352889712,71.33262278161979,97.41305914878504,COOLDOWN,NONE,0.0,1.0,0.0,False
398.0,79.33363925893086,0.015312399462607994,0.19174701466134428,71.18805933346098,97.41305914878504,COOLDOWN,NONE,0.0,1.0,0.0,False
398.25,78.9819003089185,0.024406001029640734,0.05624372320326886,71.0439469409362,97.41305914878504,COOLDOWN,NONE,0.0,1.0,0.0,False
398.5,79.08014329064282,0.021589857132493423,0.15768691681197497,70.90028419669667,97.41305914878504,COOLDOWN,NONE,0.0,1.0,0.0,False
398.75,78.75998740405898,0.01738786146967215,0.09566169631864507,70.75706969778479,97.41305914878504,COOLDOWN,NONE,0.0,1.0,0.0,False
399.0,78.71580330897697,0.026206347918210603,0.0,70.6143020456203,97.41305914878504,COOLDOWN,NONE,0.0,1.0,0.0,False
399.25,78.43697531094527,0.0230879909084599,0.0,70.47197984598675,97.41305914878504,COOLDOWN,NONE,0.0,1.0,0.0,False
399.5,78.29067534536169,0.026265553323838068,0.20791102033420464,70.33010170901775,97.41305914878504,COOLDOWN,NONE,0.0,1.0,0.0,False
399.75,78.05132562893951,0.02418878420563018,0.17306289586632842,70.18866624918351,97.41305914878504,COOLDOWN,NONE,0.0,1.0,0.0,False
400.0,78.1596109272271,0.021048207204311407,0.030982795267216076,70.04767208527724,97.41305914878504,COOLDOWN,NONE,0.0,1.0,0.0,False
400.25,77.77157233802353,0.018352125178029796,0.10544778116015788,69.9071178404017,97.41305914878504,COOLDOWN,NONE,0.0,1.0,0.0,False
400.5,77.78350179148262,0.025466895324078545,0.0,69.76700214195569,97.41305914878504,COOLDOWN,NONE,0.0,1.0,0.0,False
400.75,77.26201223065088,0.018905298229496735,0.03722282525160091,69.62732362162075,97.41305914878504,COOLDOWN,NONE,0.0,1.0,0.0,False
401.0,77.5411177926966,0.020115451420778686,0.0,69.48808091534772,97.41305914878504,COOLDOWN,NONE,0.0,1.0,0.0,False
401.25,77.56952837590767,0.017918524786232654,0.10255762508762187,69.34927266334344,97.41305914878504,COOLDOWN,NONE,0.0,1.0,0.0,False
401.5,77.16353178520848,0.01631906607663159,0.20819631424245313,69.21089751005746,97.41305914878504,COOLDOWN,NONE,0.0,1.0,0.0,False
401.75,76.69193761193573,0.017361373195756005,0.060986134931623096,69.07295410416884,97.41305914878504,COOLDOWN,NONE,0.0,1.0,0.0,False
402.0,76.8779530898525,0.022176353309455592,0.0,68.93544109857291,97.41305914878504,COOLDOWN,NONE,0.0,1.0,0.0,False
402.25,76.72657445657148,0.026415261509243962,0.0,68.79835715036813,97.41305914878504,COOLDOWN,NONE,0.0,1.0,0.0,False
402.5,76.63439059008938,0.01667794155012636,0.0,68.66170092084297,97.41305914878504,COOLDOWN,NONE,0.0,1.0,0.0,False
402.75,76.61950339256606,0.02162477536148591,0.0,68.52547107546286,97.41305914878504,COOLDOWN,NONE,0.0,1.0,0.0,False
403.0,76.28128607429146,0.02199566986778834,0.0,68.38966628385712,97.41305914878504,COOLDOWN,NONE,0.0,1.0,0.0,False
403.25,76.19992567711817,0.019181998147806988,0.0,68.25428521980602,97.41305914878504,COOLDOWN,NONE,0.0,1.0,0.0,False
403.5,76.13938125225604,0.01793990111116589,0.0,68.11932656122778,97.41305914878504,COOLDOWN,NONE,0.0,1.0,0.0,False
403.75,76.25260583364984,0.022173872405881555,0.17756783973108345,67.98478899016567,97.41305914878504,COOLDOWN,NONE,0.0,1.0,0.0,False
404.0,75.8560492808739,0.02285002708609502,0.11504404738004907,67.85067119277514,97.41305914878504,COOLDOWN,NONE,0.0,1.0,0.0,False
404.25,75.89696393839904,0.027067698876071335,0.0,67.71697185931103,97.41305914878504,COOLDOWN,NONE,0.0,1.0,0.0,False
404.5,75.62079777594673,0.019811974880311837,0.0,67.58368968411472,97.41305914878504,COOLDOWN,NONE,0.0,1.0,0.0,False
404.75,75.2397752032211,0.020027731759923152,0.09369037436398212,67.4508233656014,97.41305914878504,COOLDOWN,NONE,0.0,1.0,0.0,False
405.0,75.23071384010373,0.023383040933060095,0.1914953650893402,67.31837160624738,97.41305914878504,COOLDOWN,NONE,0.0,1.0,0.0,False
405.25,75.12331521838804,0.024253507738268495,0.26189674494399956,67.1863331125774,97.41305914878504,COOLDOWN,NONE,0.0,1.0,0.0,False
405.5,75.12355553511175,0.017040746960374137,0.21961458659632727,67.054706595152,97.41305914878504,COOLDOWN,NONE,0.0,1.0,0.0,False
405.75,74.89833896747294,0.018856893890943027,0.017019582884518047,66.9234907685549,97.41305914878504,COOLDOWN,NONE,0.0,1.0,0.0,False
406.0,74.71165405334682,0.023211291554346983,0.11635860364853196,66.79268435138052,97.41305914878504,COOLDOWN,NONE,0.0,1.0,0.0,False
406.25,74.84497343841198,0.02174107589482264,0.0,66.66228606622138,97.41305914878504,COOLDOWN,NONE,0.0,1.0,0.0,False
406.5,74.50834972288202,0.022626138999463984,0.0,66.53229463965573,97.41305914878504,COOLDOWN,NONE,0.0,1.0,0.0,False
406.75,74.84070474933897,0.019273093316158982,0.0,66.40270880223498,97.41305914878504,COOLDOWN,NONE,0.0,1.0,0.0,False
407.0,74.44586269971786,0.022243213225126877,0.0,66.27352728847143,97.41305914878504,COOLDOWN,NONE,0.0,1.0,0.0,False
407.25,74.1102122068411,0.021279509321704807,0.12532992795072131,66.14474883682581,97.41305914878504,COOLDOWN,NONE,0.0,1.0,0.0,False
407.5,74.13077928754959,0.019095012876524826,0.06478698276726605,66.01637218969503,97.41305914878504,COOLDOWN,NONE,0.0,1.0,0.0,False
407.75,74.01498886715169,0.022294910610151666,0.0,65.8883960933999,97.41305914878504,COOLDOWN,NONE,0.0,1.0,0.0,False
408.0,73.6272797734109,0.017672403624812646,0.0,65.76081929817282,97.41305914878504,COOLDOWN,NONE,0.0,1.0,0.0,False
408.25,73.66050352541959,0.022764303190988038,0.09265279077187093,65.63364055814563,97.41305914878504,COOLDOWN,NONE,0.0,1.0,0.0,False
408.5,73.48781573325944,0.020069426911054598,0.2638679925734006,65.50685863133745,97.41305914878504,COOLDOWN,NONE,0.0,1.0,0.0,False
408.75,73.28855770004212,0.020913467587141337,0.23482487048622125,65.3804722796425,97.41305914878504,COOLDOWN,NONE,0.0,1.0,0.0,False
409.0,73.30636889893714,0.0138694526114099,0.056239145421915236,65.25448026881807,97.41305914878504,COOLDOWN,NONE,0.0,1.0,0.0,False
409.25,73.07077808335207,0.01966069641872066,0.15765203895768973,65.12888136847243,97.41305914878504,COOLDOWN,NONE,0.0,1.0,0.0,False
409.5,73.07410448633524,0.019207875484469457,0.13380142785833007,65.00367435205283,97.41305914878504,COOLDOWN,NONE,0.0,1.0,0.0,False
409.75,72.94414973128544,0.02031542296783087,0.045151195010108024,64.87885799683349,97.41305914878504,COOLDOWN,NONE,0.0,1.0,0.0,False
410.0,72.79239829757046,0.018981427487286685,0.0,64.75443108390371,97.41305914878504,COOLDOWN,NONE,0.0,1.0,0.0,False
410.25,72.63416660532349,0.01713726727281387,0.0,64.63039239815592,97.41305914878504,COOLDOWN,NONE,0.0,1.0,0.0,False
410.5,72.70187737436835,0.01928092216603375,0.0,64.50674072827384,97.41305914878504,COOLDOWN,NONE,0.0,1.0,0.0,False
410.75,72.36321826360839,0.020070217126170936,0.0034066425699977106,64.38347486672066,97.41305914878504,COOLDOWN,NONE,0.0,1.0,0.0,False
411.0,72.27036234673412,0.0175851626907031,0.13980347571022056,64.26059360972721,97.41305914878504,COOLDOWN,NONE,0.0,1.0,0.0,False
411.25,72.03428154453894,0.023104715546863556,0.0,64.13809575728025,97.41305914878504,COOLDOWN,NONE,0.0,1.0,0.0,False
411.5,71.8567513563877,0.022976371390989337,0.0,64.01598011311071,97.41305914878504,COOLDOWN,NONE,0.0,1.0,0.0,False
411.75,71.79359233724182,0.021125520883169557,0.0,63.89424548468204,97.41305914878504,COOLDOWN,NONE,0.0,1.0,0.0,False
412.0,71.78442148330787,0.013354540995559584,0.0,63.77289068317853,97.41305914878504,COOLDOWN,NONE,0.0,1.0,0.0,False
412.25,71.55443775988374,0.02161884830744771,0.13136569409935642,63.65191452349374,97.41305914878504,COOLDOWN,NONE,0.0,1.0,0.0,False
412.5,71.40313367554944,0.024826733708497983,0.0,63.53131582421889,97.41305914878504,COOLDOWN,NONE,0.0,1.0,0.0,False
412.75,71.1027048461464,0.012860874372367565,0.23084412995405512,63.41109340763136,97.41305914878504,COOLDOWN,NONE,0.0,1.0,0.0,False
413.0,71.27811561217936,0.018058014694424352,0.0,63.29124609968316,97.41305914878504,COOLDOWN,NONE,0.0,1.0,0.0,False
413.25,71.00794025807573,0.02405670131412787,0.0,63.171772729989456,97.41305914878504,COOLDOWN,NONE,0.0,1.0,0.0,False
413.5,71.32120335434912,0.019402991948193123,0.0,63.05267213181718,97.41305914878504,COOLDOWN,NONE,0.0,1.0,0.0,False
413.75,71.06060823329783,0.018895413521479266,0.0,62.93394314207361,97.41305914878504,COOLDOWN,NONE,0.0,1.0,0.0,False
414.0,71.05067560654852,0.019209836144116275,0.1742989858212549,62.81558460129501,97.41305914878504,COOLDOWN,NONE,0.0,1.0,0.0,False
414.25,70.69684660166362,0.017744056228923184,0.07609721629726264,62.69759535363531,97.41305914878504,COOLDOWN,NONE,0.0,1.0,0.0,False
414.5,70.48987188088851,0.023684884859255625,0.1439829770293543,62.579974246854825,97.41305914878504,COOLDOWN,NONE,0.0,1.0,0.0,False
414.75,70.47213021820501,0.021829691127804803,0.08469033268622417,62.46272013230901,97.41305914878504,COOLDOWN,NONE,0.0,1.0,0.0,False
415.0,70.30448928251859,0.022685439312962897,0.0,62.34583186493721,97.41305914878504,COOLDOWN,NONE,0.0,1.0,0.0,False
415.25,70.32173915408946,0.01714896352569399,0.01530424964998142,62.229308303251514,97.41305914878504,COOLDOWN,NONE,0.0,1.0,0.0,False
415.5,70.17556217234562,0.017634639293168948,0.0,62.113148309325595,97.41305914878504,COOLDOWN,NONE,0.0,1.0,0.0,False
415.75,69.91769407512582,0.02219194991451689,0.0,61.99735074878358,97.41305914878504,COOLDOWN,NONE,0.0,1.0,0.0,False
416.0,69.94817463304031,0.02458632511200261,0.054170298790424454,61.881914490789,97.41305914878504,COOLDOWN,NONE,0.0,1.0,0.0,False
416.25,69.52580451470291,0.0203930382150465,0.15698997011233493,61.76683840803373,97.41305914878504,COOLDOWN,NONE,0.0,1.0,0.0,False
416.5,69.61011195999667,0.023347196028305844,0.0937324713635749,61.65212137672698,97.41305914878504,COOLDOWN,NONE,0.0,1.0,0.0,False
416.75,69.6019945547875,0.019238337281979555,0.0,61.53776227658434,97.41305914878504,COOLDOWN,NONE,0.0,1.0,0.0,False
417.0,69.38655669871477,0.020214369469463724,0.07978643160879377,61.423759990816805,97.41305914878504,COOLDOWN,NONE,0.0,1.0,0.0,False
417.25,69.37457430061117,0.019125995908100425,0.011304150412030029,61.3101134061199,97.41305914878504,COOLDOWN,NONE,0.0,1.0,0.0,False
417.5,69.25653964765202,0.015157846864285167,0.0,61.1968214126628,97.41305914878504,COOLDOWN,NONE,0.0,1.0,0.0,False
417.75,68.96576807169654,0.01942389069821872,0.0,61.08388290407747,97.41305914878504,COOLDOWN,NONE,0.0,1.0,0.0,False
418.0,68.93450132330457,0.017420566252030673,0.10290118578008854,60.9712967774479,97.41305914878504,COOLDOWN,NONE,0.0,1.0,0.0,False
418.25,68.90277574220329,0.01511344503177966,0.004126876632186909,60.85906193329929,97.41305914878504,COOLDOWN,NONE,0.0,1.0,0.0,False
418.5,68.58039877157846,0.025151055859397607,0.0,60.747177275587354,97.41305914878504,COOLDOWN,NONE,0.0,1.0,0.0,False
418.75,68.57885112469752,0.020297905002286003,0.0,60.6356417116876,97.41305914878504,COOLDOWN,NONE,0.0,1.0,0.0,False
419.0,68.51807741348193,0.024690206191522217,0.03634511165924914,60.524454152384635,97.41305914878504,COOLDOWN,NONE,0.0,1.0,0.0,False
419.25,68.54132625809612,0.023431567160105794,0.0,60.41361351186158,97.41305914878504,COOLDOWN,NONE,0.0,1.0,0.0,False
419.5,68.55904167799758,0.022115990886490515,0.14616119339150366,60.303118707689414,97.41305914878504,COOLDOWN,NONE,0.0,1.0,0.0,False
419.75,68.06607411180003,0.022504698561125032,0.06466677765839347,60.19296866081645,97.41305914878504,COOLDOWN,NONE,0.0,1.0,0.0,False
420.0,68.00526621593893,0.02690243141883342,0.08773167410559886,60.08316229555775,97.41305914878504,COOLDOWN,NONE,0.0,1.0,0.0,False
420.25,67.94052233647925,0.02063701761101742,0.1393077412484873,59.97369853958466,97.41305914878504,COOLDOWN,NONE,0.0,1.0,0.0,False
420.5,68.03690656935733,0.021801227666949485,0.18541850357453163,59.864576323914314,97.41305914878504,COOLDOWN,NONE,0.0,1.0,0.0,False
420.75,67.97916934863424,0.01635314505390363,0.0,59.75579458289921,97.41305914878504,COOLDOWN,NONE,0.0,1.0,0.0,False
421.0,67.50932792168243,0.020350234791532584,0.21942593048334766,59.6473522542168,97.41305914878504,COOLDOWN,NONE,0.0,1.0,0.0,False
421.25,67.64017573656577,0.01692230831741357,0.0,59.53924827885909,97.41305914878504,COOLDOWN,NONE,0.0,1.0,0.0,False
421.5,67.58875275041912,0.018465511730119868,0.0,59.43148160112235,97.41305914878504,COOLDOWN,NONE,0.0,1.0,0.0,False
421.75,67.37271851767365,0.01459550071776564,0.11993857932803699,59.32405116859676,97.41305914878504,COOLDOWN,NONE,0.0,1.0,0.0,False
422.0,67.2713031806019,0.02176557725682197,0.0,59.21695593215615,97.41305914878504,COOLDOWN,NONE,0.0,1.0,0.0,False
422.25,66.99799586100521,0.018269500328472046,0.040584742580807916,59.11019484594774,97.41305914878504,COOLDOWN,NONE,0.0,1.0,0.0,False
422.5,67.0173189856034,0.020443449508646856,0.27175753971414085,59.003766867381955,97.41305914878504,COOLDOWN,NONE,0.0,1.0,0.0,False
422.75,67.0964932185603,0.0179029354253392,0.0,58.89767095712222,97.41305914878504,COOLDOWN,NONE,0.0,1.0,0.0,False
423.0,67.05226519124047,0.01910908556129447,0.20982581816354254,58.79190607907483,97.41305914878504,COOLDOWN,NONE,0.0,1.0,0.0,False
423.25,66.92926449073695,0.018432952949371216,0.0,58.68647120037879,97.41305914878504,COOLDOWN,NONE,0.0,1.0,0.0,False
423.5,66.59678996738425,0.01746871587660076,0.0,58.581365291395784,97.41305914878504,COOLDOWN,NONE,0.0,1.0,0.0,False
423.75,66.41940841100617,0.02261809276367934,0.0,58.47658732570009,97.41305914878504,COOLDOWN,NONE,0.0,1.0,0.0,False
424.0,66.34418791741129,0.018664278226214276,0.0,58.37213628006854,97.41305914878504,COOLDOWN,NONE,0.0,1.0,0.0,False
424.25,66.4936675058989,0.013033294577494053,0.0,58.26801113447057,97.41305914878504,COOLDOWN,NONE,0.0,1.0,0.0,False
424.5,66.25101970325842,0.01587247174431624,0.09371178851103035,58.16421087205823,97.41305914878504,COOLDOWN,NONE,0.0,1.0,0.0,False
424.75,66.25158359060332,0.017480749552241735,0.03427664252154668,58.060734479156245,97.41305914878504,COOLDOWN,NONE,0.0,1.0,0.0,False
425.0,65.79398286252228,0.021580151922346816,0.016201246399192244,57.957580945252154,97.41305914878504,COOLDOWN,NONE,0.0,1.0,0.0,False
425.25,65.89001577804608,0.024157082501549503,0.07359908317491558,57.8547492629864,97.41305914878504,COOLDOWN,NONE,0.0,1.0,0.0,False
425.5,65.95705129237236,0.02196074569060877,0.0,57.75223842814253,97.41305914878504,COOLDOWN,NONE,0.0,1.0,0.0,False
425.75,65.69216851383469,0.021526651696255318,0.0,57.650047439637355,97.41305914878504,COOLDOWN,NONE,0.0,1.0,0.0,False
426.0,65.75110827340953,0.020262177239374513,0.058115170004055125,57.54817529951118,97.41305914878504,COOLDOWN,NONE,0.0,1.0,0.0,False
426.25,65.31504651432735,0.020275738331205526,0.04787661081871331,57.44662101291809,97.41305914878504,COOLDOWN,NONE,0.0,1.0,0.0,False
426.5,65.29934247032652,0.020299827796764314,0.0,57.345383588116185,97.41305914878504,COOLDOWN,NONE,0.0,1.0,0.0,False
426.75,65.45164312716355,0.016714903421706076,0.0,57.244462036457946,97.41305914878504,COOLDOWN,NONE,0.0,1.0,0.0,False
427.0,65.00265275181573,0.01755225925765916,0.08438904200603779,57.143855372380536,97.41305914878504,COOLDOWN,NONE,0.0,1.0,0.0,False
427.25,64.90931480129598,0.020908971739837644,0.0,57.043562613396205,97.41305914878504,COOLDOWN,NONE,0.0,1.0,0.0,False
427.5,65.27742109257969,0.02169134081217343,0.2961881190413028,56.94358278008268,97.41305914878504,COOLDOWN,NONE,0.0,1.0,0.0,False
427.75,64.69447226627554,0.022045531197687575,0.0,56.8439148960736,97.41305914878504,COOLDOWN,NONE,0.0,1.0,0.0,False
428.0,64.8340060811808,0.022087081063496473,0.0,56.744557988049,97.41305914878504,COOLDOWN,NONE,0.0,1.0,0.0,False
428.25,64.47761369420996,0.016551951151367712,0.0,56.64551108572579,97.41305914878504,COOLDOWN,NONE,0.0,1.0,0.0,False
428.5,64.43958637395949,0.017167796693270992,0.0,56.54677322184828,97.41305914878504,COOLDOWN,NONE,0.0,1.0,0.0,False
428.75,64.4653425888973,0.021682478069422292,0.0,56.44834343217872,97.41305914878504,COOLDOWN,NONE,0.0,1.0,0.0,False
429.0,64.26886280847165,0.0200667260431154,0.0,56.35022075548791,97.41305914878504,COOLDOWN,NONE,0.0,1.0,0.0,False
429.25,64.14935900217239,0.022471092067748957,0.12901512331000975,56.25240423354582,97.41305914878504,COOLDOWN,NONE,0.0,1.0,0.0,False
429.5,64.25878019627939,0.019412824105967685,0.2998201150084615,56.1548929111122,97.41305914878504,COOLDOWN,NONE,0.0,1.0,0.0,False
429.75,64.32059120286709,0.018830082176388367,0.0,56.05768583592726,97.41305914878504,COOLDOWN,NONE,0.0,1.0,0.0,False
430.0,64.14077231079787,0.017635709552017213,0.06145811621515061,55.96078205870238,97.41305914878504,COOLDOWN,NONE,0.0,1.0,0.0,False
430.25,63.87275178768293,0.01792256332776681,0.0,55.86418063311085,97.41305914878504,COOLDOWN,NONE,0.0,1.0,0.0,False
430.5,63.53369521769843,0.018401540781258535,0.0,55.7678806157786,97.41305914878504,COOLDOWN,NONE,0.0,1.0,0.0,False
430.75,64.01536950287573,0.024546056423646313,0.18570522088006022,55.67188106627501,97.41305914878504,COOLDOWN,NONE,0.0,1.0,0.0,False
431.0,63.622851685736116,0.02302223397969405,0.1921136854464812,55.57618104710372,97.41305914878504,COOLDOWN,NONE,0.0,1.0,0.0,False
431.25,63.634410417807906,0.022778906584433743,0.0,55.480779623693465,97.41305914878504,COOLDOWN,NONE,0.0,1.0,0.0,False
431.5,63.451065772599776,0.01841727705218626,0.0,55.38567586438896,97.41305914878504,COOLDOWN,NONE,0.0,1.0,0.0,False
431.75,63.120611924977254,0.02130143569280039,0.15881566641544348,55.2908688404418,97.41305914878504,COOLDOWN,NONE,0.0,1.0,0.0,False
432.0,62.99200479572538,0.025252037297118304,0.2211184257337812,55.1963576260014,97.41305914878504,COOLDOWN,NONE,0.0,1.0,0.0,False
432.25,63.04574781444775,0.018623745500154006,0.0,55.10214129810591,97.41305914878504,COOLDOWN,NONE,0.0,1.0,0.0,False
432.5,63.15597724832491,0.01886128056130073,0.0,55.00821893667327,97.41305914878504,COOLDOWN,NONE,0.0,1.0,0.0,False
432.75,62.96654269781206,0.013811730308495874,0.02143505656373568,54.914589624492166,97.41305914878504,COOLDOWN,NONE,0.0,1.0,0.0,False
433.0,62.995372628982,0.020921101115603587,0.11722747205613766,54.821252447213105,97.41305914878504,COOLDOWN,NONE,0.0,1.0,0.0,False
433.25,62.802407442196134,0.02218590661222997,0.02185514824897022,54.72820649333947,97.41305914878504,COOLDOWN,NONE,0.0,1.0,0.0,False
433.5,62.511081622645825,0.019326969704490993,0.0,54.63545085421863,97.41305914878504,COOLDOWN,NONE,0.0,1.0,0.0,False
433.75,62.73181382269091,0.024878428596205884,0.06309178660937026,54.54298462403307,97.41305914878504,COOLDOWN,NONE,0.0,1.0,0.0,False
434.0,62.337893891753424,0.017810953690576385,0.0,54.4508068997915,97.41305914878504,COOLDOWN,NONE,0.0,1.0,0.0,False
434.25,62.56723640584443,0.021003721193710686,0.0,54.35891678132012,97.41305914878504,COOLDOWN,NONE,0.0,1.0,0.0,False
434.5,62.15256149660027,0.022647137030136728,0.04340572614770303,54.267313371253756,97.41305914878504,COOLDOWN,NONE,0.0,1.0,0.0,False
434.75,62.16837910624008,0.02031027114957428,0.252977398501747,54.17599577502713,97.41305914878504,COOLDOWN,NONE,0.0,1.0,0.0,False
435.0,62.0609064514274,0.025065376412848756,0.18634274951316993,54.08496310086612,97.41305914878504,COOLDOWN,NONE,0.0,1.0,0.0,False
435.25,62.002065648295165,0.02265162149161467,0.0,53.99421445977903,97.41305914878504,COOLDOWN,NONE,0.0,1.0,0.0,False
435.5,61.77949249728522,0.019196294302300295,0.0,53.90374896554795,97.41305914878504,COOLDOWN,NONE,0.0,1.0,0.0,False
435.75,61.890283043261334,0.020044184051152908,0.08517452030759752,53.81356573472007,97.41305914878504,COOLDOWN,NONE,0.0,1.0,0.0,False
436.0,61.84766665591072,0.010639265588055504,0.04672478292689556,53.723663886599056,97.41305914878504,COOLDOWN,NONE,0.0,1.0,0.0,False
436.25,61.363790953831824,0.020499893525355892,0.0,53.63404254323646,97.41305914878504,COOLDOWN,NONE,0.0,1.0,0.0,False
436.5,61.56033649266337,0.024096358183785326,0.0,53.54470082942314,97.41305914878504,COOLDOWN,NONE,0.0,1.0,0.0,False
436.75,61.48423641179961,0.019764722918688422,0.0,53.45563787268071,97.41305914878504,COOLDOWN,NONE,0.0,1.0,0.0,False
437.0,61.46404998006353,0.020102664866551493,0.0,53.366852803253025,97.41305914878504,COOLDOWN,NONE,0.0,1.0,0.0,False
437.25,61.170077691415464,0.029637657342797816,0.0,53.27834475409769,97.41305914878504,COOLDOWN,NONE,0.0,1.0,0.0,False
437.5,60.92006440883836,0.01720730486639203,0.0,53.190112860877576,97.41305914878504,COOLDOWN,NONE,0.0,1.0,0.0,False
437.75,61.04449666440928,0.019763440761841937,0.0,53.1021562619524,97.41305914878504,COOLDOWN,NONE,0.0,1.0,0.0,False
438.0,61.0957051929578,0.018548673827260706,0.0,53.014474098370314,97.41305914878504,COOLDOWN,NONE,0.0,1.0,0.0,False
438.25,60.80472758210977,0.018846000084768146,0.12729357421957913,52.92706551385948,97.41305914878504,COOLDOWN,NONE,0.0,1.0,0.0,False
438.5,60.91260830085961,0.018985950794293615,0.0029545431135528525,52.839929654819755,97.41305914878504,COOLDOWN,NONE,0.0,1.0,0.0,False
438.75,60.78533805626226,0.026116175980527387,0.0,52.753065670314314,97.41305914878504,COOLDOWN,NONE,0.0,1.0,0.0,False
439.0,60.73653305890987,0.022179103777945835,0.0,52.66647271206137,97.41305914878504,COOLDOWN,NONE,0.0,1.0,0.0,False
439.25,60.60853332360876,0.020490298988767242,0.0,52.580149934425876,97.41305914878504,COOLDOWN,NONE,0.0,1.0,0.0,False
439.5,60.579233869173,0.023085477685867793,0.16953422203143037,52.494096494411274,97.41305914878504,COOLDOWN,NONE,0.0,1.0,0.0,False
439.75,60.37953941324615,0.02056963138282611,0.35259907926779593,52.40831155165125,97.41305914878504,COOLDOWN,NONE,0.0,1.0,0.0,False
440.0,60.15724853737054,0.02066560868020404,0.13349609530796583,52.32279426840155,97.41305914878504,COOLDOWN,NONE,0.0,1.0,0.0,False
440.25,60.26006194534002,0.021967912083620297,0.02590265848678468,52.23754380953177,97.41305914878504,COOLDOWN,NONE,0.0,1.0,0.0,False
440.5,60.265607800420476,0.02384768927518957,0.0,52.15255934251722,97.41305914878504,COOLDOWN,NONE,0.0,1.0,0.0,False
440.75,60.09746603822722,0.019834330703899502,0.0,52.067840037430784,97.41305914878504,COOLDOWN,NONE,0.0,1.0,0.0,False
441.0,59.98044008027218,0.016605061627887677,0.11167776158960628,51.98338506693483,97.41305914878504,COMPLETE,NONE,0.0,1.0,0.0,False
